Student_ID,First_Name,Last_Name,Email,Age,Attendance (%),Midterm_Score,Final_Score,Assignments_Avg,Quizzes_Avg,Participation_Score,Projects_Score,Total_Score,Grade,Study_Hours_per_Week,Extracurricular_Activities,Internet_Access_at_Home,Parent_Education_Level,Family_Income_Level,Stress_Level (1-10),Sleep_Hours_per_Night,Gender_Female,Gender_Male,Department_Business,Department_CS,Department_Engineering,Department_Mathematics,Average_Score,Study_Efficiency,Stress_Sleep_Ratio
S1000,Omar,Williams,student0@university.com,22,97.36,40.61,59.61,73.69,53.17,73.4,62.84,59.8865,0,10.3,1,0,2,1,1,5.9,True,False,False,False,False,True,60.55333333333334,5.814223300970873,0.1694915254237288
S1001,Maria,Brown,student1@university.com,18,97.71,57.27,74.0,74.23,98.23,88.0,98.23,81.917,3,27.1,0,0,0,0,4,4.3,False,True,True,False,False,False,81.66000000000001,3.022767527675277,0.9302325581395348
S1002,Ahmed,Jones,student2@university.com,24,99.52,41.84,63.85,85.85,50.0,4.699999999999999,91.22,67.717,1,12.4,1,0,0,0,9,6.1,False,True,False,False,True,False,56.24333333333333,5.461048387096774,1.475409836065574
S1004,John,Smith,student4@university.com,23,59.41,53.13,61.77,67.66,83.98,64.3,87.43,71.403,2,13.3,1,0,2,1,6,4.5,True,False,False,True,False,False,69.71166666666667,5.368646616541353,1.3333333333333333
S1005,Liam,Brown,student5@university.com,21,60.6,70.21,64.48,87.85,52.26,54.8,67.65,68.09,1,25.3,1,0,1,1,6,5.6,False,True,False,False,False,True,66.20833333333333,2.691304347826087,1.0714285714285714
S1006,Ahmed,Jones,student6@university.com,24,67.01,90.85,93.74,89.0,54.17,15.5,87.51,82.8575,3,22.1,1,0,1,2,2,4.0,False,True,True,False,False,False,71.795,3.74920814479638,0.5
S1007,Ahmed,Smith,student7@university.com,19,65.91,91.72,59.47,50.72,53.83,54.8,90.04,71.36850000000001,2,16.7,1,1,1,0,5,7.8,False,True,False,False,True,False,66.76333333333334,4.273562874251498,0.6410256410256411
S1008,Omar,Smith,student8@university.com,21,97.83,76.97,62.75,57.19,79.08,97.4,57.57,65.8605,1,18.1,0,1,3,2,9,4.8,True,False,False,True,False,False,71.82666666666667,3.6387016574585633,1.875
S1009,Sara,Smith,student9@university.com,22,89.45,95.69,86.97,60.65,94.8,63.1,83.09,82.75550000000001,3,9.4,1,0,1,2,8,7.1,True,False,True,False,False,False,80.71666666666668,8.803776595744681,1.1267605633802815
S1010,John,Smith,student10@university.com,23,86.2,70.0,85.54,67.58,77.77,44.900000000000006,93.14,79.98599999999999,2,7.9,1,1,0,0,4,8.2,True,False,True,False,False,False,73.15499999999999,10.124810126582275,0.4878048780487805
S1011,Omar,Williams,student11@university.com,20,59.3,93.34,87.9,64.57,80.18,82.8,66.17,77.6705,2,22.9,1,0,1,0,7,8.6,True,False,False,False,False,True,79.16000000000001,3.391724890829695,0.813953488372093
S1012,John,Davis,student12@university.com,21,95.48,67.24,97.23,83.43,67.3,21.3,54.02,70.909,2,26.2,0,0,1,1,9,6.8,False,True,False,False,True,False,65.08666666666666,2.7064503816793897,1.3235294117647058
S1013,John,Williams,student13@university.com,18,91.39,56.63,87.73,91.41,50.94,41.4,51.36,66.7105,1,23.0,0,0,3,1,5,7.9,False,True,True,False,False,False,63.245000000000005,2.9004565217391303,0.6329113924050632
S1014,Liam,Williams,student14@university.com,19,58.18,94.98,64.46,59.6,51.08,52.8,55.5,63.7,1,27.8,0,1,1,2,2,6.3,False,True,False,True,False,False,63.07,2.29136690647482,0.3174603174603174
S1015,Ahmed,Jones,student15@university.com,18,93.56,63.28,89.29,78.15,94.42,50.5,50.21,70.56700000000001,2,27.3,1,0,1,0,2,6.5,False,True,False,True,False,False,70.975,2.584871794871795,0.3076923076923077
S1016,Maria,Jones,student16@university.com,21,63.61,70.2,70.52,68.39,55.13,92.1,66.35,68.44149999999999,1,24.5,0,1,0,2,8,6.7,True,False,True,False,False,False,70.44833333333334,2.793530612244897,1.1940298507462686
S1017,Liam,Davis,student17@university.com,23,54.04,59.73,56.66,75.29,99.99,29.3,64.97,65.373,1,27.5,0,0,1,1,8,7.4,True,False,False,True,False,False,64.32333333333334,2.3772,1.081081081081081
S1018,Liam,Jones,student18@university.com,20,82.84,79.77,58.18,81.04,58.22,5.699999999999999,55.52,61.4295,1,9.2,1,1,0,2,8,7.3,False,True,True,False,False,False,56.405,6.677119565217391,1.095890410958904
S1019,John,Johnson,student19@university.com,20,82.69,99.7,53.43,94.68,83.73,91.6,82.56,80.2355,3,23.3,0,1,2,0,5,7.9,False,True,False,True,False,False,84.28333333333333,3.443583690987124,0.6329113924050632
S1020,Emma,Davis,student20@university.com,18,54.75,41.53,48.7,59.61,97.45,21.7,99.6,68.05599999999998,1,23.8,0,0,3,2,2,7.1,False,True,True,False,False,False,61.43166666666667,2.859495798319327,0.2816901408450704
S1021,Ahmed,Jones,student21@university.com,22,65.94,93.99,51.07,54.35,68.11,37.9,95.05,72.2395,2,8.8,0,0,1,2,10,8.4,False,True,True,False,False,False,66.74499999999999,8.20903409090909,1.1904761904761905
S1022,Sara,Davis,student22@university.com,22,99.64,40.24,43.79,81.36,86.72,53.1,62.64,59.3065,0,27.7,0,1,3,0,8,7.5,False,True,True,False,False,False,61.30833333333333,2.141028880866426,1.0666666666666669
S1024,Maria,Williams,student24@university.com,20,86.5,50.12,95.86,58.15,65.25,53.5,96.84,78.4575,2,15.9,0,1,1,0,9,7.8,True,False,True,False,False,False,69.95333333333333,4.93443396226415,1.153846153846154
S1026,Emma,Johnson,student26@university.com,18,53.94,43.04,90.43,77.95,91.05,58.4,94.23,81.05000000000001,3,18.1,0,0,3,2,6,8.3,False,True,True,False,False,False,75.85000000000001,4.477900552486188,0.7228915662650601
S1027,Sara,Johnson,student27@university.com,18,63.85,73.21,51.01,65.02,62.87,97.1,89.32,71.42499999999998,2,15.3,0,1,0,2,10,7.3,False,True,False,False,True,False,73.08833333333334,4.66830065359477,1.36986301369863
S1028,Liam,Davis,student28@university.com,21,62.44,57.7,94.1,99.87,64.16,81.8,64.65,77.0615,2,20.6,1,0,2,0,7,4.9,True,False,False,False,True,False,77.04666666666668,3.740849514563106,1.4285714285714284
S1029,Maria,Jones,student29@university.com,23,61.73,48.02,70.38,70.3,99.95,16.9,54.18,62.43699999999999,1,24.2,1,1,3,0,3,4.4,True,False,False,False,False,True,59.95499999999999,2.5800413223140493,0.6818181818181818
S1030,Ahmed,Brown,student30@university.com,22,59.64,86.31,44.03,60.61,66.37,80.3,74.39,66.0145,1,24.2,1,1,1,1,2,5.6,True,False,True,False,False,False,68.66833333333334,2.7278719008264463,0.3571428571428571
S1031,Ali,Johnson,student31@university.com,22,78.74,53.05,48.48,81.44,71.14,84.1,52.74,59.4345,0,23.1,1,0,2,0,2,8.1,False,True,False,False,True,False,65.15833333333335,2.572922077922078,0.2469135802469136
S1032,Maria,Smith,student32@university.com,21,66.41,53.42,58.54,62.21,99.5,69.1,99.92,75.3605,2,7.5,1,0,2,1,3,4.1,True,False,True,False,False,False,73.78166666666667,10.048066666666667,0.7317073170731708
S1033,Sara,Williams,student33@university.com,19,91.02,56.5,42.61,74.7,68.47,65.7,67.92,60.840500000000006,1,15.4,0,0,1,1,7,4.8,False,True,False,False,True,False,62.650000000000006,3.950681818181818,1.4583333333333337
S1034,Emma,Davis,student34@university.com,21,59.2,75.21,58.56,74.13,68.31,44.1,97.92,75.453,2,25.4,0,1,2,1,8,4.5,True,False,False,True,False,False,69.705,2.9705905511811026,1.7777777777777777
S1035,Ahmed,Smith,student35@university.com,23,73.23,79.58,43.6,72.68,91.39,64.2,88.66,72.686,2,21.4,0,0,1,0,4,4.2,True,False,False,True,False,False,73.35166666666667,3.396542056074767,0.9523809523809524
S1036,Maria,Davis,student36@university.com,18,50.68,41.06,54.16,89.8,65.6,73.8,70.56,64.58699999999999,1,22.0,1,1,2,2,3,8.1,True,False,False,False,False,True,65.83,2.935772727272727,0.3703703703703704
S1037,Ali,Williams,student37@university.com,21,74.08,54.51,55.94,60.83,61.69,12.3,55.92,54.846,0,10.7,1,1,0,0,7,5.4,False,True,False,False,False,True,50.19833333333333,5.125794392523365,1.2962962962962965
S1038,Ali,Williams,student38@university.com,18,52.79,65.86,99.66,95.22,71.16,25.7,61.86,76.036,2,13.1,1,0,2,2,3,7.6,False,True,True,False,False,False,69.91,5.804274809160305,0.3947368421052631
S1039,John,Johnson,student39@university.com,23,98.89,59.92,54.13,89.57,85.03,19.4,83.65,70.524,2,28.9,0,0,3,0,8,4.7,True,False,False,False,False,True,65.28333333333332,2.4402768166089968,1.702127659574468
S1040,John,Johnson,student40@university.com,24,89.53,93.05,54.35,66.66,52.16,84.1,91.5,74.41499999999999,2,26.2,1,0,2,1,4,6.0,False,True,True,False,False,False,73.63666666666667,2.840267175572519,0.6666666666666666
S1041,Omar,Smith,student41@university.com,23,74.51,87.26,81.21,59.03,68.7,68.0,98.97,82.207,3,9.1,1,1,0,2,8,4.6,False,True,False,True,False,False,77.195,9.033736263736264,1.7391304347826089
S1042,Sara,Davis,student42@university.com,20,54.33,77.55,91.56,63.98,67.31,45.1,56.61,70.08850000000001,2,18.6,0,0,0,0,2,4.0,False,True,False,True,False,False,67.01833333333333,3.768198924731183,0.5
S1043,Liam,Williams,student43@university.com,18,79.62,60.28,63.22,66.63,62.24,82.6,57.8,62.5355,1,17.3,1,1,2,0,8,7.1,False,True,False,False,True,False,65.46166666666667,3.614768786127168,1.1267605633802815
S1044,Maria,Smith,student44@university.com,22,87.94,82.04,92.54,77.85,82.71,71.7,52.12,74.6105,2,16.1,0,1,1,2,8,6.4,False,True,True,False,False,False,76.49333333333333,4.634192546583851,1.25
S1045,Maria,Brown,student45@university.com,21,59.54,90.62,60.41,52.32,64.5,91.4,63.02,66.46950000000001,1,16.8,1,1,2,1,10,6.1,False,True,False,True,False,False,70.37833333333333,3.9565178571428574,1.639344262295082
S1046,Liam,Smith,student46@university.com,24,78.41,75.69,51.82,95.72,80.34,7.7,91.05,74.4005,2,21.1,1,0,1,1,3,4.4,False,True,False,True,False,False,67.05333333333333,3.5260900473933643,0.6818181818181818
S1047,Omar,Jones,student47@university.com,23,90.71,87.07,59.78,54.93,75.22,50.9,59.91,64.285,1,29.2,0,0,0,2,2,6.9,True,False,True,False,False,False,64.63499999999999,2.201541095890411,0.2898550724637681
S1048,Emma,Smith,student48@university.com,18,88.41,84.95,76.56,63.96,60.86,70.7,77.39,74.3145,2,26.9,0,0,2,0,7,7.9,False,True,False,False,True,False,72.40333333333332,2.762620817843866,0.8860759493670886
S1049,Emma,Jones,student49@university.com,24,90.15,74.3,62.03,55.46,63.33,20.7,72.32,64.03549999999998,1,26.9,0,1,1,1,9,4.3,False,True,False,False,True,False,58.02333333333333,2.380501858736059,2.0930232558139537
S1050,Omar,Jones,student50@university.com,19,93.97,58.73,80.37,62.83,58.53,32.7,66.29,65.70150000000001,1,22.6,1,1,1,0,10,6.1,True,False,False,False,True,False,59.90833333333334,2.9071460176991155,1.639344262295082
S1052,John,Brown,student52@university.com,19,70.28,52.41,82.06,80.76,80.96,79.4,75.12,75.0925,2,16.0,1,0,3,0,5,8.5,True,False,False,True,False,False,75.11833333333334,4.69328125,0.5882352941176471
S1053,Maria,Smith,student53@university.com,23,78.44,86.77,60.85,61.37,83.64,49.400000000000006,66.74,68.2895,1,17.8,0,0,3,1,3,5.3,True,False,True,False,False,False,68.12833333333333,3.836488764044944,0.5660377358490566
S1054,Omar,Smith,student54@university.com,19,89.53,88.27,67.35,93.59,58.3,49.3,84.44,77.74349999999998,2,26.1,1,1,3,0,9,8.7,False,True,True,False,False,False,73.54166666666667,2.9786781609195394,1.0344827586206895
S1055,Maria,Brown,student55@university.com,19,84.86,89.33,73.46,90.04,80.77,43.1,64.0,74.7025,2,28.1,0,1,1,0,8,8.1,True,False,False,True,False,False,73.45,2.658451957295373,0.9876543209876544
S1056,Liam,Williams,student56@university.com,20,99.78,68.37,81.17,87.68,99.1,22.9,82.16,79.403,2,16.3,0,1,1,1,9,4.5,True,False,False,True,False,False,73.56333333333333,4.871349693251534,2.0
S1057,Ali,Johnson,student57@university.com,20,50.68,51.55,54.32,92.38,53.72,92.3,97.86,74.5145,2,12.5,1,1,2,1,9,6.4,False,True,False,True,False,False,73.68833333333333,5.96116,1.40625
S1058,John,Smith,student58@university.com,20,67.76,45.98,90.16,80.98,74.52,31.8,86.45,76.56099999999999,2,13.4,0,1,3,0,10,7.2,False,True,False,False,False,True,68.315,5.713507462686566,1.3888888888888888
S1059,Ahmed,Johnson,student59@university.com,24,64.05,84.6,83.31,75.07,86.65,56.7,70.92,77.554,2,19.5,0,1,3,2,3,7.0,False,True,True,False,False,False,76.20833333333333,3.977128205128205,0.4285714285714285
S1060,John,Davis,student60@university.com,20,63.12,93.18,54.05,68.7,52.3,14.9,87.38,69.98349999999999,1,11.9,1,0,1,0,7,7.4,True,False,True,False,False,False,61.751666666666665,5.880966386554621,0.945945945945946
S1061,Omar,Davis,student61@university.com,19,61.13,79.05,98.5,61.19,88.91,43.4,90.46,83.86,3,27.8,1,1,1,2,5,6.1,False,True,True,False,False,False,76.91833333333332,3.016546762589928,0.819672131147541
S1062,Ahmed,Brown,student62@university.com,22,85.46,48.65,79.89,77.87,98.98,90.4,66.29,73.25550000000001,2,15.5,1,0,1,1,6,8.5,True,False,False,False,True,False,77.01333333333334,4.726161290322581,0.7058823529411765
S1063,Ali,Davis,student63@university.com,22,54.24,96.09,67.15,94.47,54.42,99.5,85.26,81.3665,3,29.8,1,1,0,2,8,5.4,False,True,False,True,False,False,82.81500000000001,2.7304194630872485,1.4814814814814814
S1064,Omar,Davis,student64@university.com,20,87.08,99.35,49.45,79.7,91.11,36.2,71.72,71.65700000000001,2,7.7,0,1,2,0,10,4.5,False,True,False,True,False,False,71.255,9.306103896103895,2.2222222222222223
S1065,Sara,Williams,student65@university.com,24,84.67,66.0,71.99,95.98,68.93,15.4,90.93,77.2365,2,9.7,0,0,2,1,8,8.9,True,False,False,True,False,False,68.205,7.962525773195877,0.898876404494382
S1066,Maria,Williams,student66@university.com,21,62.54,75.69,49.89,67.85,57.21,31.4,64.77,60.7255,1,17.8,1,0,3,1,7,7.3,False,True,False,False,False,True,57.80166666666667,3.4115449438202243,0.9589041095890412
S1067,Ali,Williams,student67@university.com,18,62.64,86.63,65.77,84.76,74.66,32.7,96.89,80.31899999999999,3,26.7,1,0,1,2,1,7.3,False,True,True,False,False,False,73.56833333333331,3.008202247191011,0.136986301369863
S1068,Maria,Davis,student68@university.com,23,81.44,84.18,64.52,82.43,53.58,64.5,78.74,73.3265,2,13.8,1,0,2,1,1,8.1,False,True,False,True,False,False,71.325,5.313514492753622,0.1234567901234568
S1069,Emma,Brown,student69@university.com,24,88.11,98.07,83.2,83.52,76.11,49.6,67.67,78.43050000000001,2,25.9,0,1,1,2,6,6.1,False,True,False,False,False,True,76.36166666666666,3.0282046332046337,0.9836065573770492
S1070,Sara,Jones,student70@university.com,21,93.82,46.89,51.54,82.25,50.97,76.8,70.97,62.484,1,15.6,0,1,1,0,9,5.9,False,True,False,True,False,False,63.23666666666666,4.005384615384616,1.5254237288135593
S1071,Sara,Jones,student71@university.com,23,92.61,74.84,89.31,61.08,86.43,70.1,67.39,75.0805,2,26.3,1,1,3,1,8,8.7,True,False,False,False,True,False,74.85833333333333,2.8547718631178705,0.9195402298850576
S1072,Ali,Johnson,student72@university.com,21,98.24,81.52,59.57,57.18,74.4,25.1,57.31,61.58550000000001,1,11.9,0,1,3,0,1,5.9,True,False,True,False,False,False,59.18000000000001,5.1752521008403365,0.1694915254237288
S1073,Sara,Jones,student73@university.com,21,79.07,93.41,66.64,98.93,72.95,78.4,53.42,72.75200000000001,2,16.8,1,0,2,2,8,4.4,False,True,False,False,False,True,77.29166666666667,4.330476190476191,1.818181818181818
S1074,Ahmed,Jones,student74@university.com,22,95.43,92.45,86.34,52.26,59.81,84.7,66.09,73.3345,2,12.0,0,1,2,2,5,5.5,True,False,False,True,False,False,73.60833333333333,6.111208333333334,0.9090909090909092
S1075,Sara,Williams,student75@university.com,18,90.43,98.68,77.52,73.39,68.06,59.8,72.93,76.8655,2,10.4,0,0,0,0,2,8.4,True,False,True,False,False,False,75.06333333333333,7.390913461538461,0.238095238095238
S1076,Maria,Williams,student76@university.com,21,94.73,70.72,58.48,71.25,59.09,92.8,68.09,66.8915,1,15.5,0,1,2,2,7,4.5,True,False,False,False,False,True,70.07166666666666,4.3155806451612895,1.5555555555555556
S1077,Maria,Davis,student77@university.com,20,50.58,89.85,63.17,68.0,86.77,78.3,50.7,67.27199999999999,1,13.4,1,1,2,2,2,7.6,False,True,True,False,False,False,72.79833333333333,5.020298507462686,0.2631578947368421
S1078,Omar,Johnson,student78@university.com,23,98.3,65.64,58.35,89.1,59.95,59.5,78.95,70.4535,2,24.7,1,0,1,0,4,5.3,False,True,True,False,False,False,68.58166666666666,2.852368421052632,0.7547169811320755
S1079,Maria,Smith,student79@university.com,24,73.68,65.34,75.69,87.27,80.84,90.6,57.24,71.60000000000001,2,23.7,1,1,1,0,4,7.7,False,True,False,False,True,False,76.16333333333334,3.0210970464135025,0.5194805194805194
S1080,Omar,Johnson,student80@university.com,22,89.91,55.2,59.96,95.26,63.98,60.0,60.55,65.12199999999999,1,14.0,0,1,1,1,5,6.6,True,False,True,False,False,False,65.825,4.651571428571428,0.7575757575757576
S1081,Maria,Johnson,student81@university.com,23,56.36,89.09,83.54,69.77,82.85,52.1,56.04,72.416,2,29.8,0,0,2,1,6,7.2,True,False,False,False,False,True,72.23166666666667,2.43006711409396,0.8333333333333333
S1082,Ahmed,Brown,student82@university.com,20,69.8,99.15,74.79,78.21,77.02,35.6,76.02,77.58949999999999,2,29.3,1,1,2,0,2,5.2,False,True,True,False,False,False,73.46499999999999,2.648105802047781,0.3846153846153846
S1083,Liam,Davis,student83@university.com,20,63.57,55.38,48.74,94.62,71.17,88.3,54.76,62.645,1,27.9,1,1,3,1,8,4.8,False,True,False,False,False,True,68.82833333333333,2.245340501792115,1.6666666666666667
S1084,Omar,Brown,student84@university.com,21,64.58,43.37,58.62,99.69,83.65,12.3,62.82,63.94,1,19.7,1,1,1,2,9,4.3,True,False,True,False,False,False,60.07500000000001,3.245685279187817,2.0930232558139537
S1085,John,Johnson,student85@university.com,20,56.16,88.93,53.29,98.46,70.79,47.400000000000006,72.59,72.657,2,15.3,0,0,3,1,3,8.1,True,False,False,True,False,False,71.91000000000001,4.748823529411764,0.3703703703703704
S1086,Emma,Johnson,student86@university.com,18,90.29,77.21,63.42,85.89,91.07,53.7,58.39,69.629,1,12.8,0,0,2,1,7,7.6,False,True,False,False,True,False,71.61333333333333,5.439765625,0.9210526315789476
S1088,Maria,Jones,student88@university.com,21,65.63,55.13,70.41,51.16,77.03,65.19999999999999,67.14,64.651,1,20.8,0,1,2,0,10,8.2,True,False,False,False,True,False,64.34499999999998,3.108221153846153,1.2195121951219514
S1089,Sara,Brown,student89@university.com,23,58.72,44.26,85.27,91.26,93.85,50.6,93.03,81.4695,3,18.8,1,1,0,2,4,8.2,True,False,False,False,False,True,76.37833333333333,4.333484042553192,0.4878048780487805
S1090,Liam,Johnson,student90@university.com,20,79.45,69.55,51.35,92.05,91.44,25.7,89.75,74.4315,2,20.7,0,1,3,1,1,4.7,True,False,False,False,True,False,69.97333333333333,3.59572463768116,0.2127659574468085
S1091,Maria,Williams,student91@university.com,22,62.71,45.13,96.79,87.32,76.59,85.7,99.64,85.901,3,19.4,1,0,1,2,5,7.6,True,False,True,False,False,False,81.86166666666666,4.427886597938144,0.6578947368421053
S1092,Sara,Davis,student92@university.com,24,62.95,55.71,60.57,64.0,53.42,65.8,76.45,64.666,1,8.4,0,0,1,0,6,5.5,True,False,True,False,False,False,62.65833333333333,7.698333333333332,1.0909090909090908
S1093,Emma,Davis,student93@university.com,22,74.42,47.56,58.01,81.99,78.3,85.8,78.77,69.68599999999999,1,22.4,1,0,2,1,5,6.3,True,False,False,True,False,False,71.73833333333333,3.110982142857143,0.7936507936507937
S1094,Emma,Williams,student94@university.com,22,82.63,53.45,81.11,65.81,67.76,27.6,97.33,75.5215,2,14.0,1,1,2,0,6,6.2,False,True,False,False,True,False,65.51,5.394392857142857,0.9677419354838708
S1095,Emma,Davis,student95@university.com,23,56.07,46.37,88.33,72.53,77.01,63.7,69.98,71.79750000000001,2,17.9,0,0,1,0,3,7.0,False,True,False,False,False,True,69.65333333333334,4.011033519553074,0.4285714285714285
S1096,Sara,Jones,student96@university.com,19,58.78,97.23,62.71,69.12,82.36,71.39999999999999,77.78,75.77,2,14.1,0,0,1,2,2,5.7,True,False,False,False,False,True,76.76666666666667,5.373758865248226,0.3508771929824561
S1098,Emma,Smith,student98@university.com,22,98.69,66.63,93.02,61.71,83.68,81.19999999999999,77.29,78.12100000000001,2,26.9,0,0,1,2,6,7.4,True,False,False,False,False,True,77.255,2.904126394052045,0.8108108108108107
S1099,Ahmed,Smith,student99@university.com,22,69.86,93.92,86.01,78.88,83.96,0.3,54.04,72.0455,2,8.7,1,1,2,2,10,8.8,False,True,True,False,False,False,66.185,8.28109195402299,1.1363636363636362
S1100,Omar,Smith,student100@university.com,19,79.95,80.64,42.05,68.05,55.46,59.5,89.19,68.094,1,19.6,0,1,3,1,6,7.3,False,True,True,False,False,False,65.81500000000001,3.4741836734693874,0.8219178082191781
S1101,Sara,Davis,student101@university.com,23,62.08,77.08,89.64,83.15,59.59,61.4,99.26,85.25150000000001,3,27.1,0,1,1,0,5,6.7,True,False,True,False,False,False,78.35333333333334,3.145811808118081,0.7462686567164178
S1102,Sara,Jones,student102@university.com,24,74.52,82.33,86.47,78.23,81.53,53.4,53.29,72.5115,2,10.5,0,0,2,0,2,4.8,False,True,False,True,False,False,72.54166666666667,6.905857142857142,0.4166666666666667
S1103,Maria,Jones,student103@university.com,22,53.71,89.73,80.16,96.2,70.41,63.0,90.05,85.1355,3,15.3,0,0,1,0,1,7.1,True,False,False,True,False,False,81.59166666666667,5.5644117647058815,0.1408450704225352
S1104,Sara,Jones,student104@university.com,21,51.74,92.66,85.6,55.08,88.14,16.7,62.09,71.837,2,14.4,0,1,1,0,10,7.1,True,False,True,False,False,False,66.71166666666666,4.988680555555556,1.4084507042253522
S1105,Sara,Williams,student105@university.com,23,73.44,78.56,98.77,61.03,56.25,68.5,59.88,72.645,2,7.2,0,0,2,0,6,7.1,True,False,True,False,False,False,70.49833333333333,10.089583333333332,0.8450704225352114
S1106,Emma,Jones,student106@university.com,24,69.93,93.4,65.87,88.32,59.58,33.6,84.67,76.7645,2,15.6,1,0,3,2,1,8.5,True,False,True,False,False,False,70.90666666666668,4.920801282051282,0.1176470588235294
S1107,Maria,Williams,student107@university.com,22,56.84,72.12,44.03,68.44,77.92,45.2,52.21,57.8065,0,17.0,1,1,3,1,1,7.6,True,False,False,False,False,True,59.98666666666666,3.4003823529411763,0.131578947368421
S1109,Omar,Smith,student109@university.com,19,99.65,92.8,42.79,75.17,63.32,47.400000000000006,50.07,59.616,0,17.2,0,0,1,0,1,5.6,True,False,True,False,False,False,61.925,3.466046511627907,0.1785714285714285
S1110,Liam,Davis,student110@university.com,24,69.78,72.49,57.66,82.61,70.42,62.2,77.72,71.148,2,7.3,1,1,3,2,2,5.4,False,True,False,False,True,False,70.51666666666667,9.746301369863014,0.3703703703703703
S1111,Omar,Smith,student111@university.com,21,81.23,94.37,75.21,52.24,51.75,83.80000000000001,73.1,72.08899999999998,2,27.3,0,1,1,2,1,5.0,True,False,False,False,True,False,71.745,2.64062271062271,0.2
S1112,Liam,Davis,student112@university.com,23,98.15,42.41,58.58,64.58,51.85,48.3,95.77,67.0245,1,21.3,1,0,3,0,7,7.9,False,True,False,False,True,False,60.24833333333333,3.1466901408450703,0.8860759493670886
S1114,Omar,Johnson,student114@university.com,18,73.18,96.87,89.32,76.01,78.84,48.8,56.3,75.476,2,25.7,0,1,1,0,4,5.7,True,False,True,False,False,False,74.35666666666667,2.936809338521401,0.7017543859649122
S1115,Maria,Brown,student115@university.com,21,86.87,54.98,65.23,51.77,93.19,68.89999999999999,67.73,65.403,1,14.0,1,1,1,2,4,4.7,False,True,False,False,True,False,66.96666666666667,4.671642857142857,0.851063829787234
S1116,Ali,Davis,student116@university.com,20,56.41,96.49,94.01,64.1,63.01,34.7,96.58,84.601,3,10.6,0,0,0,0,5,8.2,False,True,False,False,False,True,74.815,7.98122641509434,0.6097560975609757
S1117,Emma,Brown,student117@university.com,21,75.61,97.23,44.79,81.96,51.7,41.4,86.27,71.197,2,11.3,0,1,1,0,9,5.9,True,False,False,False,False,True,67.225,6.3006194690265485,1.5254237288135593
S1118,Liam,Brown,student118@university.com,24,63.95,92.93,90.41,59.97,85.43,56.3,79.71,80.8085,3,19.9,1,1,1,0,5,4.9,False,True,False,False,True,False,77.45833333333333,4.0607286432160805,1.020408163265306
S1120,Liam,Davis,student120@university.com,24,71.31,78.82,59.32,83.83,56.91,20.9,69.9,66.93350000000001,1,6.5,1,0,1,1,2,8.6,True,False,False,False,False,True,61.61333333333332,10.29746153846154,0.2325581395348837
S1121,Ahmed,Johnson,student121@university.com,20,56.55,92.18,57.92,73.57,69.29,14.0,79.26,70.74950000000001,2,20.7,1,0,1,0,8,4.7,False,True,False,False,False,True,64.37,3.4178502415458945,1.702127659574468
S1122,Sara,Brown,student122@university.com,21,84.95,86.55,58.31,95.78,57.94,35.3,88.58,76.06,2,29.5,1,0,3,1,8,5.8,False,True,False,False,True,False,70.41000000000001,2.5783050847457627,1.3793103448275863
S1123,Omar,Davis,student123@university.com,19,72.81,77.81,88.68,69.59,55.32,4.8,56.38,66.96600000000001,1,17.1,0,1,2,1,9,7.2,False,True,False,False,True,False,58.76333333333334,3.916140350877193,1.25
S1124,Ahmed,Brown,student124@university.com,21,76.56,98.94,89.9,61.75,82.41,58.3,98.49,87.2815,3,15.3,1,0,1,2,4,6.0,False,True,True,False,False,False,81.63166666666667,5.704673202614378,0.6666666666666666
S1125,Liam,Jones,student125@university.com,24,57.32,81.14,59.78,83.07,98.38,17.6,61.97,68.8855,1,28.7,0,1,1,0,3,6.4,True,False,False,False,False,True,66.99000000000001,2.400191637630662,0.46875
S1126,Sara,Davis,student126@university.com,21,56.99,98.53,75.56,78.66,83.91,37.7,72.39,77.4615,2,11.0,0,1,2,0,10,8.0,False,True,False,False,True,False,74.45833333333333,7.041954545454545,1.25
S1127,Ali,Davis,student127@university.com,20,79.17,43.44,48.34,66.76,99.24,26.9,51.14,55.226,0,11.0,0,0,3,1,6,9.0,False,True,False,False,True,False,55.97,5.020545454545455,0.6666666666666666
S1128,Maria,Brown,student128@university.com,18,99.25,48.34,68.13,67.18,71.72,63.0,77.52,67.93849999999999,1,27.6,1,0,0,1,1,6.3,False,True,True,False,False,False,65.98166666666667,2.461539855072463,0.1587301587301587
S1129,Maria,Jones,student129@university.com,20,54.81,67.09,99.93,69.91,94.89,85.0,69.09,79.9985,2,21.2,1,0,1,1,6,5.9,False,True,False,False,False,True,80.985,3.773514150943397,1.0169491525423728
S1130,Maria,Williams,student130@university.com,22,64.29,63.09,49.53,64.56,60.25,63.3,62.49,59.467,0,6.3,1,1,1,2,5,6.0,False,True,False,False,True,False,60.53666666666667,9.43920634920635,0.8333333333333334
S1131,Ahmed,Johnson,student131@university.com,21,93.47,86.96,96.85,85.51,55.9,54.3,99.28,88.172,3,21.8,0,1,3,2,1,5.8,True,False,True,False,False,False,79.8,4.044587155963303,0.1724137931034483
S1132,Ali,Brown,student132@university.com,23,53.61,49.64,89.46,82.57,85.13,66.9,71.41,75.47749999999999,2,25.5,1,0,1,1,6,6.4,True,False,False,False,True,False,74.18499999999999,2.9599019607843133,0.9375
S1133,Ahmed,Davis,student133@university.com,21,93.79,98.57,98.33,72.04,68.57,3.0,70.71,78.39399999999999,2,11.8,1,1,1,2,3,5.7,False,True,False,True,False,False,68.53666666666666,6.643559322033897,0.5263157894736842
S1134,Omar,Johnson,student134@university.com,19,76.21,58.9,50.77,69.89,65.88,12.3,73.16,61.16199999999999,1,14.6,1,1,2,2,8,6.3,False,True,False,True,False,False,55.15,4.189178082191781,1.2698412698412698
S1135,Ahmed,Johnson,student135@university.com,24,70.41,65.74,52.81,68.25,83.56,9.5,55.81,58.875,0,9.9,0,0,2,2,3,8.7,True,False,False,False,True,False,55.945,5.946969696969696,0.3448275862068966
S1136,Ali,Johnson,student136@university.com,23,65.48,56.48,41.01,64.17,66.67,9.8,69.65,56.402,0,20.8,0,0,1,0,3,5.4,False,True,False,False,False,True,51.29666666666666,2.711634615384616,0.5555555555555555
S1137,Ali,Williams,student137@university.com,20,64.86,74.76,83.48,54.28,78.63,26.0,66.82,69.43499999999999,1,21.6,1,0,0,2,7,7.3,True,False,False,True,False,False,63.995,3.2145833333333327,0.9589041095890412
S1138,Omar,Smith,student138@university.com,19,65.29,43.52,78.65,63.41,64.97,53.2,73.26,66.83699999999999,1,6.7,1,0,1,1,1,6.4,True,False,True,False,False,False,62.835,9.975671641791044,0.15625
S1139,Ali,Brown,student139@university.com,21,94.24,48.98,50.68,66.06,89.19,11.5,92.83,67.269,1,21.9,1,1,0,0,10,7.7,False,True,False,False,True,False,59.87333333333333,3.0716438356164386,1.2987012987012987
S1140,Liam,Smith,student140@university.com,20,86.19,84.75,87.47,77.38,65.62,93.5,59.64,75.31599999999999,2,21.5,0,0,3,1,10,6.4,True,False,True,False,False,False,78.06,3.50306976744186,1.5625
S1142,Maria,Smith,student142@university.com,22,89.94,54.13,48.1,69.79,51.16,97.2,51.88,56.153,0,18.9,0,1,3,1,4,8.4,False,True,False,False,False,True,62.04333333333333,2.9710582010582014,0.4761904761904761
S1143,Liam,Johnson,student143@university.com,22,62.86,87.58,65.35,97.24,89.59,4.3,65.84,72.9865,2,20.3,0,0,1,1,5,7.4,True,False,True,False,False,False,68.31666666666666,3.595394088669951,0.6756756756756757
S1144,Liam,Jones,student144@university.com,18,80.9,45.6,45.46,91.37,81.02,85.1,73.63,66.35650000000001,1,15.8,0,1,1,2,5,6.6,True,False,False,True,False,False,70.36333333333333,4.199778481012658,0.7575757575757576
S1145,Omar,Johnson,student145@university.com,22,73.0,66.25,55.79,99.24,59.61,80.39999999999999,53.71,64.865,1,27.5,0,1,2,1,4,8.2,False,True,False,True,False,False,69.16666666666666,2.3587272727272723,0.4878048780487805
S1146,John,Johnson,student146@university.com,24,89.12,41.38,62.28,93.81,60.77,90.2,77.2,69.5955,1,13.2,0,1,1,2,1,8.9,True,False,False,True,False,False,70.94,5.272386363636364,0.1123595505617977
S1147,John,Davis,student147@university.com,23,65.46,60.81,91.11,80.84,63.12,52.8,65.52,72.633,2,6.7,0,1,2,2,3,6.0,False,True,True,False,False,False,69.03333333333333,10.840746268656716,0.5
S1148,Ali,Davis,student148@university.com,20,82.16,81.94,87.55,79.92,78.83,78.8,99.64,87.8815,3,21.8,1,0,0,2,8,5.8,True,False,False,True,False,False,84.44666666666667,4.031261467889908,1.3793103448275863
S1149,Liam,Smith,student149@university.com,22,94.11,45.41,66.57,56.48,77.42,5.1,81.55,64.38799999999999,1,20.1,0,1,1,1,2,7.8,True,False,False,False,True,False,55.42166666666666,3.203383084577114,0.2564102564102564
S1150,John,Johnson,student150@university.com,18,70.11,93.3,83.47,86.12,63.69,7.6,62.21,73.1925,2,29.7,0,0,1,1,8,6.3,False,True,False,True,False,False,66.065,2.46439393939394,1.2698412698412698
S1151,John,Smith,student151@university.com,21,53.33,94.57,74.12,80.01,84.7,11.9,55.13,70.321,2,10.8,0,1,1,1,4,4.4,False,True,False,False,True,False,66.73833333333333,6.511203703703703,0.9090909090909092
S1152,Ali,Davis,student152@university.com,23,75.8,46.3,60.45,75.35,94.45,91.5,52.04,62.992,1,14.9,1,1,1,0,9,5.8,False,True,False,False,False,True,70.015,4.227651006711409,1.5517241379310345
S1153,John,Jones,student153@university.com,22,67.3,99.44,83.55,84.66,52.18,6.1,54.54,70.3875,2,16.5,0,0,3,1,8,8.0,True,False,False,False,True,False,63.41166666666667,4.265909090909091,1.0
S1154,Ahmed,Brown,student154@university.com,20,83.61,57.85,81.01,72.2,70.86,10.0,84.0,72.54599999999999,2,26.5,0,1,0,2,8,7.5,False,True,False,False,False,True,62.653333333333336,2.737584905660377,1.0666666666666669
S1155,Sara,Smith,student155@university.com,21,97.55,45.05,77.15,76.19,79.68,93.0,92.75,77.9165,2,15.4,0,0,1,2,4,8.3,False,True,False,False,False,True,77.30333333333333,5.059512987012987,0.4819277108433734
S1156,Omar,Jones,student156@university.com,24,74.28,40.3,77.08,69.92,79.32,10.7,57.84,61.622,1,24.3,0,1,1,0,2,4.7,True,False,False,False,True,False,55.85999999999999,2.535884773662551,0.425531914893617
S1157,Sara,Brown,student157@university.com,20,73.31,64.51,80.98,85.87,50.98,87.0,70.11,73.283,2,8.9,1,1,3,0,8,5.2,True,False,False,False,False,True,73.24166666666667,8.234044943820225,1.5384615384615383
S1158,Ali,Williams,student158@university.com,21,82.73,77.79,63.07,93.83,60.53,78.89999999999999,67.71,71.8215,2,15.2,0,1,2,0,7,5.1,False,True,False,False,True,False,73.63833333333334,4.725098684210527,1.3725490196078431
S1159,Maria,Smith,student159@university.com,24,55.17,59.93,92.14,92.04,53.09,4.0,82.23,76.0085,2,8.9,0,1,2,0,2,8.9,False,True,True,False,False,False,63.90500000000001,8.540280898876404,0.2247191011235955
S1160,Omar,Smith,student160@university.com,24,62.68,90.2,49.74,89.3,78.45,2.2,59.13,65.054,1,28.7,0,0,1,1,7,4.8,False,True,False,False,False,True,61.50333333333333,2.266689895470384,1.4583333333333337
S1161,Ali,Williams,student161@university.com,23,95.95,83.0,93.03,50.69,82.27,53.4,97.67,83.509,3,9.4,1,0,1,1,1,7.0,False,True,False,False,True,False,76.67666666666666,8.883936170212765,0.1428571428571428
S1162,Liam,Williams,student162@university.com,20,83.5,61.01,60.54,95.59,57.99,99.7,86.43,75.338,2,15.5,1,1,3,2,6,7.2,True,False,False,False,False,True,76.87666666666667,4.860516129032257,0.8333333333333333
S1163,Maria,Smith,student163@university.com,22,50.67,84.06,47.5,63.74,66.65,87.89999999999999,97.75,74.43,2,7.1,0,0,3,1,7,7.1,True,False,False,True,False,False,74.60000000000001,10.483098591549297,0.9859154929577464
S1164,Sara,Williams,student164@university.com,22,60.23,96.43,76.0,94.4,66.49,31.0,63.87,74.9845,2,28.0,1,0,2,0,2,7.5,False,True,False,False,True,False,71.36500000000001,2.678017857142857,0.2666666666666666
S1165,Ali,Johnson,student165@university.com,18,84.14,45.59,62.56,59.85,90.99,38.6,79.39,66.30199999999999,1,20.6,1,1,3,0,2,6.4,False,True,False,True,False,False,62.830000000000005,3.218543689320388,0.3125
S1166,Liam,Brown,student166@university.com,21,88.22,58.37,88.93,71.98,59.73,38.8,86.61,75.681,2,29.1,0,0,2,0,8,4.4,False,True,False,False,False,True,67.40333333333335,2.600721649484536,1.818181818181818
S1168,Omar,Brown,student168@university.com,19,64.61,69.88,80.11,82.01,89.15,34.1,51.07,68.752,1,9.4,0,0,1,1,10,5.4,False,True,True,False,False,False,67.72,7.314042553191489,1.851851851851852
S1169,Emma,Johnson,student169@university.com,22,96.55,72.53,58.5,70.8,91.48,14.8,99.91,75.9855,2,14.5,1,1,0,2,2,4.4,False,True,False,False,True,False,68.00333333333333,5.240379310344828,0.4545454545454545
S1170,Liam,Williams,student170@university.com,21,77.65,58.04,52.57,83.93,83.33,74.7,96.4,75.426,2,20.5,1,0,1,2,5,4.8,True,False,False,True,False,False,74.82833333333333,3.679317073170732,1.0416666666666667
S1171,Ahmed,Jones,student171@university.com,23,84.83,80.04,63.28,77.45,64.98,45.8,55.99,65.02850000000001,1,13.2,1,1,0,1,4,5.4,True,False,True,False,False,False,64.59,4.926401515151516,0.7407407407407407
S1172,John,Williams,student172@university.com,18,79.84,78.71,76.41,63.79,91.15,7.7,77.18,73.1315,2,22.8,1,0,3,0,1,6.2,False,True,False,False,False,True,65.82333333333334,3.2075219298245616,0.1612903225806451
S1173,Maria,Smith,student173@university.com,23,56.14,74.67,79.42,82.32,87.11,79.0,65.73,75.7835,2,9.1,0,0,0,1,8,8.3,False,True,False,False,False,True,78.04166666666667,8.327857142857143,0.9638554216867468
S1174,Liam,Davis,student174@university.com,23,98.16,46.83,74.69,60.21,85.22,58.5,93.94,74.35749999999999,2,20.0,0,0,0,1,4,6.7,True,False,True,False,False,False,69.89833333333333,3.717875,0.5970149253731343
S1175,Emma,Brown,student175@university.com,23,56.14,68.62,99.28,84.7,53.37,48.9,84.88,81.064,3,14.9,1,0,2,2,9,6.4,False,True,False,True,False,False,73.29166666666667,5.440536912751678,1.40625
S1176,John,Williams,student176@university.com,18,62.74,61.37,81.47,50.16,52.16,67.30000000000001,61.18,64.03200000000001,1,17.7,0,1,1,1,2,5.0,False,True,False,False,False,True,62.27333333333334,3.617627118644069,0.4
S1177,John,Jones,student177@university.com,19,90.68,69.46,95.89,77.44,84.77,50.5,51.69,72.5165,2,19.2,0,0,3,0,2,8.8,True,False,False,False,False,True,71.625,3.776901041666666,0.2272727272727272
S1178,Ali,Smith,student178@university.com,24,80.93,95.31,47.08,70.05,97.24,64.80000000000001,64.59,68.915,1,6.5,0,1,1,1,6,8.5,True,False,False,False,True,False,73.17833333333334,10.602307692307694,0.7058823529411765
S1179,John,Johnson,student179@university.com,24,91.91,68.83,43.68,65.16,88.69,86.7,51.91,59.7955,0,28.1,1,0,2,2,2,8.1,True,False,True,False,False,False,67.495,2.127953736654804,0.2469135802469136
S1180,Ahmed,Johnson,student180@university.com,18,75.79,40.84,58.66,75.79,91.57,61.4,57.07,61.50750000000001,1,24.7,0,0,1,2,2,5.6,False,True,False,False,False,True,64.22166666666666,2.490182186234818,0.3571428571428571
S1181,Omar,Jones,student181@university.com,24,68.85,66.33,48.2,82.27,77.25,66.0,81.81,69.90799999999999,1,16.1,0,0,1,2,6,6.8,True,False,False,True,False,False,70.31,4.342111801242235,0.8823529411764706
S1182,Emma,Smith,student182@university.com,20,96.09,89.24,71.55,98.27,65.23,61.4,87.25,81.782,3,18.7,1,0,0,1,6,5.9,True,False,False,False,True,False,78.82333333333334,4.373368983957219,1.0169491525423728
S1184,Ali,Williams,student184@university.com,22,92.81,70.8,74.5,85.86,85.6,17.2,80.01,75.547,2,17.4,0,1,1,0,10,4.4,False,True,False,True,False,False,68.99499999999999,4.341781609195403,2.2727272727272725
S1185,Ahmed,Smith,student185@university.com,18,61.54,54.99,84.71,73.95,83.77,33.6,57.79,67.9125,1,15.7,1,0,3,0,1,4.7,True,False,False,False,False,True,64.80166666666666,4.325636942675159,0.2127659574468085
S1186,Sara,Johnson,student186@university.com,24,92.44,67.91,98.28,69.61,97.34,69.3,65.84,78.149,2,14.4,0,0,2,2,1,8.8,True,False,True,False,False,False,78.04666666666667,5.427013888888889,0.1136363636363636
S1187,Omar,Jones,student187@university.com,18,56.96,73.82,92.7,51.63,68.36,42.5,85.64,76.6455,2,25.4,0,1,0,2,7,7.1,False,True,True,False,False,False,69.10833333333333,3.0175393700787403,0.9859154929577464
S1188,Omar,Jones,student188@university.com,19,79.01,99.99,47.1,67.95,51.98,40.6,68.24,64.666,1,9.5,1,0,1,2,9,4.0,False,True,False,True,False,False,62.64333333333335,6.806947368421052,2.25
S1189,Emma,Williams,student189@university.com,20,94.41,78.65,60.31,92.42,95.42,75.9,67.44,74.307,2,9.4,0,0,2,0,7,8.0,True,False,True,False,False,False,78.35666666666667,7.905,0.875
S1190,Omar,Jones,student190@university.com,18,73.68,81.66,55.35,69.2,58.02,0.6,59.7,60.2085,1,18.0,0,0,2,2,4,4.4,True,False,False,True,False,False,54.08833333333333,3.3449166666666668,0.9090909090909092
S1191,John,Jones,student191@university.com,22,87.33,69.49,50.61,73.08,84.87,67.9,79.74,69.842,1,22.2,1,1,1,2,9,7.5,False,True,False,False,False,True,70.94833333333334,3.146036036036036,1.2
S1193,Omar,Brown,student193@university.com,22,86.82,88.78,73.2,63.71,65.51,37.7,73.47,71.65050000000001,2,18.6,1,1,3,2,10,4.3,False,True,False,True,False,False,67.06166666666667,3.852177419354839,2.3255813953488373
S1194,Omar,Williams,student194@university.com,24,96.27,69.7,53.63,53.09,91.52,34.1,55.78,59.417,0,12.5,1,0,0,2,1,6.7,True,False,False,False,True,False,59.63666666666668,4.75336,0.1492537313432835
S1195,Sara,Smith,student195@university.com,18,72.34,99.68,82.71,80.69,66.6,17.3,91.92,82.834,3,23.9,1,1,0,0,6,4.2,False,True,True,False,False,False,73.14999999999999,3.4658577405857742,1.4285714285714286
S1196,Sara,Brown,student196@university.com,23,58.66,67.43,83.97,72.4,89.71,33.4,53.57,68.679,1,16.7,1,0,0,0,10,4.3,False,True,False,True,False,False,66.74666666666666,4.11251497005988,2.3255813953488373
S1197,Maria,Smith,student197@university.com,24,52.39,44.08,41.26,80.3,53.49,39.1,73.59,58.353,0,25.9,1,1,0,1,6,4.3,True,False,False,False,False,True,55.30333333333334,2.2530115830115838,1.3953488372093024
S1198,Ahmed,Davis,student198@university.com,23,62.32,80.95,63.75,77.34,82.76,43.7,63.05,69.057,1,14.9,1,1,1,0,1,5.3,True,False,False,True,False,False,68.59166666666667,4.634697986577181,0.1886792452830188
S1199,John,Smith,student199@university.com,20,57.16,42.8,93.41,89.94,83.86,67.2,96.82,84.0555,3,25.7,0,0,1,0,8,8.0,False,True,False,True,False,False,79.005,3.270642023346304,1.0
S1200,Omar,Jones,student200@university.com,22,77.9,55.03,71.22,87.55,74.57,45.4,86.88,74.983,2,22.9,1,0,3,2,5,5.8,True,False,False,True,False,False,70.10833333333333,3.2743668122270746,0.8620689655172414
S1201,Liam,Brown,student201@university.com,23,59.25,61.22,60.86,88.57,84.35,79.6,78.32,73.5945,2,25.7,1,1,3,1,4,7.2,True,False,False,False,True,False,75.48666666666666,2.863599221789883,0.5555555555555556
S1202,Omar,Williams,student202@university.com,22,51.95,84.37,55.22,74.96,96.16,64.0,83.39,75.5375,2,25.3,0,1,1,2,10,4.6,True,False,False,False,True,False,76.35000000000001,2.985671936758893,2.173913043478261
S1203,Ali,Williams,student203@university.com,24,51.8,69.65,54.6,67.69,86.69,19.0,76.64,66.86200000000001,1,17.2,1,1,3,2,1,8.7,False,True,True,False,False,False,62.37833333333333,3.887325581395349,0.1149425287356322
S1204,Maria,Brown,student204@university.com,24,91.58,41.72,45.99,96.67,98.06,27.7,57.38,60.661,1,14.2,1,1,1,1,5,6.5,True,False,True,False,False,False,61.25333333333333,4.271901408450704,0.7692307692307693
S1205,Ahmed,Jones,student205@university.com,20,79.57,77.01,89.03,52.71,72.43,7.9,85.45,74.9885,2,24.1,1,0,1,0,1,4.1,True,False,True,False,False,False,64.08833333333334,3.1115560165975102,0.2439024390243902
S1206,Liam,Johnson,student206@university.com,24,67.9,64.69,45.2,57.63,76.41,94.6,74.63,64.408,1,14.0,1,0,3,1,3,6.7,False,True,True,False,False,False,68.86,4.6005714285714285,0.4477611940298507
S1207,Maria,Smith,student207@university.com,20,94.71,95.31,57.54,70.98,63.19,88.69999999999999,81.72,74.5985,2,7.2,0,1,3,2,10,4.9,True,False,False,True,False,False,76.24,10.360902777777778,2.0408163265306123
S1208,Emma,Jones,student208@university.com,23,53.51,69.97,42.74,80.7,99.28,8.5,52.26,59.31649999999999,0,26.5,1,1,0,1,1,5.0,True,False,False,False,True,False,58.90833333333334,2.2383584905660374,0.2
S1209,Ahmed,Davis,student209@university.com,24,99.02,82.54,86.88,50.41,52.76,57.400000000000006,57.1,66.93849999999999,1,14.9,1,0,1,0,10,7.0,False,True,False,False,True,False,64.515,4.492516778523489,1.4285714285714286
S1210,Omar,Brown,student210@university.com,18,80.81,53.13,42.36,85.97,67.93,96.0,79.47,66.889,1,8.3,1,1,2,1,3,5.1,False,True,False,False,True,False,70.81,8.058915662650602,0.5882352941176471
S1211,Omar,Smith,student211@university.com,21,59.17,85.66,58.5,77.94,64.88,74.7,72.97,71.279,2,21.2,1,1,1,2,2,5.1,True,False,False,False,True,False,72.44166666666666,3.3622169811320752,0.3921568627450981
S1212,Ahmed,Williams,student212@university.com,19,83.95,83.26,74.4,74.24,69.33,49.2,61.34,70.02000000000001,2,27.2,0,0,0,2,4,6.7,True,False,True,False,False,False,68.62833333333333,2.5742647058823533,0.5970149253731343
S1213,Omar,Johnson,student213@university.com,21,88.17,94.24,64.57,71.17,95.89,24.1,62.04,70.35999999999999,2,26.5,1,1,1,2,7,5.2,False,True,False,True,False,False,68.66833333333334,2.6550943396226407,1.346153846153846
S1214,John,Davis,student214@university.com,21,71.47,42.03,56.94,75.97,68.4,27.9,81.58,64.644,1,18.9,0,1,0,2,1,4.6,False,True,False,False,True,False,58.803333333333335,3.420317460317461,0.2173913043478261
S1215,Ahmed,Williams,student215@university.com,22,93.08,66.85,56.51,58.09,95.85,73.60000000000001,52.95,62.0185,1,7.2,1,0,0,0,7,6.0,True,False,False,False,False,True,67.30833333333332,8.613680555555556,1.1666666666666667
S1216,Maria,Brown,student216@university.com,20,57.54,80.75,87.87,55.44,71.17,78.1,71.71,74.93100000000001,2,22.4,0,0,1,1,6,4.3,True,False,False,True,False,False,74.17333333333333,3.345133928571429,1.3953488372093024
S1217,Ahmed,Smith,student217@university.com,22,63.94,45.71,98.44,64.48,92.74,52.9,76.16,75.9055,2,20.2,1,0,3,1,4,8.5,True,False,False,False,False,True,71.73833333333333,3.757698019801981,0.4705882352941176
S1218,Liam,Brown,student218@university.com,23,54.67,64.64,60.88,85.48,76.09,12.1,65.41,65.57499999999999,1,10.3,1,0,3,1,9,6.3,False,True,False,True,False,False,60.76666666666667,6.36650485436893,1.4285714285714286
S1219,Omar,Smith,student219@university.com,19,60.54,96.53,42.35,79.41,65.57,93.4,91.03,75.5145,2,27.5,0,0,1,0,7,4.1,True,False,False,True,False,False,78.04833333333333,2.7459818181818183,1.707317073170732
S1220,John,Jones,student220@university.com,23,61.94,66.16,42.19,74.01,72.47,84.5,52.84,58.897000000000006,0,7.2,1,0,0,1,10,5.1,False,True,False,True,False,False,65.36166666666668,8.180138888888889,1.9607843137254903
S1221,John,Johnson,student221@university.com,18,95.88,99.12,85.55,78.58,71.22,14.1,93.29,83.8565,3,14.3,1,0,1,1,10,8.8,False,True,False,False,False,True,73.64333333333335,5.864090909090908,1.1363636363636362
S1222,Emma,Jones,student222@university.com,19,53.91,43.41,73.14,77.96,63.0,5.699999999999999,86.16,68.92349999999999,1,7.4,0,1,3,0,5,6.5,False,True,False,False,True,False,58.22833333333333,9.313986486486485,0.7692307692307693
S1223,Maria,Jones,student223@university.com,22,71.37,83.07,87.02,65.35,64.48,53.6,72.31,74.839,2,27.8,1,0,2,2,2,5.8,True,False,False,False,True,False,70.97166666666666,2.6920503597122303,0.3448275862068966
S1225,Sara,Johnson,student225@university.com,24,94.93,70.03,94.45,94.84,66.8,28.3,85.11,81.971,3,15.6,1,0,0,0,2,6.1,True,False,False,False,True,False,73.25500000000001,5.254551282051282,0.3278688524590164
S1226,Ahmed,Smith,student226@university.com,22,99.88,98.25,93.15,80.0,81.22,8.7,96.55,87.547,3,26.5,0,0,2,0,9,5.1,False,True,True,False,False,False,76.31166666666667,3.3036603773584905,1.7647058823529411
S1227,Emma,Smith,student227@university.com,23,87.67,47.78,87.3,84.89,69.33,95.3,73.63,75.51249999999999,2,11.3,0,0,1,2,2,7.7,True,False,False,False,True,False,76.37166666666666,6.682522123893804,0.2597402597402597
S1228,Ali,Davis,student228@university.com,22,98.54,93.76,68.51,73.2,85.62,83.0,72.65,76.67850000000001,2,7.6,1,0,1,0,5,6.5,False,True,True,False,False,False,79.45666666666666,10.089276315789476,0.7692307692307693
S1229,Ahmed,Williams,student229@university.com,22,89.36,81.47,58.49,87.82,99.35,11.4,76.54,73.483,2,8.2,0,1,2,1,8,7.8,False,True,True,False,False,False,69.17833333333333,8.961341463414636,1.0256410256410258
S1230,Emma,Davis,student230@university.com,21,98.16,55.54,70.42,79.22,68.86,87.69999999999999,53.27,65.071,1,15.1,0,0,0,1,8,5.3,False,True,True,False,False,False,69.16833333333334,4.309337748344371,1.509433962264151
S1231,Maria,Davis,student231@university.com,18,85.36,94.1,70.12,52.69,73.13,68.3,95.42,78.9025,2,15.7,0,1,2,0,9,4.0,False,True,False,False,False,True,75.62666666666667,5.02563694267516,2.25
S1232,Maria,Smith,student232@university.com,24,53.99,65.76,76.62,94.5,58.21,32.5,83.39,75.657,2,23.0,0,0,1,2,4,8.8,False,True,False,False,True,False,68.49666666666666,3.289434782608696,0.4545454545454545
S1233,Maria,Brown,student233@university.com,21,70.1,88.85,51.17,65.28,69.61,87.10000000000001,80.88,71.49199999999999,2,10.9,1,1,3,1,10,6.6,False,True,False,False,True,False,73.815,6.558899082568806,1.5151515151515151
S1234,Maria,Jones,student234@university.com,22,82.33,63.33,79.34,56.89,86.34,59.8,96.32,78.38799999999999,2,22.5,1,1,3,2,7,4.4,True,False,False,False,False,True,73.67,3.4839111111111105,1.5909090909090908
S1235,Maria,Jones,student235@university.com,20,67.54,91.06,67.4,54.4,60.87,84.9,99.68,78.905,2,30.0,0,1,3,1,9,4.5,False,True,False,False,False,True,76.385,2.6301666666666668,2.0
S1236,Emma,Jones,student236@university.com,21,63.67,78.2,77.21,86.02,59.1,46.900000000000006,58.17,69.64150000000001,1,26.6,0,0,1,2,7,6.2,True,False,False,False,True,False,67.60000000000001,2.6181015037593984,1.129032258064516
S1237,Emma,Johnson,student237@university.com,22,78.87,48.46,54.38,85.2,68.82,50.1,87.45,69.26599999999999,1,20.9,1,1,1,0,1,7.5,False,True,False,False,False,True,65.735,3.314162679425837,0.1333333333333333
S1238,John,Smith,student238@university.com,24,96.68,78.98,66.06,85.01,90.93,29.1,79.0,75.3615,2,28.5,0,1,1,1,6,6.0,True,False,False,False,False,True,71.51333333333334,2.644263157894737,1.0
S1239,Liam,Brown,student239@university.com,22,51.75,51.48,52.61,95.79,81.18,38.8,73.05,67.216,1,29.8,1,0,2,1,2,8.1,True,False,True,False,False,False,65.485,2.2555704697986574,0.2469135802469136
S1240,Sara,Johnson,student240@university.com,18,88.46,64.72,92.52,67.45,97.88,56.8,98.88,85.2475,3,19.3,1,0,1,1,7,5.6,True,False,False,False,False,True,79.70833333333333,4.416968911917098,1.25
S1241,Omar,Williams,student241@university.com,23,86.14,50.22,69.28,78.06,95.23,94.7,92.51,78.57300000000001,2,11.8,1,0,3,0,9,4.2,True,False,True,False,False,False,80.0,6.658728813559322,2.142857142857143
S1242,Maria,Brown,student242@university.com,19,98.2,41.32,53.5,80.97,57.56,60.0,84.84,65.9265,1,27.9,1,1,1,0,7,4.0,False,True,False,True,False,False,63.03166666666667,2.362956989247312,1.75
S1243,Ali,Davis,student243@university.com,21,96.54,52.71,42.47,98.97,52.13,14.7,69.13,60.0565,1,26.1,1,0,0,2,8,8.3,False,True,True,False,False,False,55.01833333333334,2.301015325670498,0.9638554216867468
S1244,Omar,Brown,student244@university.com,21,88.11,72.18,80.54,65.62,69.95,0.7000000000000001,83.3,72.825,2,7.1,1,1,3,2,2,8.9,False,True,True,False,False,False,62.04833333333334,10.257042253521128,0.2247191011235955
S1245,Emma,Brown,student245@university.com,21,76.02,68.89,52.88,97.82,76.1,85.1,76.58,73.0655,2,28.4,1,1,0,2,10,4.7,False,True,False,False,False,True,76.22833333333332,2.572728873239437,2.127659574468085
S1246,Ali,Jones,student246@university.com,22,60.21,70.09,99.37,57.44,75.78,36.4,62.47,72.111,2,14.2,1,0,1,1,5,4.3,True,False,False,False,True,False,66.925,5.078239436619719,1.162790697674419
S1247,Ali,Brown,student247@university.com,18,77.26,54.86,72.02,88.2,56.71,31.5,72.52,68.466,1,13.1,0,0,3,2,10,8.6,True,False,False,True,False,False,62.63499999999999,5.226412213740458,1.162790697674419
S1248,Ali,Davis,student248@university.com,22,88.27,81.11,57.34,81.64,56.24,80.1,60.61,66.55950000000001,1,13.6,1,1,1,2,1,4.5,True,False,False,True,False,False,69.50666666666666,4.894080882352943,0.2222222222222222
S1249,John,Davis,student249@university.com,22,94.78,82.26,79.46,90.84,52.34,94.5,75.02,78.295,2,13.0,0,1,0,1,3,5.1,False,True,False,True,False,False,79.07,6.022692307692308,0.5882352941176471
S1250,Emma,Smith,student250@university.com,23,89.49,61.48,56.51,51.43,92.54,74.80000000000001,86.01,69.861,1,17.9,0,0,1,2,1,8.0,True,False,False,False,True,False,70.46166666666666,3.9028491620111736,0.125
S1251,Ali,Brown,student251@university.com,20,59.76,92.87,89.22,53.91,97.39,17.4,51.83,70.48,2,19.5,0,1,3,1,2,9.0,False,True,False,True,False,False,67.10333333333332,3.614358974358975,0.2222222222222222
S1252,Maria,Jones,student252@university.com,18,79.98,78.64,58.49,53.48,55.78,39.1,88.27,68.4545,1,15.6,0,0,1,1,4,6.4,True,False,False,True,False,False,62.29333333333333,4.388108974358974,0.625
S1253,Ahmed,Brown,student253@university.com,21,66.61,82.78,99.29,79.65,60.66,75.9,51.0,74.348,2,15.3,0,0,3,2,6,5.1,True,False,False,False,True,False,74.88,4.859346405228758,1.1764705882352942
S1254,Ali,Williams,student254@university.com,19,50.46,56.64,76.31,80.15,54.49,90.7,75.86,72.338,2,23.4,1,1,2,2,1,8.2,True,False,False,True,False,False,72.35833333333333,3.091367521367521,0.1219512195121951
S1256,Omar,Jones,student256@university.com,22,55.66,91.92,44.37,73.38,97.94,51.2,88.06,74.65950000000001,2,28.7,1,1,2,0,1,5.4,True,False,False,False,False,True,74.47833333333334,2.6013763066202094,0.1851851851851851
S1257,Emma,Smith,student257@university.com,18,92.14,89.35,60.9,53.4,63.09,82.30000000000001,88.05,73.4765,2,22.9,0,1,0,2,8,6.5,False,True,True,False,False,False,72.84833333333334,3.208580786026201,1.2307692307692308
S1258,Liam,Smith,student258@university.com,24,62.93,47.39,84.25,60.48,65.18,4.699999999999999,70.87,65.25699999999999,1,22.7,1,0,1,0,1,8.3,True,False,True,False,False,False,55.478333333333325,2.874757709251101,0.1204819277108433
S1259,John,Davis,student259@university.com,18,64.23,62.45,79.3,50.4,68.13,28.6,53.32,60.9915,1,15.5,0,1,1,1,1,5.2,False,True,True,False,False,False,57.03333333333333,3.934935483870968,0.1923076923076923
S1260,Ali,Davis,student260@university.com,18,98.0,79.68,51.65,88.84,75.12,37.2,84.68,72.9665,2,29.1,1,0,0,1,8,6.1,False,True,False,False,False,True,69.52833333333334,2.507439862542955,1.3114754098360657
S1262,Ahmed,Jones,student262@university.com,21,50.48,91.62,55.81,99.9,75.22,0.3,66.65,70.2125,2,6.9,0,0,3,2,1,8.2,False,True,False,False,False,True,64.91666666666667,10.17572463768116,0.1219512195121951
S1263,Ali,Brown,student263@university.com,20,64.19,48.42,76.8,70.61,97.55,30.8,61.74,66.8715,1,25.1,0,0,2,2,7,7.4,False,True,True,False,False,False,64.32000000000001,2.664203187250996,0.945945945945946
S1264,John,Jones,student264@university.com,24,55.96,65.8,60.67,50.96,54.99,93.0,55.99,59.6275,0,23.5,1,0,1,0,1,7.9,False,True,True,False,False,False,63.568333333333335,2.537340425531915,0.1265822784810126
S1265,Sara,Johnson,student265@university.com,24,55.14,45.83,58.54,61.74,89.93,30.7,64.76,60.7265,1,11.8,0,0,3,1,4,7.5,False,True,True,False,False,False,58.583333333333336,5.146313559322033,0.5333333333333333
S1266,Maria,Davis,student266@university.com,23,53.87,63.38,52.44,79.39,66.72,22.5,72.92,64.1985,1,19.9,1,0,1,0,10,7.0,False,True,True,False,False,False,59.55833333333333,3.226055276381909,1.4285714285714286
S1267,Liam,Jones,student267@university.com,19,79.66,40.91,64.54,98.1,68.88,73.0,73.88,69.68849999999999,1,18.3,1,0,0,2,10,4.7,True,False,True,False,False,False,69.885,3.80811475409836,2.127659574468085
S1268,Omar,Jones,student268@university.com,23,59.47,93.9,51.73,55.18,85.44,74.5,79.14,71.3055,2,18.2,0,0,0,0,9,8.2,True,False,True,False,False,False,73.315,3.917884615384615,1.0975609756097562
S1269,John,Davis,student269@university.com,22,68.06,71.62,97.75,56.08,96.47,47.2,68.12,76.0355,2,19.9,0,1,1,1,10,7.0,False,True,False,False,False,True,72.87333333333332,3.8208793969849246,1.4285714285714286
S1270,Emma,Johnson,student270@university.com,20,93.1,90.99,49.27,85.09,85.81,94.7,95.99,80.8425,3,29.8,1,0,3,2,3,7.5,False,True,False,False,True,False,83.64166666666667,2.7128355704697986,0.4
S1271,Liam,Davis,student271@university.com,20,71.22,43.59,94.8,83.36,88.79,20.3,74.79,75.0735,2,29.7,0,0,1,0,6,7.9,False,True,False,False,True,False,67.605,2.527727272727273,0.7594936708860759
S1272,Liam,Smith,student272@university.com,23,95.78,53.65,65.71,62.53,87.54,91.3,71.19,68.5305,1,29.5,1,1,2,1,10,5.6,True,False,True,False,False,False,71.98666666666666,2.32306779661017,1.7857142857142858
S1273,Liam,Brown,student273@university.com,22,74.9,55.56,62.67,90.66,66.05,75.6,52.41,63.7085,1,18.7,1,1,3,2,9,6.2,True,False,False,False,True,False,67.15833333333332,3.406871657754011,1.4516129032258065
S1274,Ali,Davis,student274@university.com,18,69.94,63.2,53.88,56.44,87.85,36.8,79.95,66.02600000000001,1,13.0,1,1,0,2,4,6.7,False,True,False,False,True,False,63.02,5.078923076923077,0.5970149253731343
S1275,Maria,Johnson,student275@university.com,22,87.52,88.17,78.15,96.29,89.23,80.7,80.14,84.2065,3,19.0,1,0,3,2,3,5.7,False,True,False,False,False,True,85.44666666666667,4.431921052631579,0.5263157894736842
S1276,Ali,Williams,student276@university.com,21,53.66,63.19,81.13,60.05,76.67,13.3,79.16,70.8485,2,20.6,0,0,2,2,5,5.3,True,False,True,False,False,False,62.25,3.4392475728155336,0.9433962264150944
S1277,Emma,Smith,student277@university.com,23,54.47,52.28,68.05,54.07,76.84,13.1,94.38,69.618,1,12.8,0,1,3,0,7,7.9,True,False,True,False,False,False,59.78666666666667,5.43890625,0.8860759493670886
S1278,Ali,Williams,student278@university.com,22,82.6,43.9,43.34,66.98,87.99,93.0,88.15,67.361,1,20.8,1,0,1,0,5,7.8,False,True,False,False,True,False,70.56,3.238509615384616,0.6410256410256411
S1279,Sara,Davis,student279@university.com,18,74.35,44.77,95.11,59.39,90.85,9.5,93.37,76.9725,2,20.5,0,1,2,2,4,8.2,False,True,True,False,False,False,65.49833333333333,3.7547560975609753,0.4878048780487805
S1280,Maria,Smith,student280@university.com,22,89.52,85.6,98.82,76.35,66.86,0.4,52.97,71.5945,2,27.6,0,1,1,2,1,7.5,False,True,True,False,False,False,63.5,2.5940036231884056,0.1333333333333333
S1281,Maria,Brown,student281@university.com,20,95.81,66.69,65.86,84.34,90.08,38.9,65.91,69.8455,1,10.9,0,0,0,0,6,5.6,False,True,True,False,False,False,68.63,6.407844036697248,1.0714285714285714
S1282,Emma,Davis,student282@university.com,19,69.42,83.57,76.82,74.55,90.71,10.4,65.94,72.29599999999999,2,22.4,1,1,3,0,4,5.6,True,False,True,False,False,False,66.99833333333332,3.2275,0.7142857142857143
S1283,Omar,Brown,student283@university.com,20,79.82,80.94,67.02,83.03,61.71,86.30000000000001,82.85,76.69149999999999,2,16.3,1,0,2,2,6,6.6,True,False,False,False,True,False,76.97500000000001,4.704999999999999,0.9090909090909092
S1284,Sara,Jones,student284@university.com,24,75.03,48.12,59.31,68.25,85.85,92.3,72.43,67.212,1,8.2,1,0,1,2,6,8.2,False,True,False,True,False,False,71.04333333333334,8.19658536585366,0.7317073170731708
S1285,John,Williams,student285@university.com,19,99.08,48.57,44.64,51.4,59.33,48.2,88.87,61.1595,1,12.9,1,0,1,0,4,5.7,False,True,False,False,True,False,56.835,4.741046511627907,0.7017543859649122
S1287,Ahmed,Brown,student287@university.com,22,95.59,83.28,89.1,90.97,78.73,53.9,61.08,77.30449999999999,2,13.0,1,0,0,0,4,5.5,True,False,False,True,False,False,76.17666666666666,5.9465,0.7272727272727273
S1288,Ali,Johnson,student288@university.com,21,62.72,62.68,41.02,53.67,95.43,22.6,64.55,57.74550000000001,0,6.7,1,0,1,0,5,5.7,False,True,False,True,False,False,56.65833333333334,8.618731343283583,0.8771929824561403
S1289,Liam,Brown,student289@university.com,22,88.63,44.65,74.93,72.46,51.77,29.8,59.12,60.702,1,28.1,0,0,0,2,5,7.8,False,True,False,True,False,False,55.455000000000005,2.1602135231316724,0.6410256410256411
S1290,Ali,Johnson,student290@university.com,18,63.27,40.73,92.85,81.75,91.33,10.1,59.89,69.18950000000001,1,7.5,1,1,2,0,2,7.4,False,True,False,False,True,False,62.775,9.225266666666668,0.2702702702702702
S1291,John,Davis,student291@university.com,22,60.44,57.29,53.05,59.53,75.32,44.6,60.84,58.7995,0,25.4,1,1,3,2,8,5.0,True,False,False,False,False,True,58.43833333333333,2.31494094488189,1.6
S1292,Ali,Smith,student292@university.com,19,97.21,40.55,51.0,78.9,93.04,61.2,50.8,58.2715,0,27.7,1,1,1,0,8,8.1,False,True,False,False,True,False,62.58166666666667,2.103664259927798,0.9876543209876544
S1293,Sara,Brown,student293@university.com,20,50.97,53.8,86.34,76.68,92.17,93.0,85.8,80.764,3,16.7,1,1,1,0,10,7.9,True,False,False,False,False,True,81.29833333333333,4.836167664670659,1.2658227848101264
S1294,Sara,Brown,student294@university.com,21,98.27,65.17,55.31,60.41,93.76,73.89999999999999,69.98,66.7295,1,6.3,1,1,3,1,8,8.0,False,True,False,False,True,False,69.755,10.591984126984128,1.0
S1295,Maria,Smith,student295@university.com,24,57.46,47.28,51.52,57.06,88.44,72.30000000000001,51.13,56.329,0,19.9,0,1,1,1,1,6.4,False,True,False,False,True,False,61.28833333333333,2.830603015075377,0.15625
S1296,Emma,Brown,student296@university.com,22,90.97,46.26,62.68,87.95,92.15,30.8,68.5,67.1065,1,10.9,0,1,1,1,7,5.6,False,True,False,False,True,False,64.72333333333333,6.1565596330275225,1.25
S1297,Omar,Johnson,student297@university.com,22,63.8,93.79,63.55,66.13,58.8,88.80000000000001,95.27,78.7765,2,9.4,1,0,1,0,3,8.2,True,False,False,True,False,False,77.72333333333333,8.380478723404256,0.3658536585365854
S1298,Ahmed,Brown,student298@university.com,20,67.54,75.13,92.45,62.2,65.19,94.7,75.56,77.63399999999999,2,19.2,0,1,1,1,1,6.9,False,True,False,False,True,False,77.53833333333333,4.0434375,0.144927536231884
S1299,Liam,Williams,student299@university.com,21,60.84,96.07,77.11,86.89,62.12,93.2,99.34,87.3955,3,13.9,0,1,3,1,5,8.7,False,True,False,False,False,True,85.78833333333334,6.287446043165468,0.574712643678161
S1300,Ali,Davis,student300@university.com,23,79.28,60.75,64.36,86.8,87.12,3.9,77.0,70.2295,2,23.3,0,1,2,2,4,5.3,True,False,False,False,False,True,63.32166666666666,3.014141630901288,0.7547169811320755
S1301,Ali,Jones,student301@university.com,24,67.4,80.63,72.06,63.82,57.68,60.4,98.14,77.9125,2,19.8,1,1,1,1,7,8.9,True,False,False,False,False,True,72.12166666666666,3.934974747474747,0.7865168539325842
S1302,John,Johnson,student302@university.com,22,82.87,52.28,97.24,93.63,59.11,64.3,60.09,73.3495,2,25.7,0,0,2,1,1,5.9,True,False,False,True,False,False,71.10833333333333,2.8540661478599225,0.1694915254237288
S1303,Emma,Williams,student303@university.com,22,50.78,77.1,46.79,84.41,93.95,29.5,64.5,66.144,1,6.5,0,1,0,2,1,5.9,False,True,False,False,True,False,66.04166666666667,10.176,0.1694915254237288
S1304,Sara,Davis,student304@university.com,23,53.22,47.78,52.46,67.29,85.29,99.2,85.0,69.3645,1,10.9,0,0,3,0,8,5.2,True,False,False,False,True,False,72.83666666666667,6.363715596330276,1.5384615384615383
S1305,Ahmed,Smith,student305@university.com,24,54.98,40.12,97.75,71.37,93.77,29.1,99.34,81.795,3,19.2,0,1,1,1,4,8.8,False,True,True,False,False,False,71.90833333333335,4.2601562500000005,0.4545454545454545
S1306,Maria,Johnson,student306@university.com,19,70.95,95.89,97.44,86.34,56.97,21.7,91.26,85.8545,3,27.0,1,1,3,2,9,4.2,True,False,False,True,False,False,74.93333333333332,3.1797962962962965,2.142857142857143
S1307,Sara,Jones,student307@university.com,19,90.74,73.29,50.63,60.58,69.95,48.4,77.69,65.46000000000001,1,25.3,1,0,2,2,10,6.4,True,False,False,False,False,True,63.423333333333325,2.587351778656126,1.5625
S1308,Liam,Davis,student308@university.com,18,94.41,95.62,48.71,73.44,64.16,32.3,54.26,61.8455,1,22.0,0,1,2,1,10,5.8,True,False,False,False,False,True,61.415,2.811159090909091,1.7241379310344829
S1309,Emma,Jones,student309@university.com,20,62.24,60.03,65.27,82.68,50.48,92.4,68.22,67.858,1,19.4,0,1,3,2,5,4.8,False,True,False,False,True,False,69.84666666666668,3.4978350515463923,1.0416666666666667
S1310,Liam,Smith,student310@university.com,21,78.72,59.67,42.98,76.97,64.23,44.0,54.32,56.16,0,20.8,1,1,3,1,6,7.6,False,True,False,False,False,True,57.028333333333336,2.7,0.7894736842105263
S1311,Omar,Smith,student311@university.com,22,88.42,64.04,79.29,80.42,68.98,41.0,65.56,70.1075,2,10.3,1,0,2,0,2,8.5,False,True,False,False,True,False,66.54833333333333,6.806553398058252,0.2352941176470588
S1312,Maria,Johnson,student312@university.com,24,64.44,82.36,44.65,77.31,54.61,62.6,62.94,62.586,1,19.9,0,1,3,1,3,5.2,False,True,False,False,True,False,64.07833333333333,3.1450251256281407,0.5769230769230769
S1313,Omar,Brown,student313@university.com,22,70.45,73.95,43.48,59.96,78.32,8.100000000000001,69.43,60.0225,1,17.3,0,0,2,0,7,6.5,False,True,True,False,False,False,55.54,3.469508670520231,1.0769230769230769
S1314,John,Smith,student314@university.com,18,76.2,95.52,69.11,70.51,69.16,75.7,91.86,80.441,3,14.6,0,1,0,2,7,6.9,False,True,False,True,False,False,78.64333333333333,5.509657534246576,1.0144927536231882
S1315,Liam,Davis,student315@university.com,24,56.74,41.53,97.47,76.6,52.32,76.8,57.52,68.415,1,27.2,0,0,2,2,6,6.0,False,True,False,False,True,False,67.04,2.515257352941177,1.0
S1316,John,Brown,student316@university.com,24,51.3,82.49,65.61,89.0,85.2,47.400000000000006,65.3,72.606,2,25.7,0,1,1,0,4,8.6,False,True,False,False,True,False,72.50000000000001,2.825136186770428,0.4651162790697674
S1317,Ali,Williams,student317@university.com,22,57.64,59.82,61.39,82.7,86.46,95.6,63.06,69.0695,1,6.9,1,1,2,1,10,6.3,False,True,False,False,True,False,74.83833333333334,10.010072463768116,1.5873015873015874
S1318,Omar,Jones,student318@university.com,20,81.34,50.81,99.88,71.33,91.72,57.9,64.81,74.801,2,29.6,1,0,0,1,4,8.9,True,False,True,False,False,False,72.74166666666666,2.5270608108108106,0.449438202247191
S1319,Emma,Brown,student319@university.com,18,53.68,70.62,71.92,98.72,74.28,69.5,68.03,74.693,2,10.7,0,0,2,1,8,5.5,True,False,False,False,True,False,75.51166666666667,6.980654205607477,1.4545454545454546
S1320,Liam,Jones,student320@university.com,20,59.48,70.3,62.51,55.39,98.43,92.4,62.22,67.61,1,10.4,0,1,3,2,9,4.4,False,True,False,True,False,False,73.54166666666667,6.500961538461538,2.0454545454545454
S1321,Ahmed,Brown,student321@university.com,18,66.89,48.22,63.15,60.34,95.7,66.6,97.13,74.1105,2,28.6,1,1,0,2,8,6.9,False,True,False,True,False,False,71.85666666666667,2.591276223776224,1.1594202898550725
S1322,Maria,Williams,student322@university.com,22,53.89,52.11,51.7,67.07,77.57,43.2,71.01,62.02199999999999,1,16.1,0,0,1,0,8,8.1,False,True,False,False,False,True,60.44333333333333,3.852298136645962,0.9876543209876544
S1323,Sara,Smith,student323@university.com,18,59.58,64.49,70.73,61.43,72.25,2.5,55.71,60.633500000000005,1,25.1,1,0,2,1,5,5.9,False,True,False,True,False,False,54.51833333333333,2.415677290836653,0.847457627118644
S1324,Emma,Williams,student324@university.com,19,95.56,64.53,66.33,81.27,50.15,72.8,73.38,69.1215,1,12.2,0,1,3,2,2,4.9,True,False,False,False,False,True,68.07666666666667,5.665696721311476,0.4081632653061224
S1325,Emma,Smith,student325@university.com,24,50.96,59.05,56.25,51.98,85.55,96.5,59.22,61.863,1,26.8,0,1,1,2,10,7.7,True,False,False,True,False,False,68.09166666666665,2.308320895522388,1.2987012987012987
S1326,John,Smith,student326@university.com,21,82.67,48.91,49.63,58.87,78.25,47.0,60.81,56.99250000000001,0,25.8,1,0,1,2,2,5.4,False,True,False,False,False,True,57.245,2.209011627906977,0.3703703703703703
S1327,Omar,Jones,student327@university.com,22,69.22,40.26,58.67,64.67,96.88,34.0,64.25,61.07,1,18.0,1,1,1,0,2,7.8,True,False,False,False,True,False,59.78833333333333,3.392777777777778,0.2564102564102564
S1328,Liam,Davis,student328@university.com,23,83.63,98.21,70.52,84.17,79.71,51.900000000000006,56.24,72.425,2,22.6,0,0,1,2,6,5.3,True,False,True,False,False,False,73.45833333333333,3.2046460176991145,1.1320754716981132
S1329,Liam,Williams,student329@university.com,21,79.43,96.61,43.5,93.79,99.64,72.8,86.06,78.857,2,29.1,1,1,3,0,10,6.8,False,True,True,False,False,False,82.06666666666668,2.7098625429553262,1.4705882352941178
S1330,Ali,Brown,student330@university.com,22,61.17,69.02,49.22,89.92,92.69,0.1,89.6,72.3,2,16.3,1,1,1,0,5,8.4,False,True,True,False,False,False,65.09166666666668,4.435582822085889,0.5952380952380952
S1331,Ali,Williams,student331@university.com,21,92.36,99.7,96.86,59.1,97.68,88.69999999999999,69.71,83.15100000000001,3,17.4,1,1,3,0,4,5.0,False,True,False,False,True,False,85.29166666666667,4.778793103448277,0.8
S1332,Maria,Jones,student332@university.com,19,74.6,80.42,72.57,78.27,66.38,88.6,84.45,78.34899999999999,2,23.1,0,1,3,1,4,8.1,False,True,True,False,False,False,78.44833333333334,3.391731601731601,0.4938271604938272
S1333,John,Smith,student333@university.com,21,91.13,44.13,43.81,51.5,57.47,54.1,69.45,54.584,0,14.7,0,1,0,1,8,5.3,True,False,False,True,False,False,53.41,3.713197278911565,1.509433962264151
S1334,Emma,Jones,student334@university.com,18,70.3,47.06,81.59,65.53,89.84,12.2,58.2,64.34,1,29.0,1,0,1,2,10,7.3,False,True,False,False,False,True,59.06999999999999,2.218620689655173,1.36986301369863
S1336,Ahmed,Johnson,student336@university.com,22,88.52,77.8,84.33,72.83,60.57,13.8,77.85,73.779,2,15.1,1,0,0,1,5,4.6,False,True,True,False,False,False,64.52999999999999,4.886026490066225,1.0869565217391306
S1337,John,Brown,student337@university.com,23,98.3,90.59,85.0,57.5,88.24,50.8,52.05,70.4425,2,22.8,1,1,2,2,7,7.3,True,False,False,True,False,False,70.69666666666667,3.089583333333333,0.9589041095890412
S1338,Maria,Jones,student338@university.com,23,75.72,93.9,79.06,71.93,79.1,9.4,82.72,77.8355,2,15.7,1,0,1,0,7,7.0,False,True,False,True,False,False,69.35166666666667,4.957675159235669,1.0
S1339,Maria,Brown,student339@university.com,20,73.68,66.88,83.93,59.9,55.48,58.9,87.13,74.6315,2,11.5,1,1,3,0,8,6.0,False,True,False,False,True,False,68.70333333333333,6.489695652173913,1.3333333333333333
S1340,John,Brown,student340@university.com,24,87.77,42.91,45.28,69.66,75.09,31.8,93.0,65.2045,1,15.3,1,1,0,2,3,4.2,True,False,False,False,True,False,59.623333333333335,4.261732026143791,0.7142857142857143
S1341,Maria,Johnson,student341@university.com,21,94.01,51.3,83.61,74.39,96.56,83.10000000000001,55.14,70.109,2,27.0,0,1,1,2,2,6.4,True,False,True,False,False,False,74.01666666666667,2.5966296296296294,0.3125
S1342,John,Brown,student342@university.com,23,98.21,43.99,48.2,67.48,75.32,80.0,50.0,55.3025,0,18.7,0,1,3,1,8,4.7,True,False,False,False,False,True,60.83166666666667,2.9573529411764707,1.702127659574468
S1343,Sara,Johnson,student343@university.com,21,66.23,51.32,60.37,96.85,89.43,99.8,53.66,67.34899999999999,1,13.4,0,0,1,0,9,5.8,False,True,True,False,False,False,75.23833333333334,5.026044776119402,1.5517241379310345
S1344,John,Smith,student344@university.com,24,89.94,64.63,96.56,78.13,51.45,25.8,96.21,80.85199999999999,3,21.8,0,1,3,1,1,6.9,True,False,True,False,False,False,68.79666666666667,3.7088073394495407,0.144927536231884
S1345,Omar,Jones,student345@university.com,23,60.53,47.09,70.17,92.14,86.4,6.2,88.28,73.861,2,20.3,1,1,3,0,9,8.7,True,False,False,False,True,False,65.04666666666667,3.638472906403941,1.0344827586206895
S1346,John,Brown,student346@university.com,24,77.28,50.0,98.05,88.04,97.34,44.3,91.77,84.6985,3,19.0,0,0,1,0,8,6.6,True,False,True,False,False,False,78.25000000000001,4.457815789473684,1.2121212121212122
S1347,Maria,Johnson,student347@university.com,21,58.99,66.75,45.34,83.06,74.98,8.299999999999999,75.85,64.4745,1,14.8,1,1,0,1,7,5.0,True,False,True,False,False,False,59.04666666666666,4.356385135135136,1.4
S1348,Liam,Williams,student348@university.com,22,67.37,60.41,68.65,74.84,66.89,17.8,76.34,67.93100000000001,1,6.8,1,0,2,0,8,8.7,True,False,False,False,False,True,60.82166666666668,9.989852941176473,0.9195402298850576
S1349,Omar,Brown,student349@university.com,21,96.57,68.06,43.74,50.11,82.33,59.7,64.93,59.3575,0,20.5,1,0,1,0,3,4.1,True,False,False,True,False,False,61.47833333333333,2.895487804878049,0.7317073170731708
S1350,Maria,Davis,student350@university.com,24,57.3,65.75,77.81,80.67,95.81,59.2,92.14,81.5985,3,15.5,0,0,2,0,2,7.2,True,False,False,True,False,False,78.56333333333333,5.26441935483871,0.2777777777777778
S1351,Ali,Smith,student351@university.com,22,81.62,78.67,44.72,67.8,58.84,4.3,91.49,66.6965,1,15.7,0,0,3,1,4,5.3,True,False,False,False,False,True,57.63666666666666,4.248184713375796,0.7547169811320755
S1352,Ali,Smith,student352@university.com,22,79.65,96.23,50.52,55.89,70.18,44.3,69.61,65.564,1,10.9,1,1,1,1,7,7.8,True,False,False,True,False,False,64.455,6.015045871559632,0.8974358974358975
S1353,Liam,Williams,student353@university.com,20,56.04,46.47,55.53,72.23,57.81,53.0,66.46,60.0565,1,11.2,0,0,2,2,2,5.7,False,True,True,False,False,False,58.583333333333336,5.3621875,0.3508771929824561
S1354,Liam,Johnson,student354@university.com,23,66.3,45.96,84.92,86.78,74.83,26.8,86.92,76.04000000000002,2,24.7,0,1,1,0,7,6.1,False,True,False,False,False,True,67.70166666666667,3.0785425101214585,1.1475409836065575
S1355,Omar,Brown,student355@university.com,18,78.15,91.17,49.84,98.08,77.02,87.2,51.31,68.3025,1,17.0,1,1,2,0,7,7.9,True,False,False,False,False,True,75.77,4.017794117647059,0.8860759493670886
S1356,Sara,Johnson,student356@university.com,22,59.36,70.38,90.8,68.71,97.21,16.1,93.0,81.98949999999999,3,7.7,0,0,1,0,10,8.5,False,True,False,False,True,False,72.7,10.647987012987011,1.1764705882352942
S1357,Liam,Smith,student357@university.com,24,90.03,85.98,47.91,77.14,70.63,25.4,72.31,66.4715,1,6.1,0,1,1,1,9,4.9,False,True,False,True,False,False,63.228333333333325,10.896967213114756,1.8367346938775508
S1358,Ali,Johnson,student358@university.com,23,98.61,52.93,42.11,92.56,78.35,15.7,72.07,62.592,1,10.6,0,1,2,0,3,5.5,True,False,False,False,True,False,58.953333333333326,5.904905660377358,0.5454545454545454
S1359,John,Smith,student359@university.com,19,60.74,89.73,63.7,66.7,94.26,11.7,83.45,74.4355,2,17.2,1,0,1,1,9,4.0,True,False,True,False,False,False,68.25666666666666,4.32764534883721,2.25
S1360,Maria,Johnson,student360@university.com,21,59.35,95.43,98.77,57.11,66.07,87.89999999999999,82.29,83.26249999999999,3,20.4,1,0,1,1,7,8.3,True,False,False,False,False,True,81.26166666666667,4.081495098039215,0.8433734939759036
S1361,Ali,Williams,student361@university.com,24,72.75,78.13,46.62,64.09,83.71,27.8,63.3,61.739,1,8.6,0,1,1,1,8,8.7,True,False,True,False,False,False,60.60833333333334,7.178953488372093,0.9195402298850576
S1362,Ali,Jones,student362@university.com,19,87.39,46.35,46.1,94.96,87.86,72.30000000000001,97.16,74.2705,2,15.8,0,0,2,1,3,5.4,True,False,False,True,False,False,74.12166666666667,4.700664556962025,0.5555555555555555
S1365,Omar,Jones,student365@university.com,20,77.06,85.05,83.04,73.23,75.15,92.8,78.07,80.07799999999999,3,26.6,0,0,1,2,8,6.0,True,False,True,False,False,False,81.22333333333334,3.0104511278195485,1.3333333333333333
S1366,Emma,Jones,student366@university.com,24,97.83,42.2,52.0,92.36,67.84,84.5,77.72,67.509,1,21.5,0,1,2,1,6,6.0,False,True,False,False,True,False,69.43666666666667,3.139953488372093,1.0
S1367,Sara,Brown,student367@university.com,22,69.56,87.94,67.6,96.89,63.32,6.9,74.29,73.5885,2,24.5,1,1,3,1,6,6.4,True,False,False,True,False,False,66.15666666666667,3.003612244897959,0.9375
S1368,John,Brown,student368@university.com,18,71.01,48.28,55.92,71.29,98.67,84.5,97.26,75.1855,2,9.5,0,1,0,0,5,4.8,True,False,True,False,False,False,75.98666666666666,7.914263157894737,1.0416666666666667
S1369,Omar,Williams,student369@university.com,22,98.45,53.34,67.09,96.6,75.11,45.2,62.24,67.70649999999999,1,13.1,1,0,2,1,4,4.3,False,True,False,True,False,False,66.59666666666666,5.168435114503816,0.9302325581395348
S1370,Maria,Williams,student370@university.com,21,84.73,74.63,86.15,58.07,92.82,35.0,55.4,69.09449999999998,1,16.1,0,0,1,0,7,7.6,True,False,False,False,False,True,67.01166666666666,4.291583850931676,0.9210526315789476
S1371,Liam,Smith,student371@university.com,24,85.96,55.9,85.72,57.84,59.77,67.2,96.48,76.772,2,21.5,1,1,3,1,10,8.2,True,False,False,False,True,False,70.485,3.570790697674419,1.2195121951219514
S1372,Sara,Smith,student372@university.com,18,78.14,79.68,70.95,97.46,96.97,95.0,60.65,76.9505,2,18.4,1,0,2,2,5,8.1,False,True,False,False,True,False,83.45166666666665,4.182092391304349,0.617283950617284
S1373,Liam,Brown,student373@university.com,22,98.73,76.48,95.7,75.48,89.72,9.4,87.46,82.399,3,18.8,1,1,1,2,8,7.1,True,False,False,False,True,False,72.37333333333332,4.382925531914894,1.1267605633802815
S1374,Ali,Davis,student374@university.com,18,84.44,46.49,55.83,59.3,90.43,76.8,60.19,60.766000000000005,1,8.9,0,0,1,2,1,8.8,False,True,False,False,False,True,64.84,6.827640449438203,0.1136363636363636
S1375,Maria,Davis,student375@university.com,21,94.75,79.36,54.42,74.4,69.49,20.4,98.01,74.041,2,16.9,1,1,3,1,8,4.0,True,False,False,False,True,False,66.01333333333334,4.38112426035503,2.0
S1376,Maria,Brown,student376@university.com,20,84.97,95.44,76.83,89.16,74.28,38.0,89.56,83.09349999999999,3,25.6,1,1,3,0,5,5.6,True,False,False,False,False,True,77.21166666666666,3.24583984375,0.8928571428571429
S1377,Ali,Smith,student377@university.com,20,86.76,49.67,77.28,91.35,79.67,87.4,95.94,81.592,3,17.7,1,0,3,1,4,5.6,False,True,False,False,True,False,80.21833333333333,4.609717514124294,0.7142857142857143
S1378,Sara,Smith,student378@university.com,24,64.52,75.82,42.79,93.2,89.49,54.6,97.55,76.9945,2,10.0,1,0,3,0,6,5.7,True,False,False,True,False,False,75.575,7.699450000000001,1.0526315789473684
S1379,Ali,Davis,student379@university.com,22,65.17,60.51,76.47,78.48,92.45,6.7,54.22,65.812,1,15.3,0,0,1,2,7,8.0,False,True,False,True,False,False,61.47166666666666,4.301437908496732,0.875
S1380,Liam,Johnson,student380@university.com,19,89.15,67.58,62.47,93.35,53.9,50.8,71.67,69.188,1,23.9,1,1,1,0,3,5.8,False,True,False,True,False,False,66.62833333333334,2.89489539748954,0.5172413793103449
S1381,Emma,Johnson,student381@university.com,21,64.84,57.22,84.85,75.5,95.2,79.0,82.41,79.3135,2,8.4,1,1,2,2,4,6.6,False,True,False,True,False,False,79.02999999999999,9.442083333333333,0.6060606060606061
S1382,Maria,Smith,student382@university.com,22,78.14,61.25,88.49,80.35,96.87,52.9,90.12,82.7305,3,19.5,1,0,2,0,7,7.1,True,False,False,False,False,True,78.33,4.242589743589744,0.9859154929577464
S1383,Ahmed,Johnson,student383@university.com,22,62.47,41.73,73.13,87.94,79.64,16.7,62.07,65.15299999999999,1,29.1,1,1,1,0,7,8.2,True,False,True,False,False,False,60.20166666666666,2.23893470790378,0.853658536585366
S1384,Ahmed,Jones,student384@university.com,20,90.85,98.89,40.1,71.27,59.34,44.5,95.73,72.427,2,14.5,1,1,2,0,3,7.1,False,True,True,False,False,False,68.305,4.99496551724138,0.4225352112676057
S1386,John,Brown,student386@university.com,18,91.47,70.04,84.93,67.51,77.43,65.8,93.31,80.891,3,20.8,1,0,0,2,3,7.5,True,False,True,False,False,False,76.50333333333334,3.8889903846153846,0.4
S1388,Ali,Williams,student388@university.com,18,59.35,72.36,67.88,59.62,90.74,78.60000000000001,75.77,72.502,2,9.8,0,1,2,2,8,6.6,False,True,False,False,True,False,74.16166666666668,7.398163265306121,1.2121212121212122
S1389,Ali,Davis,student389@university.com,23,77.1,62.81,97.94,57.42,54.34,9.1,68.7,69.0185,1,6.2,1,1,0,0,3,5.7,True,False,False,False,False,True,58.385,11.13201612903226,0.5263157894736842
S1390,John,Smith,student390@university.com,23,64.12,61.59,57.89,64.65,80.35,58.2,55.18,60.9075,1,9.3,0,1,2,2,7,4.0,False,True,False,True,False,False,62.97666666666667,6.549193548387096,1.75
S1391,John,Johnson,student391@university.com,21,66.17,67.84,53.39,51.61,74.16,37.6,67.35,60.766,1,26.4,0,1,1,1,3,5.8,True,False,True,False,False,False,58.65833333333334,2.3017424242424243,0.5172413793103449
S1392,Liam,Davis,student392@university.com,24,67.58,56.56,52.65,87.17,97.31,13.9,71.34,66.55000000000001,1,23.4,1,1,2,0,2,5.5,True,False,True,False,False,False,63.155,2.8440170940170946,0.3636363636363636
S1393,Liam,Williams,student393@university.com,19,53.17,50.8,73.53,62.94,64.83,20.3,73.95,65.12650000000001,1,13.5,1,0,0,1,7,4.5,False,True,False,True,False,False,57.725,4.824185185185185,1.5555555555555556
S1394,John,Johnson,student394@university.com,23,99.3,73.4,96.99,56.21,60.3,78.1,86.95,79.709,2,27.4,1,1,1,2,8,5.0,True,False,False,False,True,False,75.325,2.909087591240876,1.6
S1395,Maria,Jones,student395@university.com,20,51.58,90.57,76.52,84.96,94.85,16.1,67.6,76.0295,2,21.6,0,1,2,0,9,8.9,False,True,False,True,False,False,71.76666666666667,3.519884259259259,1.0112359550561798
S1396,Liam,Johnson,student396@university.com,19,83.12,49.17,58.2,92.15,57.44,31.200000000000003,70.33,64.151,1,16.2,1,0,1,2,1,5.4,True,False,False,False,True,False,59.748333333333335,3.9599382716049374,0.1851851851851851
S1397,Emma,Jones,student397@university.com,22,68.56,41.96,78.31,50.99,84.33,28.5,95.3,71.968,2,6.7,0,1,2,0,9,6.6,False,True,True,False,False,False,63.23166666666668,10.741492537313434,1.3636363636363638
S1398,Liam,Davis,student398@university.com,23,82.3,54.81,77.49,61.68,65.0,4.9,87.63,69.88,1,23.3,1,1,3,0,2,6.7,True,False,False,False,False,True,58.585,2.999141630901287,0.2985074626865671
S1399,Ali,Jones,student399@university.com,20,67.81,98.78,75.82,97.26,78.39,46.2,51.14,73.852,2,14.4,1,0,2,2,3,6.8,True,False,False,False,True,False,74.59833333333333,5.128611111111112,0.4411764705882353
S1400,Liam,Davis,student400@university.com,22,83.69,89.73,49.57,69.26,80.81,76.6,90.6,75.332,2,12.6,0,0,3,2,8,4.2,True,False,False,False,True,False,76.09500000000001,5.978730158730159,1.9047619047619049
S1401,Maria,Davis,student401@university.com,19,86.46,75.75,78.07,96.93,70.87,2.2,99.5,82.4665,3,12.2,1,1,2,0,2,7.9,False,True,False,True,False,False,70.55333333333333,6.759549180327869,0.2531645569620253
S1403,Ali,Davis,student403@university.com,22,55.7,66.72,41.12,60.9,56.59,72.0,91.8,66.222,1,23.6,0,1,3,0,8,8.9,False,True,False,False,False,True,64.855,2.806016949152542,0.898876404494382
S1404,Liam,Davis,student404@university.com,18,82.84,99.0,72.39,60.71,69.57,59.400000000000006,81.46,76.419,2,8.6,1,0,1,2,10,4.9,True,False,False,True,False,False,73.75499999999998,8.88593023255814,2.0408163265306123
S1405,Maria,Johnson,student405@university.com,21,64.0,57.78,99.36,54.26,71.52,71.5,63.91,71.546,2,18.0,0,1,1,2,5,6.8,False,True,False,True,False,False,69.72166666666665,3.974777777777778,0.7352941176470589
S1407,Liam,Johnson,student407@university.com,19,70.74,78.28,97.93,98.99,70.36,80.39999999999999,84.78,87.56299999999999,3,20.7,1,0,2,1,9,4.6,False,True,True,False,False,False,85.12333333333333,4.230096618357488,1.956521739130435
S1408,Maria,Davis,student408@university.com,19,71.68,62.69,45.77,97.73,54.85,48.0,64.08,62.61449999999999,1,14.2,1,1,0,0,8,7.9,False,True,False,False,False,True,62.18666666666667,4.409471830985916,1.0126582278481011
S1409,Emma,Jones,student409@university.com,20,73.36,77.58,83.95,92.6,97.37,61.0,62.77,78.1325,2,20.8,0,1,1,0,3,5.3,False,True,False,True,False,False,79.21166666666666,3.756370192307692,0.5660377358490566
S1410,John,Davis,student410@university.com,20,85.24,58.3,46.86,92.34,70.8,9.2,69.85,62.806,1,7.2,0,0,2,1,8,5.4,False,True,False,True,False,False,57.89166666666667,8.723055555555556,1.4814814814814814
S1411,Liam,Williams,student411@university.com,18,65.44,77.08,56.41,83.05,67.13,20.5,82.06,70.478,2,11.7,0,1,3,0,3,8.7,False,True,False,False,True,False,64.37166666666667,6.023760683760684,0.3448275862068966
S1412,Emma,Davis,student412@university.com,21,65.76,56.54,74.25,91.31,72.34,77.30000000000001,64.65,71.23400000000001,2,7.8,1,1,3,2,6,5.6,False,True,False,False,False,True,72.73166666666667,9.132564102564103,1.0714285714285714
S1413,Ali,Davis,student413@university.com,24,53.03,43.06,75.57,60.42,60.83,22.4,77.78,64.9515,1,21.2,1,1,2,0,1,6.9,False,True,False,False,False,True,56.676666666666655,3.06375,0.144927536231884
S1414,John,Jones,student414@university.com,18,84.34,94.73,86.51,69.4,55.01,9.3,94.96,80.701,3,7.7,1,0,3,0,4,6.2,False,True,False,False,False,True,68.31833333333334,10.48064935064935,0.6451612903225806
S1415,Ali,Brown,student415@university.com,18,78.39,92.99,76.92,82.04,57.43,59.7,64.76,73.6405,2,20.4,0,1,1,1,8,4.4,True,False,False,True,False,False,72.30666666666666,3.6098284313725495,1.818181818181818
S1416,Ahmed,Jones,student416@university.com,24,67.47,98.25,75.62,93.74,58.33,54.8,98.3,85.7665,3,8.4,0,0,1,2,6,8.8,True,False,True,False,False,False,79.84,10.210297619047616,0.6818181818181818
S1417,Sara,Williams,student417@university.com,24,85.26,82.99,94.74,83.02,59.88,60.8,73.67,79.71549999999999,2,28.6,1,1,1,0,5,5.1,False,True,False,True,False,False,75.85000000000001,2.787255244755244,0.9803921568627452
S1418,Liam,Brown,student418@university.com,24,76.87,80.96,67.13,91.95,71.0,61.8,55.05,69.42399999999999,1,15.4,1,1,1,0,6,5.3,True,False,False,False,True,False,71.315,4.508051948051947,1.1320754716981132
S1419,Emma,Smith,student419@university.com,19,73.46,73.54,53.52,73.7,81.19,50.0,52.75,61.91,1,8.2,0,1,3,2,7,5.9,True,False,False,True,False,False,64.11666666666666,7.55,1.1864406779661016
S1420,Sara,Smith,student420@university.com,18,75.57,47.56,49.71,85.87,81.44,49.400000000000006,66.93,63.135,1,6.0,0,0,1,2,1,6.5,False,True,False,True,False,False,63.48500000000001,10.5225,0.1538461538461538
S1421,Sara,Williams,student421@university.com,18,81.82,51.35,64.0,99.0,50.0,92.4,62.94,67.05449999999999,1,13.2,0,0,3,2,3,4.7,False,True,False,True,False,False,69.94833333333334,5.079886363636363,0.6382978723404255
S1422,Emma,Jones,student422@university.com,22,83.0,57.37,82.77,57.67,96.05,53.4,92.19,77.8805,2,27.3,0,1,3,0,1,7.1,False,True,False,False,True,False,73.24166666666666,2.852765567765568,0.1408450704225352
S1423,John,Johnson,student423@university.com,24,64.45,93.41,42.55,96.35,91.14,61.7,86.88,77.3645,2,8.6,1,0,0,1,9,6.6,True,False,False,False,False,True,78.67166666666667,8.995872093023257,1.3636363636363638
S1424,Liam,Williams,student424@university.com,24,57.04,50.38,47.74,76.12,98.2,26.7,94.23,70.334,2,24.8,0,1,1,0,4,5.5,False,True,True,False,False,False,65.56166666666667,2.836048387096774,0.7272727272727273
S1425,Ahmed,Brown,student425@university.com,20,57.83,95.37,46.37,82.16,68.0,87.10000000000001,79.46,73.215,2,15.4,0,0,3,0,2,7.5,True,False,True,False,False,False,76.41,4.75422077922078,0.2666666666666666
S1426,Ali,Brown,student426@university.com,20,81.97,71.37,75.12,93.89,83.24,2.4,71.77,73.544,2,25.1,1,1,0,2,5,6.6,False,True,False,False,True,False,66.29833333333333,2.9300398406374497,0.7575757575757576
S1427,Maria,Davis,student427@university.com,21,93.64,82.93,54.57,70.48,58.4,55.7,63.53,64.338,1,26.9,1,0,1,2,2,8.2,True,False,False,False,False,True,64.26833333333333,2.3917472118959107,0.2439024390243902
S1428,Ali,Smith,student428@university.com,20,70.47,46.61,49.98,70.93,90.85,38.4,79.16,64.87899999999999,1,29.9,1,1,1,0,7,8.3,True,False,False,False,False,True,62.655,2.169866220735786,0.8433734939759036
S1429,Maria,Brown,student429@university.com,23,58.48,56.14,75.57,76.36,58.07,60.4,80.9,71.8645,2,6.7,1,0,1,2,4,8.9,False,True,False,False,True,False,67.90666666666665,10.726044776119403,0.449438202247191
S1430,Ali,Williams,student430@university.com,21,87.83,97.51,85.68,50.96,66.3,36.0,69.65,73.0155,2,24.9,0,1,1,0,5,4.3,False,True,False,True,False,False,67.68333333333334,2.932349397590362,1.162790697674419
S1432,Ahmed,Williams,student432@university.com,22,94.03,57.79,74.69,64.55,79.73,2.0,82.0,69.6965,1,12.9,0,1,1,1,2,6.5,True,False,True,False,False,False,60.126666666666665,5.402829457364341,0.3076923076923077
S1433,Liam,Johnson,student433@university.com,20,80.34,51.86,45.89,96.4,77.98,40.6,91.87,71.10050000000001,2,21.2,0,0,1,0,5,5.2,False,True,False,False,True,False,67.43333333333334,3.3537971698113216,0.9615384615384616
S1434,Maria,Davis,student434@university.com,22,93.04,47.74,96.11,54.39,55.1,83.10000000000001,81.02,73.318,2,16.2,0,1,1,0,4,8.6,False,True,True,False,False,False,69.57666666666667,4.525802469135803,0.4651162790697674
S1435,Liam,Smith,student435@university.com,20,50.77,54.0,60.21,72.97,71.08,25.0,65.83,62.205,1,19.1,1,0,1,2,3,4.4,True,False,False,True,False,False,58.181666666666665,3.2568062827225126,0.6818181818181818
S1436,Liam,Brown,student436@university.com,20,55.36,78.54,99.85,97.37,96.15,5.300000000000001,86.83,87.27799999999999,3,29.2,1,1,3,0,1,6.1,False,True,False,False,True,False,77.33999999999999,2.9889726027397256,0.1639344262295082
S1437,Liam,Williams,student437@university.com,22,54.63,67.32,98.72,95.05,93.62,49.7,61.51,79.3355,2,25.5,0,0,1,0,6,4.9,True,False,True,False,False,False,77.65333333333332,3.1111960784313726,1.2244897959183672
S1438,Omar,Jones,student438@university.com,18,85.63,73.23,86.73,85.07,79.54,97.7,79.83,82.21549999999999,3,14.1,0,1,1,0,7,7.4,False,True,True,False,False,False,83.68333333333332,5.830886524822694,0.945945945945946
S1439,John,Smith,student439@university.com,18,53.48,47.34,41.2,79.47,78.62,6.4,70.12,58.5395,0,20.0,1,0,1,2,1,7.5,False,True,False,True,False,False,53.85833333333333,2.926975,0.1333333333333333
S1440,Ali,Johnson,student440@university.com,18,74.82,88.13,72.61,64.04,55.58,7.0,57.49,64.13300000000001,1,6.2,1,1,1,2,6,8.4,False,True,False,False,True,False,57.475,10.344032258064518,0.7142857142857143
S1441,Liam,Williams,student441@university.com,23,73.64,87.05,45.21,68.35,60.01,59.5,70.66,64.78649999999999,1,16.3,0,1,1,0,1,6.0,True,False,False,False,False,True,65.13,3.97463190184049,0.1666666666666666
S1442,Ali,Davis,student442@university.com,18,65.54,41.3,93.71,54.51,62.63,25.0,65.51,64.965,1,20.2,1,1,1,1,6,7.9,False,True,False,False,False,True,57.10999999999999,3.216089108910891,0.7594936708860759
S1443,Liam,Davis,student443@university.com,20,93.52,63.01,87.38,89.31,74.41,41.0,55.61,70.86699999999999,2,22.9,1,0,0,1,4,6.7,True,False,True,False,False,False,68.45333333333333,3.0946288209606982,0.5970149253731343
S1444,Maria,Johnson,student444@university.com,24,58.52,44.13,98.34,66.19,86.57,83.10000000000001,91.19,81.302,3,27.5,0,1,2,0,6,8.1,False,True,False,True,False,False,78.25333333333334,2.956436363636364,0.7407407407407408
S1445,John,Johnson,student445@university.com,19,67.62,87.53,76.5,83.39,73.04,19.9,74.93,75.541,2,12.1,1,0,1,1,1,4.4,True,False,True,False,False,False,69.215,6.243057851239669,0.2272727272727272
S1446,John,Davis,student446@university.com,22,88.71,84.24,71.33,67.88,56.3,71.9,67.32,70.07149999999999,2,27.6,0,0,3,0,1,6.3,True,False,False,True,False,False,69.82833333333333,2.538822463768115,0.1587301587301587
S1447,Emma,Brown,student447@university.com,24,51.52,94.12,71.14,73.22,71.97,50.4,75.25,75.178,2,21.5,1,0,0,2,3,4.8,False,True,False,False,False,True,72.68333333333332,3.4966511627906978,0.625
S1448,Omar,Brown,student448@university.com,19,83.65,54.18,63.19,77.75,58.13,90.5,87.73,72.244,2,6.9,0,1,3,1,6,8.0,True,False,True,False,False,False,71.91333333333334,10.470144927536232,0.75
S1449,Emma,Williams,student449@university.com,24,90.82,67.38,68.12,90.09,87.56,97.3,50.91,69.5445,1,14.5,0,0,1,1,3,4.8,True,False,True,False,False,False,76.89333333333333,4.796172413793103,0.625
S1450,Emma,Jones,student450@university.com,23,96.61,51.07,78.12,60.56,58.33,48.5,77.34,67.7345,1,16.9,1,0,2,0,7,4.0,True,False,False,True,False,False,62.31999999999999,4.007958579881657,1.75
S1451,Emma,Williams,student451@university.com,19,93.81,62.27,95.98,69.94,74.13,58.5,73.96,76.3525,2,13.8,1,0,1,0,4,8.6,True,False,False,False,True,False,72.46333333333332,5.532789855072464,0.4651162790697674
S1452,Emma,Jones,student452@university.com,21,65.97,71.33,75.75,56.5,84.67,74.6,94.65,78.704,2,7.9,1,0,1,2,9,6.4,False,True,False,True,False,False,76.25,9.96253164556962,1.40625
S1453,Emma,Johnson,student453@university.com,18,79.32,43.2,91.43,53.79,61.41,31.9,77.8,68.482,1,18.8,0,1,1,1,7,8.9,False,True,False,False,True,False,59.92166666666666,3.6426595744680847,0.7865168539325842
S1454,Ahmed,Smith,student454@university.com,23,53.86,82.89,91.77,80.23,53.8,22.7,56.87,70.9865,2,8.3,1,1,3,1,4,6.3,False,True,False,False,False,True,64.71,8.552590361445784,0.6349206349206349
S1455,John,Williams,student455@university.com,24,62.89,72.6,71.13,59.45,78.16,96.5,69.43,71.06,2,27.9,0,0,1,1,9,7.0,True,False,True,False,False,False,74.545,2.546953405017921,1.2857142857142858
S1456,Emma,Williams,student456@university.com,20,54.71,89.74,60.85,52.99,52.71,43.3,81.05,68.37299999999999,1,26.6,0,0,1,1,5,7.7,True,False,True,False,False,False,63.440000000000005,2.570413533834586,0.6493506493506493
S1457,Liam,Jones,student457@university.com,18,65.76,56.31,78.37,94.85,79.39,0.2,52.3,65.90549999999999,1,16.9,1,0,2,0,4,5.4,False,True,False,True,False,False,60.23666666666667,3.8997337278106503,0.7407407407407407
S1459,John,Johnson,student459@university.com,19,67.36,99.92,44.89,56.73,66.47,60.0,53.39,60.384,1,18.8,0,0,1,1,9,7.3,True,False,False,False,False,True,63.56666666666666,3.211914893617021,1.2328767123287672
S1460,Sara,Jones,student460@university.com,21,78.09,95.16,62.67,52.67,74.42,16.9,51.53,61.588,1,19.8,0,0,1,2,10,6.6,False,True,False,False,False,True,58.89166666666667,3.1105050505050507,1.5151515151515151
S1461,Ahmed,Johnson,student461@university.com,18,71.67,86.67,99.64,55.99,96.44,3.0,50.1,71.133,2,27.2,1,0,1,0,8,8.1,False,True,False,False,True,False,65.30666666666667,2.615183823529412,0.9876543209876544
S1462,Emma,Davis,student462@university.com,24,72.95,88.74,42.91,73.57,73.56,29.1,84.19,69.142,1,6.7,1,0,3,0,6,4.2,True,False,False,False,False,True,65.345,10.319701492537313,1.4285714285714286
S1463,Ali,Brown,student463@university.com,24,98.48,74.42,81.8,83.42,99.83,92.8,72.8,80.589,3,22.3,1,1,0,0,1,6.7,False,True,False,False,False,True,84.17833333333333,3.613856502242153,0.1492537313432835
S1464,Maria,Davis,student464@university.com,22,64.81,51.41,90.47,82.06,57.85,93.3,55.14,69.63,1,19.1,1,0,2,2,8,4.9,True,False,False,False,False,True,71.705,3.645549738219895,1.6326530612244896
S1465,Omar,Smith,student465@university.com,22,81.37,80.62,78.92,57.22,85.45,31.1,92.81,78.349,2,9.4,1,0,1,2,4,7.1,False,True,False,False,False,True,71.02000000000001,8.335,0.5633802816901409
S1466,Liam,Williams,student466@university.com,18,71.0,82.77,74.18,81.67,82.63,83.6,60.14,73.696,2,8.0,1,0,0,1,1,7.8,True,False,False,False,True,False,77.49833333333333,9.212,0.1282051282051282
S1467,Ali,Smith,student467@university.com,19,53.06,99.12,82.45,70.24,93.62,44.2,66.32,77.4845,2,22.3,1,1,1,2,3,5.3,True,False,False,False,False,True,75.99166666666666,3.474641255605381,0.5660377358490566
S1468,Ahmed,Williams,student468@university.com,19,74.47,72.48,65.76,73.24,54.62,65.4,58.89,64.697,1,13.5,1,1,0,2,6,6.4,True,False,False,False,True,False,65.065,4.792370370370371,0.9375
S1469,Maria,Brown,student469@university.com,20,90.67,56.28,45.48,90.07,64.01,33.4,96.34,70.2955,2,30.0,0,0,0,1,2,6.1,True,False,False,True,False,False,64.26333333333332,2.3431833333333336,0.3278688524590164
S1470,Ahmed,Johnson,student470@university.com,23,54.94,81.02,97.74,66.62,56.61,51.6,87.9,81.192,3,27.4,0,0,3,0,8,7.8,True,False,True,False,False,False,73.58166666666666,2.963211678832117,1.0256410256410258
S1471,Liam,Davis,student471@university.com,23,53.48,98.76,65.94,57.35,96.65,29.4,86.2,76.8965,2,19.1,1,1,3,0,5,7.0,False,True,False,True,False,False,72.38333333333333,4.025994764397906,0.7142857142857143
S1472,John,Jones,student472@university.com,23,57.68,50.63,79.92,93.67,71.33,6.1,52.2,64.723,1,21.0,0,0,0,2,5,4.6,False,True,False,False,False,True,58.975,3.082047619047619,1.0869565217391306
S1473,Maria,Davis,student473@university.com,21,88.22,59.56,71.88,60.61,95.5,13.9,76.14,69.08249999999998,1,9.0,0,0,1,1,1,8.9,False,True,True,False,False,False,62.931666666666665,7.6758333333333315,0.1123595505617977
S1474,John,Brown,student474@university.com,19,86.2,72.51,43.28,64.7,64.72,29.1,78.77,62.95949999999999,1,27.4,1,1,1,2,9,8.6,True,False,False,False,False,True,58.84666666666666,2.2977919708029195,1.0465116279069768
S1475,Liam,Smith,student475@university.com,20,78.25,50.21,97.16,85.33,56.32,97.6,69.13,75.872,2,16.5,1,1,3,2,2,6.9,False,True,False,False,False,True,75.95833333333333,4.59830303030303,0.2898550724637681
S1476,Ali,Jones,student476@university.com,22,73.41,41.33,87.55,84.18,64.83,96.6,66.09,71.854,2,18.0,1,1,0,0,9,7.9,True,False,False,True,False,False,73.43,3.991888888888889,1.1392405063291138
S1479,Maria,Jones,student479@university.com,22,90.6,42.61,84.21,67.61,69.27,44.2,81.27,71.1035,2,17.4,1,1,2,2,1,7.8,True,False,False,False,False,True,64.86166666666666,4.086408045977012,0.1282051282051282
S1480,Maria,Brown,student480@university.com,22,90.66,65.74,68.34,56.29,95.74,44.0,69.71,68.0765,1,20.7,1,0,0,2,10,4.5,False,True,False,False,True,False,66.63666666666666,3.288719806763285,2.2222222222222223
S1481,Emma,Brown,student481@university.com,18,82.14,85.73,76.68,77.05,62.21,38.7,83.3,76.73299999999999,2,9.0,0,0,2,0,8,4.2,True,False,True,False,False,False,70.61166666666666,8.525888888888888,1.9047619047619049
S1482,Ahmed,Johnson,student482@university.com,21,72.9,97.19,46.4,64.63,84.68,4.5,59.9,62.536,1,6.7,1,0,3,0,3,7.1,True,False,False,True,False,False,59.54999999999999,9.33373134328358,0.4225352112676057
S1483,Emma,Williams,student483@university.com,20,93.23,99.13,73.62,84.45,86.79,53.5,61.93,75.875,2,18.4,0,1,3,2,3,4.2,False,True,False,True,False,False,76.57000000000001,4.123641304347826,0.7142857142857143
S1484,Ahmed,Jones,student484@university.com,21,96.3,65.32,44.42,50.02,63.7,7.3,79.34,58.943,0,18.7,0,1,0,1,7,4.9,True,False,True,False,False,False,51.68333333333334,3.152032085561497,1.4285714285714284
S1485,Emma,Johnson,student485@university.com,18,51.19,97.02,72.69,52.98,51.35,80.19999999999999,99.0,79.5175,2,13.3,1,1,3,0,7,4.4,False,True,False,True,False,False,75.53999999999999,5.97875939849624,1.5909090909090908
S1486,John,Brown,student486@university.com,20,52.58,42.13,73.16,71.63,68.26,69.1,98.73,75.25399999999999,2,27.1,1,1,0,2,7,6.7,True,False,True,False,False,False,70.50166666666667,2.7769003690036898,1.044776119402985
S1487,Maria,Johnson,student487@university.com,20,97.94,84.76,92.47,97.91,52.26,35.3,62.45,76.244,2,12.5,0,0,0,0,7,7.4,False,True,False,False,True,False,70.85833333333333,6.09952,0.945945945945946
S1488,Ali,Williams,student488@university.com,19,63.86,78.56,83.5,94.54,95.04,64.7,55.12,76.11500000000001,2,17.9,1,1,2,0,3,4.9,True,False,False,False,False,True,78.57666666666667,4.252234636871509,0.6122448979591836
S1489,Ahmed,Davis,student489@university.com,21,93.67,54.97,54.97,99.7,97.68,23.3,79.52,71.732,2,9.7,0,1,1,2,8,6.3,False,True,False,False,True,False,68.35666666666667,7.395051546391753,1.2698412698412698
S1491,Ahmed,Williams,student491@university.com,19,55.96,47.77,74.39,52.33,86.33,31.4,88.08,70.23949999999999,2,15.7,0,0,1,0,3,5.3,True,False,True,False,False,False,63.383333333333326,4.4738535031847135,0.5660377358490566
S1492,Ali,Smith,student492@university.com,22,54.02,92.3,76.38,65.3,62.04,79.7,76.4,75.844,2,18.2,0,1,1,2,8,4.9,False,True,False,False,True,False,75.35333333333334,4.167252747252747,1.6326530612244896
S1493,Emma,Jones,student493@university.com,18,57.83,61.47,50.14,83.79,53.7,21.1,75.53,63.408,1,24.1,0,1,3,0,2,4.8,True,False,False,False,False,True,57.62166666666667,2.63103734439834,0.4166666666666667
S1494,Ahmed,Williams,student494@university.com,21,62.49,77.56,91.47,56.76,90.11,56.3,82.32,79.5375,2,16.2,1,1,1,2,7,5.1,True,False,True,False,False,False,75.75333333333333,4.909722222222222,1.3725490196078431
S1495,Omar,Brown,student495@university.com,19,74.43,49.53,95.86,65.0,77.96,20.0,56.32,66.8365,1,12.0,0,0,1,2,4,8.0,False,True,False,False,False,True,60.77833333333333,5.569708333333334,0.5
S1496,John,Jones,student496@university.com,24,85.07,52.37,86.5,52.81,84.08,28.5,83.86,72.393,2,20.1,0,1,0,2,6,8.7,False,True,False,True,False,False,64.68666666666667,3.601641791044776,0.6896551724137931
S1497,Maria,Jones,student497@university.com,20,99.32,99.52,96.45,73.75,88.98,23.5,74.43,82.505,3,14.5,1,1,1,0,9,7.5,False,True,False,True,False,False,76.105,5.69,1.2
S1498,Ali,Johnson,student498@university.com,23,72.08,85.19,58.14,60.45,70.47,64.5,91.01,73.956,2,10.8,0,1,0,1,8,4.4,False,True,True,False,False,False,71.62666666666667,6.847777777777778,1.818181818181818
S1499,Maria,Brown,student499@university.com,24,75.91,97.72,91.67,54.56,57.23,52.7,56.94,71.19949999999999,2,27.8,1,0,3,1,4,7.1,False,True,False,False,False,True,68.47,2.5611330935251795,0.5633802816901409
S1500,Omar,Smith,student500@university.com,19,76.09,57.75,69.33,70.56,89.75,72.1,65.04,68.67099999999999,1,18.4,1,1,3,0,7,7.7,True,False,False,True,False,False,70.75500000000001,3.732119565217391,0.9090909090909092
S1501,Ahmed,Davis,student501@university.com,23,76.97,49.87,49.84,67.56,72.69,22.0,97.51,67.6965,1,10.0,0,0,1,0,3,4.6,False,True,False,False,True,False,59.91166666666667,6.76965,0.6521739130434783
S1502,Ahmed,Williams,student502@university.com,22,75.89,70.18,80.13,76.88,91.35,0.8999999999999999,77.65,74.56649999999999,2,21.8,1,0,0,2,9,5.5,True,False,False,False,False,True,66.18166666666666,3.4204816513761465,1.6363636363636365
S1503,Liam,Johnson,student503@university.com,18,50.44,69.68,81.05,87.45,71.88,68.1,96.47,83.366,3,25.1,0,0,2,1,2,6.1,False,True,False,False,False,True,79.105,3.3213545816733068,0.3278688524590164
S1504,Omar,Williams,student504@university.com,23,50.09,50.5,57.22,55.63,60.85,11.5,84.45,62.2195,1,24.0,0,0,2,1,6,5.6,False,True,False,True,False,False,53.35833333333333,2.5924791666666667,1.0714285714285714
S1505,Ali,Smith,student505@university.com,22,54.88,83.99,41.65,89.56,58.55,24.6,96.32,72.42599999999999,2,20.0,0,1,1,0,5,6.6,False,True,False,True,False,False,65.77833333333334,3.6212999999999993,0.7575757575757576
S1506,Liam,Smith,student506@university.com,23,55.08,61.71,51.99,51.31,87.2,30.6,65.89,59.9675,0,18.0,0,0,1,2,4,4.7,True,False,True,False,False,False,58.11666666666667,3.3315277777777776,0.851063829787234
S1507,John,Jones,student507@university.com,20,85.24,51.18,63.99,72.16,78.74,74.7,54.53,62.4665,1,24.4,0,1,1,0,2,6.2,False,True,False,False,False,True,65.88333333333333,2.560102459016394,0.3225806451612903
S1508,Liam,Smith,student508@university.com,20,60.25,59.92,50.05,79.37,70.23,62.6,90.11,70.592,2,22.7,1,0,1,0,9,7.7,True,False,False,False,True,False,68.71333333333334,3.10977973568282,1.1688311688311688
S1509,Sara,Williams,student509@university.com,20,94.74,73.82,51.64,97.85,74.61,18.4,90.22,74.1075,2,19.3,1,0,0,1,5,6.3,True,False,False,True,False,False,67.75666666666666,3.8397668393782394,0.7936507936507937
S1510,Ali,Brown,student510@university.com,20,96.43,83.59,63.48,78.7,77.48,59.8,80.94,75.2335,2,21.4,0,0,1,0,1,5.1,True,False,False,False,False,True,73.99833333333333,3.5155841121495333,0.196078431372549
S1511,Sara,Brown,student511@university.com,19,98.79,68.91,97.71,57.94,61.97,70.8,78.98,76.886,2,9.2,0,0,0,1,5,8.0,False,True,False,True,False,False,72.71833333333333,8.357173913043479,0.625
S1513,Emma,Davis,student513@university.com,24,63.59,48.34,59.18,69.79,64.62,24.6,58.82,57.8525,0,28.3,0,1,0,1,3,6.1,False,True,False,False,False,True,54.225,2.044257950530035,0.4918032786885246
S1514,Sara,Williams,student514@university.com,20,75.49,94.88,97.1,73.97,69.42,67.9,80.83,84.1885,3,28.4,1,0,0,1,7,5.8,True,False,False,False,False,True,80.68333333333332,2.9643838028169016,1.206896551724138
S1515,John,Williams,student515@university.com,24,58.77,95.72,78.74,59.85,75.03,61.1,52.49,69.3255,1,24.7,0,0,1,1,6,5.4,False,True,True,False,False,False,70.48833333333333,2.8067004048583,1.111111111111111
S1516,Liam,Smith,student516@university.com,19,90.31,81.01,67.33,75.04,58.67,7.800000000000001,57.04,63.609,1,14.3,0,1,2,1,7,7.0,True,False,False,False,True,False,57.815000000000005,4.448181818181818,1.0
S1517,Emma,Williams,student517@university.com,20,94.42,41.06,68.1,57.5,69.68,66.7,71.86,63.67,1,8.8,1,0,0,2,9,4.9,False,True,False,True,False,False,62.48333333333334,7.235227272727272,1.8367346938775508
S1518,Liam,Johnson,student518@university.com,22,92.56,72.22,64.64,87.2,69.27,48.9,91.06,76.763,2,13.9,1,1,0,1,2,7.8,False,True,True,False,False,False,72.21499999999999,5.522517985611511,0.2564102564102564
S1519,Sara,Davis,student519@university.com,22,71.67,77.75,53.98,79.7,64.3,75.3,86.66,73.3055,2,23.2,1,1,3,2,2,6.4,False,True,False,False,False,True,72.94833333333334,3.1597198275862066,0.3125
S1520,Liam,Smith,student520@university.com,21,87.93,99.68,63.2,53.93,99.92,19.1,98.7,79.3985,2,13.4,1,0,3,2,1,8.4,True,False,True,False,False,False,72.42166666666667,5.925261194029851,0.119047619047619
S1521,Omar,Johnson,student521@university.com,22,54.88,99.76,71.67,94.48,53.68,25.8,52.24,69.3835,1,24.9,1,0,1,0,2,8.7,True,False,False,False,False,True,66.27166666666668,2.7864859437751006,0.2298850574712644
S1522,Emma,Jones,student522@university.com,18,52.01,91.46,71.68,80.82,82.15,54.3,69.07,75.41300000000001,2,21.8,0,1,1,1,3,5.9,False,True,True,False,False,False,74.91333333333334,3.459311926605505,0.5084745762711864
S1523,Omar,Brown,student523@university.com,18,87.66,43.83,85.7,65.81,58.72,48.2,57.94,63.535,1,20.7,0,0,1,0,7,4.8,True,False,False,False,True,False,60.03333333333333,3.0693236714975844,1.4583333333333337
S1524,Sara,Jones,student524@university.com,18,71.27,97.2,61.53,52.28,91.98,38.6,51.85,64.4875,1,28.3,0,1,1,0,3,6.5,True,False,False,False,False,True,65.57333333333334,2.278710247349823,0.4615384615384615
S1525,Omar,Brown,student525@university.com,19,99.78,76.76,83.01,81.61,95.71,74.6,63.22,76.77499999999999,2,27.3,0,0,3,1,8,5.4,True,False,True,False,False,False,79.15166666666666,2.812271062271062,1.4814814814814814
S1526,John,Jones,student526@university.com,22,54.86,88.05,74.69,68.67,70.07,56.5,62.22,70.6785,2,22.8,1,0,3,1,3,6.1,True,False,False,False,True,False,70.03333333333335,3.099934210526316,0.4918032786885246
S1527,Sara,Williams,student527@university.com,24,92.78,64.43,97.71,95.38,91.17,71.0,71.0,82.366,3,10.0,1,1,1,0,2,5.9,True,False,False,False,True,False,81.78166666666667,8.2366,0.3389830508474576
S1528,Sara,Johnson,student528@university.com,18,74.0,59.18,63.12,51.74,62.5,15.3,57.0,56.533,0,28.5,1,1,3,0,10,6.3,True,False,False,True,False,False,51.473333333333336,1.9836140350877196,1.5873015873015874
S1529,Sara,Brown,student529@university.com,21,91.36,67.79,94.07,51.96,57.0,72.9,74.43,73.154,2,10.7,1,1,0,1,10,6.5,True,False,False,False,False,True,69.69166666666668,6.836822429906542,1.5384615384615383
S1530,Ali,Smith,student530@university.com,19,90.86,48.81,89.24,97.46,65.79,46.2,96.0,81.9395,3,14.3,1,0,0,2,4,7.1,False,True,False,True,False,False,73.91666666666667,5.730034965034965,0.5633802816901409
S1531,Liam,Johnson,student531@university.com,21,95.8,61.42,78.26,98.24,67.08,3.4000000000000004,87.41,76.615,2,25.7,0,1,3,2,4,4.0,False,True,False,False,True,False,65.96833333333332,2.9811284046692608,1.0
S1532,Ali,Smith,student532@university.com,22,64.89,91.46,79.27,51.39,69.87,23.4,92.11,77.035,2,10.2,0,0,1,0,5,5.3,True,False,False,True,False,False,67.91666666666667,7.552450980392157,0.9433962264150944
S1533,Ali,Johnson,student533@university.com,20,97.49,42.28,45.08,85.8,68.65,2.6,90.24,64.549,1,21.0,0,1,1,2,5,4.9,False,True,False,True,False,False,55.775,3.073761904761905,1.020408163265306
S1534,John,Johnson,student534@university.com,21,57.58,49.05,97.01,61.07,70.56,45.7,69.48,70.9555,2,16.4,1,0,0,0,3,7.6,False,True,True,False,False,False,65.47833333333334,4.326554878048781,0.3947368421052631
S1535,Emma,Jones,student535@university.com,20,54.1,47.51,46.42,85.07,85.5,32.599999999999994,85.45,67.307,1,20.6,0,1,1,1,1,8.2,False,True,False,True,False,False,63.75833333333333,3.2673300970873784,0.1219512195121951
S1536,Liam,Brown,student536@university.com,19,71.58,64.18,73.79,93.44,62.28,98.7,87.71,79.5665,2,29.0,0,1,3,0,8,7.6,True,False,False,False,True,False,80.01666666666667,2.7436724137931034,1.0526315789473684
S1537,Omar,Brown,student537@university.com,21,91.42,99.82,59.8,55.04,50.93,86.89999999999999,60.28,65.70100000000001,1,25.2,0,1,1,2,10,8.9,True,False,False,True,False,False,68.795,2.60718253968254,1.1235955056179774
S1538,Ahmed,Johnson,student538@university.com,21,73.67,50.4,65.79,61.94,74.48,82.6,93.01,72.7795,2,12.4,1,0,1,2,2,4.4,True,False,False,False,False,True,71.37,5.869314516129032,0.4545454545454545
S1539,Sara,Williams,student539@university.com,23,91.46,48.73,76.61,51.2,72.41,50.1,72.89,65.755,1,6.4,1,1,1,2,5,6.3,True,False,True,False,False,False,61.99,10.27421875,0.7936507936507937
S1540,Omar,Williams,student540@university.com,19,86.48,94.9,94.53,52.19,53.0,80.7,50.82,70.27699999999999,2,29.2,1,0,1,1,2,8.5,True,False,False,False,True,False,71.02333333333333,2.4067465753424653,0.2352941176470588
S1541,Sara,Smith,student541@university.com,19,60.47,92.92,67.45,51.48,56.69,26.7,82.17,70.17750000000001,2,19.6,0,0,1,1,6,5.6,False,True,False,True,False,False,62.90166666666666,3.580484693877551,1.0714285714285714
S1542,John,Smith,student542@university.com,18,97.44,41.93,99.26,90.03,75.5,56.1,83.84,80.11600000000001,3,9.3,0,1,3,1,7,8.0,True,False,False,False,False,True,74.44333333333334,8.614623655913979,0.875
S1543,Sara,Jones,student543@university.com,22,53.04,85.1,75.57,64.91,61.74,39.3,77.59,72.81,2,20.7,1,1,3,2,7,6.8,False,True,False,False,True,False,67.36833333333334,3.5173913043478264,1.0294117647058825
S1544,Ali,Johnson,student544@university.com,21,94.91,79.33,49.63,74.66,93.88,17.1,60.62,63.935,1,6.1,0,1,1,1,1,8.9,True,False,False,True,False,False,62.53666666666667,10.481147540983608,0.1123595505617977
S1545,Liam,Smith,student545@university.com,21,65.22,86.06,51.4,89.39,58.66,7.3,74.11,67.6315,1,9.7,0,0,3,1,9,5.9,False,True,True,False,False,False,61.153333333333336,6.972319587628867,1.5254237288135593
S1546,Ahmed,Smith,student546@university.com,24,75.01,69.67,82.97,74.75,51.01,55.8,70.01,71.2995,2,20.8,0,0,1,1,1,6.1,True,False,False,True,False,False,67.36833333333333,3.4278605769230768,0.1639344262295082
S1547,Maria,Davis,student547@university.com,19,71.12,99.48,43.02,71.46,72.38,9.8,98.73,73.743,2,15.1,0,1,2,0,8,4.8,True,False,False,False,True,False,65.81166666666667,4.88364238410596,1.6666666666666667
S1548,Sara,Johnson,student548@university.com,19,58.59,42.63,68.82,50.58,99.31,71.8,91.23,72.0765,2,13.1,1,0,3,2,1,4.8,True,False,False,False,True,False,70.72833333333334,5.502022900763358,0.2083333333333333
S1549,Omar,Jones,student549@university.com,22,67.91,54.06,48.89,78.4,81.69,92.1,88.09,71.29249999999999,2,21.4,0,1,1,2,3,8.3,True,False,False,False,True,False,73.87166666666667,3.33142523364486,0.36144578313253
S1550,Ali,Smith,student550@university.com,19,59.65,63.79,65.99,56.24,67.7,16.200000000000003,59.05,59.797,0,26.7,1,0,2,2,10,6.0,True,False,False,False,False,True,54.82833333333334,2.239588014981273,1.6666666666666667
S1551,Maria,Jones,student551@university.com,20,60.19,66.99,85.0,88.23,50.84,47.1,66.55,71.937,2,22.0,1,1,2,1,4,7.1,True,False,False,True,False,False,67.45166666666668,3.2698636363636364,0.5633802816901409
S1552,Ahmed,Brown,student552@university.com,20,59.35,95.28,67.53,62.89,74.25,73.89999999999999,68.99,72.425,2,16.6,0,0,1,1,9,7.8,False,True,False,True,False,False,73.80666666666666,4.362951807228916,1.153846153846154
S1553,Maria,Jones,student553@university.com,23,74.45,73.6,49.81,83.71,60.32,28.700000000000003,74.63,65.905,1,21.5,1,0,1,1,8,6.2,True,False,False,True,False,False,61.795,3.0653488372093025,1.2903225806451613
S1554,Ali,Williams,student554@university.com,20,89.9,42.71,55.12,82.31,82.39,92.1,51.51,60.83,1,22.4,1,1,1,0,5,8.8,False,True,True,False,False,False,67.69,2.715625,0.5681818181818181
S1555,Liam,Williams,student555@university.com,20,78.45,64.47,62.05,80.83,79.15,88.80000000000001,79.65,73.55749999999999,2,24.4,0,0,1,0,4,8.7,True,False,False,False,False,True,75.825,3.014651639344262,0.4597701149425288
S1556,Liam,Jones,student556@university.com,22,94.66,64.99,44.17,63.35,63.26,10.4,67.89,57.5065,0,12.7,1,0,2,0,10,7.4,False,True,False,False,False,True,52.34333333333333,4.528070866141733,1.351351351351351
S1557,Emma,Williams,student557@university.com,21,81.83,97.93,75.06,63.35,53.44,2.7,78.08,71.86,2,7.9,0,1,1,1,9,9.0,False,True,True,False,False,False,61.75999999999999,9.096202531645568,1.0
S1558,Liam,Brown,student558@university.com,20,84.47,75.95,76.45,93.15,87.75,97.6,50.45,73.26750000000001,2,22.0,0,0,1,1,1,4.0,False,True,False,False,False,True,80.225,3.3303409090909097,0.25
S1559,Emma,Johnson,student559@university.com,23,83.38,78.14,43.73,50.64,79.27,95.6,66.07,62.7775,1,8.0,0,0,1,2,6,4.0,False,True,True,False,False,False,68.90833333333333,7.8471875,1.5
S1560,Maria,Williams,student560@university.com,19,72.47,82.8,64.14,59.08,92.11,42.2,88.43,75.167,2,16.6,0,0,1,0,8,4.3,False,True,False,False,True,False,71.46,4.528132530120482,1.8604651162790695
S1561,John,Williams,student561@university.com,20,84.47,86.2,64.84,80.51,62.99,5.1,75.05,70.2855,2,10.8,0,1,1,1,7,8.7,False,True,False,False,True,False,62.44833333333335,6.507916666666667,0.8045977011494253
S1562,Omar,Jones,student562@university.com,23,53.49,78.1,60.03,90.85,82.64,61.900000000000006,89.44,78.541,2,13.3,1,0,1,0,8,7.0,True,False,False,False,False,True,77.16,5.905338345864661,1.1428571428571428
S1563,Omar,Brown,student563@university.com,22,92.99,54.23,73.46,67.92,55.93,29.3,84.95,69.2305,1,16.8,1,1,3,0,3,8.6,False,True,False,False,True,False,60.965,4.120863095238096,0.3488372093023256
S1564,Maria,Johnson,student564@university.com,24,88.89,92.44,60.76,82.67,64.59,93.7,92.75,80.4255,3,27.4,1,0,3,1,5,4.6,True,False,False,False,True,False,81.15166666666667,2.9352372262773723,1.0869565217391306
S1565,Sara,Jones,student565@university.com,24,62.26,83.93,64.98,77.86,82.83,79.5,50.37,67.88250000000001,1,22.0,1,1,3,0,1,4.2,True,False,False,False,True,False,73.245,3.085568181818182,0.238095238095238
S1566,Sara,Jones,student566@university.com,24,88.4,84.51,87.85,53.23,91.28,65.0,63.07,73.92249999999999,2,9.3,0,1,1,0,8,6.7,False,True,False,True,False,False,74.15666666666667,7.9486559139784925,1.1940298507462686
S1567,Liam,Davis,student567@university.com,19,50.63,99.79,49.73,81.09,66.05,28.5,77.44,70.8265,2,27.0,1,0,1,1,2,4.9,False,True,False,False,True,False,67.10000000000001,2.6232037037037035,0.4081632653061224
S1568,Omar,Brown,student568@university.com,23,60.86,88.15,77.15,90.7,89.94,70.1,97.05,87.72900000000001,3,17.5,1,0,3,1,10,8.3,True,False,False,True,False,False,85.51499999999999,5.013085714285715,1.2048192771084336
S1569,Omar,Johnson,student569@university.com,20,53.26,89.75,70.34,99.62,83.89,28.9,83.99,81.0215,3,10.1,0,0,1,0,3,6.1,False,True,True,False,False,False,76.08166666666666,8.021930693069308,0.4918032786885246
S1570,Emma,Brown,student570@university.com,21,89.01,97.08,58.3,51.48,67.43,3.8,72.83,65.641,1,18.2,0,0,2,2,10,7.9,False,True,True,False,False,False,58.48666666666666,3.606648351648352,1.2658227848101264
S1571,John,Johnson,student571@university.com,19,87.79,49.07,83.65,83.0,93.82,50.8,56.51,69.598,1,9.8,1,1,3,2,2,6.6,False,True,True,False,False,False,69.475,7.101836734693877,0.303030303030303
S1572,Ali,Brown,student572@university.com,19,90.68,69.86,73.07,70.73,75.46,48.9,74.66,71.74499999999999,2,14.2,0,1,1,2,1,6.6,False,True,True,False,False,False,68.77999999999999,5.052464788732394,0.1515151515151515
S1573,Sara,Jones,student573@university.com,24,50.22,74.83,68.64,50.49,82.41,76.3,72.05,69.62899999999999,1,25.1,0,1,0,1,2,7.4,False,True,True,False,False,False,70.78666666666668,2.77406374501992,0.2702702702702702
S1574,Omar,Jones,student574@university.com,21,75.06,59.76,80.06,80.72,74.78,86.6,88.92,79.571,2,21.5,1,1,3,2,10,5.7,False,True,False,False,True,False,78.47333333333333,3.7009767441860464,1.7543859649122806
S1575,Emma,Smith,student575@university.com,24,85.24,90.36,88.14,56.12,72.64,35.4,70.67,74.242,2,16.9,1,1,2,1,2,8.7,False,True,False,False,True,False,68.88833333333334,4.393017751479291,0.2298850574712644
S1576,Ahmed,Williams,student576@university.com,19,57.77,85.75,98.36,68.93,92.4,44.900000000000006,65.94,79.059,2,10.7,1,0,1,0,6,6.0,True,False,False,False,True,False,76.04666666666667,7.388691588785047,1.0
S1577,Emma,Davis,student577@university.com,20,82.49,83.25,77.76,63.07,64.74,47.0,54.49,66.55900000000001,1,12.1,0,0,3,1,4,6.0,False,True,True,False,False,False,65.05166666666666,5.500743801652893,0.6666666666666666
S1578,Sara,Brown,student578@university.com,24,54.21,99.83,92.47,68.06,51.83,32.400000000000006,52.33,70.803,2,29.5,1,0,3,2,10,7.5,True,False,True,False,False,False,66.15333333333334,2.400101694915254,1.3333333333333333
S1579,Sara,Davis,student579@university.com,24,59.07,55.56,40.07,74.63,93.99,74.3,71.96,64.24799999999999,1,13.6,1,0,0,2,4,7.2,True,False,False,True,False,False,68.41833333333334,4.724117647058823,0.5555555555555556
S1580,Emma,Smith,student580@university.com,24,73.79,84.13,71.81,67.96,91.25,52.2,67.34,72.703,2,20.4,1,1,1,2,1,9.0,True,False,False,False,False,True,72.44833333333332,3.5638725490196084,0.1111111111111111
S1581,Ali,Williams,student581@university.com,19,82.68,73.08,52.88,77.64,68.33,91.4,77.77,70.562,2,17.5,1,0,1,2,10,8.3,True,False,False,False,True,False,73.51666666666667,4.032114285714286,1.2048192771084336
S1583,Sara,Johnson,student583@university.com,21,59.26,49.64,71.92,81.77,83.78,21.200000000000003,52.0,62.72950000000001,1,28.6,1,0,1,0,3,4.5,True,False,True,False,False,False,60.05166666666667,2.193339160839161,0.6666666666666666
S1584,Emma,Williams,student584@university.com,18,60.22,93.75,84.81,92.69,53.94,16.5,74.81,77.8305,2,7.2,1,1,0,0,9,4.5,True,False,True,False,False,False,69.41666666666667,10.809791666666667,2.0
S1585,Omar,Jones,student585@university.com,21,61.94,75.73,64.74,61.2,71.19,37.2,93.1,73.6335,2,21.5,1,1,1,0,5,5.8,True,False,True,False,False,False,67.19333333333333,3.424813953488372,0.8620689655172414
S1586,Emma,Smith,student586@university.com,20,61.33,89.5,80.21,75.39,54.29,34.7,72.76,73.778,2,25.3,0,0,0,0,4,6.4,True,False,False,False,False,True,67.80833333333332,2.9161264822134387,0.625
S1587,John,Williams,student587@university.com,22,69.76,72.72,69.38,82.43,79.9,40.7,76.06,73.4605,2,23.7,0,1,1,1,10,7.2,True,False,False,True,False,False,70.19833333333334,3.0995991561181437,1.3888888888888888
S1588,Maria,Williams,student588@university.com,24,82.69,53.2,66.23,78.23,51.36,18.4,74.34,64.63000000000001,1,25.2,0,0,1,2,3,8.3,False,True,True,False,False,False,56.96,2.5646825396825403,0.36144578313253
S1589,Ahmed,Jones,student589@university.com,21,71.9,60.25,57.42,68.28,81.46,97.8,69.49,67.5175,1,23.5,0,1,0,2,10,8.9,False,True,False,True,False,False,72.45,2.8730851063829785,1.1235955056179774
S1590,Ali,Brown,student590@university.com,22,88.8,62.89,62.96,82.11,83.66,14.6,55.51,63.239,1,16.1,0,0,0,0,1,6.0,True,False,False,True,False,False,60.28833333333333,3.9278881987577634,0.1666666666666666
S1591,Liam,Johnson,student591@university.com,22,85.96,98.38,60.99,51.41,74.36,65.3,56.32,65.313,1,27.4,1,1,1,0,1,6.7,False,True,False,False,True,False,67.79333333333334,2.3836861313868614,0.1492537313432835
S1592,Ahmed,Jones,student592@university.com,20,56.33,40.34,78.77,68.5,58.75,1.3,58.95,59.64349999999999,0,27.8,1,1,0,0,10,7.0,False,True,False,False,False,True,51.10166666666667,2.145449640287769,1.4285714285714286
S1593,Maria,Johnson,student593@university.com,20,52.44,99.14,46.96,76.63,55.07,40.7,89.63,72.53649999999999,2,15.9,1,0,1,1,8,6.8,True,False,True,False,False,False,68.02166666666666,4.562044025157232,1.1764705882352942
S1594,Maria,Brown,student594@university.com,24,93.9,98.83,45.56,51.03,65.66,30.9,63.77,61.111,1,17.1,0,1,3,1,10,4.5,True,False,False,True,False,False,59.29166666666666,3.573742690058479,2.2222222222222223
S1595,Maria,Williams,student595@university.com,18,53.99,99.77,79.6,75.38,73.26,38.2,97.41,84.6315,3,17.1,0,1,0,0,9,4.6,True,False,False,False,False,True,77.27,4.949210526315789,1.956521739130435
S1596,Ahmed,Johnson,student596@university.com,23,57.42,68.6,72.78,82.71,82.11,49.8,90.51,78.7455,2,12.0,1,0,1,2,3,8.4,False,True,False,False,False,True,74.41833333333334,6.562125000000001,0.3571428571428571
S1597,Omar,Smith,student597@university.com,19,51.11,97.83,65.81,87.96,50.06,60.0,84.23,77.596,2,7.9,0,0,2,1,9,7.4,True,False,True,False,False,False,74.315,9.822278481012658,1.2162162162162162
S1598,Maria,Smith,student598@university.com,21,81.42,63.74,49.15,55.67,85.55,58.4,86.02,67.48,1,11.5,1,1,1,0,8,7.4,False,True,False,False,True,False,66.42166666666667,5.867826086956522,1.081081081081081
S1599,Emma,Jones,student599@university.com,20,79.12,41.58,64.66,99.53,85.64,63.1,52.38,64.7645,1,26.1,1,0,1,0,1,8.1,False,True,False,False,True,False,67.815,2.48139846743295,0.1234567901234568
S1600,Ahmed,Brown,student600@university.com,21,99.35,53.46,87.38,80.31,72.23,84.5,78.42,76.8845,2,18.6,0,1,1,0,6,4.4,False,True,False,True,False,False,76.05,4.1335752688172045,1.3636363636363635
S1601,Liam,Jones,student601@university.com,23,94.35,96.72,93.38,68.16,67.17,88.69999999999999,97.05,88.344,3,26.3,1,1,1,2,9,6.1,True,False,False,False,True,False,85.19666666666667,3.3590874524714827,1.475409836065574
S1602,Maria,Jones,student602@university.com,23,70.54,40.83,82.15,62.45,92.12,73.7,51.96,64.5145,1,23.6,0,0,1,1,4,5.2,False,True,False,False,True,False,67.20166666666667,2.733665254237288,0.7692307692307692
S1603,Emma,Davis,student603@university.com,24,68.58,72.76,43.59,78.64,89.23,7.9,64.55,62.29050000000001,1,13.7,1,0,1,2,9,7.3,True,False,False,False,True,False,59.445,4.546751824817519,1.2328767123287672
S1604,Omar,Jones,student604@university.com,22,64.84,44.54,80.22,94.09,99.16,96.1,52.58,71.3445,2,9.6,1,1,1,1,2,5.1,True,False,False,False,False,True,77.78166666666667,7.43171875,0.3921568627450981
S1605,John,Davis,student605@university.com,24,57.62,57.18,54.46,76.03,68.6,94.7,78.49,68.73849999999999,1,19.2,0,0,0,2,10,7.5,True,False,True,False,False,False,71.57666666666667,3.580130208333333,1.3333333333333333
S1606,Omar,Smith,student606@university.com,19,56.9,45.29,58.92,83.07,95.34,71.2,55.81,63.821,1,28.4,0,0,0,1,9,5.9,True,False,False,False,False,True,68.27166666666666,2.247218309859155,1.5254237288135593
S1607,Liam,Smith,student607@university.com,18,56.61,91.57,51.75,67.88,54.37,51.7,73.96,67.065,1,26.0,0,0,0,2,1,6.2,True,False,False,False,False,True,65.205,2.579423076923077,0.1612903225806451
S1608,Maria,Jones,student608@university.com,21,55.71,75.46,86.55,69.41,70.57,25.1,86.0,77.48,2,24.1,0,0,3,0,4,8.1,False,True,True,False,False,False,68.84833333333334,3.2149377593361,0.4938271604938272
S1609,Liam,Smith,student609@university.com,19,62.03,94.13,78.92,64.31,73.27,75.6,58.22,72.06899999999999,2,24.1,1,0,1,2,5,5.7,False,True,False,False,False,True,74.075,2.9904149377593354,0.8771929824561403
S1610,Ahmed,Brown,student610@university.com,18,65.33,81.3,76.71,85.28,72.04,87.8,87.77,82.0895,3,18.2,1,0,2,0,2,5.3,False,True,False,True,False,False,81.81666666666666,4.510412087912088,0.3773584905660377
S1611,Sara,Davis,student611@university.com,21,98.08,98.26,80.08,67.96,81.25,66.5,53.01,72.30600000000001,2,9.2,1,1,1,2,6,8.3,False,True,False,True,False,False,74.51,7.8593478260869585,0.7228915662650601
S1612,Maria,Davis,student612@university.com,19,78.92,70.59,54.21,59.54,58.51,62.9,57.48,59.312,0,12.1,0,1,0,0,8,7.4,False,True,False,False,False,True,60.53833333333333,4.901818181818181,1.081081081081081
S1613,Sara,Jones,student613@university.com,20,99.38,78.32,66.68,68.47,93.32,19.3,64.01,68.1885,1,19.4,1,0,1,0,2,6.0,True,False,False,False,True,False,65.01666666666667,3.514871134020619,0.3333333333333333
S1614,Emma,Smith,student614@university.com,21,68.62,74.58,78.0,92.69,77.59,35.8,89.8,81.0795,3,12.9,0,0,3,2,9,6.5,True,False,False,False,False,True,74.74333333333334,6.285232558139534,1.3846153846153846
S1615,John,Johnson,student615@university.com,19,72.88,69.06,78.2,86.91,95.21,72.30000000000001,92.51,83.83449999999999,3,24.5,1,1,0,2,2,5.7,False,True,False,False,True,False,82.365,3.421816326530612,0.3508771929824561
S1616,Ali,Davis,student616@university.com,23,66.23,90.76,87.51,66.73,50.13,1.7000000000000002,61.02,68.905,1,14.3,0,1,3,2,1,6.8,False,True,False,False,False,True,59.64166666666666,4.818531468531468,0.1470588235294117
S1617,Liam,Jones,student617@university.com,18,59.14,78.67,57.23,95.34,81.5,64.1,54.79,68.201,1,7.8,1,0,3,2,6,4.7,False,True,False,True,False,False,71.93833333333335,8.743717948717949,1.276595744680851
S1618,Omar,Jones,student618@university.com,19,57.16,88.08,86.22,53.74,70.62,76.7,92.4,81.44500000000001,3,24.6,1,0,3,2,5,8.4,True,False,False,False,True,False,77.96,3.310772357723577,0.5952380952380952
S1619,John,Brown,student619@university.com,20,97.25,87.18,66.41,52.49,75.25,33.5,82.47,71.494,2,22.5,1,0,0,0,10,6.8,True,False,False,True,False,False,66.21666666666668,3.177511111111111,1.4705882352941178
S1620,Maria,Williams,student620@university.com,24,99.34,51.46,80.21,56.37,87.19,7.6,57.89,62.693,1,11.3,0,0,3,0,3,5.9,True,False,False,False,False,True,56.78666666666667,5.548053097345132,0.5084745762711864
S1621,Sara,Williams,student621@university.com,21,52.25,79.01,67.34,55.82,61.36,81.89999999999999,77.89,70.6575,2,29.5,0,0,3,1,3,6.9,False,True,True,False,False,False,70.55333333333333,2.395169491525424,0.4347826086956521
S1622,Omar,Davis,student622@university.com,21,57.52,51.98,96.92,54.39,60.24,14.2,93.62,75.00550000000001,2,15.1,1,1,2,1,8,4.8,False,True,False,False,True,False,61.89166666666667,4.96725165562914,1.6666666666666667
S1623,Sara,Brown,student623@university.com,21,71.18,75.0,50.76,83.07,85.15,37.1,53.48,62.81449999999999,1,22.0,1,1,1,1,4,4.4,False,True,False,False,True,False,64.09333333333335,2.8552045454545447,0.9090909090909092
S1624,Ahmed,Brown,student624@university.com,20,59.32,80.65,80.5,80.04,76.07,70.7,54.19,71.6275,2,27.8,1,1,2,2,1,6.7,False,True,False,False,False,True,73.69166666666666,2.5765287769784173,0.1492537313432835
S1625,Sara,Brown,student625@university.com,18,68.19,99.83,74.59,82.38,61.68,81.7,63.68,75.336,2,8.9,0,0,1,2,4,4.4,True,False,False,False,False,True,77.31,8.464719101123595,0.9090909090909092
S1626,Ahmed,Davis,student626@university.com,21,56.45,41.83,50.36,84.42,74.2,86.19999999999999,82.61,68.0405,1,27.0,1,0,0,2,6,7.3,False,True,False,False,True,False,69.93666666666667,2.520018518518518,0.8219178082191781
S1627,Emma,Williams,student627@university.com,18,72.83,45.47,43.96,87.84,72.98,53.0,58.9,58.6045,0,22.6,1,1,2,2,2,8.0,False,True,True,False,False,False,60.35833333333333,2.5931194690265484,0.25
S1628,Omar,Brown,student628@university.com,19,63.58,44.62,87.95,60.36,84.57,47.6,90.82,75.81750000000001,2,9.2,0,1,1,0,7,8.9,False,True,False,False,False,True,69.32000000000001,8.241032608695654,0.7865168539325842
S1629,Omar,Smith,student629@university.com,23,67.6,63.9,49.45,81.12,50.13,84.80000000000001,87.52,69.6245,1,21.6,1,1,0,0,1,7.8,True,False,False,False,False,True,69.48666666666666,3.223356481481481,0.1282051282051282
S1630,Ali,Jones,student630@university.com,23,54.72,89.3,51.19,79.0,79.34,56.3,78.05,72.2065,2,26.9,0,0,0,0,10,8.9,True,False,False,False,False,True,72.19666666666667,2.6842565055762084,1.1235955056179774
S1631,Maria,Jones,student631@university.com,18,71.41,90.64,98.71,97.18,80.28,57.9,55.8,80.5135,3,25.0,0,1,1,1,9,4.1,False,True,True,False,False,False,80.085,3.22054,2.1951219512195124
S1632,Ahmed,Johnson,student632@university.com,18,99.16,84.22,83.04,61.62,87.28,43.4,99.41,83.357,3,24.0,1,1,1,1,2,6.8,True,False,False,False,True,False,76.49499999999999,3.473208333333333,0.2941176470588235
S1633,Ali,Johnson,student633@university.com,23,66.44,93.81,55.03,52.94,94.46,37.3,74.5,69.431,1,9.0,1,1,3,0,9,4.8,True,False,False,True,False,False,68.00666666666667,7.714555555555555,1.875
S1634,Sara,Davis,student634@university.com,21,93.82,59.37,75.46,82.67,72.01,48.1,72.6,71.557,2,9.8,0,0,1,0,1,5.2,True,False,False,False,False,True,68.36833333333334,7.301734693877551,0.1923076923076923
S1635,Sara,Davis,student635@university.com,22,92.16,45.29,72.05,87.01,67.13,36.5,99.78,76.3295,2,18.7,1,1,0,0,4,7.7,True,False,True,False,False,False,67.96,4.081791443850268,0.5194805194805194
S1636,Ali,Jones,student636@university.com,22,97.6,43.49,90.67,64.16,55.12,34.4,93.19,74.00399999999999,2,19.5,0,0,0,0,5,5.3,True,False,False,False,True,False,63.505,3.795076923076923,0.9433962264150944
S1637,Omar,Smith,student637@university.com,20,89.51,91.13,83.76,78.54,66.84,99.4,72.82,79.8905,2,28.6,0,1,2,0,8,4.9,False,True,False,False,True,False,82.08166666666666,2.793374125874126,1.6326530612244896
S1638,Sara,Williams,student638@university.com,24,82.98,83.83,89.9,52.98,53.42,33.6,70.94,71.3005,2,16.7,1,1,1,1,5,5.9,False,True,True,False,False,False,64.11166666666666,4.269491017964072,0.847457627118644
S1639,Liam,Williams,student639@university.com,23,92.83,81.92,52.69,98.0,90.14,25.6,54.8,66.8945,1,12.6,1,1,2,2,1,4.4,False,True,False,False,False,True,67.19166666666668,5.309087301587301,0.2272727272727272
S1640,Emma,Davis,student640@university.com,23,53.78,60.38,78.41,55.5,90.35,35.4,96.33,76.68849999999999,2,9.8,1,1,1,2,1,4.7,True,False,False,True,False,False,69.395,7.825357142857142,0.2127659574468085
S1641,Emma,Smith,student641@university.com,20,73.14,62.79,42.41,53.38,70.86,59.1,92.19,65.726,1,6.4,0,0,1,0,2,4.7,True,False,False,False,False,True,63.455000000000005,10.2696875,0.425531914893617
S1642,Liam,Davis,student642@university.com,22,99.46,97.49,44.14,52.21,62.98,91.1,65.5,63.993,1,6.7,1,1,2,2,9,5.1,True,False,False,False,True,False,68.90333333333332,9.551194029850748,1.7647058823529411
S1643,Ali,Williams,student643@university.com,19,88.48,43.83,82.81,71.36,55.9,78.8,87.67,73.812,2,19.4,0,0,2,0,1,8.4,True,False,False,True,False,False,70.06166666666667,3.804742268041237,0.119047619047619
S1644,Liam,Davis,student644@university.com,21,98.1,86.42,41.47,54.86,92.56,84.2,88.14,71.4675,2,9.4,0,0,2,0,3,5.5,False,True,False,False,False,True,74.60833333333333,7.602925531914893,0.5454545454545454
S1645,Ahmed,Brown,student645@university.com,21,88.98,58.58,74.79,87.23,93.87,85.9,61.4,72.671,2,26.3,0,1,1,2,8,5.4,False,True,False,True,False,False,76.96166666666666,2.763155893536122,1.4814814814814814
S1646,Ahmed,Davis,student646@university.com,19,93.74,42.34,90.42,94.94,63.31,92.1,80.68,78.337,2,19.9,0,0,1,2,1,4.6,False,True,True,False,False,False,77.29833333333333,3.936532663316584,0.2173913043478261
S1647,Ali,Jones,student647@university.com,19,85.33,84.55,62.8,63.01,81.09,23.5,62.75,65.943,1,26.6,1,0,2,2,4,4.1,False,True,False,False,False,True,62.95,2.47906015037594,0.9756097560975612
S1648,Liam,Davis,student648@university.com,22,88.03,59.85,42.69,81.44,62.93,45.8,89.49,67.29599999999999,1,15.7,0,0,1,0,8,4.8,False,True,False,False,True,False,63.7,4.286369426751592,1.6666666666666667
S1649,Ahmed,Jones,student649@university.com,20,76.16,83.33,82.83,52.12,61.26,38.5,57.69,66.383,1,19.9,0,1,2,1,6,7.6,False,True,False,False,True,False,62.62166666666667,3.3358291457286438,0.7894736842105263
S1650,Omar,Smith,student650@university.com,19,96.21,82.46,95.78,69.33,51.06,38.2,83.45,78.7645,2,18.1,0,0,1,0,6,8.8,True,False,False,True,False,False,70.04666666666667,4.351629834254143,0.6818181818181818
S1651,Liam,Williams,student651@university.com,20,91.25,72.09,83.03,64.65,78.86,65.19999999999999,66.3,72.30449999999999,2,29.7,1,0,1,2,1,7.7,True,False,True,False,False,False,71.68833333333333,2.4344949494949493,0.1298701298701298
S1652,Omar,Johnson,student652@university.com,24,92.19,86.64,74.71,61.43,57.5,40.2,51.81,64.191,1,24.9,0,0,3,0,7,8.3,False,True,False,False,False,True,62.048333333333325,2.577951807228916,0.8433734939759036
S1653,Ahmed,Johnson,student653@university.com,18,83.65,74.86,53.8,82.24,50.62,61.6,56.19,62.014,1,19.9,1,1,3,1,1,7.9,True,False,True,False,False,False,63.21833333333333,3.116281407035176,0.1265822784810126
S1654,Emma,Williams,student654@university.com,21,65.23,57.2,40.92,56.51,55.24,38.2,82.74,59.5425,0,20.2,1,1,1,1,3,5.5,False,True,True,False,False,False,55.135,2.947648514851485,0.5454545454545454
S1655,Ahmed,Johnson,student655@university.com,22,51.78,84.05,81.68,93.04,65.69,31.1,62.0,73.70750000000001,2,11.2,0,1,2,0,1,7.7,False,True,False,True,False,False,69.59333333333335,6.581026785714287,0.1298701298701298
S1656,Omar,Davis,student656@university.com,21,96.78,75.35,53.86,83.24,83.46,35.3,81.55,71.8295,2,23.4,0,0,3,0,8,7.8,True,False,False,True,False,False,68.79333333333334,3.069636752136752,1.0256410256410258
S1657,John,Smith,student657@university.com,22,79.31,40.76,91.49,85.54,60.13,80.39999999999999,70.74,73.07249999999999,2,29.6,1,0,1,1,4,5.3,False,True,False,False,False,True,71.51,2.46866554054054,0.7547169811320755
S1658,Maria,Smith,student658@university.com,18,64.91,94.1,67.98,96.77,94.38,60.1,84.64,83.46050000000001,3,8.2,0,1,1,2,5,8.6,False,True,False,False,True,False,82.99499999999999,10.178109756097562,0.5813953488372093
S1659,Sara,Williams,student659@university.com,21,57.46,72.74,71.84,97.12,64.42,97.4,74.65,77.146,2,20.9,0,0,2,2,1,9.0,False,True,False,False,False,True,79.695,3.691196172248804,0.1111111111111111
S1660,Liam,Johnson,student660@university.com,18,91.48,92.12,85.24,77.58,66.56,83.3,65.43,77.215,2,17.9,1,1,1,0,1,6.8,True,False,True,False,False,False,78.37166666666667,4.313687150837989,0.1470588235294117
S1661,John,Davis,student661@university.com,22,91.83,92.96,86.77,74.77,60.9,48.6,57.29,72.559,2,26.3,1,1,1,2,10,5.6,True,False,False,True,False,False,70.215,2.7588973384030417,1.7857142857142858
S1663,Emma,Smith,student663@university.com,24,82.25,70.46,96.31,85.78,53.71,67.4,81.74,80.7765,3,8.4,1,1,2,0,3,6.9,True,False,False,True,False,False,75.89999999999999,9.61625,0.4347826086956521
S1665,Ahmed,Brown,student665@university.com,18,65.2,66.97,96.81,96.64,92.98,46.4,58.02,77.768,2,9.1,1,1,0,1,5,5.5,True,False,True,False,False,False,76.30333333333333,8.545934065934066,0.9090909090909092
S1666,Emma,Smith,student666@university.com,23,50.43,93.71,89.45,61.93,84.42,23.0,83.21,80.2635,3,22.7,1,0,2,0,10,4.2,True,False,False,True,False,False,72.61999999999999,3.5358370044052863,2.380952380952381
S1667,Maria,Williams,student667@university.com,21,91.68,87.29,82.34,65.51,93.76,55.7,58.96,73.354,2,8.5,0,0,1,1,7,7.1,True,False,False,False,False,True,73.92666666666666,8.629882352941177,0.9859154929577464
S1668,Ahmed,Jones,student668@university.com,21,54.37,47.59,79.8,65.8,55.24,25.4,61.09,62.07950000000001,1,20.6,1,1,3,2,1,7.0,False,True,False,False,False,True,55.81999999999999,3.013567961165049,0.1428571428571428
S1669,Omar,Jones,student669@university.com,21,81.54,76.62,46.23,90.3,72.78,94.0,76.57,71.5445,2,26.7,0,0,2,1,8,7.0,True,False,False,False,False,True,76.08333333333333,2.679569288389513,1.1428571428571428
S1672,Emma,Smith,student672@university.com,18,96.34,87.15,48.24,71.38,98.51,21.6,97.79,76.1075,2,29.7,0,0,3,1,2,6.7,False,True,False,True,False,False,70.77833333333335,2.5625420875420875,0.2985074626865671
S1673,Emma,Smith,student673@university.com,21,51.58,86.14,66.35,53.66,90.77,71.7,57.44,67.4515,1,21.8,0,0,1,1,9,6.8,False,True,False,True,False,False,71.01,3.0941055045871555,1.3235294117647058
S1674,Maria,Williams,student674@university.com,19,88.67,61.02,48.79,70.54,51.76,70.8,78.53,64.2065,1,8.5,1,1,1,0,3,6.7,False,True,True,False,False,False,63.57333333333335,7.553705882352942,0.4477611940298507
S1675,Ahmed,Brown,student675@university.com,21,52.6,62.31,94.1,75.67,65.83,59.7,96.16,82.63799999999999,3,12.7,1,0,3,0,5,6.6,True,False,False,True,False,False,75.62833333333333,6.506929133858267,0.7575757575757576
S1676,Maria,Smith,student676@university.com,20,51.91,83.44,88.34,53.26,51.43,61.4,58.83,68.452,1,29.6,1,1,3,1,10,8.7,False,True,False,False,True,False,66.11666666666666,2.312567567567567,1.149425287356322
S1677,Liam,Smith,student677@university.com,22,71.49,70.0,44.3,75.49,52.01,60.4,68.34,61.6215,1,10.7,1,0,3,1,8,7.0,True,False,True,False,False,False,61.75666666666666,5.7590186915887855,1.1428571428571428
S1678,Sara,Johnson,student678@university.com,20,53.15,74.23,54.93,97.96,53.98,36.0,56.18,63.613,1,23.8,1,0,1,2,1,6.4,True,False,False,False,True,False,62.21333333333334,2.6728151260504203,0.15625
S1679,Sara,Williams,student679@university.com,19,89.46,82.77,89.14,98.95,63.82,93.7,82.1,85.24,3,11.0,0,1,0,0,4,7.8,True,False,False,False,True,False,85.08,7.749090909090909,0.5128205128205129
S1680,Liam,Davis,student680@university.com,21,76.48,86.65,88.18,76.58,65.21,47.9,83.46,80.4835,3,15.0,1,0,1,0,5,5.3,True,False,False,False,False,True,74.66333333333333,5.365566666666667,0.9433962264150944
S1681,Ahmed,Smith,student681@university.com,18,51.45,56.29,96.73,75.75,70.02,2.0,83.21,76.0535,2,27.0,0,1,0,2,6,5.0,True,False,True,False,False,False,64.0,2.8167962962962965,1.2
S1683,Maria,Jones,student683@university.com,23,80.63,57.51,98.58,99.86,88.57,13.0,87.31,83.9505,3,12.7,0,1,3,0,4,4.1,True,False,False,False,True,False,74.13833333333334,6.610275590551182,0.9756097560975612
S1684,Ali,Davis,student684@university.com,21,90.31,70.45,64.61,63.71,57.07,36.3,51.79,59.3355,0,17.2,1,0,1,2,3,5.5,True,False,True,False,False,False,57.321666666666665,3.4497383720930235,0.5454545454545454
S1685,Emma,Smith,student685@university.com,19,71.89,60.53,55.02,72.65,57.89,60.8,97.88,71.925,2,20.6,0,1,3,0,4,6.1,True,False,False,True,False,False,67.46166666666667,3.4915048543689315,0.6557377049180328
S1687,Ahmed,Johnson,student687@university.com,20,89.99,43.21,57.96,67.46,78.59,87.0,56.08,60.1235,1,15.3,1,1,3,0,9,6.7,True,False,True,False,False,False,65.05,3.929640522875817,1.343283582089552
S1688,Omar,Williams,student688@university.com,22,80.53,70.59,88.38,53.57,57.7,61.0,97.06,78.657,2,13.6,0,1,1,2,9,5.8,True,False,True,False,False,False,71.38333333333334,5.78360294117647,1.5517241379310345
S1690,Sara,Jones,student690@university.com,24,80.65,72.08,87.64,78.05,66.45,31.1,88.24,79.1015,2,13.9,1,1,1,1,6,4.0,True,False,False,True,False,False,70.59333333333333,5.690755395683453,1.5
S1691,Emma,Smith,student691@university.com,21,81.41,65.35,56.55,78.61,68.35,46.6,55.24,61.46849999999999,1,28.3,0,0,0,1,9,8.4,True,False,False,False,True,False,61.78333333333334,2.172031802120141,1.0714285714285714
S1692,Ahmed,Jones,student692@university.com,20,86.71,57.05,70.48,64.33,71.02,24.8,90.38,71.283,2,11.9,0,0,2,0,4,5.2,False,True,False,False,True,False,63.01,5.99016806722689,0.7692307692307692
S1693,Maria,Davis,student693@university.com,24,81.04,94.25,73.84,90.74,66.14,0.4,80.45,76.97749999999999,2,19.6,1,1,1,1,7,5.8,True,False,True,False,False,False,67.63666666666666,3.9274234693877546,1.206896551724138
S1694,Sara,Davis,student694@university.com,23,98.46,51.09,96.59,50.16,77.87,2.7,86.6,73.237,2,12.5,0,1,0,1,3,4.1,True,False,True,False,False,False,60.835,5.85896,0.7317073170731708
S1695,Maria,Brown,student695@university.com,23,59.86,80.88,56.0,66.68,69.43,35.8,98.9,74.537,2,7.7,0,0,2,0,9,8.8,True,False,False,True,False,False,67.94833333333334,9.680129870129871,1.0227272727272727
S1696,Omar,Brown,student696@university.com,24,97.55,95.48,96.2,82.97,62.97,12.4,59.72,75.6505,2,12.2,1,0,3,1,9,6.5,True,False,False,False,False,True,68.29,6.200860655737705,1.3846153846153846
S1698,Sara,Williams,student698@university.com,22,83.6,92.58,83.85,61.73,65.42,85.9,87.67,81.247,3,12.4,1,1,2,1,5,5.3,False,True,True,False,False,False,79.525,6.552177419354838,0.9433962264150944
S1699,John,Smith,student699@university.com,20,54.97,47.49,87.21,77.06,84.92,27.4,71.68,71.851,2,20.6,1,1,2,2,4,8.4,False,True,False,False,False,True,65.96,3.487912621359223,0.4761904761904761
S1700,Sara,Smith,student700@university.com,21,69.03,69.63,76.33,76.9,67.36,50.3,52.73,66.132,1,28.7,0,1,2,0,10,5.9,False,True,True,False,False,False,65.54166666666667,2.30425087108014,1.694915254237288
S1701,Liam,Brown,student701@university.com,18,88.47,67.42,54.64,93.71,71.76,17.9,55.57,62.5715,1,6.7,0,0,3,2,10,7.4,True,False,False,False,True,False,60.16666666666666,9.339029850746268,1.351351351351351
S1702,Ali,Jones,student702@university.com,21,85.35,40.49,51.37,52.53,61.8,4.699999999999999,80.1,57.2405,0,22.9,0,1,0,2,9,7.1,True,False,True,False,False,False,48.498333333333335,2.499585152838428,1.267605633802817
S1705,Ahmed,Williams,student705@university.com,22,54.41,80.19,52.79,51.08,51.11,2.6,66.99,58.226,0,8.3,1,0,3,0,2,4.2,True,False,False,True,False,False,50.79333333333333,7.015180722891565,0.4761904761904761
S1706,Maria,Johnson,student706@university.com,20,99.79,96.3,76.91,57.35,53.01,58.7,60.05,68.526,1,17.0,0,0,0,0,10,8.6,True,False,False,False,True,False,67.05333333333333,4.030941176470588,1.162790697674419
S1707,Liam,Brown,student707@university.com,18,94.86,45.15,66.85,98.82,96.12,1.3,51.2,63.345,1,6.2,0,0,1,2,7,7.6,True,False,False,False,True,False,59.906666666666666,10.216935483870968,0.9210526315789476
S1708,Liam,Brown,student708@university.com,24,51.05,59.65,49.52,60.74,94.44,43.6,57.59,59.3395,0,23.1,1,1,0,2,3,8.3,False,True,False,False,False,True,60.92333333333335,2.568809523809524,0.36144578313253
S1710,Omar,Smith,student710@university.com,19,95.97,67.31,56.89,60.26,74.67,31.9,50.6,57.6,0,17.4,0,0,3,0,9,4.4,True,False,False,False,True,False,56.93833333333333,3.3103448275862077,2.0454545454545454
S1711,Sara,Williams,student711@university.com,21,67.68,86.49,45.77,96.56,90.62,0.4,88.69,74.589,2,21.9,1,1,1,0,4,5.0,True,False,True,False,False,False,68.08833333333332,3.405890410958904,0.8
S1712,Ali,Williams,student712@university.com,22,85.98,66.6,68.02,82.73,56.92,96.4,87.67,76.2175,2,10.9,0,0,0,1,3,7.0,True,False,False,False,False,True,76.39000000000001,6.992431192660551,0.4285714285714285
S1713,Maria,Brown,student713@university.com,23,72.11,41.63,75.41,55.66,82.68,51.7,78.21,67.762,1,19.5,1,1,0,0,5,4.5,False,True,False,False,True,False,64.21499999999999,3.474974358974359,1.1111111111111112
S1714,Liam,Williams,student714@university.com,18,82.76,82.61,42.81,79.1,73.8,57.3,60.42,63.33000000000001,1,11.5,0,1,1,2,1,8.7,False,True,False,False,True,False,66.00666666666667,5.506956521739132,0.1149425287356322
S1715,Liam,Davis,student715@university.com,23,67.02,93.09,64.13,65.93,87.17,66.6,93.9,80.10249999999999,3,10.4,0,1,3,2,1,7.7,False,True,False,False,True,False,78.46999999999998,7.70216346153846,0.1298701298701298
S1716,John,Johnson,student716@university.com,21,66.13,70.83,55.46,69.16,51.51,79.80000000000001,73.75,66.12950000000001,1,25.5,0,1,1,0,1,8.0,True,False,True,False,False,False,66.75166666666667,2.593313725490197,0.125
S1717,Maria,Smith,student717@university.com,20,71.22,74.87,41.84,72.01,79.64,60.8,58.66,61.094,1,13.3,1,0,2,2,7,6.9,False,True,True,False,False,False,64.63666666666667,4.593533834586466,1.0144927536231882
S1718,Liam,Davis,student718@university.com,23,57.28,49.78,47.54,71.14,77.84,76.2,71.45,63.05200000000001,1,25.3,1,1,1,0,7,7.2,True,False,True,False,False,False,65.65833333333333,2.4921739130434784,0.9722222222222222
S1719,Maria,Johnson,student719@university.com,19,91.56,53.24,48.34,83.21,92.04,44.900000000000006,59.75,61.9265,1,10.4,1,0,3,0,9,5.1,True,False,False,True,False,False,63.580000000000005,5.954471153846153,1.7647058823529411
S1720,Sara,Jones,student720@university.com,20,67.43,54.11,50.97,88.42,83.84,37.1,68.8,65.00099999999999,1,13.9,0,0,3,1,5,8.6,False,True,True,False,False,False,63.87333333333334,4.676330935251798,0.5813953488372093
S1721,John,Brown,student721@university.com,21,70.01,65.84,88.2,66.46,94.01,82.30000000000001,74.83,77.86000000000001,2,7.6,1,0,2,1,2,7.2,True,False,False,False,True,False,78.60666666666667,10.244736842105263,0.2777777777777778
S1722,Maria,Williams,student722@university.com,23,94.7,95.69,66.37,96.22,94.36,86.5,68.0,79.53999999999999,2,17.4,1,1,1,0,9,6.1,False,True,True,False,False,False,84.52333333333333,4.571264367816092,1.475409836065574
S1723,Ali,Jones,student723@university.com,24,74.83,71.31,48.83,96.92,70.41,13.8,82.85,70.02799999999999,2,14.5,0,1,1,2,4,8.4,True,False,True,False,False,False,64.02,4.8295172413793095,0.4761904761904761
S1725,Ahmed,Davis,student725@university.com,23,97.82,55.97,57.88,50.75,81.51,68.4,67.41,62.272000000000006,1,16.6,1,0,0,2,1,4.0,False,True,False,False,True,False,63.65333333333333,3.7513253012048193,0.25
S1726,John,Smith,student726@university.com,24,94.34,63.04,87.88,71.25,93.69,8.4,67.79,72.2395,2,6.9,0,1,1,0,2,8.6,True,False,True,False,False,False,65.34166666666667,10.46949275362319,0.2325581395348837
S1727,John,Smith,student727@university.com,24,58.47,77.4,61.87,79.53,53.75,93.0,86.92,75.108,2,25.9,0,1,1,2,8,5.8,True,False,False,True,False,False,75.41166666666668,2.89992277992278,1.3793103448275863
S1728,Ahmed,Smith,student728@university.com,23,73.66,66.4,49.59,63.9,77.9,52.0,76.53,65.2915,1,17.3,1,1,1,0,2,6.1,True,False,False,False,False,True,64.38666666666667,3.77407514450867,0.3278688524590164
S1729,Maria,Williams,student729@university.com,22,98.56,63.55,64.25,62.97,55.75,64.5,71.44,65.2725,1,22.3,0,0,0,2,8,4.4,True,False,True,False,False,False,63.74333333333333,2.9270179372197305,1.818181818181818
S1730,John,Jones,student730@university.com,23,68.62,73.88,73.32,83.92,51.35,17.8,90.69,75.232,2,25.5,0,1,1,0,1,8.4,True,False,False,False,False,True,65.16000000000001,2.9502745098039216,0.119047619047619
S1731,Ali,Smith,student731@university.com,21,68.58,54.51,41.78,80.09,83.98,26.4,94.55,68.718,1,6.3,0,0,2,1,9,6.7,True,False,False,False,False,True,63.55166666666667,10.907619047619049,1.343283582089552
S1732,Ali,Jones,student732@university.com,24,59.75,44.73,77.66,58.36,84.09,12.1,79.53,67.7515,1,13.4,1,1,1,1,9,8.5,True,False,False,True,False,False,59.41166666666667,5.056082089552239,1.0588235294117647
S1734,Sara,Davis,student734@university.com,21,87.02,55.08,40.58,84.0,92.96,49.2,73.31,64.756,1,6.2,0,0,0,2,6,8.5,False,True,False,True,False,False,65.855,10.444516129032255,0.7058823529411765
S1736,Maria,Davis,student736@university.com,20,98.45,60.18,82.74,84.18,55.26,53.4,71.61,72.018,2,16.9,0,1,2,1,1,8.4,True,False,False,False,False,True,67.895,4.261420118343196,0.119047619047619
S1737,Ahmed,Williams,student737@university.com,23,88.67,86.38,77.73,55.63,93.23,24.4,63.12,70.213,2,16.3,0,0,1,0,6,5.0,True,False,True,False,False,False,66.74833333333333,4.307546012269938,1.2
S1738,Ahmed,Williams,student738@university.com,22,62.17,82.98,60.52,73.41,75.16,4.5,73.62,68.41550000000001,1,6.5,0,0,2,1,4,4.4,False,True,False,True,False,False,61.69833333333333,10.52546153846154,0.9090909090909092
S1739,Maria,Brown,student739@university.com,18,52.01,76.66,71.78,58.45,63.65,62.2,72.33,69.38550000000001,1,11.6,1,1,2,0,8,7.1,True,False,False,True,False,False,67.51166666666666,5.981508620689656,1.1267605633802815
S1740,Omar,Williams,student740@university.com,22,99.27,91.15,63.23,52.07,86.91,42.0,60.47,66.2225,1,11.1,0,0,1,1,8,4.8,False,True,False,False,False,True,65.97166666666668,5.965990990990991,1.6666666666666667
S1741,Emma,Williams,student741@university.com,22,67.02,56.92,82.04,66.92,94.72,98.4,95.17,82.029,3,12.4,1,0,2,0,2,8.3,False,True,False,False,False,True,82.36166666666666,6.61524193548387,0.2409638554216867
S1742,Sara,Johnson,student742@university.com,22,65.6,93.1,75.01,57.54,84.48,78.0,94.27,81.97749999999999,3,21.0,0,0,3,0,2,8.7,False,True,False,False,False,True,80.39999999999999,3.903690476190476,0.2298850574712644
S1743,Ahmed,Smith,student743@university.com,23,95.3,63.95,44.91,81.68,89.6,80.8,87.98,72.46600000000001,2,22.4,0,1,3,0,4,4.6,True,False,True,False,False,False,74.82000000000001,3.2350892857142863,0.8695652173913044
S1744,John,Brown,student744@university.com,18,79.25,64.05,78.59,83.7,64.12,1.2,70.05,69.297,1,13.5,1,1,3,2,9,5.2,True,False,False,False,True,False,60.285,5.133111111111111,1.7307692307692306
S1745,Sara,Brown,student745@university.com,18,60.74,64.32,81.23,57.43,64.44,77.8,68.52,69.46000000000001,1,24.7,1,1,2,0,6,7.1,True,False,False,False,True,False,68.95666666666666,2.8121457489878545,0.8450704225352114
S1746,John,Brown,student746@university.com,24,94.45,45.89,62.24,51.23,93.21,19.5,85.82,66.17,1,15.4,1,1,0,1,7,7.6,False,True,False,True,False,False,59.64833333333333,4.296753246753247,0.9210526315789476
S1747,Omar,Johnson,student747@university.com,22,99.67,98.53,92.55,89.64,80.74,58.6,80.41,86.49,3,18.1,1,1,0,1,3,6.6,False,True,False,False,True,False,83.41166666666668,4.778453038674033,0.4545454545454546
S1748,Ali,Davis,student748@university.com,24,54.33,48.31,90.58,50.1,61.71,44.7,80.03,69.8215,1,8.6,1,1,1,1,7,5.8,False,True,True,False,False,False,62.57166666666666,8.118779069767442,1.206896551724138
S1749,Sara,Williams,student749@university.com,24,93.11,60.45,50.51,67.2,76.21,57.2,56.21,59.119,0,10.8,0,1,0,0,3,5.5,True,False,False,False,True,False,61.29666666666666,5.473981481481481,0.5454545454545454
S1750,Liam,Smith,student750@university.com,20,69.53,59.16,94.26,74.73,84.29,13.3,80.91,77.0155,2,23.2,0,1,0,2,2,7.3,False,True,True,False,False,False,67.77500000000002,3.3196336206896557,0.273972602739726
S1751,Ahmed,Jones,student751@university.com,23,76.2,44.48,66.45,90.93,60.93,45.7,95.09,73.829,2,29.4,0,1,1,0,2,7.7,False,True,False,True,False,False,67.26333333333334,2.511190476190476,0.2597402597402597
S1752,Sara,Davis,student752@university.com,23,95.74,49.14,83.42,91.93,82.75,3.7,54.29,66.7625,1,22.6,1,1,3,2,9,5.4,True,False,False,False,False,True,60.87166666666667,2.954092920353982,1.6666666666666663
S1753,Sara,Williams,student753@university.com,21,98.67,42.69,88.85,86.25,52.11,4.1,66.96,67.05749999999999,1,6.4,1,0,1,2,7,5.6,False,True,True,False,False,False,56.82666666666666,10.477734374999995,1.25
S1754,Sara,Johnson,student754@university.com,24,63.11,57.54,70.31,62.36,65.18,65.8,75.45,68.0055,1,8.6,0,0,0,1,5,6.3,False,True,False,False,False,True,66.10666666666667,7.907616279069767,0.7936507936507937
S1755,Emma,Williams,student755@university.com,23,60.64,92.0,63.95,86.01,83.7,95.2,84.3,81.109,3,16.1,1,1,0,1,3,6.3,True,False,False,True,False,False,84.19333333333333,5.037826086956521,0.4761904761904762
S1756,Sara,Williams,student756@university.com,22,54.03,60.37,94.93,62.33,57.47,77.69999999999999,54.48,68.11349999999999,1,23.3,1,0,1,1,8,8.2,True,False,True,False,False,False,67.88000000000001,2.92332618025751,0.9756097560975612
S1757,John,Johnson,student757@university.com,19,78.09,47.42,53.85,60.73,61.11,46.900000000000006,93.64,66.233,1,9.1,1,1,2,0,2,6.2,False,True,True,False,False,False,60.60833333333333,7.2783516483516495,0.3225806451612903
S1758,Ali,Brown,student758@university.com,22,50.68,78.74,55.42,77.36,93.95,5.6000000000000005,52.03,62.554,1,23.8,1,0,0,1,3,8.9,True,False,False,False,True,False,60.51666666666667,2.6283193277310923,0.3370786516853932
S1759,Omar,Brown,student759@university.com,18,70.59,99.8,61.7,83.94,83.72,4.5,92.88,79.447,2,18.9,1,1,0,1,5,5.6,False,True,True,False,False,False,71.08999999999999,4.203544973544974,0.8928571428571429
S1760,Maria,Smith,student760@university.com,23,53.67,53.94,91.57,52.65,74.95,15.8,51.38,62.580000000000005,1,24.4,0,1,1,0,1,7.5,True,False,False,True,False,False,56.715,2.5647540983606563,0.1333333333333333
S1761,Sara,Smith,student761@university.com,23,70.26,56.77,96.33,53.0,60.54,97.6,57.68,68.786,1,18.9,0,0,0,0,6,7.8,False,True,False,False,False,True,70.32000000000001,3.6394708994709,0.7692307692307693
S1762,Ahmed,Brown,student762@university.com,21,52.0,98.31,53.2,89.21,67.07,39.900000000000006,90.02,77.136,2,20.1,1,0,2,2,2,7.2,True,False,True,False,False,False,72.95166666666665,3.837611940298507,0.2777777777777778
S1763,Sara,Davis,student763@university.com,24,91.76,50.73,91.83,92.97,78.72,84.3,93.01,84.50250000000001,3,11.2,1,0,2,2,7,5.8,False,True,False,True,False,False,81.92666666666666,7.544866071428573,1.206896551724138
S1764,Ahmed,Jones,student764@university.com,19,60.49,70.67,55.49,80.22,57.77,70.5,99.11,75.541,2,23.0,0,1,1,0,7,5.3,True,False,False,True,False,False,72.29333333333334,3.284391304347826,1.3207547169811322
S1765,John,Williams,student765@university.com,23,66.42,54.38,98.24,71.44,74.09,60.5,55.79,70.604,2,26.1,0,1,1,0,1,7.0,True,False,True,False,False,False,69.07333333333334,2.705134099616858,0.1428571428571428
S1766,Ahmed,Jones,student766@university.com,21,93.5,95.94,75.84,92.27,70.45,94.8,76.32,81.8725,3,26.8,0,0,3,2,4,7.3,True,False,False,False,True,False,84.27,3.054944029850746,0.547945205479452
S1767,Liam,Williams,student767@university.com,21,87.31,98.89,40.43,86.44,73.83,23.0,53.86,62.598,1,5.7,1,1,2,1,1,5.3,True,False,True,False,False,False,62.74166666666667,10.982105263157894,0.1886792452830188
S1768,Maria,Brown,student768@university.com,19,60.95,88.88,42.05,78.98,55.28,45.5,57.82,60.84049999999999,1,20.6,1,0,2,2,10,5.7,True,False,True,False,False,False,61.418333333333344,2.9534223300970868,1.7543859649122806
S1769,Ali,Smith,student769@university.com,22,53.59,58.89,48.85,65.99,55.32,86.5,58.72,58.4175,0,29.7,0,1,3,1,7,8.3,True,False,False,False,True,False,62.37833333333333,1.966919191919192,0.8433734939759036
S1770,Ahmed,Davis,student770@university.com,22,85.78,64.21,51.25,59.9,98.21,55.2,53.17,59.961,0,19.7,0,0,1,2,5,8.1,True,False,False,True,False,False,63.656666666666666,3.043705583756345,0.617283950617284
S1771,Ahmed,Smith,student771@university.com,22,69.54,54.54,86.06,70.93,98.97,24.6,94.65,79.85749999999999,2,9.3,1,1,0,1,8,4.9,False,True,True,False,False,False,71.625,8.586827956989245,1.6326530612244896
S1772,Ali,Jones,student772@university.com,20,88.3,93.45,53.37,64.34,71.31,20.9,56.32,62.083,1,26.9,0,1,1,2,1,8.7,False,True,False,False,True,False,59.94833333333333,2.307918215613383,0.1149425287356322
S1773,Maria,Smith,student773@university.com,24,72.26,94.87,98.15,66.96,89.45,75.3,81.47,85.963,3,11.6,0,1,1,1,10,7.1,True,False,False,False,False,True,84.36666666666667,7.410603448275862,1.4084507042253522
S1775,Ahmed,Davis,student775@university.com,22,72.56,79.39,81.55,58.45,55.85,91.4,59.93,69.19749999999999,1,15.8,1,0,3,0,9,5.0,False,True,False,False,True,False,71.095,4.379588607594936,1.8
S1776,Ali,Jones,student776@university.com,19,87.43,49.93,53.07,90.31,64.83,1.7999999999999998,99.92,70.8525,2,7.5,0,0,1,2,10,7.7,False,True,False,True,False,False,59.97666666666667,9.447,1.2987012987012987
S1777,Liam,Davis,student777@university.com,20,95.11,66.1,93.56,57.28,65.68,63.1,67.37,71.831,2,7.9,0,0,1,0,1,8.6,True,False,False,False,True,False,68.84833333333334,9.09253164556962,0.1162790697674418
S1778,Liam,Williams,student778@university.com,24,52.49,77.89,80.07,74.05,79.79,60.5,95.25,82.3875,3,16.6,1,1,3,2,3,4.3,False,True,False,True,False,False,77.925,4.963102409638554,0.6976744186046512
S1779,John,Smith,student779@university.com,22,76.21,63.12,91.86,87.3,79.0,57.8,97.41,85.541,3,20.3,1,0,3,0,2,6.6,False,True,False,False,False,True,79.415,4.213842364532019,0.303030303030303
S1780,Ali,Davis,student780@university.com,20,51.64,61.46,97.39,74.25,96.18,47.400000000000006,97.45,85.92699999999999,3,27.6,1,0,3,2,9,8.4,True,False,True,False,False,False,79.02166666666666,3.113297101449275,1.0714285714285714
S1781,John,Johnson,student781@university.com,19,73.42,40.06,47.54,68.05,89.5,85.19999999999999,87.64,67.6035,1,22.6,1,1,3,2,10,8.8,True,False,False,False,True,False,69.66499999999999,2.991305309734513,1.1363636363636362
S1782,Liam,Smith,student782@university.com,22,94.26,88.26,45.8,73.74,92.84,65.9,62.69,67.136,1,26.1,1,1,3,0,5,4.4,True,False,False,False,False,True,71.53833333333333,2.572260536398467,1.1363636363636362
S1783,Maria,Williams,student783@university.com,18,68.08,93.36,88.2,92.43,94.56,78.2,56.03,80.0935,3,15.3,0,0,2,0,6,8.0,False,True,True,False,False,False,83.79666666666667,5.234869281045752,0.75
S1784,Sara,Davis,student784@university.com,23,96.62,98.17,91.97,99.52,90.06,11.6,78.49,85.779,3,13.0,0,0,0,0,8,5.4,True,False,False,False,False,True,78.30166666666666,6.598384615384616,1.4814814814814814
S1785,Ali,Jones,student785@university.com,19,81.53,83.16,75.03,81.56,66.64,5.0,68.0,70.7795,2,19.8,1,0,3,1,9,6.7,True,False,False,False,True,False,63.23166666666666,3.574722222222222,1.343283582089552
S1786,Omar,Williams,student786@university.com,21,96.71,72.93,61.96,89.67,60.75,2.9,91.55,73.56500000000001,2,22.4,1,1,0,2,8,7.9,False,True,False,False,True,False,63.29333333333333,3.2841517857142866,1.0126582278481011
S1787,Liam,Johnson,student787@university.com,21,87.86,56.16,79.16,50.72,78.59,14.7,87.25,70.591,2,19.2,0,1,1,1,8,6.7,True,False,True,False,False,False,61.09666666666666,3.676614583333333,1.1940298507462686
S1788,Liam,Davis,student788@university.com,19,55.17,99.96,58.34,94.02,84.48,66.7,63.82,74.611,2,11.6,0,0,2,1,1,4.6,False,True,False,False,True,False,77.88666666666667,6.43198275862069,0.2173913043478261
S1789,Omar,Brown,student789@university.com,21,61.56,75.39,54.3,97.7,69.33,49.400000000000006,50.85,64.1965,1,14.2,1,0,3,1,10,7.0,False,True,False,False,False,True,66.16166666666668,4.520880281690141,1.4285714285714286
S1790,Emma,Smith,student790@university.com,24,69.71,80.87,69.29,78.76,92.42,75.19999999999999,61.87,72.83,2,16.2,1,0,2,1,1,4.6,False,True,True,False,False,False,76.40166666666667,4.495679012345679,0.2173913043478261
S1792,Ahmed,Brown,student792@university.com,18,74.75,90.72,69.02,75.64,78.47,36.7,53.95,68.07600000000001,1,27.0,1,1,0,0,1,6.8,False,True,False,False,False,True,67.41666666666667,2.5213333333333336,0.1470588235294117
S1793,Maria,Davis,student793@university.com,19,73.57,40.58,97.4,64.31,72.83,88.80000000000001,82.91,76.67949999999999,2,17.8,1,1,3,1,5,9.0,False,True,False,True,False,False,74.47166666666668,4.307837078651684,0.5555555555555556
S1794,Ali,Davis,student794@university.com,22,97.81,53.21,90.39,92.61,92.14,93.6,83.58,83.4385,3,23.8,1,0,0,1,4,7.6,True,False,True,False,False,False,84.25499999999998,3.5058193277310927,0.5263157894736842
S1795,Omar,Williams,student795@university.com,22,71.69,79.93,96.5,79.84,51.21,92.2,58.47,75.3625,2,9.3,1,0,0,0,5,5.5,True,False,False,True,False,False,76.35833333333333,8.103494623655912,0.9090909090909092
S1796,Ahmed,Davis,student796@university.com,20,89.28,93.71,88.38,78.97,56.45,81.8,79.82,81.678,3,18.9,0,1,1,0,8,8.4,True,False,False,False,False,True,79.85499999999999,4.321587301587302,0.9523809523809524
S1797,Omar,Jones,student797@university.com,21,97.1,81.12,61.29,82.96,92.28,68.8,80.35,76.7075,2,28.2,0,1,0,1,10,5.1,False,True,False,False,False,True,77.8,2.720124113475177,1.9607843137254903
S1798,Ali,Brown,student798@university.com,23,93.85,64.81,88.72,92.8,86.6,91.4,73.9,81.22149999999999,3,10.4,1,0,1,1,8,5.9,True,False,True,False,False,False,83.03833333333331,7.809759615384614,1.3559322033898304
S1799,John,Jones,student799@university.com,21,60.43,61.69,95.37,86.6,70.81,71.39999999999999,97.66,86.035,3,13.6,1,1,0,0,4,7.2,False,True,False,False,True,False,80.58833333333332,6.326102941176471,0.5555555555555556
S1800,Ali,Johnson,student800@university.com,24,74.8,84.28,96.82,60.56,94.44,95.4,55.41,76.768,2,14.7,1,1,1,0,8,6.1,True,False,True,False,False,False,81.15166666666666,5.222312925170068,1.3114754098360657
S1801,Emma,Johnson,student801@university.com,19,67.39,84.47,80.99,73.34,67.57,2.5,70.33,71.89999999999999,2,14.6,0,1,1,2,10,7.6,False,True,False,False,True,False,63.2,4.924657534246575,1.3157894736842106
S1802,Ali,Smith,student802@university.com,23,69.99,76.42,52.68,99.01,81.69,92.2,94.15,80.5085,3,20.0,0,1,3,2,5,7.3,True,False,False,True,False,False,82.69166666666666,4.025425,0.684931506849315
S1803,Ali,Smith,student803@university.com,23,68.04,57.49,42.38,77.73,81.72,55.6,69.32,62.62599999999999,1,14.8,1,0,1,2,4,7.3,False,True,False,False,True,False,64.04,4.231486486486486,0.547945205479452
S1804,Emma,Johnson,student804@university.com,21,91.32,95.51,48.83,96.91,59.22,11.2,71.23,68.9215,1,21.9,1,1,0,2,7,6.1,True,False,True,False,False,False,63.81666666666667,3.147100456621005,1.1475409836065575
S1805,Maria,Davis,student805@university.com,23,72.61,73.11,97.93,90.67,64.24,21.5,83.41,81.5715,3,17.1,1,0,1,1,3,4.3,False,True,False,False,True,False,71.81,4.770263157894736,0.6976744186046512
S1806,Liam,Jones,student806@university.com,23,76.18,87.43,67.73,83.3,95.8,85.19999999999999,83.28,81.366,3,8.9,1,1,1,0,5,8.4,True,False,False,False,False,True,83.79,9.142247191011236,0.5952380952380952
S1807,Ali,Johnson,student807@university.com,22,99.12,52.86,91.3,67.47,59.17,50.6,51.15,64.6665,1,28.7,0,1,0,1,5,4.4,False,True,False,True,False,False,62.09166666666667,2.2531881533101044,1.1363636363636362
S1808,Emma,Smith,student808@university.com,18,53.0,60.64,67.9,65.22,58.68,98.3,72.78,68.471,1,11.0,0,0,0,2,5,6.3,True,False,False,False,False,True,70.58666666666666,6.224636363636364,0.7936507936507937
S1809,Ahmed,Johnson,student809@university.com,19,74.4,92.47,79.65,82.17,73.98,11.8,66.68,74.10050000000001,2,19.1,1,1,3,2,2,5.5,True,False,False,False,False,True,67.79166666666667,3.879607329842932,0.3636363636363636
S1810,John,Davis,student810@university.com,21,88.7,43.01,41.45,71.63,54.61,41.3,81.38,59.49849999999999,0,6.5,1,0,3,1,10,5.5,True,False,False,False,False,True,55.56333333333333,9.153615384615383,1.818181818181818
S1811,John,Johnson,student811@university.com,22,57.56,70.74,54.99,89.94,94.73,33.2,77.79,72.3195,2,28.0,0,0,1,1,7,5.1,False,True,False,False,False,True,70.23166666666667,2.582839285714286,1.3725490196078431
S1812,Ali,Jones,student812@university.com,24,80.58,68.9,66.18,88.02,55.01,51.6,82.54,72.92599999999999,2,28.2,1,1,3,0,10,5.4,False,True,False,False,True,False,68.70833333333334,2.586028368794326,1.851851851851852
S1813,Maria,Brown,student813@university.com,24,61.97,85.07,77.84,65.61,80.83,63.3,82.69,78.11699999999999,2,14.1,1,0,3,2,7,8.8,False,True,False,False,False,True,75.89,5.540212765957446,0.7954545454545454
S1814,Maria,Davis,student814@university.com,20,93.37,56.91,50.29,85.14,66.99,66.2,62.74,62.711,1,8.0,0,0,2,2,8,8.9,False,True,False,False,True,False,64.71166666666666,7.838875,0.898876404494382
S1815,Ahmed,Smith,student815@university.com,23,66.35,53.14,85.87,74.73,90.21,0.1,62.32,68.37,1,24.2,0,1,0,1,7,6.9,False,True,False,False,False,True,61.06166666666667,2.8252066115702483,1.0144927536231882
S1816,Ali,Jones,student816@university.com,23,66.45,95.57,61.86,66.16,79.49,8.9,68.51,68.6715,1,11.6,0,0,3,0,1,6.6,True,False,True,False,False,False,63.41499999999999,5.919956896551724,0.1515151515151515
S1817,John,Johnson,student817@university.com,21,79.91,74.3,89.05,70.65,69.42,3.5,62.1,69.752,1,22.5,0,1,2,1,9,4.2,False,True,False,False,False,True,61.50333333333334,3.1000888888888887,2.142857142857143
S1818,Maria,Johnson,student818@university.com,18,59.18,46.28,45.88,94.77,99.19,86.5,84.14,72.1135,2,27.9,1,0,2,1,4,8.0,True,False,True,False,False,False,76.12666666666667,2.5847132616487456,0.5
S1819,Ali,Brown,student819@university.com,18,64.24,51.58,80.79,67.98,53.31,31.3,80.14,69.0695,1,19.8,0,0,3,1,1,4.9,True,False,False,False,True,False,60.85,3.488358585858586,0.2040816326530612
S1820,Omar,Smith,student820@university.com,21,70.83,99.93,57.6,64.37,78.89,36.7,60.82,67.015,1,26.5,1,1,1,2,10,4.7,False,True,False,True,False,False,66.385,2.528867924528302,2.127659574468085
S1821,Maria,Smith,student821@university.com,21,67.68,51.74,87.72,67.59,99.48,45.0,94.21,80.2905,3,10.6,0,0,3,0,2,6.1,True,False,False,False,True,False,74.29,7.574575471698113,0.3278688524590164
S1822,Emma,Williams,student822@university.com,22,76.24,76.63,64.13,60.73,84.55,84.9,73.03,71.24549999999999,2,27.8,1,1,3,1,8,5.7,False,True,False,True,False,False,73.99499999999999,2.562787769784173,1.4035087719298245
S1823,Omar,Smith,student823@university.com,24,79.98,65.21,79.92,77.23,86.99,1.4,56.35,67.02,1,10.7,1,1,0,1,8,4.5,False,True,False,True,False,False,61.18333333333334,6.263551401869159,1.7777777777777777
S1824,Liam,Brown,student824@university.com,21,78.33,93.14,96.06,57.37,51.6,11.9,60.65,70.54150000000001,2,10.6,0,0,1,0,9,4.7,False,True,False,False,False,True,61.78666666666666,6.654858490566039,1.9148936170212765
S1825,Maria,Williams,student825@university.com,24,82.71,85.31,41.24,90.87,51.07,68.5,76.99,68.366,1,27.0,0,0,1,2,9,9.0,True,False,False,True,False,False,68.99666666666667,2.532074074074074,1.0
S1826,John,Williams,student826@university.com,20,65.39,75.82,40.67,61.28,51.81,96.4,66.92,60.8095,1,18.9,0,1,3,1,10,7.7,False,True,False,False,True,False,65.48333333333333,3.2174338624338628,1.2987012987012987
S1827,Sara,Johnson,student827@university.com,24,56.32,40.64,86.22,79.9,99.59,64.3,92.56,80.578,3,25.0,0,1,3,1,8,7.0,False,True,False,False,False,True,77.20166666666667,3.22312,1.1428571428571428
S1828,Omar,Johnson,student828@university.com,22,88.04,92.79,78.78,56.25,98.98,26.1,74.74,75.676,2,25.1,0,0,0,2,4,5.5,False,True,False,True,False,False,71.27333333333334,3.014980079681275,0.7272727272727273
S1829,Liam,Smith,student829@university.com,23,92.54,66.68,57.58,98.92,66.73,52.0,95.76,77.236,2,21.2,1,0,1,2,10,6.1,True,False,False,False,True,False,72.94500000000001,3.643207547169812,1.639344262295082
S1830,Ahmed,Williams,student830@university.com,23,62.85,95.89,69.66,72.73,64.55,97.5,55.09,70.565,2,9.7,0,1,2,2,7,7.1,False,True,False,True,False,False,75.90333333333335,7.274742268041237,0.9859154929577464
S1831,Ahmed,Johnson,student831@university.com,24,70.35,69.73,42.52,91.11,57.3,52.8,83.43,68.155,1,22.3,0,0,1,1,9,7.9,True,False,False,True,False,False,66.14833333333334,3.0562780269058294,1.1392405063291138
S1833,Maria,Johnson,student833@university.com,23,76.67,44.16,65.47,85.68,68.51,38.3,64.65,64.0045,1,10.0,0,0,3,1,6,4.6,False,True,False,False,False,True,61.12833333333333,6.400449999999999,1.3043478260869563
S1834,Ali,Davis,student834@university.com,19,82.97,84.71,90.04,91.37,87.41,96.7,56.78,79.532,2,21.1,1,1,2,2,1,5.0,True,False,False,False,True,False,84.50166666666667,3.7692890995260657,0.2
S1835,Maria,Davis,student835@university.com,20,52.08,60.28,68.78,55.02,93.31,71.9,72.83,69.265,1,27.7,1,0,0,1,10,6.8,True,False,False,False,False,True,70.35333333333332,2.500541516245488,1.4705882352941178
S1836,John,Johnson,student836@university.com,22,86.07,61.08,75.18,83.92,87.34,68.7,98.07,82.135,3,24.3,0,0,3,2,9,8.7,False,True,False,False,False,True,79.04833333333333,3.380041152263374,1.0344827586206895
S1837,Ahmed,Williams,student837@university.com,22,53.1,47.12,92.43,63.29,82.32,23.2,81.67,73.562,2,13.3,1,0,0,1,2,6.3,False,True,True,False,False,False,65.005,5.530977443609022,0.3174603174603174
S1838,Maria,Williams,student838@university.com,23,73.41,48.81,58.53,89.29,88.3,55.9,82.2,71.63250000000001,2,25.6,0,1,1,0,3,7.2,False,True,True,False,False,False,70.505,2.79814453125,0.4166666666666666
S1839,Ahmed,Jones,student839@university.com,18,91.38,51.15,82.04,97.84,86.92,35.7,83.58,78.4095,2,29.2,0,0,0,2,5,5.5,True,False,False,False,True,False,72.87166666666666,2.6852568493150684,0.9090909090909092
S1840,Omar,Davis,student840@university.com,22,72.56,59.69,91.7,95.07,73.79,24.0,51.99,70.315,2,13.3,1,1,1,2,5,8.1,False,True,False,False,False,True,66.04,5.286842105263157,0.617283950617284
S1841,Liam,Brown,student841@university.com,20,57.45,93.52,52.16,55.75,66.79,89.60000000000001,72.28,68.2735,1,9.7,0,1,1,0,5,7.0,True,False,False,False,True,False,71.68333333333334,7.038505154639176,0.7142857142857143
S1842,Ali,Williams,student842@university.com,21,99.25,62.1,61.39,68.48,64.14,38.3,53.88,59.4275,0,9.9,0,0,1,1,4,5.9,True,False,True,False,False,False,58.04833333333334,6.002777777777777,0.6779661016949152
S1843,Omar,Smith,student843@university.com,20,94.46,83.46,98.79,68.22,83.97,28.3,65.79,76.99849999999999,2,15.0,0,0,1,0,5,6.7,True,False,True,False,False,False,71.42166666666667,5.133233333333333,0.7462686567164178
S1845,Ahmed,Brown,student845@university.com,23,70.58,75.47,53.39,54.91,79.05,19.7,82.81,66.6375,1,17.2,0,0,1,1,1,5.1,True,False,False,False,True,False,60.88833333333333,3.8742732558139537,0.196078431372549
S1846,Sara,Brown,student846@university.com,19,59.19,68.91,43.99,69.24,95.63,74.6,99.78,74.947,2,23.3,1,0,3,2,7,5.7,False,True,False,False,False,True,75.35833333333333,3.216609442060086,1.2280701754385963
S1847,Sara,Williams,student847@university.com,24,97.07,98.68,56.26,99.6,50.71,65.3,58.61,69.726,1,18.3,0,1,1,2,10,5.3,False,True,False,True,False,False,71.52666666666667,3.8101639344262295,1.8867924528301887
S1848,Omar,Brown,student848@university.com,22,76.62,90.77,63.86,78.45,89.72,92.0,69.85,75.875,2,29.3,1,0,0,2,2,8.8,True,False,False,False,False,True,80.77499999999999,2.589590443686007,0.2272727272727272
S1849,Emma,Williams,student849@university.com,24,92.62,67.29,66.46,81.09,92.68,83.2,90.48,79.444,2,16.5,0,1,1,0,8,4.2,True,False,False,False,True,False,80.2,4.814787878787879,1.9047619047619049
S1851,Sara,Davis,student851@university.com,22,66.76,51.58,93.97,83.12,96.7,31.5,57.69,72.2495,2,16.8,1,1,1,2,6,5.8,False,True,False,True,False,False,69.09333333333333,4.300565476190476,1.0344827586206895
S1852,Ahmed,Jones,student852@university.com,22,99.28,73.74,59.82,97.83,79.5,49.6,71.38,72.53450000000001,2,28.2,0,0,2,1,1,6.7,True,False,False,False,True,False,71.97833333333334,2.572145390070922,0.1492537313432835
S1853,John,Johnson,student853@university.com,23,76.09,44.48,91.0,79.43,62.03,94.4,69.19,73.01650000000001,2,7.4,1,1,3,0,8,5.6,True,False,True,False,False,False,73.42166666666667,9.867094594594596,1.4285714285714286
S1854,Omar,Davis,student854@university.com,22,57.03,60.89,45.61,53.25,60.79,2.3000000000000003,99.01,64.4205,1,10.6,0,0,1,2,2,8.3,False,True,False,False,True,False,53.64166666666667,6.077405660377359,0.2409638554216867
S1855,Ahmed,Williams,student855@university.com,18,60.98,53.55,42.51,74.64,77.79,79.4,72.81,63.44799999999999,1,22.9,0,0,3,0,8,4.8,False,True,False,True,False,False,66.78333333333333,2.770655021834061,1.6666666666666667
S1856,John,Davis,student856@university.com,18,74.1,83.13,70.24,99.64,95.32,25.2,93.05,83.68249999999999,3,12.4,0,0,3,1,4,5.8,True,False,True,False,False,False,77.76333333333334,6.748588709677418,0.6896551724137931
S1857,John,Williams,student857@university.com,21,52.12,69.41,43.58,69.37,53.62,18.5,94.4,66.31899999999999,1,24.1,0,0,1,2,3,6.4,False,True,False,False,False,True,58.14666666666667,2.751825726141078,0.46875
S1858,Sara,Johnson,student858@university.com,22,73.13,85.06,63.55,79.69,80.22,23.2,57.89,67.149,1,15.5,0,1,1,2,2,5.0,False,True,False,False,True,False,64.93499999999999,4.332193548387097,0.4
S1859,Omar,Smith,student859@university.com,19,70.95,70.92,93.81,55.33,88.49,6.0,85.77,77.27,2,24.9,0,0,3,2,4,5.5,True,False,False,True,False,False,66.72,3.1032128514056225,0.7272727272727273
S1860,Maria,Smith,student860@university.com,21,88.97,45.19,54.49,57.06,55.77,99.2,63.88,58.661,0,18.8,1,0,1,2,10,8.7,True,False,False,False,False,True,62.598333333333336,3.1202659574468083,1.149425287356322
S1861,Ali,Davis,student861@university.com,23,67.75,84.12,82.36,93.73,55.84,87.0,54.74,73.6235,2,7.1,0,0,1,0,10,6.6,True,False,False,True,False,False,76.29833333333335,10.369507042253522,1.5151515151515151
S1862,Sara,Smith,student862@university.com,22,99.13,89.99,58.14,65.02,68.31,52.1,93.74,75.3445,2,14.7,0,0,3,0,2,8.3,False,True,False,False,True,False,71.21666666666667,5.12547619047619,0.2409638554216867
S1863,Sara,Williams,student863@university.com,18,59.04,94.21,42.7,65.27,63.69,71.5,64.62,63.92700000000001,1,13.3,0,1,0,1,3,5.3,True,False,False,True,False,False,66.99833333333333,4.806541353383459,0.5660377358490566
S1864,Maria,Brown,student864@university.com,19,79.55,74.32,73.4,69.36,59.92,55.7,67.27,68.86,1,25.3,1,1,2,2,2,7.1,False,True,True,False,False,False,66.66166666666666,2.7217391304347824,0.2816901408450704
S1865,Ali,Williams,student865@university.com,21,54.48,85.22,90.09,98.32,59.93,81.19999999999999,66.2,79.9665,2,20.6,0,0,0,1,2,7.8,True,False,False,True,False,False,80.16,3.8818689320388335,0.2564102564102564
S1866,Ahmed,Brown,student866@university.com,19,86.69,85.12,64.57,54.22,56.53,84.5,60.01,64.9245,1,24.4,1,1,1,0,10,6.1,True,False,False,False,True,False,67.49166666666666,2.6608401639344264,1.639344262295082
S1867,Emma,Johnson,student867@university.com,22,99.74,49.34,77.04,90.94,80.54,23.3,71.73,71.04,2,14.3,0,0,1,1,9,7.1,False,True,True,False,False,False,65.48166666666667,4.967832167832168,1.267605633802817
S1868,Omar,Jones,student868@university.com,20,90.96,49.85,94.0,67.08,84.41,46.0,71.41,73.20349999999999,2,22.3,1,0,1,0,1,8.3,False,True,False,True,False,False,68.79166666666667,3.282668161434977,0.1204819277108433
S1871,Liam,Williams,student871@university.com,23,91.75,68.41,84.0,67.43,97.65,68.3,66.99,74.65299999999999,2,12.2,1,0,1,2,3,8.1,False,True,False,False,False,True,75.46333333333334,6.119098360655737,0.3703703703703704
S1872,Sara,Johnson,student872@university.com,18,96.8,99.87,70.11,56.47,94.03,89.80000000000001,51.52,70.3275,2,24.3,1,1,3,0,1,5.2,True,False,False,False,False,True,76.96666666666667,2.894135802469136,0.1923076923076923
S1873,Ali,Smith,student873@university.com,22,99.46,65.86,84.76,57.22,97.88,84.60000000000001,58.92,71.346,2,18.4,1,1,3,1,9,6.8,False,True,True,False,False,False,74.87333333333335,3.8775,1.3235294117647058
S1874,Sara,Johnson,student874@university.com,19,69.83,83.57,69.67,87.94,69.44,58.2,86.07,78.819,2,15.2,0,0,3,1,5,6.2,False,True,False,True,False,False,75.815,5.18546052631579,0.8064516129032258
S1875,John,Jones,student875@university.com,22,99.55,81.6,47.68,57.25,93.89,89.39999999999999,79.54,70.4685,2,27.4,1,0,2,2,4,7.3,True,False,False,False,False,True,74.89333333333333,2.571843065693431,0.547945205479452
S1876,Sara,Williams,student876@university.com,18,57.8,52.27,74.19,63.02,88.14,37.7,97.59,75.817,2,17.4,0,0,1,2,8,7.3,False,True,True,False,False,False,68.81833333333333,4.357298850574713,1.095890410958904
S1877,Sara,Davis,student877@university.com,23,62.68,43.51,69.53,60.22,67.0,37.9,84.72,66.953,1,20.3,0,0,0,2,1,6.9,False,True,False,False,True,False,60.48,3.298177339901478,0.144927536231884
S1878,Ahmed,Williams,student878@university.com,22,54.45,72.76,71.08,67.78,55.33,78.1,59.71,66.202,1,29.6,1,0,0,1,9,8.7,False,True,False,True,False,False,67.46,2.236554054054054,1.0344827586206895
S1879,Ahmed,Jones,student879@university.com,24,63.59,82.02,92.73,53.72,84.13,13.5,56.03,69.4405,1,18.1,0,0,0,0,2,4.9,True,False,False,False,True,False,63.68833333333333,3.836491712707182,0.4081632653061224
S1880,Ahmed,Williams,student880@university.com,18,88.4,99.9,93.69,92.84,56.82,30.6,76.04,82.3575,3,24.6,1,0,1,2,8,8.2,False,True,False,True,False,False,74.98166666666667,3.3478658536585364,0.9756097560975612
S1881,Emma,Davis,student881@university.com,18,92.65,61.52,67.21,93.01,64.69,60.9,83.26,74.474,2,15.3,1,0,1,2,7,6.4,True,False,False,False,False,True,71.765,4.867581699346405,1.09375
S1883,Liam,Johnson,student883@university.com,23,81.55,62.92,70.91,80.6,83.99,94.1,80.08,76.3835,2,25.9,0,1,3,1,2,5.4,True,False,False,False,True,False,78.76666666666667,2.9491698841698843,0.3703703703703703
S1884,Liam,Davis,student884@university.com,23,75.7,81.36,71.18,82.1,96.31,95.9,93.25,84.715,3,28.6,0,0,1,1,10,4.5,False,True,True,False,False,False,86.68333333333334,2.962062937062937,2.2222222222222223
S1885,Ahmed,Smith,student885@university.com,24,85.44,75.9,97.02,87.46,79.66,50.3,86.38,85.154,3,15.9,1,0,3,0,10,7.9,False,True,False,False,False,True,79.45333333333333,5.355597484276729,1.2658227848101264
S1886,Ali,Jones,student886@university.com,22,69.54,43.18,78.96,76.03,83.57,53.9,83.21,73.6365,2,17.6,0,0,3,2,6,5.3,True,False,False,False,False,True,69.80833333333332,4.183892045454545,1.1320754716981132
S1887,Emma,Brown,student887@university.com,20,92.07,44.7,56.65,75.52,65.5,72.5,89.47,69.21149999999999,1,15.6,1,0,1,1,5,6.0,True,False,False,True,False,False,67.39,4.436634615384615,0.8333333333333334
S1888,Maria,Smith,student888@university.com,24,83.86,41.25,71.89,81.57,84.36,45.7,55.2,63.6765,1,29.9,1,0,0,2,7,4.2,False,True,True,False,False,False,63.328333333333326,2.129648829431438,1.6666666666666663
S1889,Ali,Smith,student889@university.com,21,84.89,62.25,77.63,85.15,71.89,19.0,60.19,67.7135,1,27.6,1,1,2,2,2,7.3,True,False,True,False,False,False,62.685,2.45338768115942,0.273972602739726
S1891,Omar,Brown,student891@university.com,18,94.26,50.37,75.12,66.52,69.62,73.8,57.25,64.1405,1,24.5,0,1,3,1,9,8.5,False,True,False,False,True,False,65.44666666666667,2.617979591836735,1.0588235294117647
S1892,Ali,Smith,student892@university.com,23,62.6,76.35,50.66,63.49,73.41,24.5,95.66,70.905,2,20.0,0,0,3,0,3,8.5,True,False,False,True,False,False,64.01166666666666,3.54525,0.3529411764705882
S1893,Ahmed,Smith,student893@university.com,24,69.06,57.33,42.02,77.44,71.63,83.3,61.11,60.3815,1,5.6,0,1,2,1,1,7.5,False,True,False,True,False,False,65.47166666666666,10.782410714285716,0.1333333333333333
S1894,Maria,Brown,student894@university.com,20,88.88,87.82,60.27,68.01,90.56,61.4,83.1,75.498,2,16.1,0,0,2,2,8,5.6,False,True,False,True,False,False,75.19333333333333,4.689316770186335,1.4285714285714286
S1895,Maria,Williams,student895@university.com,19,74.64,87.9,65.65,77.02,97.68,23.6,84.58,77.4725,2,8.7,1,0,2,2,7,5.9,True,False,True,False,False,False,72.73833333333333,8.904885057471265,1.1864406779661016
S1896,Emma,Smith,student896@university.com,19,94.46,86.52,43.71,70.3,66.36,65.19999999999999,82.27,69.0275,1,26.8,1,1,1,1,7,5.9,False,True,False,True,False,False,69.05999999999999,2.575652985074627,1.1864406779661016
S1898,Omar,Brown,student898@university.com,23,68.47,57.07,60.64,53.66,85.3,26.5,74.31,63.9175,1,26.8,1,0,2,2,10,8.7,False,True,False,True,False,False,59.580000000000005,2.384981343283582,1.149425287356322
S1899,John,Smith,student899@university.com,21,94.44,88.57,94.82,78.61,94.77,84.80000000000001,71.0,83.799,3,28.5,1,1,1,2,3,8.1,True,False,False,False,False,True,85.42833333333333,2.9403157894736847,0.3703703703703704
S1900,Ahmed,Jones,student900@university.com,23,73.22,51.17,49.26,78.78,74.69,92.9,95.84,72.6735,2,6.8,1,0,0,0,9,4.7,True,False,False,False,True,False,73.77333333333333,10.687279411764706,1.9148936170212765
S1901,Maria,Davis,student901@university.com,20,75.81,57.39,43.42,69.19,55.44,25.7,50.48,51.81499999999999,0,23.0,0,1,2,2,3,8.7,True,False,False,False,True,False,50.27,2.2528260869565213,0.3448275862068966
S1902,Emma,Johnson,student902@university.com,23,66.64,51.04,68.94,71.05,68.43,92.8,52.67,62.8325,1,18.7,0,1,3,2,7,8.2,False,True,False,False,True,False,67.48833333333333,3.3600267379679147,0.853658536585366
S1903,Omar,Davis,student903@university.com,22,63.83,80.45,51.35,90.01,77.52,23.9,74.63,69.7425,1,28.9,1,0,1,1,7,8.6,False,True,False,False,True,False,66.30999999999999,2.413235294117648,0.813953488372093
S1904,John,Davis,student904@university.com,24,82.8,81.17,96.24,64.03,70.88,11.7,66.53,73.47200000000001,2,25.0,1,0,3,0,10,5.4,True,False,True,False,False,False,65.09166666666665,2.93888,1.851851851851852
S1905,Sara,Smith,student905@university.com,20,55.99,79.15,40.62,93.57,59.33,5.8,70.41,63.409,1,22.4,1,1,3,0,7,5.7,True,False,True,False,False,False,58.14666666666667,2.8307589285714285,1.2280701754385963
S1906,Sara,Johnson,student906@university.com,21,93.96,64.94,64.76,94.82,51.85,24.2,99.89,76.51599999999999,2,28.1,1,0,1,1,1,6.3,False,True,False,True,False,False,66.74333333333333,2.722989323843416,0.1587301587301587
S1907,John,Johnson,student907@university.com,22,88.96,46.01,95.6,82.53,84.37,38.5,88.76,80.17099999999999,3,9.0,0,1,0,1,10,5.1,True,False,True,False,False,False,72.62833333333333,8.907888888888888,1.9607843137254903
S1908,Omar,Williams,student908@university.com,22,59.54,94.67,63.07,88.64,99.64,92.8,93.87,86.029,3,14.4,0,1,3,0,2,6.3,True,False,False,False,True,False,88.78166666666668,5.974236111111111,0.3174603174603174
S1909,Emma,Davis,student909@university.com,24,84.7,70.46,45.59,80.65,95.96,24.2,68.43,65.399,1,26.1,1,1,0,1,2,4.0,True,False,False,False,False,True,64.21499999999999,2.5057088122605364,0.5
S1910,John,Johnson,student910@university.com,19,80.13,64.42,58.17,76.26,84.16,36.5,61.98,64.4795,1,7.5,1,1,1,1,3,8.4,True,False,False,True,False,False,63.58166666666667,8.597266666666666,0.3571428571428571
S1911,Ahmed,Williams,student911@university.com,20,59.23,75.33,69.88,98.33,92.08,73.4,88.4,82.917,3,28.4,0,0,2,0,4,4.8,True,False,False,True,False,False,82.90333333333332,2.9196126760563383,0.8333333333333334
S1912,Ahmed,Brown,student912@university.com,24,63.66,51.57,51.11,64.13,62.79,30.2,90.38,65.03549999999998,1,23.6,0,0,3,1,1,6.5,False,True,False,False,True,False,58.36333333333334,2.755741525423728,0.1538461538461538
S1913,Sara,Williams,student913@university.com,22,70.45,47.95,67.99,57.71,81.12,68.4,77.49,67.6255,1,16.0,0,0,3,1,5,8.6,True,False,False,False,True,False,66.77666666666667,4.22659375,0.5813953488372093
S1914,Maria,Jones,student914@university.com,21,84.96,64.33,90.18,64.37,53.03,43.2,94.8,77.753,2,13.5,1,1,1,0,1,8.1,True,False,False,False,True,False,68.31833333333333,5.759481481481481,0.1234567901234568
S1915,Emma,Smith,student915@university.com,24,81.94,53.63,92.36,80.73,85.36,19.6,98.37,82.271,3,8.7,1,0,1,0,7,7.9,False,True,True,False,False,False,71.67500000000001,9.456436781609195,0.8860759493670886
S1916,Sara,Brown,student916@university.com,19,76.61,54.66,42.96,59.26,98.49,73.4,73.55,63.412,1,7.3,0,0,2,1,7,7.0,False,True,False,True,False,False,67.05333333333333,8.686575342465753,1.0
S1917,Maria,Brown,student917@university.com,22,88.42,93.55,49.65,95.44,93.04,2.7,61.13,68.53899999999999,1,15.6,0,1,1,2,2,6.2,False,True,False,False,True,False,65.91833333333334,4.39352564102564,0.3225806451612903
S1918,Maria,Jones,student918@university.com,24,87.9,71.85,56.52,70.55,76.72,29.2,75.86,67.38,1,26.1,0,0,1,2,4,6.2,False,True,False,False,False,True,63.45,2.5816091954022986,0.6451612903225806
S1919,Liam,Williams,student919@university.com,20,80.89,69.01,75.69,92.5,89.44,35.6,99.48,83.71700000000001,3,18.3,1,1,1,1,9,4.4,True,False,False,True,False,False,76.95333333333333,4.574699453551913,2.0454545454545454
S1920,Ahmed,Smith,student920@university.com,19,89.35,81.37,61.66,62.46,97.19,45.8,64.65,68.3935,1,16.3,1,0,1,1,1,4.3,True,False,False,True,False,False,68.855,4.195920245398773,0.2325581395348837
S1921,Omar,Williams,student921@university.com,20,66.71,97.09,90.64,65.66,60.8,68.0,80.88,80.81649999999999,3,13.0,0,1,2,2,10,8.2,True,False,True,False,False,False,77.17833333333333,6.216653846153846,1.2195121951219514
S1922,Ali,Johnson,student922@university.com,20,94.06,46.73,83.0,52.96,89.66,45.9,84.7,72.3745,2,8.9,0,1,1,0,6,6.0,True,False,False,True,False,False,67.15833333333333,8.13196629213483,1.0
S1923,Omar,Williams,student923@university.com,20,80.75,90.01,46.03,62.89,63.49,59.400000000000006,60.7,61.9715,1,29.8,1,0,3,2,10,4.3,False,True,False,False,True,False,63.75333333333334,2.079580536912752,2.3255813953488373
S1925,John,Smith,student925@university.com,19,77.31,48.77,46.78,97.31,54.92,37.3,65.73,60.68300000000001,1,12.8,1,0,1,0,6,7.4,True,False,False,False,False,True,58.46833333333334,4.740859375,0.8108108108108107
S1926,Ahmed,Williams,student926@university.com,24,60.92,57.83,55.3,69.45,58.91,93.4,92.71,71.291,2,24.2,1,0,1,1,1,5.1,True,False,False,True,False,False,71.26666666666667,2.945909090909091,0.196078431372549
S1927,Maria,Smith,student927@university.com,24,77.12,68.94,50.67,81.99,86.03,95.6,85.74,74.41199999999999,2,18.0,1,1,2,0,3,6.1,True,False,False,True,False,False,78.16166666666668,4.134,0.4918032786885246
S1928,Emma,Smith,student928@university.com,24,68.56,81.47,50.38,71.39,58.74,58.2,91.31,71.70100000000001,2,12.8,0,1,3,1,4,6.9,True,False,True,False,False,False,68.58166666666666,5.601640625,0.5797101449275363
S1929,Ali,Johnson,student929@university.com,22,84.87,54.56,76.98,52.34,57.9,7.199999999999999,59.98,59.424,0,29.8,1,0,1,1,10,7.0,False,True,False,False,True,False,51.49333333333334,1.9940939597315437,1.4285714285714286
S1930,Omar,Johnson,student930@university.com,23,73.79,72.09,73.82,75.18,77.77,49.1,51.73,66.2965,1,20.5,0,1,0,2,5,6.6,True,False,False,False,False,True,66.61500000000001,3.233975609756097,0.7575757575757576
S1931,Maria,Brown,student931@university.com,18,91.81,81.08,50.56,53.3,91.75,18.4,92.53,70.651,2,12.4,1,0,1,0,7,5.8,False,True,False,False,True,False,64.60333333333334,5.69766129032258,1.206896551724138
S1932,Ali,Jones,student932@university.com,22,83.9,66.92,99.41,94.18,63.42,48.3,69.34,78.57650000000001,2,26.2,0,1,3,1,2,4.3,False,True,False,True,False,False,73.59500000000001,2.999103053435115,0.4651162790697674
S1933,Ali,Smith,student933@university.com,19,84.23,91.78,65.31,87.65,92.06,18.8,58.99,71.08500000000001,2,8.8,0,0,2,0,6,4.1,False,True,False,True,False,False,69.09833333333334,8.07784090909091,1.4634146341463417
S1934,Liam,Jones,student934@university.com,18,60.86,92.17,45.82,68.93,90.4,70.4,54.59,64.557,1,16.6,0,0,1,1,4,6.3,False,True,False,False,False,True,70.385,3.8889759036144578,0.6349206349206349
S1935,Ali,Brown,student935@university.com,18,99.21,68.24,47.23,82.01,78.96,8.0,75.83,65.39,1,26.0,1,1,1,0,6,5.0,True,False,False,True,False,False,60.045,2.515,1.2
S1936,Emma,Smith,student936@university.com,18,92.08,98.38,75.03,55.6,82.33,95.3,57.51,72.1055,2,29.6,0,1,1,0,7,8.7,True,False,False,False,False,True,77.35833333333333,2.4359966216216216,0.8045977011494253
S1937,Ahmed,Smith,student937@university.com,23,89.45,44.54,98.74,85.13,52.02,19.5,78.33,73.8115,2,14.6,0,1,3,1,7,7.2,True,False,False,False,False,True,63.04333333333333,5.055582191780822,0.9722222222222222
S1938,Emma,Davis,student938@university.com,24,66.51,40.2,74.32,91.14,68.36,66.10000000000001,86.37,74.333,2,8.5,0,1,1,0,5,6.9,True,False,False,False,True,False,71.08166666666666,8.745058823529412,0.7246376811594203
S1939,Sara,Jones,student939@university.com,21,76.78,62.84,96.94,91.09,63.17,91.7,76.75,81.2515,3,19.2,1,0,1,1,7,6.0,False,True,False,False,False,True,80.415,4.231848958333333,1.1666666666666667
S1940,Maria,Williams,student940@university.com,19,56.86,76.07,66.65,64.21,57.5,24.8,95.18,73.2485,2,28.6,1,0,3,1,3,5.6,False,True,False,True,False,False,64.06833333333334,2.5611363636363635,0.5357142857142857
S1941,Ahmed,Johnson,student941@university.com,23,76.92,77.75,66.15,63.19,69.48,93.4,57.78,66.6305,1,21.6,1,1,2,0,10,4.9,False,True,True,False,False,False,71.29166666666667,3.08474537037037,2.0408163265306123
S1942,Liam,Williams,student942@university.com,23,57.29,68.59,70.0,76.07,67.75,38.9,74.7,70.329,2,20.1,0,1,1,2,5,4.3,True,False,True,False,False,False,66.00166666666665,3.4989552238805963,1.162790697674419
S1943,Ahmed,Jones,student943@university.com,21,77.65,47.49,81.85,98.39,86.44,96.1,58.16,73.24149999999999,2,12.7,0,1,1,0,5,7.2,False,True,False,True,False,False,78.07166666666666,5.767047244094488,0.6944444444444444
S1944,Ahmed,Johnson,student944@university.com,18,82.44,50.23,62.06,96.03,79.9,97.1,93.8,78.43900000000001,2,20.2,0,0,3,1,2,7.9,False,True,True,False,False,False,79.85333333333334,3.883118811881189,0.2531645569620253
S1945,Omar,Williams,student945@university.com,24,69.51,91.13,91.83,67.98,95.66,18.8,96.61,86.31299999999999,3,27.1,0,0,0,1,4,8.3,False,True,True,False,False,False,77.00166666666668,3.1849815498154976,0.4819277108433734
S1946,Ahmed,Davis,student946@university.com,21,74.93,92.07,41.76,88.99,57.27,83.10000000000001,70.0,68.481,1,14.4,1,1,2,1,2,7.6,False,True,False,False,False,True,72.19833333333334,4.755624999999999,0.2631578947368421
S1947,Liam,Johnson,student947@university.com,21,93.78,80.43,66.39,96.07,52.99,19.3,65.29,68.9235,1,11.1,0,0,1,0,9,8.5,True,False,True,False,False,False,63.41166666666667,6.209324324324325,1.0588235294117647
S1948,Emma,Smith,student948@university.com,23,55.43,79.85,70.66,63.05,76.73,22.6,63.97,67.094,1,17.0,0,1,0,2,9,8.9,False,True,True,False,False,False,62.81,3.9467058823529406,1.0112359550561798
S1949,Ahmed,Williams,student949@university.com,19,89.59,75.86,76.42,91.51,50.05,8.4,92.99,77.5325,2,14.4,0,0,2,2,1,8.8,False,True,True,False,False,False,65.87166666666667,5.384201388888889,0.1136363636363636
S1950,John,Johnson,student950@university.com,20,58.54,52.18,56.56,63.39,89.39,15.7,84.12,66.43549999999999,1,16.7,0,0,1,1,2,7.0,True,False,False,False,True,False,60.22333333333333,3.9781736526946094,0.2857142857142857
S1951,Maria,Davis,student951@university.com,24,51.84,65.7,65.65,67.16,75.3,63.2,94.03,75.24050000000001,2,7.4,1,1,1,1,8,5.1,True,False,False,True,False,False,71.83999999999999,10.167635135135136,1.5686274509803924
S1952,Ahmed,Johnson,student952@university.com,21,59.28,81.75,69.07,59.94,74.4,44.900000000000006,55.88,64.97,1,13.4,1,1,2,2,3,4.5,True,False,False,False,False,True,64.32333333333332,4.848507462686567,0.6666666666666666
S1953,Maria,Johnson,student953@university.com,24,88.25,72.24,81.21,75.35,68.12,79.1,73.8,75.348,2,25.7,1,0,2,1,3,9.0,False,True,True,False,False,False,74.97,2.931828793774319,0.3333333333333333
S1954,John,Davis,student954@university.com,21,70.26,41.11,86.41,92.17,68.75,33.2,83.81,75.2725,2,15.0,1,1,2,1,10,5.5,False,True,False,True,False,False,67.575,5.018166666666667,1.818181818181818
S1955,John,Williams,student955@university.com,18,93.63,97.21,84.27,76.4,71.56,96.9,94.85,87.565,3,29.2,0,0,2,1,6,4.2,False,True,True,False,False,False,86.86500000000001,2.998801369863014,1.4285714285714286
S1956,Maria,Brown,student956@university.com,24,76.24,90.69,60.49,56.17,50.8,5.0,69.1,63.2115,1,22.7,1,0,0,1,5,6.0,False,True,False,False,True,False,55.375,2.784647577092511,0.8333333333333334
S1957,Ali,Williams,student957@university.com,18,51.11,55.63,99.97,62.59,54.18,6.3,65.65,68.15350000000001,1,14.2,1,1,1,2,4,7.7,True,False,False,False,True,False,57.38666666666668,4.799542253521127,0.5194805194805194
S1958,Sara,Jones,student958@university.com,23,85.84,76.99,90.92,78.14,75.25,70.1,95.65,85.7245,3,11.3,1,1,1,2,7,8.5,False,True,True,False,False,False,81.175,7.586238938053097,0.8235294117647058
S1959,Omar,Davis,student959@university.com,18,55.51,95.39,55.6,79.16,57.51,88.80000000000001,52.38,65.9875,1,22.1,1,0,1,2,1,6.4,False,True,True,False,False,False,71.47333333333334,2.985859728506787,0.15625
S1960,Ali,Williams,student960@university.com,24,89.47,45.76,51.71,78.85,88.94,79.6,73.98,66.687,1,12.6,0,1,0,0,1,5.5,True,False,True,False,False,False,69.80666666666667,5.292619047619048,0.1818181818181818
S1961,Ali,Johnson,student961@university.com,22,58.41,70.18,58.84,53.85,63.72,49.0,72.93,64.0155,1,28.2,0,0,1,2,1,7.9,True,False,False,False,True,False,61.42000000000001,2.270053191489362,0.1265822784810126
S1962,Emma,Davis,student962@university.com,24,67.27,67.37,67.14,87.68,54.89,27.0,57.3,64.07150000000001,1,7.9,0,1,0,1,8,6.5,True,False,False,False,True,False,60.23,8.110316455696204,1.2307692307692308
S1964,Omar,Williams,student964@university.com,18,97.71,90.14,86.7,75.53,67.85,50.9,86.13,81.69449999999999,3,10.5,1,1,0,1,3,8.4,False,True,False,False,False,True,76.20833333333333,7.780428571428571,0.3571428571428571
S1965,Ali,Davis,student965@university.com,19,68.57,62.84,91.07,85.94,51.77,47.6,68.34,73.1435,2,20.2,1,0,0,1,1,7.3,False,True,False,False,False,True,67.92666666666668,3.620965346534654,0.136986301369863
S1966,Ahmed,Williams,student966@university.com,22,91.47,43.82,56.32,95.7,57.08,34.4,65.48,62.08,1,25.9,0,1,2,0,9,4.2,False,True,False,False,True,False,58.8,2.396911196911197,2.142857142857143
S1967,Emma,Davis,student967@university.com,23,59.54,43.95,75.61,82.13,66.19,57.8,89.09,74.0505,2,9.3,1,0,1,1,3,4.0,False,True,False,False,False,True,69.12833333333333,7.962419354838709,0.75
S1968,Emma,Johnson,student968@university.com,20,90.36,42.56,56.99,83.72,65.52,72.9,99.44,73.2185,2,19.6,0,1,3,1,9,4.4,True,False,True,False,False,False,70.18833333333335,3.735637755102041,2.0454545454545454
S1969,John,Smith,student969@university.com,21,82.87,64.55,46.54,86.07,90.02,70.1,88.97,73.426,2,8.6,1,0,0,0,4,8.1,True,False,False,True,False,False,74.375,8.537906976744187,0.4938271604938272
S1970,Liam,Smith,student970@university.com,21,59.64,83.1,81.05,63.03,92.16,26.3,92.32,80.40899999999999,3,19.1,0,1,0,2,1,6.4,False,True,False,False,True,False,72.99333333333333,4.209895287958115,0.15625
S1972,Ali,Davis,student972@university.com,20,56.59,78.79,80.06,92.11,56.2,14.9,90.09,79.042,2,18.9,0,1,2,2,7,5.2,False,True,False,False,False,True,68.69166666666666,4.182116402116402,1.346153846153846
S1973,John,Williams,student973@university.com,20,69.15,81.23,78.88,64.81,81.71,12.2,99.02,80.113,3,18.0,1,1,1,1,6,6.5,False,True,True,False,False,False,69.64166666666667,4.450722222222222,0.9230769230769232
S1975,Sara,Smith,student975@university.com,23,82.2,76.03,48.37,81.02,98.19,69.4,83.08,73.863,2,22.2,0,1,2,1,10,7.1,True,False,False,False,False,True,76.015,3.3271621621621623,1.4084507042253522
S1976,Liam,Brown,student976@university.com,22,99.73,81.09,87.01,71.16,50.34,76.8,84.67,78.865,2,19.3,0,1,2,0,8,5.9,True,False,False,False,True,False,75.17833333333334,4.086269430051813,1.3559322033898304
S1977,Liam,Brown,student977@university.com,21,50.6,68.0,99.96,81.16,70.68,15.2,95.0,83.69200000000001,3,20.6,0,0,3,2,10,8.3,True,False,False,False,True,False,71.66666666666666,4.0627184466019415,1.2048192771084336
S1978,Liam,Smith,student978@university.com,18,77.05,60.2,91.06,70.09,86.7,91.5,84.15,80.7985,3,18.2,1,0,0,1,10,7.8,False,True,False,False,False,True,80.61666666666667,4.439478021978022,1.2820512820512822
S1979,Emma,Davis,student979@university.com,23,78.68,77.15,85.11,91.9,91.43,13.3,88.06,82.861,3,23.0,1,1,2,2,1,4.1,False,True,True,False,False,False,74.49166666666667,3.6026521739130435,0.2439024390243902
S1980,Maria,Jones,student980@university.com,19,95.71,98.67,79.73,74.12,53.11,87.0,60.8,73.75200000000001,2,18.1,1,1,3,1,4,4.8,True,False,False,True,False,False,75.57166666666667,4.074696132596685,0.8333333333333334
S1981,Liam,Smith,student981@university.com,19,75.3,65.61,65.31,95.06,84.03,35.2,95.63,79.27999999999999,2,28.1,0,1,2,0,7,6.4,True,False,False,True,False,False,73.47333333333333,2.8213523131672598,1.09375
S1982,Maria,Johnson,student982@university.com,19,77.19,63.5,83.83,75.49,64.45,10.5,72.36,70.484,2,28.6,0,1,3,2,6,7.3,False,True,False,True,False,False,61.68833333333333,2.464475524475524,0.8219178082191781
S1983,Ahmed,Williams,student983@university.com,24,73.58,67.86,83.45,83.02,53.73,28.700000000000003,58.05,67.7175,1,23.2,0,0,3,0,1,7.6,True,False,False,True,False,False,62.46833333333333,2.91885775862069,0.131578947368421
S1984,Liam,Jones,student984@university.com,23,63.45,44.57,77.89,99.89,74.46,18.1,89.99,76.48949999999999,2,27.8,0,1,3,2,5,8.1,True,False,True,False,False,False,67.48333333333333,2.751420863309352,0.617283950617284
S1985,Sara,Johnson,student985@university.com,23,52.8,73.19,87.78,57.35,57.91,49.1,67.82,70.118,2,28.1,0,0,2,2,6,4.2,False,True,False,False,True,False,65.525,2.4953024911032027,1.4285714285714286
S1987,Maria,Johnson,student987@university.com,23,52.63,47.29,47.28,56.94,87.06,32.8,62.81,56.6435,0,29.8,1,1,1,1,9,7.0,True,False,False,True,False,False,55.696666666666665,1.900788590604027,1.2857142857142858
S1988,Sara,Williams,student988@university.com,24,77.52,67.98,73.54,91.94,92.1,61.2,51.75,70.168,2,11.7,0,1,3,0,5,7.6,True,False,False,True,False,False,73.085,5.997264957264958,0.6578947368421053
S1989,Liam,Williams,student989@university.com,18,65.36,40.2,55.9,79.82,68.88,89.2,54.53,59.685,0,5.5,0,0,0,1,5,7.9,False,True,False,True,False,False,64.755,10.851818181818182,0.6329113924050632
S1990,Sara,Brown,student990@university.com,18,76.68,64.11,63.07,96.91,50.67,63.0,79.63,72.0265,2,29.1,0,1,1,1,8,4.8,True,False,False,False,False,True,69.565,2.4751374570446734,1.6666666666666667
S1991,Maria,Davis,student991@university.com,22,56.71,46.34,41.04,93.3,62.99,36.2,93.31,67.30799999999999,1,10.6,0,1,1,0,6,8.8,True,False,False,False,False,True,62.196666666666665,6.349811320754717,0.6818181818181818
S1992,Sara,Johnson,student992@university.com,21,96.63,41.46,62.97,53.74,73.39,99.1,72.43,64.0455,1,19.6,0,1,1,2,10,5.1,True,False,False,False,True,False,67.18166666666666,3.267627551020408,1.9607843137254903
S1993,Maria,Brown,student993@university.com,18,94.73,89.47,88.53,56.87,84.7,18.700000000000003,81.3,77.8785,2,29.3,0,1,1,0,8,5.3,False,True,False,False,True,False,69.92833333333333,2.6579692832764503,1.509433962264151
S1995,Ahmed,Brown,student995@university.com,20,67.17,52.46,40.59,75.92,76.8,79.7,67.84,61.4215,1,11.7,0,0,0,1,9,4.2,True,False,False,False,False,True,65.55166666666668,5.249700854700855,2.142857142857143
S1996,Ali,Williams,student996@university.com,21,80.67,72.36,68.19,58.43,76.21,0.1,82.72,69.108,1,20.2,1,1,3,2,8,8.0,False,True,True,False,False,False,59.66833333333333,3.4211881188118816,1.0
S1997,Maria,Jones,student997@university.com,18,54.78,56.68,57.49,56.47,58.25,70.19999999999999,67.52,60.93599999999999,1,24.1,1,1,2,1,8,4.0,True,False,False,False,False,True,61.10166666666666,2.528464730290456,2.0
S1998,Liam,Brown,student998@university.com,24,67.73,69.61,68.65,78.2,81.15,26.6,82.14,73.421,2,25.2,0,0,0,1,1,6.3,False,True,False,False,True,False,67.72500000000001,2.9135317460317465,0.1587301587301587
S1999,John,Johnson,student999@university.com,20,62.56,66.2,64.28,52.45,71.96,17.0,60.88,60.1775,1,27.1,1,0,0,1,4,4.5,False,True,False,False,False,True,55.461666666666666,2.2205719557195573,0.8888888888888888
S2000,Emma,Johnson,student1000@university.com,22,95.78,56.14,95.92,93.69,90.4,27.4,98.89,86.5315,3,9.2,0,0,3,1,2,4.2,True,False,False,False,True,False,77.07333333333332,9.405597826086955,0.4761904761904761
S2001,Omar,Davis,student1001@university.com,18,92.63,82.02,42.47,90.35,84.53,96.7,53.81,65.904,1,14.3,0,0,0,1,7,8.7,True,False,False,True,False,False,74.98,4.608671328671329,0.8045977011494253
S2002,Ali,Williams,student1002@university.com,18,78.99,47.59,81.02,89.27,55.57,89.2,75.26,73.379,2,22.9,0,1,0,1,10,8.1,True,False,True,False,False,False,72.985,3.204323144104804,1.234567901234568
S2003,Ali,Johnson,student1003@university.com,23,76.02,43.18,91.06,50.8,74.44,21.4,64.31,64.66900000000001,1,22.9,0,0,1,0,6,6.0,False,True,False,True,False,False,57.531666666666666,2.8239737991266383,1.0
S2004,Ali,Smith,student1004@university.com,20,96.54,86.06,97.55,52.38,85.12,11.7,80.04,78.2625,2,12.7,1,0,1,1,7,6.3,True,False,False,True,False,False,68.80833333333334,6.16240157480315,1.1111111111111112
S2005,Ahmed,Jones,student1005@university.com,18,96.62,79.96,50.66,77.49,54.35,36.4,71.42,64.9635,1,12.6,0,0,1,2,5,8.3,False,True,True,False,False,False,61.71333333333334,5.155833333333333,0.6024096385542168
S2006,Maria,Brown,student1006@university.com,19,98.47,69.91,71.88,99.72,89.62,59.2,65.33,74.9355,2,13.0,1,1,1,2,3,8.0,False,True,True,False,False,False,75.94333333333333,5.764269230769231,0.375
S2007,Ahmed,Davis,student1007@university.com,24,56.27,68.07,42.62,67.12,61.1,86.7,62.5,60.1285,1,27.3,1,1,1,0,4,7.5,True,False,True,False,False,False,64.685,2.2025091575091573,0.5333333333333333
S2008,Maria,Jones,student1008@university.com,23,58.03,69.84,69.95,67.22,75.15,96.6,59.12,68.1275,1,27.7,0,0,2,1,10,6.7,False,True,False,False,True,False,72.98,2.4594765342960287,1.4925373134328357
S2010,Ahmed,Davis,student1010@university.com,18,77.07,63.57,90.27,83.72,78.57,59.900000000000006,61.11,73.84599999999999,2,13.1,0,1,2,0,5,6.0,False,True,False,False,True,False,72.85666666666667,5.6370992366412205,0.8333333333333334
S2011,Ahmed,Brown,student1011@university.com,24,50.92,69.98,46.83,82.33,71.2,14.2,88.68,68.98800000000001,1,14.8,1,1,2,2,6,6.6,True,False,True,False,False,False,62.203333333333326,4.661351351351352,0.9090909090909092
S2012,Emma,Brown,student1012@university.com,23,53.1,71.71,70.8,55.07,50.34,7.4,74.25,64.39599999999999,1,29.6,0,0,1,2,7,6.7,False,True,False,False,True,False,54.928333333333335,2.17554054054054,1.044776119402985
S2013,John,Smith,student1013@university.com,21,94.4,81.51,71.27,73.37,56.67,59.6,53.61,65.7795,1,28.6,0,1,3,0,8,8.3,False,True,True,False,False,False,66.00500000000001,2.2999825174825173,0.9638554216867468
S2014,Ahmed,Williams,student1014@university.com,20,93.44,82.67,98.3,83.35,78.93,53.9,58.27,77.547,2,20.7,0,1,2,1,5,5.1,True,False,False,False,False,True,75.90333333333332,3.746231884057971,0.9803921568627452
S2016,Sara,Davis,student1016@university.com,22,94.55,64.81,57.27,83.72,68.19,32.3,80.14,69.07300000000001,1,9.8,1,0,2,1,5,5.1,True,False,False,True,False,False,64.405,7.048265306122449,0.9803921568627452
S2017,John,Johnson,student1017@university.com,21,79.68,62.42,54.45,90.81,96.16,4.0,59.22,64.179,1,15.9,0,1,1,1,1,6.9,False,True,False,True,False,False,61.17666666666668,4.036415094339623,0.144927536231884
S2018,Liam,Smith,student1018@university.com,24,90.3,72.19,47.69,84.29,66.62,42.400000000000006,85.19,69.73349999999999,1,29.0,0,0,2,0,8,7.5,False,True,False,True,False,False,66.39666666666668,2.4046034482758616,1.0666666666666669
S2020,Omar,Davis,student1020@university.com,23,55.67,93.38,81.45,92.68,78.44,79.6,66.53,80.0545,3,24.8,0,0,1,1,2,7.4,True,False,False,True,False,False,82.01333333333332,3.2280040322580645,0.2702702702702702
S2021,Ali,Davis,student1021@university.com,24,71.69,81.78,76.59,95.03,76.37,3.4000000000000004,77.83,76.825,2,9.8,1,1,1,2,6,7.1,True,False,True,False,False,False,68.49999999999999,7.839285714285714,0.8450704225352114
S2022,Sara,Jones,student1022@university.com,23,72.86,93.92,42.45,69.44,73.88,87.5,64.67,66.28049999999999,1,17.7,1,1,1,2,9,5.6,True,False,False,False,False,True,71.97666666666667,3.744661016949152,1.6071428571428572
S2023,Sara,Jones,student1023@university.com,19,77.55,82.55,85.77,58.66,66.85,47.2,54.0,67.869,1,24.2,0,0,1,2,5,5.1,True,False,False,True,False,False,65.83833333333332,2.804504132231405,0.9803921568627452
S2024,Liam,Jones,student1024@university.com,23,55.28,98.26,78.51,90.89,95.44,36.5,69.98,80.363,3,22.3,1,0,2,2,6,8.4,True,False,False,False,True,False,78.26333333333334,3.6037219730941694,0.7142857142857143
S2025,Emma,Smith,student1025@university.com,21,99.57,78.14,97.83,60.69,72.54,34.7,87.57,80.542,3,24.4,1,1,2,1,3,6.8,False,True,False,False,False,True,71.91166666666666,3.3009016393442625,0.4411764705882353
S2026,Sara,Johnson,student1026@university.com,22,62.21,97.81,75.23,96.45,76.42,59.5,72.93,80.44250000000001,3,25.3,0,1,1,2,9,7.5,False,True,False,True,False,False,79.72333333333334,3.1795454545454547,1.2
S2027,John,Brown,student1027@university.com,18,59.93,49.49,58.24,51.14,82.82,53.1,70.26,61.6695,1,12.6,1,1,0,2,4,8.6,True,False,False,True,False,False,60.84166666666667,4.894404761904762,0.4651162790697674
S2028,Ahmed,Jones,student1028@university.com,19,76.34,43.15,62.89,96.06,53.38,65.7,68.3,65.717,1,14.1,0,1,1,0,6,5.0,False,True,False,False,False,True,64.91333333333334,4.660780141843972,1.2
S2029,Ahmed,Johnson,student1029@university.com,21,76.86,74.75,50.55,79.46,89.06,57.400000000000006,72.95,69.42999999999999,1,25.4,1,0,1,2,4,5.8,False,True,False,True,False,False,70.69500000000001,2.733464566929133,0.6896551724137931
S2031,Liam,Jones,student1031@university.com,21,88.59,65.06,82.46,69.92,82.86,25.7,80.61,74.61599999999999,2,17.9,1,1,2,2,1,5.2,False,True,True,False,False,False,67.76833333333333,4.168491620111731,0.1923076923076923
S2032,Ali,Brown,student1032@university.com,21,75.83,52.72,52.04,99.59,88.6,84.1,53.18,64.87549999999999,1,28.0,0,0,3,0,1,8.2,True,False,True,False,False,False,71.705,2.3169821428571424,0.1219512195121951
S2033,Emma,Williams,student1033@university.com,18,80.48,71.29,49.51,61.38,93.7,66.3,90.37,72.074,2,27.1,1,0,3,1,1,4.4,False,True,False,False,False,True,72.09166666666667,2.6595571955719555,0.2272727272727272
S2034,Ali,Williams,student1034@university.com,20,86.19,78.93,44.62,63.22,69.61,44.8,58.66,59.2765,0,25.1,1,1,3,2,10,5.2,True,False,True,False,False,False,59.973333333333336,2.361613545816733,1.923076923076923
S2036,Liam,Jones,student1036@university.com,23,78.53,82.89,53.98,97.02,62.94,0.8,72.49,68.56249999999999,1,27.2,0,0,1,2,7,8.8,False,True,False,True,False,False,61.68666666666667,2.520680147058823,0.7954545454545454
S2037,Omar,Smith,student1037@university.com,24,94.21,98.51,60.65,72.8,83.02,31.200000000000003,88.67,77.322,2,27.8,1,1,2,1,3,7.1,True,False,False,False,True,False,72.475,2.7813669064748203,0.4225352112676057
S2038,Ali,Brown,student1038@university.com,22,50.87,93.82,56.83,83.74,55.14,5.5,91.31,74.0235,2,21.6,1,0,3,1,1,7.6,False,True,True,False,False,False,64.39,3.427013888888889,0.131578947368421
S2039,John,Brown,student1039@university.com,24,70.26,57.5,64.82,84.37,51.0,48.2,60.21,63.05850000000001,1,12.5,1,0,0,1,8,4.5,False,True,False,False,False,True,61.01666666666666,5.0446800000000005,1.7777777777777777
S2040,Ahmed,Brown,student1040@university.com,20,96.31,59.6,82.84,93.73,54.79,82.2,83.86,78.45649999999999,2,17.2,1,0,1,1,8,5.0,False,True,False,True,False,False,76.17,4.561424418604651,1.6
S2041,Sara,Williams,student1041@university.com,23,67.66,62.29,92.24,83.25,65.97,28.5,59.5,70.76299999999999,2,24.1,1,0,3,2,4,8.0,True,False,False,False,False,True,65.29166666666667,2.9362240663900407,0.5
S2042,Omar,Johnson,student1042@university.com,22,72.94,63.67,50.96,78.1,51.55,84.80000000000001,56.2,60.2605,1,25.3,1,1,0,1,7,6.8,True,False,False,True,False,False,64.21333333333332,2.3818379446640314,1.0294117647058825
S2043,Ali,Smith,student1043@university.com,24,99.08,46.02,81.18,85.52,81.52,70.5,96.51,80.65599999999999,3,13.6,1,0,1,2,2,4.2,True,False,False,True,False,False,76.875,5.930588235294117,0.4761904761904761
S2044,Emma,Jones,student1044@university.com,22,59.97,85.72,61.15,87.55,65.83,12.5,58.22,65.952,1,13.2,0,0,1,1,6,6.8,False,True,False,False,True,False,61.82833333333334,4.996363636363636,0.8823529411764706
S2045,John,Jones,student1045@university.com,21,53.26,61.92,98.83,59.3,86.82,64.5,61.41,73.2205,2,23.4,1,0,1,2,9,6.4,False,True,True,False,False,False,72.13,3.129081196581197,1.40625
S2046,John,Johnson,student1046@university.com,19,92.97,92.79,57.94,55.48,52.3,15.2,56.52,59.6715,0,22.2,1,0,0,1,7,4.8,False,True,False,False,True,False,55.03833333333333,2.687905405405405,1.4583333333333337
S2047,Ali,Brown,student1047@university.com,21,93.42,95.62,40.43,53.74,60.84,65.5,73.51,63.9235,1,17.8,0,1,3,1,6,7.0,True,False,True,False,False,False,64.94,3.591207865168539,0.8571428571428571
S2048,Ahmed,Smith,student1048@university.com,18,73.6,41.47,70.94,68.7,70.4,14.3,95.98,70.8095,2,15.5,0,1,3,0,10,4.9,False,True,False,False,False,True,60.29833333333334,4.568354838709677,2.0408163265306123
S2049,Ali,Jones,student1049@university.com,23,75.71,99.31,49.04,74.9,69.13,39.3,63.2,66.2295,1,21.4,0,0,2,1,2,8.1,False,True,True,False,False,False,65.81333333333333,3.094836448598131,0.2469135802469136
S2052,John,Brown,student1052@university.com,19,63.26,63.37,83.94,66.54,64.22,15.3,66.8,67.6985,1,19.3,0,0,1,1,5,6.1,True,False,False,False,False,True,60.02833333333334,3.5076943005181342,0.819672131147541
S2053,Omar,Davis,student1053@university.com,24,50.84,71.11,67.64,88.04,86.05,32.0,78.61,74.57050000000001,2,10.3,0,1,2,1,5,6.6,False,True,False,False,False,True,70.575,7.239854368932039,0.7575757575757576
S2054,Ali,Johnson,student1054@university.com,23,73.99,59.48,80.61,76.57,61.0,46.2,77.94,72.352,2,24.4,0,1,1,0,4,7.8,False,True,False,True,False,False,66.96666666666665,2.9652459016393444,0.5128205128205129
S2055,Ahmed,Smith,student1055@university.com,22,92.95,77.36,72.29,61.0,93.89,85.8,67.97,72.8965,2,24.3,1,0,1,2,8,6.7,False,True,False,False,False,True,76.385,2.999855967078189,1.1940298507462686
S2056,Liam,Johnson,student1056@university.com,22,94.79,45.58,77.79,80.77,69.39,18.700000000000003,92.53,74.033,2,22.7,0,0,1,0,8,6.9,True,False,False,False,False,True,64.12666666666667,3.26136563876652,1.1594202898550725
S2057,Omar,Johnson,student1057@university.com,21,97.81,77.27,75.8,98.36,95.05,34.7,52.66,72.3325,2,27.6,1,0,1,0,5,6.8,True,False,False,True,False,False,72.30666666666667,2.620742753623188,0.7352941176470589
S2058,Emma,Smith,student1058@university.com,19,93.98,56.52,79.95,56.22,67.09,47.6,54.26,62.2655,1,8.5,0,1,2,1,7,6.5,True,False,False,True,False,False,60.27333333333333,7.325352941176471,1.0769230769230769
S2059,Maria,Smith,student1059@university.com,19,79.0,41.06,51.98,75.36,50.43,29.6,99.54,66.84299999999999,1,11.5,1,1,1,2,2,8.0,True,False,False,True,False,False,57.995,5.812434782608695,0.25
S2060,Ali,Jones,student1060@university.com,23,72.23,73.16,56.12,52.58,75.85,62.6,87.38,69.82,1,11.3,1,0,3,2,3,6.4,False,True,True,False,False,False,67.94833333333334,6.178761061946902,0.46875
S2061,Ahmed,Jones,student1061@university.com,22,88.74,74.71,66.4,66.06,76.24,25.7,90.2,73.6845,2,24.6,0,0,3,0,10,8.5,False,True,False,True,False,False,66.55166666666666,2.9953048780487803,1.1764705882352942
S2062,Omar,Smith,student1062@university.com,19,86.99,65.59,66.77,81.03,55.99,77.2,80.14,72.1865,2,18.0,0,1,3,0,9,8.0,False,True,False,True,False,False,71.11999999999999,4.010361111111111,1.125
S2063,Ahmed,Davis,student1063@university.com,19,76.91,44.34,86.46,92.05,61.75,50.5,70.99,72.07049999999998,2,11.3,0,0,2,1,7,7.5,False,True,False,False,False,True,67.68166666666667,6.377920353982299,0.9333333333333332
S2064,Emma,Williams,student1064@university.com,24,54.37,93.6,62.04,86.52,89.17,8.6,81.46,76.313,2,8.4,0,1,2,1,6,8.5,False,True,False,False,True,False,70.23166666666667,9.084880952380953,0.7058823529411765
S2065,John,Jones,student1065@university.com,23,96.3,76.69,49.75,73.14,51.84,62.7,54.63,59.620000000000005,0,27.3,0,0,0,0,7,6.7,False,True,False,False,True,False,61.458333333333336,2.183882783882784,1.044776119402985
S2066,Ahmed,Williams,student1066@university.com,21,72.78,46.94,55.09,95.46,74.48,56.900000000000006,87.89,71.7925,2,22.3,0,1,0,0,6,8.1,False,True,True,False,False,False,69.46,3.2193946188340807,0.7407407407407408
S2067,Omar,Davis,student1067@university.com,24,68.17,70.66,52.88,65.14,76.52,33.9,77.04,66.049,1,18.2,1,1,3,2,2,5.2,False,True,True,False,False,False,62.69,3.629065934065935,0.3846153846153846
S2068,Ahmed,Smith,student1068@university.com,24,81.48,69.84,83.9,87.7,84.44,1.1,97.84,82.45700000000001,3,29.1,1,0,1,0,3,4.4,True,False,False,False,True,False,70.80333333333334,2.8335738831615123,0.6818181818181818
S2069,Ahmed,Davis,student1069@university.com,20,83.69,43.62,68.22,73.7,51.87,20.1,81.87,65.406,1,26.2,1,0,1,1,5,7.4,True,False,False,False,True,False,56.56333333333334,2.4964122137404585,0.6756756756756757
S2070,Ahmed,Jones,student1070@university.com,18,60.53,76.41,82.52,94.93,79.28,40.6,57.58,73.563,2,9.5,1,0,3,0,2,5.5,False,True,False,True,False,False,71.88666666666667,7.743473684210526,0.3636363636363636
S2071,Sara,Johnson,student1071@university.com,20,91.85,88.5,64.97,89.87,50.15,20.0,73.88,71.17699999999999,2,17.7,0,1,0,2,3,7.2,True,False,False,False,False,True,64.56166666666667,4.021299435028248,0.4166666666666666
S2072,Sara,Smith,student1072@university.com,19,64.5,84.94,93.38,95.07,63.26,57.7,52.89,75.4245,2,17.2,0,0,2,2,7,4.4,False,True,False,True,False,False,74.53999999999999,4.385145348837209,1.5909090909090908
S2073,John,Brown,student1073@university.com,22,59.33,52.18,99.01,60.71,74.98,71.2,87.27,78.92500000000001,2,26.1,0,1,1,2,2,8.8,False,True,True,False,False,False,74.225,3.023946360153257,0.2272727272727272
S2074,Ali,Williams,student1074@university.com,18,70.32,91.74,80.19,83.41,95.56,85.60000000000001,75.09,82.68299999999999,3,8.7,1,1,2,2,6,6.6,True,False,False,False,True,False,85.265,9.503793103448276,0.9090909090909092
S2076,Emma,Smith,student1076@university.com,22,98.27,96.79,70.48,87.12,58.46,68.89999999999999,98.43,84.0265,3,20.9,0,1,2,1,5,6.4,False,True,False,True,False,False,80.03,4.020406698564593,0.78125
S2077,Ali,Davis,student1077@university.com,18,90.46,44.3,96.08,75.2,83.46,60.8,97.03,82.44,3,28.6,1,0,1,2,3,7.9,False,True,True,False,False,False,76.145,2.8825174825174824,0.3797468354430379
S2078,Emma,Smith,student1078@university.com,22,97.02,69.17,89.9,50.56,68.74,98.5,97.64,81.52550000000001,3,27.5,0,1,0,1,8,8.3,False,True,True,False,False,False,79.085,2.9645636363636365,0.9638554216867468
S2079,Ali,Jones,student1079@university.com,18,57.03,75.83,99.51,63.07,81.17,26.1,61.05,73.4495,2,18.3,0,0,1,1,6,6.3,False,True,False,False,False,True,67.78833333333334,4.013633879781421,0.9523809523809524
S2080,John,Jones,student1080@university.com,24,53.56,54.86,77.39,66.17,99.87,26.6,86.43,74.74799999999999,2,20.2,0,0,1,2,9,4.6,False,True,True,False,False,False,68.55333333333334,3.70039603960396,1.956521739130435
S2081,Ahmed,Jones,student1081@university.com,23,77.89,86.28,86.75,92.6,99.34,12.6,97.27,88.2645,3,26.3,1,1,2,2,1,8.5,False,True,False,True,False,False,79.14,3.3560646387832698,0.1176470588235294
S2082,Ahmed,Davis,student1082@university.com,23,64.51,77.61,72.57,92.04,67.69,48.6,78.54,76.351,2,23.6,1,1,2,1,3,8.9,True,False,False,False,False,True,72.84166666666668,3.2352118644067795,0.3370786516853932
S2083,Maria,Brown,student1083@university.com,20,91.4,41.09,55.55,55.23,75.2,9.6,60.71,54.5485,0,27.0,0,1,2,1,10,4.3,True,False,True,False,False,False,49.56333333333333,2.0203148148148147,2.3255813953488373
S2084,Emma,Jones,student1084@university.com,24,83.6,76.5,61.29,97.49,95.23,27.0,90.89,79.561,2,27.4,1,1,3,2,8,4.4,False,True,False,True,False,False,74.73333333333333,2.903686131386862,1.818181818181818
S2085,Ali,Smith,student1085@university.com,18,98.54,69.49,93.64,59.12,54.61,48.3,94.0,78.77749999999999,2,25.8,0,0,3,1,1,6.8,True,False,False,False,True,False,69.86,3.0533914728682165,0.1470588235294117
S2087,Liam,Johnson,student1087@university.com,22,74.29,99.74,75.49,60.76,68.88,96.4,64.68,74.0595,2,12.8,1,1,0,0,10,6.9,False,True,True,False,False,False,77.65833333333333,5.785898437499999,1.4492753623188406
S2088,Liam,Jones,student1088@university.com,24,75.06,93.83,62.35,93.02,64.74,74.4,59.53,71.66799999999999,2,15.1,1,1,1,1,5,5.6,False,True,True,False,False,False,74.645,4.7462251655629135,0.8928571428571429
S2089,Sara,Davis,student1089@university.com,18,61.96,57.55,63.2,87.47,99.71,38.9,81.21,73.832,2,21.9,0,1,0,1,8,4.3,False,True,False,False,False,True,71.33999999999999,3.371324200913242,1.8604651162790695
S2090,Maria,Brown,student1090@university.com,23,79.5,72.46,93.07,67.68,86.68,86.5,74.14,79.5235,2,12.7,1,1,0,1,10,6.9,True,False,False,True,False,False,80.08833333333332,6.261692913385827,1.4492753623188406
S2091,Omar,Johnson,student1091@university.com,23,72.16,58.99,91.23,84.09,69.44,87.5,83.44,80.6205,3,13.1,1,0,1,0,7,4.8,True,False,True,False,False,False,79.115,6.154236641221375,1.4583333333333337
S2092,Liam,Davis,student1092@university.com,22,72.34,86.53,75.93,59.22,91.45,91.0,55.58,71.214,2,15.0,1,1,3,1,9,5.7,True,False,False,True,False,False,76.61833333333333,4.7476,1.5789473684210529
S2093,Omar,Davis,student1093@university.com,21,68.14,95.82,56.38,69.11,74.48,64.0,56.8,66.52250000000001,1,28.9,1,1,2,2,7,6.9,True,False,False,False,False,True,69.43166666666667,2.3018166089965404,1.0144927536231882
S2094,Sara,Davis,student1094@university.com,18,50.85,61.53,68.53,68.86,93.64,20.2,68.14,67.507,1,15.9,1,0,3,0,4,5.0,False,True,True,False,False,False,63.48333333333333,4.245723270440251,0.8
S2095,Sara,Smith,student1095@university.com,18,76.1,88.34,64.5,61.9,63.32,9.1,62.94,64.33,1,8.5,0,0,2,1,1,6.7,True,False,False,False,True,False,58.35,7.568235294117647,0.1492537313432835
S2097,Emma,Smith,student1097@university.com,21,50.07,63.79,46.17,83.94,62.36,5.6000000000000005,68.38,60.732,1,10.9,1,0,3,0,2,4.3,False,True,False,False,True,False,55.04,5.571743119266055,0.4651162790697674
S2098,Emma,Davis,student1098@university.com,21,65.4,96.31,72.59,64.0,76.92,29.6,84.2,76.626,2,28.5,0,0,0,0,1,7.1,True,False,False,False,False,True,70.60333333333334,2.6886315789473687,0.1408450704225352
S2099,John,Williams,student1099@university.com,23,63.93,70.62,58.11,62.11,64.57,48.7,88.44,69.861,1,28.9,1,0,2,2,10,6.5,False,True,True,False,False,False,65.425,2.4173356401384085,1.5384615384615383
S2100,John,Johnson,student1100@university.com,22,69.67,68.04,79.65,50.9,57.36,2.2,59.36,61.407500000000006,1,18.2,0,1,3,2,7,4.5,True,False,False,False,False,True,52.91833333333333,3.374038461538462,1.5555555555555556
S2101,Sara,Williams,student1101@university.com,24,56.59,80.35,59.15,67.33,99.73,90.7,95.99,80.24449999999999,3,21.2,1,1,0,2,4,7.5,True,False,True,False,False,False,82.20833333333333,3.7851179245283015,0.5333333333333333
S2102,Maria,Davis,student1102@university.com,21,75.38,55.67,65.87,76.34,95.02,28.700000000000003,89.36,74.01400000000001,2,24.9,1,0,1,0,10,5.6,True,False,False,False,True,False,68.49333333333333,2.9724497991967875,1.7857142857142858
S2103,Ali,Johnson,student1103@university.com,22,84.62,59.49,43.14,63.89,81.75,2.9,81.34,62.014,1,6.4,1,1,2,1,7,4.9,True,False,False,False,True,False,55.41833333333333,9.6896875,1.4285714285714284
S2105,Maria,Brown,student1105@university.com,18,90.19,80.71,70.46,70.59,96.77,31.1,63.29,70.529,2,21.1,1,0,2,1,6,6.7,False,True,False,False,False,True,68.82000000000001,3.342606635071089,0.8955223880597015
S2106,Ahmed,Williams,student1106@university.com,18,72.6,89.6,41.45,65.82,83.81,87.69999999999999,71.09,67.7685,1,27.5,1,1,0,1,8,6.9,True,False,False,False,False,True,73.245,2.464309090909091,1.1594202898550725
S2107,Emma,Brown,student1107@university.com,19,75.95,56.27,72.47,96.95,75.93,45.3,54.29,67.24549999999999,1,23.2,1,1,1,2,2,4.8,True,False,False,True,False,False,66.86833333333334,2.8985129310344826,0.4166666666666667
S2108,Emma,Johnson,student1108@university.com,20,90.52,72.63,92.22,63.14,94.1,66.3,72.81,77.9885,2,13.8,0,1,2,1,1,8.7,False,True,False,False,True,False,76.86666666666667,5.651340579710145,0.1149425287356322
S2109,John,Smith,student1109@university.com,24,71.39,98.28,86.35,69.91,78.39,24.1,75.32,78.45599999999999,2,27.7,0,1,3,1,9,5.6,True,False,False,False,True,False,72.05833333333334,2.832346570397112,1.6071428571428572
S2110,Ali,Johnson,student1110@university.com,21,85.08,59.12,82.05,69.11,56.34,50.3,80.8,72.136,2,21.6,0,1,0,2,9,5.3,True,False,False,False,False,True,66.28666666666668,3.3396296296296293,1.69811320754717
S2111,Ali,Brown,student1111@university.com,21,71.73,49.63,48.37,62.06,68.34,25.8,53.2,52.93,0,25.8,1,1,1,1,9,4.9,False,True,True,False,False,False,51.23333333333334,2.0515503875968992,1.8367346938775508
S2112,Liam,Williams,student1112@university.com,24,70.89,70.65,79.46,60.87,72.3,95.1,51.62,67.064,1,14.6,1,1,2,2,4,4.6,False,True,False,False,True,False,71.66666666666667,4.593424657534246,0.8695652173913044
S2114,Omar,Davis,student1114@university.com,20,58.74,49.57,74.35,93.21,82.96,27.5,59.46,67.5135,1,9.2,0,0,1,1,9,7.4,False,True,False,True,False,False,64.50833333333333,7.338423913043478,1.2162162162162162
S2117,Ahmed,Davis,student1117@university.com,22,67.96,74.11,54.53,72.86,65.49,60.0,66.29,65.114,1,19.9,0,0,0,0,8,6.1,True,False,False,False,False,True,65.54666666666667,3.2720603015075382,1.3114754098360657
S2118,Ahmed,Brown,student1118@university.com,18,61.52,86.48,92.17,75.39,85.94,65.19999999999999,52.29,74.864,2,15.2,1,1,3,2,1,8.9,True,False,False,False,False,True,76.245,4.9252631578947375,0.1123595505617977
S2119,Emma,Williams,student1119@university.com,20,78.97,91.54,77.52,63.36,59.76,7.1,59.12,66.68199999999999,1,15.7,0,1,1,1,3,5.0,True,False,False,False,False,True,59.73333333333334,4.247261146496815,0.6
S2120,Sara,Jones,student1120@university.com,18,89.91,82.06,40.09,53.72,70.41,1.7999999999999998,84.58,62.8945,1,15.0,0,0,2,1,3,5.6,False,True,False,True,False,False,55.443333333333335,4.192966666666667,0.5357142857142857
S2122,John,Smith,student1122@university.com,20,68.23,49.46,91.47,74.78,80.6,27.200000000000003,66.32,70.8195,2,8.1,0,0,0,1,5,5.4,False,True,False,False,False,True,64.97166666666666,8.74314814814815,0.9259259259259258
S2123,Omar,Davis,student1123@university.com,22,99.44,44.26,41.64,52.87,91.27,38.0,90.1,63.03649999999999,1,6.6,1,1,0,2,5,7.3,True,False,False,False,False,True,59.69,9.550984848484848,0.684931506849315
S2124,Emma,Smith,student1124@university.com,21,79.69,40.59,40.19,54.41,62.74,68.2,93.35,61.98649999999999,1,6.3,0,0,0,0,4,5.5,True,False,False,True,False,False,59.91333333333333,9.839126984126985,0.7272727272727273
S2125,Liam,Williams,student1125@university.com,24,69.97,58.36,56.88,63.15,87.49,23.6,52.41,58.0985,0,7.1,1,0,3,1,1,8.4,True,False,False,False,False,True,56.98166666666666,8.182887323943662,0.119047619047619
S2126,Maria,Williams,student1126@university.com,21,91.78,63.54,94.84,68.35,60.12,73.3,95.81,81.9135,3,22.4,1,1,1,2,4,4.2,True,False,False,False,False,True,75.99333333333333,3.6568526785714286,0.9523809523809524
S2127,Sara,Johnson,student1127@university.com,24,86.49,54.46,94.09,69.67,77.27,45.8,73.31,74.152,2,7.9,1,1,1,2,10,5.8,True,False,False,False,False,True,69.10000000000001,9.38632911392405,1.7241379310344829
S2128,Emma,Johnson,student1128@university.com,21,87.46,43.88,71.13,55.89,71.68,85.7,98.21,73.66399999999999,2,11.5,1,0,1,1,8,8.3,False,True,False,False,False,True,71.08166666666666,6.405565217391303,0.9638554216867468
S2129,Sara,Smith,student1129@university.com,22,59.81,71.79,73.19,61.29,77.82,27.9,76.93,70.5155,2,21.4,1,1,3,1,5,7.1,False,True,False,False,True,False,64.82000000000001,3.295116822429907,0.7042253521126761
S2130,Sara,Jones,student1130@university.com,22,73.42,56.4,59.92,63.08,56.78,20.4,61.76,58.128,0,7.8,0,1,3,0,7,7.9,False,True,False,False,False,True,53.056666666666665,7.452307692307692,0.8860759493670886
S2131,Sara,Johnson,student1131@university.com,22,93.09,87.76,54.62,53.38,68.06,83.2,98.73,75.411,2,27.8,0,1,1,2,1,5.6,True,False,False,True,False,False,74.29166666666667,2.7126258992805754,0.1785714285714285
S2132,Emma,Johnson,student1132@university.com,18,75.2,40.48,88.91,66.3,83.35,32.599999999999994,62.17,66.8605,1,16.9,0,0,1,2,5,5.8,True,False,False,True,False,False,62.30166666666667,3.956242603550296,0.8620689655172414
S2133,Omar,Williams,student1133@university.com,22,84.17,90.55,46.38,53.61,77.93,41.2,94.12,71.308,2,29.1,0,1,0,0,10,8.4,False,True,False,True,False,False,67.29833333333333,2.450446735395189,1.1904761904761905
S2134,John,Jones,student1134@university.com,21,79.4,97.29,69.24,85.17,77.45,79.4,58.66,73.992,2,9.8,1,0,3,1,8,7.7,True,False,False,True,False,False,77.86833333333333,7.5502040816326526,1.0389610389610389
S2136,Omar,Smith,student1136@university.com,22,64.23,84.02,46.22,66.34,97.19,44.2,70.56,67.206,1,19.8,0,1,1,1,1,5.1,True,False,False,False,True,False,68.08833333333332,3.394242424242424,0.196078431372549
S2137,Sara,Johnson,student1137@university.com,19,78.77,96.01,71.18,56.33,96.73,25.0,98.6,81.149,3,13.2,0,1,1,1,2,4.5,False,True,True,False,False,False,73.97500000000001,6.147651515151516,0.4444444444444444
S2138,Maria,Jones,student1138@university.com,24,56.16,52.54,74.65,61.33,68.01,76.39999999999999,59.24,64.136,1,19.3,1,0,0,0,6,8.3,False,True,True,False,False,False,65.36166666666666,3.323108808290155,0.7228915662650601
S2139,Ali,Jones,student1139@university.com,21,84.51,99.67,84.55,61.64,67.59,18.0,70.44,74.125,2,16.8,0,1,0,2,2,7.5,False,True,True,False,False,False,66.98166666666667,4.4122023809523805,0.2666666666666666
S2140,Emma,Smith,student1140@university.com,22,86.6,86.41,54.09,99.26,77.74,92.8,81.99,78.384,2,16.4,1,0,2,1,9,7.0,False,True,True,False,False,False,82.04833333333333,4.779512195121952,1.2857142857142858
S2141,Ali,Jones,student1141@university.com,18,52.14,83.59,57.6,91.77,54.78,15.0,98.88,76.596,2,26.3,1,0,3,0,9,7.9,False,True,False,True,False,False,66.93666666666667,2.912395437262357,1.1392405063291138
S2142,Liam,Jones,student1142@university.com,18,83.79,61.67,74.17,50.76,65.15,80.5,65.19,65.50399999999999,1,9.8,0,1,1,0,2,8.6,True,False,False,False,False,True,66.24,6.68408163265306,0.2325581395348837
S2143,Omar,Jones,student1143@university.com,24,70.73,72.75,98.99,80.84,61.54,42.400000000000006,69.84,77.012,2,17.5,1,1,1,2,1,7.8,True,False,False,False,False,True,71.06,4.400685714285714,0.1282051282051282
S2144,Maria,Johnson,student1144@university.com,19,56.2,79.24,53.05,62.8,61.17,18.6,73.09,63.5425,1,15.4,0,1,1,0,7,6.1,True,False,True,False,False,False,57.991666666666674,4.126136363636364,1.1475409836065575
S2145,Emma,Smith,student1145@university.com,23,71.0,77.22,99.15,55.22,81.93,40.2,62.64,73.6485,2,21.8,0,1,1,2,7,4.9,True,False,True,False,False,False,69.39333333333333,3.3783715596330275,1.4285714285714284
S2147,Sara,Jones,student1147@university.com,18,70.78,44.94,89.56,56.58,58.56,13.6,54.6,60.534000000000006,1,18.2,1,0,1,2,2,5.2,False,True,False,False,True,False,52.973333333333336,3.3260439560439563,0.3846153846153846
S2148,John,Johnson,student1148@university.com,18,69.22,61.34,45.38,72.19,94.38,23.9,85.24,67.5795,1,17.0,0,0,1,1,9,7.9,True,False,False,False,True,False,63.73833333333332,3.9752647058823527,1.1392405063291138
S2149,Ali,Smith,student1149@university.com,21,86.92,66.04,58.03,81.61,93.71,86.7,76.7,73.37100000000001,2,29.3,0,0,1,1,9,5.7,False,True,False,True,False,False,77.13166666666666,2.5041296928327648,1.5789473684210529
S2150,Ahmed,Williams,student1150@university.com,18,88.71,55.64,43.46,77.72,93.12,10.6,62.1,59.341,0,23.9,0,0,3,1,6,4.8,True,False,False,False,False,True,57.10666666666668,2.4828870292887038,1.25
S2151,Ahmed,Johnson,student1151@university.com,20,80.35,50.36,62.29,98.88,69.54,97.3,74.64,72.1695,2,8.9,0,1,1,0,7,5.3,True,False,False,True,False,False,75.50166666666667,8.108932584269663,1.3207547169811322
S2152,Maria,Smith,student1152@university.com,22,51.13,48.34,98.88,89.29,52.85,0.5,91.5,78.1245,2,17.7,0,1,1,0,2,5.3,True,False,False,True,False,False,63.56,4.413813559322034,0.3773584905660377
S2153,Sara,Jones,student1153@university.com,24,96.55,61.98,46.32,88.71,55.34,65.8,72.27,64.68849999999999,1,24.6,0,0,1,0,6,5.9,True,False,False,False,False,True,65.07,2.6296138211382107,1.0169491525423728
S2154,Liam,Smith,student1154@university.com,18,84.31,69.61,73.74,67.78,63.8,85.7,56.09,66.5355,1,18.1,1,1,1,1,6,5.3,False,True,False,False,True,False,69.45333333333333,3.675994475138121,1.1320754716981132
S2156,Sara,Davis,student1156@university.com,23,90.94,96.79,82.76,86.72,93.7,14.4,88.89,84.9735,3,14.4,1,1,1,1,9,6.0,False,True,True,False,False,False,77.21,5.9009375,1.5
S2157,Ali,Smith,student1157@university.com,18,60.01,85.91,51.83,99.99,99.32,69.80000000000001,66.52,74.2205,2,14.2,0,1,3,0,2,8.3,True,False,False,False,True,False,78.895,5.226795774647887,0.2409638554216867
S2159,Maria,Smith,student1159@university.com,20,73.33,50.37,60.22,99.28,86.49,35.3,80.86,72.1745,2,23.3,0,0,3,1,9,5.5,True,False,False,True,False,False,68.75333333333334,3.0976180257510726,1.6363636363636365
S2160,Liam,Williams,student1160@university.com,18,70.99,76.23,86.26,57.09,79.43,73.2,71.81,74.709,2,20.3,1,1,3,2,6,6.8,True,False,False,False,False,True,74.00333333333333,3.680246305418719,0.8823529411764706
S2161,Ahmed,Jones,student1161@university.com,18,94.49,71.78,46.4,64.83,88.5,34.6,78.22,66.13749999999999,1,11.7,1,0,2,1,7,8.4,False,True,False,False,True,False,64.055,5.652777777777777,0.8333333333333333
S2162,Sara,Williams,student1162@university.com,22,71.87,98.95,53.79,58.54,97.35,31.3,72.86,70.229,2,20.8,1,1,3,2,9,5.4,True,False,True,False,False,False,68.79833333333333,3.3763942307692307,1.6666666666666663
S2163,Emma,Jones,student1163@university.com,23,53.77,84.86,40.51,73.76,80.07,11.6,95.29,71.0945,2,12.7,0,0,1,2,10,5.7,False,True,False,True,False,False,64.34833333333334,5.597992125984252,1.7543859649122806
S2164,Ahmed,Jones,student1164@university.com,20,97.33,74.55,98.1,89.85,57.73,6.6000000000000005,72.9,77.158,2,11.1,1,1,1,1,4,8.0,True,False,True,False,False,False,66.62166666666667,6.951171171171172,0.5
S2165,Sara,Williams,student1165@university.com,23,96.03,91.05,75.53,67.03,58.19,11.5,55.2,65.5485,1,23.5,1,0,1,0,2,5.9,True,False,True,False,False,False,59.74999999999999,2.7892978723404256,0.3389830508474576
S2166,Ahmed,Johnson,student1166@university.com,20,84.22,49.31,83.19,95.31,79.19,87.5,79.85,78.73949999999999,2,25.2,0,1,0,0,2,8.3,True,False,False,True,False,False,79.05833333333334,3.1245833333333333,0.2409638554216867
S2167,Emma,Brown,student1167@university.com,23,73.39,40.91,79.08,77.24,66.67,1.1,81.15,68.5595,1,20.6,0,0,1,2,1,6.3,False,True,False,False,False,True,57.69166666666666,3.3281310679611646,0.1587301587301587
S2168,John,Smith,student1168@university.com,18,54.64,81.41,48.66,73.27,95.51,69.3,88.27,74.86399999999999,2,24.6,1,1,3,1,9,6.8,True,False,False,False,False,True,76.07,3.0432520325203245,1.3235294117647058
S2169,John,Davis,student1169@university.com,23,89.54,45.9,75.7,89.35,80.58,76.9,96.66,80.11349999999999,3,14.1,0,0,3,1,10,6.8,True,False,True,False,False,False,77.51499999999999,5.681808510638297,1.4705882352941178
S2170,Liam,Brown,student1170@university.com,23,53.77,46.93,47.88,55.07,83.82,56.8,72.15,60.137,1,6.8,1,0,1,1,4,4.6,True,False,False,False,False,True,60.44166666666666,8.843676470588235,0.8695652173913044
S2171,John,Smith,student1171@university.com,20,53.43,84.68,64.07,88.69,50.29,73.1,67.6,70.987,2,20.1,1,1,3,2,5,5.8,True,False,False,False,True,False,71.40500000000002,3.5316915422885566,0.8620689655172414
S2172,John,Smith,student1172@university.com,24,76.87,56.23,74.14,62.15,74.94,65.19999999999999,74.54,69.408,1,11.4,0,0,3,1,4,5.2,True,False,True,False,False,False,67.86666666666667,6.0884210526315785,0.7692307692307692
S2173,Omar,Jones,student1173@university.com,19,58.01,77.72,73.53,64.04,71.56,45.6,95.01,77.5855,2,24.4,1,1,1,0,4,7.4,False,True,True,False,False,False,71.24333333333334,3.179733606557377,0.5405405405405405
S2174,Ali,Smith,student1174@university.com,20,50.39,95.04,47.14,79.97,85.29,38.3,99.0,78.18050000000001,2,14.0,0,0,0,2,6,8.7,False,True,True,False,False,False,74.12333333333333,5.584321428571429,0.6896551724137931
S2175,Omar,Davis,student1175@university.com,20,71.16,58.99,42.07,95.1,69.13,94.1,98.56,74.817,2,21.8,1,0,3,2,6,5.1,True,False,False,False,True,False,76.325,3.43197247706422,1.1764705882352942
S2176,Omar,Smith,student1176@university.com,20,56.86,53.03,87.89,78.92,98.83,97.2,61.48,74.952,2,18.8,1,0,2,2,1,4.5,True,False,True,False,False,False,79.55833333333334,3.9868085106382978,0.2222222222222222
S2177,Liam,Williams,student1177@university.com,21,58.03,46.39,83.56,82.45,83.51,65.1,74.84,74.274,2,25.4,0,0,0,0,1,6.5,False,True,False,False,False,True,72.64166666666667,2.924173228346457,0.1538461538461538
S2178,Omar,Brown,student1178@university.com,24,53.85,47.83,44.91,88.83,83.0,19.7,62.97,59.9025,0,25.8,1,0,0,0,7,6.0,True,False,False,False,False,True,57.873333333333335,2.3218023255813955,1.1666666666666667
S2179,John,Williams,student1179@university.com,21,60.25,43.73,47.64,62.97,95.97,44.8,68.4,60.272000000000006,1,6.7,1,1,1,2,1,4.2,False,True,False,False,False,True,60.585,8.995820895522389,0.238095238095238
S2180,Emma,Davis,student1180@university.com,21,85.77,45.26,93.56,91.36,99.76,49.7,51.58,71.818,2,12.4,0,0,1,0,1,8.6,True,False,False,False,False,True,71.86999999999999,5.791774193548386,0.1162790697674418
S2181,Liam,Smith,student1181@university.com,20,90.45,65.92,86.15,70.9,59.89,75.8,58.03,69.24849999999999,1,26.8,0,1,3,0,6,8.7,True,False,True,False,False,False,69.44833333333334,2.5838992537313428,0.6896551724137931
S2182,Liam,Davis,student1182@university.com,19,72.63,59.25,99.77,58.78,90.53,66.8,69.85,75.995,2,15.1,0,1,3,0,8,8.3,False,True,False,False,True,False,74.16333333333334,5.032781456953643,0.9638554216867468
S2183,Maria,Jones,student1183@university.com,20,75.33,82.39,55.24,67.51,58.12,51.5,68.24,65.154,1,17.9,1,1,1,1,7,5.4,True,False,False,True,False,False,63.833333333333336,3.6398882681564246,1.2962962962962965
S2184,Liam,Williams,student1184@university.com,18,51.63,92.21,69.27,62.31,72.85,68.0,63.94,70.3625,2,9.6,0,0,3,1,6,4.6,False,True,False,False,False,True,71.42999999999999,7.329427083333333,1.3043478260869563
S2185,Maria,Williams,student1185@university.com,19,53.47,87.09,54.19,61.44,55.01,2.4,61.52,59.904,0,18.8,0,1,2,2,7,7.0,False,True,False,True,False,False,53.60833333333333,3.186382978723404,1.0
S2186,Liam,Johnson,student1186@university.com,21,62.88,71.84,77.37,64.13,81.17,77.69999999999999,87.45,77.975,2,11.6,0,1,1,2,2,5.4,False,True,False,True,False,False,76.61,6.7219827586206895,0.3703703703703703
S2187,Ali,Smith,student1187@university.com,23,77.19,46.15,46.92,59.05,73.43,21.200000000000003,64.73,55.33200000000001,0,25.7,0,0,1,1,6,5.0,True,False,True,False,False,False,51.91333333333333,2.1529961089494165,1.2
S2188,John,Jones,student1188@university.com,23,86.98,82.59,47.63,83.39,81.43,65.6,85.33,73.8265,2,10.0,0,0,1,2,9,7.2,False,True,False,False,False,True,74.32833333333333,7.38265,1.25
S2189,Liam,Williams,student1189@university.com,24,80.25,61.77,44.31,79.0,83.9,11.4,68.43,61.682,1,14.0,1,0,0,1,4,7.8,False,True,False,False,False,True,58.135,4.405857142857143,0.5128205128205129
S2190,John,Williams,student1190@university.com,22,69.61,45.14,81.62,82.42,80.97,11.4,90.1,75.236,2,7.4,1,0,1,1,2,6.6,True,False,False,False,False,True,65.27499999999999,10.167027027027029,0.303030303030303
S2191,John,Jones,student1191@university.com,24,55.92,90.55,69.64,67.19,64.7,3.6,58.36,65.229,1,19.7,1,1,0,2,9,5.6,True,False,False,True,False,False,59.00666666666667,3.311116751269036,1.6071428571428572
S2192,Ahmed,Davis,student1192@university.com,19,89.04,60.29,77.06,88.49,91.85,91.0,57.88,72.681,2,28.5,1,0,1,1,8,6.6,True,False,False,False,False,True,77.76166666666666,2.550210526315789,1.2121212121212122
S2193,Liam,Davis,student1193@university.com,21,68.19,53.09,92.76,56.48,77.58,60.5,83.98,75.6025,2,9.3,1,1,1,2,8,7.0,True,False,False,False,False,True,70.73166666666667,8.129301075268817,1.1428571428571428
S2195,Ahmed,Johnson,student1195@university.com,19,75.65,94.13,67.7,63.77,99.35,78.8,57.15,71.63,2,15.6,0,0,1,0,8,6.2,True,False,True,False,False,False,76.81666666666666,4.591666666666667,1.2903225806451613
S2196,Sara,Williams,student1196@university.com,23,86.93,60.34,99.06,76.38,64.18,62.6,53.69,70.928,2,23.7,1,0,3,1,3,7.0,False,True,False,False,False,True,69.37500000000001,2.992742616033756,0.4285714285714285
S2197,John,Johnson,student1197@university.com,20,95.36,61.29,67.38,66.18,76.4,62.0,96.73,75.7245,2,29.4,0,0,0,1,6,4.6,True,False,False,False,False,True,71.66333333333334,2.575663265306123,1.3043478260869563
S2198,John,Davis,student1198@university.com,18,96.05,74.78,46.75,89.53,84.12,48.7,55.87,63.94199999999999,1,6.3,0,1,2,0,7,6.2,False,True,True,False,False,False,66.625,10.149523809523808,1.129032258064516
S2199,Ahmed,Davis,student1199@university.com,22,76.76,84.01,99.56,94.56,56.26,0.8,62.52,76.0975,2,24.6,0,0,1,0,5,5.7,True,False,True,False,False,False,66.285,3.0933943089430893,0.8771929824561403
S2200,Ahmed,Brown,student1200@university.com,21,75.58,43.79,41.37,87.13,67.71,25.8,96.47,66.9825,1,14.2,0,0,3,1,2,8.3,False,True,False,True,False,False,60.37833333333333,4.717077464788733,0.2409638554216867
S2201,Sara,Smith,student1201@university.com,19,63.28,75.6,72.99,58.78,90.08,10.9,90.15,75.0025,2,8.8,1,0,3,0,10,6.4,False,True,False,True,False,False,66.41666666666667,8.523011363636362,1.5625
S2202,Maria,Brown,student1202@university.com,22,96.79,97.17,58.55,63.74,61.84,66.2,67.14,68.41,1,9.8,1,0,1,1,7,6.1,True,False,False,True,False,False,69.10666666666667,6.980612244897959,1.1475409836065575
S2203,Sara,Brown,student1203@university.com,19,72.9,55.73,70.21,95.97,74.66,24.9,97.73,78.33749999999999,2,28.1,1,1,1,0,2,5.2,True,False,True,False,False,False,69.86666666666666,2.7878113879003554,0.3846153846153846
S2204,Ahmed,Brown,student1204@university.com,23,56.38,94.53,73.52,71.86,81.53,45.0,78.4,77.2615,2,25.2,1,1,0,0,9,8.8,False,True,False,False,True,False,74.14,3.06593253968254,1.0227272727272727
S2205,Emma,Smith,student1205@university.com,18,71.64,97.01,54.41,97.06,83.56,35.3,53.61,68.917,1,12.8,0,0,0,1,9,8.8,True,False,False,False,False,True,70.15833333333335,5.384140625,1.0227272727272727
S2206,Ahmed,Smith,student1206@university.com,23,56.35,56.15,73.41,69.62,86.42,14.3,85.15,72.12,2,28.5,1,0,2,1,10,5.8,True,False,True,False,False,False,64.17500000000001,2.5305263157894737,1.7241379310344829
S2208,Ali,Johnson,student1208@university.com,21,78.06,54.33,55.99,96.29,69.64,93.3,78.63,71.8085,2,13.1,1,0,1,1,4,7.1,False,True,True,False,False,False,74.69666666666667,5.481564885496183,0.5633802816901409
S2209,Ahmed,Johnson,student1209@university.com,19,66.89,84.26,63.01,83.03,85.33,8.5,99.71,79.717,2,21.3,0,1,2,2,10,7.9,False,True,False,False,True,False,70.64,3.742582159624413,1.2658227848101264
S2210,Ali,Jones,student1210@university.com,18,53.58,87.85,56.09,50.44,86.61,82.69999999999999,57.63,64.851,1,30.0,1,0,2,2,4,4.4,True,False,True,False,False,False,70.22,2.1617,0.9090909090909092
S2211,Maria,Jones,student1211@university.com,23,97.18,54.83,89.23,70.02,65.01,48.8,82.84,74.828,2,16.6,1,0,2,1,5,4.1,True,False,True,False,False,False,68.455,4.507710843373494,1.2195121951219514
S2212,Sara,Davis,student1212@university.com,22,88.67,82.95,83.5,95.56,98.41,77.4,72.94,83.24449999999999,3,25.3,0,0,1,2,7,6.6,True,False,False,False,True,False,85.12666666666665,3.2902964426877466,1.0606060606060606
S2213,Emma,Brown,student1213@university.com,23,91.94,88.73,92.27,94.26,93.26,15.1,63.59,79.674,2,27.9,1,1,2,0,8,4.4,True,False,False,False,True,False,74.53500000000001,2.855698924731183,1.818181818181818
S2215,Ali,Williams,student1215@university.com,19,88.04,50.06,44.41,69.96,83.75,89.1,83.41,66.9585,1,12.2,1,0,1,2,8,8.1,True,False,False,False,True,False,70.115,5.488401639344263,0.9876543209876544
S2216,Emma,Johnson,student1216@university.com,21,74.27,45.52,47.16,91.78,85.89,89.80000000000001,92.82,73.31,2,7.5,0,0,1,1,7,7.6,False,True,False,False,True,False,75.495,9.774666666666668,0.9210526315789476
S2217,Sara,Jones,student1217@university.com,18,60.05,74.52,49.66,78.89,71.57,46.6,93.94,73.0955,2,24.4,1,1,2,0,6,4.2,True,False,False,False,True,False,69.19666666666667,2.9957172131147543,1.4285714285714286
S2218,Ahmed,Williams,student1218@university.com,20,56.22,98.69,71.98,92.36,93.19,87.0,78.09,83.7485,3,19.2,0,0,2,0,2,6.3,True,False,False,False,True,False,86.885,4.361901041666667,0.3174603174603174
S2220,Ali,Williams,student1220@university.com,19,56.88,66.15,61.43,95.37,82.91,18.5,76.48,71.7455,2,15.5,1,0,0,2,4,8.6,True,False,True,False,False,False,66.80666666666667,4.628741935483872,0.4651162790697674
S2221,Sara,Davis,student1221@university.com,22,99.91,72.2,97.51,55.86,61.04,32.9,67.96,71.7235,2,17.8,1,0,3,1,8,7.1,True,False,False,False,True,False,64.57833333333333,4.029410112359551,1.1267605633802815
S2222,Ali,Davis,student1222@university.com,23,52.46,56.77,42.29,57.26,70.39,13.6,63.87,54.557,0,22.4,0,1,1,1,5,4.8,False,True,False,False,True,False,50.69666666666666,2.4355803571428574,1.0416666666666667
S2223,Omar,Williams,student1223@university.com,21,72.06,49.78,95.61,54.14,71.7,77.4,77.58,73.80449999999999,2,24.5,1,1,0,0,3,6.8,True,False,True,False,False,False,71.035,3.012428571428571,0.4411764705882353
S2224,Ali,Davis,student1224@university.com,21,72.6,68.92,50.87,96.76,86.68,98.5,82.9,76.0325,2,7.2,0,1,3,1,6,4.6,False,True,True,False,False,False,80.77166666666666,10.560069444444444,1.3043478260869563
S2225,Emma,Brown,student1225@university.com,19,65.03,67.81,94.75,73.76,80.92,54.6,79.53,79.604,2,17.2,0,0,1,2,2,4.7,False,True,False,True,False,False,75.22833333333334,4.628139534883721,0.425531914893617
S2226,Omar,Williams,student1226@university.com,19,78.57,71.32,43.37,53.22,54.29,65.6,97.72,67.5485,1,9.0,0,1,1,1,6,4.4,False,True,False,True,False,False,64.25333333333333,7.5053888888888896,1.3636363636363635
S2227,Liam,Brown,student1227@university.com,19,57.5,97.17,96.89,66.08,65.38,74.6,64.93,78.45700000000001,2,23.8,0,1,1,1,6,8.4,False,True,False,False,True,False,77.50833333333334,3.296512605042017,0.7142857142857143
S2228,Emma,Brown,student1228@university.com,24,89.2,76.23,52.05,67.57,73.65,22.4,68.62,63.6535,1,21.4,1,1,1,0,1,6.7,True,False,False,False,True,False,60.086666666666666,2.97446261682243,0.1492537313432835
S2229,John,Williams,student1229@university.com,20,66.62,76.35,58.16,90.48,86.84,33.6,83.38,74.94250000000001,2,23.1,1,1,0,0,10,5.6,True,False,False,True,False,False,71.46833333333335,3.2442640692640694,1.7857142857142858
S2230,Omar,Johnson,student1230@university.com,19,79.57,47.68,69.46,86.77,87.18,41.2,80.02,72.3165,2,6.9,1,1,1,0,5,4.0,True,False,False,True,False,False,68.71833333333332,10.480652173913043,1.25
S2231,Liam,Williams,student1231@university.com,23,85.78,99.79,62.84,84.47,74.53,59.5,50.09,68.804,1,17.8,1,1,1,0,5,6.4,False,True,False,False,False,True,71.87,3.865393258426966,0.78125
S2232,Ahmed,Williams,student1232@university.com,23,94.45,86.37,80.05,51.09,55.85,85.0,65.61,70.1495,2,26.0,0,1,2,2,8,6.6,True,False,False,False,False,True,70.66166666666668,2.6980576923076924,1.2121212121212122
S2233,Ali,Davis,student1233@university.com,24,91.79,92.63,98.49,95.53,64.65,25.4,62.69,79.3885,2,22.8,1,0,1,0,7,5.7,True,False,False,False,True,False,73.23166666666665,3.4819517543859644,1.2280701754385963
S2234,Sara,Williams,student1234@university.com,24,80.42,64.86,76.39,60.78,62.73,47.1,92.0,74.1715,2,26.5,0,0,0,1,9,6.4,True,False,False,False,False,True,67.31,2.798924528301886,1.40625
S2235,Maria,Johnson,student1235@university.com,18,69.42,70.13,83.29,81.45,89.05,75.19999999999999,93.31,84.2175,3,10.2,1,1,1,0,10,4.5,True,False,False,True,False,False,82.07166666666667,8.256617647058825,2.2222222222222223
S2236,Ali,Davis,student1236@university.com,22,75.16,71.33,45.28,53.09,59.0,8.7,64.19,55.575,0,12.2,1,0,0,2,3,8.6,False,True,False,False,True,False,50.26499999999999,4.555327868852459,0.3488372093023256
S2237,Liam,Smith,student1237@university.com,19,88.44,51.65,77.67,54.08,73.25,51.3,55.1,61.697,1,16.0,0,1,2,2,1,5.3,False,True,True,False,False,False,60.50833333333333,3.8560625,0.1886792452830188
S2238,Ali,Smith,student1238@university.com,23,93.88,81.37,67.23,50.48,83.54,14.4,60.26,63.737,1,18.1,1,0,3,0,7,8.7,True,False,True,False,False,False,59.54666666666666,3.521381215469613,0.8045977011494253
S2239,John,Brown,student1239@university.com,24,55.19,94.18,93.15,78.3,98.24,53.9,58.83,79.3275,2,11.3,1,1,0,0,9,6.5,False,True,False,True,False,False,79.43333333333332,7.020132743362831,1.3846153846153846
S2240,Ahmed,Brown,student1240@university.com,23,69.24,49.82,63.29,81.47,99.96,76.8,61.87,67.91300000000001,1,14.5,0,1,0,0,10,8.3,True,False,False,False,False,True,72.20166666666667,4.683655172413794,1.2048192771084336
S2241,Maria,Johnson,student1241@university.com,23,88.81,45.18,80.77,52.52,97.65,23.700000000000003,61.73,64.31649999999999,1,22.2,0,1,1,0,10,6.9,True,False,True,False,False,False,60.25833333333333,2.897139639639639,1.4492753623188406
S2242,Omar,Jones,student1242@university.com,24,71.58,84.29,53.69,64.52,85.91,84.9,73.99,70.777,2,21.1,0,0,1,1,7,8.2,True,False,False,False,False,True,74.55,3.3543601895734594,0.853658536585366
S2244,Omar,Brown,student1244@university.com,24,70.57,77.43,62.57,55.07,87.96,19.1,77.99,68.6655,1,29.6,0,1,1,2,7,4.9,True,False,False,False,False,True,63.35333333333333,2.319780405405405,1.4285714285714284
S2245,Liam,Smith,student1245@university.com,24,80.14,81.75,58.24,60.83,93.13,46.5,67.21,67.74799999999999,1,19.1,0,0,3,0,10,5.8,False,True,True,False,False,False,67.94333333333333,3.547015706806282,1.7241379310344829
S2246,Emma,Johnson,student1246@university.com,22,99.99,59.31,55.23,71.22,97.59,87.6,90.73,74.745,2,17.1,0,1,3,0,6,5.5,False,True,True,False,False,False,76.94666666666667,4.371052631578947,1.0909090909090908
S2247,Emma,Johnson,student1247@university.com,24,74.65,88.91,42.98,92.11,72.29,6.9,97.54,74.734,2,29.2,0,0,2,1,5,8.7,True,False,False,False,True,False,66.78833333333334,2.5593835616438354,0.574712643678161
S2248,Sara,Jones,student1248@university.com,21,60.42,73.0,90.2,62.74,70.83,32.8,70.2,72.694,2,8.5,0,1,3,0,5,6.0,False,True,False,False,True,False,66.62833333333333,8.552235294117647,0.8333333333333334
S2249,Maria,Jones,student1249@university.com,24,58.14,92.14,43.86,99.86,73.02,65.3,52.47,66.07300000000001,1,18.6,0,1,1,1,8,8.9,False,True,False,True,False,False,71.10833333333333,3.552311827956989,0.898876404494382
S2250,Omar,Davis,student1250@university.com,23,52.12,85.8,93.24,67.76,82.99,35.8,61.98,75.027,2,25.1,0,0,1,2,9,7.3,True,False,True,False,False,False,71.26166666666667,2.9891235059760954,1.2328767123287672
S2251,Emma,Johnson,student1251@university.com,19,77.94,92.11,47.53,69.32,88.77,7.1,55.09,61.856,1,15.0,1,1,2,2,4,8.2,False,True,False,False,False,True,59.98666666666666,4.123733333333333,0.4878048780487805
S2252,Liam,Brown,student1252@university.com,23,77.23,41.21,43.92,56.11,93.53,33.2,67.24,56.76299999999999,0,23.4,1,1,3,0,10,6.0,False,True,True,False,False,False,55.86833333333334,2.4257692307692307,1.6666666666666667
S2253,Sara,Smith,student1253@university.com,22,60.26,54.61,73.78,84.01,72.81,82.10000000000001,82.26,75.30199999999999,2,27.5,0,1,2,0,1,5.0,True,False,False,False,False,True,74.92833333333333,2.738254545454545,0.2
S2254,Ahmed,Williams,student1254@university.com,21,84.77,45.4,70.15,62.17,68.17,96.8,75.95,68.115,1,11.5,1,1,2,0,5,4.3,True,False,False,False,False,True,69.77333333333334,5.923043478260869,1.162790697674419
S2255,Sara,Jones,student1255@university.com,24,87.06,66.52,69.47,81.44,99.17,4.0,62.14,68.32050000000001,1,11.0,0,0,0,1,4,7.3,False,True,True,False,False,False,63.79,6.2109545454545465,0.547945205479452
S2256,Emma,Williams,student1256@university.com,20,62.95,93.4,74.47,61.16,61.59,56.900000000000006,88.36,77.31349999999999,2,14.0,0,1,0,1,4,8.9,True,False,False,False,False,True,72.64666666666666,5.522392857142856,0.449438202247191
S2257,John,Brown,student1257@university.com,18,67.2,68.05,57.22,69.39,61.1,10.5,56.57,58.527,0,15.5,0,0,2,2,1,4.6,True,False,False,True,False,False,53.805,3.775935483870968,0.2173913043478261
S2258,Liam,Jones,student1258@university.com,24,99.52,90.98,79.78,92.83,85.77,68.0,61.41,77.9165,2,7.8,1,0,0,1,3,7.9,False,True,False,False,True,False,79.795,9.989294871794872,0.3797468354430379
S2259,John,Williams,student1259@university.com,19,68.71,59.63,70.14,86.95,58.98,0.8,83.8,70.6,2,10.8,0,1,3,0,3,5.8,False,True,False,False,False,True,60.05000000000001,6.537037037037036,0.5172413793103449
S2260,Omar,Brown,student1260@university.com,18,88.04,60.37,60.08,57.73,69.97,1.5,59.86,57.765,0,26.8,1,1,2,2,8,9.0,True,False,True,False,False,False,51.585,2.155410447761194,0.8888888888888888
S2261,John,Smith,student1261@university.com,20,72.64,93.73,89.59,80.39,64.62,77.69999999999999,83.94,84.0445,3,19.2,0,1,0,0,6,8.4,False,True,False,False,True,False,81.66166666666666,4.377317708333334,0.7142857142857143
S2262,Omar,Brown,student1262@university.com,22,89.67,65.55,83.66,81.43,58.44,7.4,98.85,78.831,2,11.7,1,0,3,1,6,5.2,True,False,False,True,False,False,65.88833333333332,6.737692307692308,1.1538461538461535
S2263,Omar,Davis,student1263@university.com,22,88.45,87.39,63.62,54.53,78.99,30.5,91.57,74.088,2,28.6,1,1,1,1,6,7.8,True,False,False,False,False,True,67.76666666666667,2.59048951048951,0.7692307692307693
S2264,Emma,Jones,student1264@university.com,20,83.39,54.2,90.86,73.29,68.68,95.8,58.0,70.8965,2,24.4,0,0,1,0,8,7.7,False,True,False,False,False,True,73.47166666666668,2.9055942622950823,1.0389610389610389
S2265,John,Johnson,student1265@university.com,23,92.74,96.93,95.22,63.03,73.11,98.5,76.02,82.841,3,14.1,1,1,2,0,5,7.8,False,True,False,False,True,False,83.80166666666666,5.8752482269503545,0.6410256410256411
S2266,Omar,Smith,student1266@university.com,20,96.96,74.47,72.21,73.36,59.79,16.1,71.12,68.347,1,24.1,1,1,1,2,3,4.4,True,False,False,False,False,True,61.17500000000001,2.83597510373444,0.6818181818181818
S2267,Maria,Williams,student1267@university.com,24,79.0,85.56,52.9,88.85,88.39,56.1,99.58,80.9045,3,19.9,0,0,3,1,1,8.0,True,False,True,False,False,False,78.56333333333333,4.065552763819095,0.125
S2268,Ahmed,Jones,student1268@university.com,19,61.87,45.37,94.95,57.91,65.74,55.9,98.22,78.0645,2,22.1,1,1,2,1,8,5.3,True,False,False,False,True,False,69.68166666666666,3.532330316742081,1.509433962264151
S2269,Sara,Johnson,student1269@university.com,21,69.93,69.56,51.37,56.17,67.14,45.2,56.36,57.58399999999999,0,13.0,1,1,0,2,10,7.0,True,False,False,False,True,False,57.63333333333333,4.429538461538461,1.4285714285714286
S2270,Sara,Brown,student1270@university.com,24,87.92,94.06,42.91,63.47,62.61,92.5,95.44,73.875,2,10.2,1,1,1,2,4,4.6,False,True,False,False,False,True,75.165,7.24264705882353,0.8695652173913044
S2271,Emma,Johnson,student1271@university.com,24,82.54,92.62,59.65,97.61,71.72,75.4,59.67,72.29,2,11.3,1,0,0,1,3,6.8,True,False,False,True,False,False,76.11166666666666,6.397345132743363,0.4411764705882353
S2272,John,Jones,student1272@university.com,24,58.89,42.81,83.62,87.39,73.18,76.5,65.97,71.369,2,7.1,0,0,3,2,8,8.5,False,True,False,True,False,False,71.57833333333333,10.051971830985917,0.9411764705882352
S2273,John,Jones,student1273@university.com,18,52.56,58.22,95.4,50.97,76.48,27.0,67.67,69.5275,1,16.8,1,1,2,1,10,4.9,False,True,False,True,False,False,62.623333333333335,4.138541666666667,2.0408163265306123
S2274,Omar,Davis,student1274@university.com,18,84.15,66.6,78.24,70.05,98.38,43.4,64.34,71.3675,2,15.2,1,0,1,1,7,8.3,True,False,False,True,False,False,70.16833333333334,4.695230263157895,0.8433734939759036
S2276,Ali,Johnson,student1276@university.com,24,74.98,83.8,45.54,81.91,80.47,29.9,66.5,65.73349999999999,1,26.4,1,1,1,2,2,5.6,False,True,False,False,True,False,64.68666666666667,2.489905303030303,0.3571428571428571
S2277,Omar,Brown,student1277@university.com,23,87.34,51.07,43.65,72.96,51.95,9.5,90.84,62.43900000000001,1,22.0,1,0,1,2,8,4.3,True,False,False,False,False,True,53.32833333333334,2.838136363636364,1.8604651162790695
S2278,Ahmed,Johnson,student1278@university.com,22,78.13,60.8,76.25,98.22,80.61,12.6,99.72,81.5225,3,16.2,1,1,2,1,4,6.6,False,True,False,True,False,False,71.36666666666667,5.032253086419753,0.6060606060606061
S2279,Maria,Jones,student1279@university.com,19,54.17,79.8,97.97,60.95,54.48,18.1,92.04,79.57,2,29.2,0,0,2,2,2,5.0,False,True,False,True,False,False,67.22333333333334,2.725,0.4
S2280,Sara,Jones,student1280@university.com,20,59.28,68.93,70.16,79.39,85.52,20.4,67.31,69.553,1,28.5,0,1,1,1,4,8.7,True,False,False,False,False,True,65.285,2.440456140350877,0.4597701149425288
S2281,Omar,Williams,student1281@university.com,18,60.97,84.31,43.09,85.01,69.5,24.2,85.56,69.9985,1,7.4,1,0,1,0,8,5.2,True,False,False,False,False,True,65.27833333333334,9.459256756756757,1.5384615384615383
S2282,Ali,Davis,student1282@university.com,24,62.89,97.67,53.27,91.28,91.88,25.5,76.7,75.133,2,20.4,0,0,1,2,6,6.9,True,False,False,False,False,True,72.71666666666667,3.682990196078432,0.8695652173913043
S2283,Ali,Williams,student1283@university.com,19,78.27,46.99,54.69,70.35,97.13,45.6,89.33,70.0655,2,25.4,0,1,1,1,3,6.8,True,False,True,False,False,False,67.34833333333333,2.758484251968504,0.4411764705882353
S2284,Omar,Smith,student1284@university.com,22,75.2,82.57,60.27,84.35,70.86,51.0,57.65,67.03649999999999,1,9.3,1,1,0,1,7,5.7,True,False,False,False,False,True,67.78333333333333,7.208225806451611,1.2280701754385963
S2285,Emma,Jones,student1285@university.com,22,60.16,53.82,42.62,65.16,73.03,30.9,81.91,61.923,1,8.2,1,0,1,1,6,8.3,True,False,False,False,False,True,57.90666666666666,7.55158536585366,0.7228915662650601
S2286,Sara,Williams,student1286@university.com,18,53.38,64.87,94.29,71.77,79.51,90.7,88.68,83.1585,3,11.5,0,1,0,2,5,4.9,True,False,True,False,False,False,81.63666666666667,7.231173913043478,1.020408163265306
S2287,Emma,Johnson,student1287@university.com,22,58.57,41.97,70.93,94.78,59.86,55.3,88.06,73.41400000000002,2,12.0,1,1,1,2,6,8.1,False,True,False,True,False,False,68.48333333333333,6.117833333333334,0.7407407407407408
S2288,Maria,Davis,student1288@university.com,23,99.22,48.15,80.26,97.5,96.37,78.7,98.18,84.9385,3,29.1,0,1,0,0,3,5.0,False,True,False,False,True,False,83.19333333333333,2.918848797250859,0.6
S2289,Ali,Davis,student1289@university.com,22,73.43,59.19,44.03,85.94,71.65,92.4,52.92,60.438,1,24.5,0,1,1,2,5,4.2,True,False,False,True,False,False,67.68833333333335,2.466857142857143,1.1904761904761905
S2290,Ali,Brown,student1290@university.com,21,93.37,60.52,43.25,68.72,58.34,16.299999999999997,67.29,57.0345,0,6.5,0,1,1,0,3,8.7,False,True,False,False,True,False,52.403333333333336,8.774538461538462,0.3448275862068966
S2291,Ahmed,Johnson,student1291@university.com,20,92.44,93.98,75.19,91.0,88.14,42.8,73.83,79.6475,2,24.7,1,0,0,0,2,7.2,False,True,False,False,True,False,77.49,3.2245951417004046,0.2777777777777778
S2292,Maria,Brown,student1292@university.com,22,75.58,84.51,93.24,51.29,60.96,43.3,65.49,71.588,2,9.2,0,0,1,0,2,7.2,True,False,False,False,False,True,66.465,7.781304347826087,0.2777777777777778
S2293,Ali,Williams,student1293@university.com,21,85.33,98.33,71.71,55.14,57.18,35.4,65.49,68.083,1,13.9,1,0,1,0,2,5.3,False,True,False,False,False,True,63.875,4.898057553956835,0.3773584905660377
S2294,Maria,Smith,student1294@university.com,19,59.64,75.94,92.67,83.07,78.14,0.8999999999999999,58.81,72.521,2,13.0,1,1,1,2,10,4.7,True,False,True,False,False,False,64.92166666666667,5.578538461538462,2.127659574468085
S2295,Sara,Johnson,student1295@university.com,22,84.42,54.5,88.66,64.56,83.57,81.6,90.65,79.65599999999999,2,11.8,0,0,2,0,4,7.5,False,True,False,True,False,False,77.25666666666666,6.75050847457627,0.5333333333333333
S2296,John,Johnson,student1296@university.com,23,63.62,59.66,44.55,97.57,78.48,11.2,95.4,71.75,2,12.7,1,1,1,2,2,6.6,True,False,False,True,False,False,64.47666666666667,5.649606299212599,0.303030303030303
S2297,Ali,Johnson,student1297@university.com,19,91.6,59.19,52.12,71.8,82.83,99.5,54.12,62.1725,1,23.9,1,0,1,2,4,5.6,False,True,False,False,True,False,69.92666666666666,2.6013598326359832,0.7142857142857143
S2298,Ahmed,Brown,student1298@university.com,24,54.19,59.59,79.46,71.47,55.78,77.30000000000001,57.74,66.289,1,11.7,0,1,3,2,9,5.6,False,True,False,False,False,True,66.89,5.665726495726497,1.6071428571428572
S2299,Sara,Williams,student1299@university.com,22,88.66,80.38,66.61,83.9,73.8,58.0,61.42,70.0005,2,25.0,0,0,2,2,3,8.4,False,True,False,False,False,True,70.685,2.80002,0.3571428571428571
S2300,Omar,Johnson,student1300@university.com,18,55.0,71.85,57.44,88.38,67.85,15.5,75.45,68.58949999999999,1,7.3,1,0,0,2,5,8.4,True,False,False,True,False,False,62.745,9.395821917808217,0.5952380952380952
S2301,Maria,Johnson,student1301@university.com,21,94.06,63.13,65.12,73.78,98.67,51.5,89.56,76.12650000000001,2,19.9,1,0,2,1,2,5.4,False,True,True,False,False,False,73.62666666666667,3.825452261306533,0.3703703703703703
S2302,Omar,Davis,student1302@university.com,21,65.21,48.95,66.71,60.7,52.48,26.1,53.57,55.749,0,26.6,0,1,1,2,7,8.0,False,True,False,False,False,True,51.41833333333333,2.095827067669173,0.875
S2303,Emma,Smith,student1303@university.com,18,82.72,41.33,94.63,88.67,64.91,25.2,81.84,75.4605,2,7.0,0,1,1,2,10,5.1,True,False,True,False,False,False,66.09666666666665,10.780071428571429,1.9607843137254903
S2304,Sara,Davis,student1304@university.com,20,74.38,53.13,46.21,66.02,97.09,83.0,57.47,60.525,1,20.9,1,0,3,0,5,8.0,True,False,False,True,False,False,67.15333333333335,2.895933014354067,0.625
S2305,Omar,Davis,student1305@university.com,24,68.32,46.45,56.78,58.76,99.17,38.1,98.57,71.3695,2,17.8,1,1,1,0,7,4.6,False,True,False,True,False,False,66.305,4.009522471910112,1.5217391304347827
S2306,Liam,Smith,student1306@university.com,23,82.27,87.13,72.25,81.58,91.25,45.1,94.94,83.231,3,13.3,0,0,1,0,3,7.8,False,True,True,False,False,False,78.70833333333333,6.25796992481203,0.3846153846153846
S2307,Liam,Williams,student1307@university.com,21,97.38,46.75,81.9,54.52,53.8,84.3,97.48,74.50450000000001,2,7.5,0,0,1,0,6,6.8,False,True,False,False,False,True,69.79166666666667,9.933933333333334,0.8823529411764706
S2308,Ali,Davis,student1308@university.com,19,52.06,83.45,77.84,98.57,78.07,8.8,55.31,71.603,2,21.9,0,0,3,0,3,4.6,False,True,False,True,False,False,67.00666666666667,3.269543378995434,0.6521739130434783
S2309,Maria,Williams,student1309@university.com,23,95.94,63.14,96.5,81.62,70.01,59.5,74.4,78.135,2,12.7,1,0,1,0,1,7.1,True,False,False,False,True,False,74.195,6.15236220472441,0.1408450704225352
S2310,John,Davis,student1310@university.com,21,80.45,44.4,87.74,99.29,90.32,57.8,58.26,72.8885,2,13.5,1,0,3,2,8,5.0,False,True,False,True,False,False,72.96833333333333,5.399148148148147,1.6
S2311,Sara,Jones,student1311@university.com,24,90.37,88.76,73.42,66.94,52.75,42.5,80.02,73.116,2,22.9,1,0,1,2,9,5.0,False,True,False,False,False,True,67.39833333333333,3.1928384279475983,1.8
S2312,Ali,Smith,student1312@university.com,20,69.19,74.78,52.88,98.56,59.86,83.0,61.64,67.849,1,28.6,1,1,2,0,5,6.2,True,False,False,False,True,False,71.78666666666666,2.3723426573426574,0.8064516129032258
S2313,Ahmed,Davis,student1313@university.com,24,73.59,54.15,67.05,57.28,74.46,94.3,88.53,72.19699999999999,2,13.3,1,1,1,1,1,8.8,False,True,False,True,False,False,72.62833333333333,5.428345864661653,0.1136363636363636
S2314,Emma,Jones,student1314@university.com,19,93.44,93.68,81.6,52.03,57.88,46.5,82.2,75.0295,2,23.7,1,0,0,1,2,8.5,False,True,False,False,False,True,68.98166666666667,3.165801687763713,0.2352941176470588
S2315,Maria,Brown,student1315@university.com,24,70.74,42.72,90.28,51.65,84.64,45.6,78.58,71.0435,2,28.9,0,1,0,2,8,8.1,False,True,False,False,False,True,65.57833333333333,2.458252595155709,0.9876543209876544
S2316,Sara,Jones,student1316@university.com,23,76.73,52.11,97.58,73.24,91.04,50.2,91.26,82.1895,3,7.4,0,1,1,2,7,8.3,True,False,False,True,False,False,75.905,11.106689189189188,0.8433734939759036
S2317,Liam,Johnson,student1317@university.com,19,51.01,85.12,76.33,54.15,85.23,72.30000000000001,75.01,74.614,2,18.2,1,0,0,1,4,6.5,True,False,False,False,False,True,74.69,4.09967032967033,0.6153846153846154
S2319,John,Jones,student1319@university.com,22,82.08,57.36,41.06,66.38,93.92,22.3,81.04,63.64500000000001,1,25.6,0,0,0,0,4,8.4,False,True,False,False,True,False,60.34333333333334,2.4861328125,0.4761904761904761
S2320,Liam,Williams,student1320@university.com,18,85.85,43.72,44.33,66.78,56.88,6.4,97.85,63.0205,1,12.2,0,1,1,1,5,4.4,True,False,True,False,False,False,52.66,5.165614754098361,1.1363636363636362
S2321,John,Brown,student1321@university.com,23,79.13,91.48,49.37,81.78,63.02,94.9,80.06,73.3965,2,13.3,0,0,2,0,4,9.0,False,True,False,True,False,False,76.76833333333333,5.518533834586466,0.4444444444444444
S2322,Ahmed,Davis,student1322@university.com,22,57.17,58.82,43.29,58.15,74.48,26.1,81.48,61.565,1,22.2,1,1,1,2,9,6.8,False,True,True,False,False,False,57.05333333333334,2.773198198198198,1.3235294117647058
S2323,Emma,Johnson,student1323@university.com,18,72.27,51.74,64.05,88.33,53.07,63.9,96.74,74.547,2,24.7,1,0,1,2,1,6.7,True,False,False,True,False,False,69.63833333333334,3.018097165991903,0.1492537313432835
S2324,Ahmed,Jones,student1324@university.com,22,67.75,70.96,60.21,79.1,54.78,82.8,75.76,69.9075,1,15.0,1,1,1,0,1,5.5,True,False,False,True,False,False,70.60166666666666,4.6605,0.1818181818181818
S2325,Ali,Brown,student1325@university.com,21,74.78,94.61,78.24,95.75,69.87,30.0,99.82,86.547,3,21.6,0,0,0,2,10,4.9,True,False,False,False,False,True,78.04833333333333,4.006805555555555,2.0408163265306123
S2326,Ali,Davis,student1326@university.com,24,93.52,42.61,72.14,68.24,97.19,63.5,57.98,64.9505,1,28.9,0,1,0,2,7,7.4,False,True,False,False,False,True,66.94333333333334,2.24742214532872,0.945945945945946
S2327,Ahmed,Brown,student1327@university.com,19,88.79,85.95,75.76,99.14,95.42,10.8,76.85,79.8405,2,27.2,0,1,1,0,3,5.8,False,True,False,True,False,False,73.98666666666668,2.9353125,0.5172413793103449
S2328,Emma,Johnson,student1328@university.com,22,54.2,74.35,68.32,78.79,73.3,97.0,60.65,70.42599999999999,2,22.5,1,1,3,1,4,5.5,False,True,False,False,True,False,75.40166666666666,3.130044444444444,0.7272727272727273
S2329,Ahmed,Jones,student1329@university.com,21,94.52,65.53,56.66,98.67,57.11,5.8,72.67,66.597,1,28.6,0,1,3,2,1,4.8,False,True,False,False,True,False,59.40666666666667,2.3285664335664333,0.2083333333333333
S2330,Emma,Brown,student1330@university.com,24,73.59,84.64,97.17,51.35,58.91,43.8,58.53,70.331,2,26.9,1,1,1,1,2,6.7,True,False,False,False,True,False,65.73333333333333,2.6145353159851306,0.2985074626865671
S2331,Emma,Brown,student1331@university.com,24,87.19,97.95,45.18,86.4,68.88,53.7,61.13,66.8595,1,23.2,1,0,0,1,5,6.9,False,True,True,False,False,False,68.87333333333332,2.881875,0.7246376811594203
S2332,Omar,Smith,student1332@university.com,20,57.0,53.75,96.33,90.83,60.5,79.0,60.54,73.9315,2,27.9,1,1,3,2,4,6.2,False,True,False,True,False,False,73.49166666666666,2.6498745519713265,0.6451612903225806
S2333,Liam,Brown,student1333@university.com,18,83.54,48.62,58.67,52.66,54.15,12.1,66.0,55.67949999999999,0,25.4,0,0,3,1,3,4.1,True,False,False,False,False,True,48.7,2.192106299212598,0.7317073170731708
S2334,Maria,Smith,student1334@university.com,20,61.82,94.77,70.76,78.95,83.69,44.1,56.73,71.341,2,17.6,1,1,2,2,2,6.5,True,False,True,False,False,False,71.50000000000001,4.053465909090908,0.3076923076923077
S2335,Emma,Jones,student1335@university.com,23,71.92,80.14,46.53,90.1,79.07,30.0,90.47,73.7165,2,17.6,1,0,3,2,1,5.4,False,True,True,False,False,False,69.38499999999999,4.188437499999999,0.1851851851851851
S2338,Emma,Jones,student1338@university.com,20,54.6,84.74,84.5,84.67,88.8,0.5,50.8,70.6815,2,23.7,0,0,2,0,7,7.4,False,True,True,False,False,False,65.66833333333334,2.9823417721518988,0.945945945945946
S2339,Emma,Jones,student1339@university.com,24,61.99,86.38,56.16,53.03,74.55,74.9,55.24,62.72349999999999,1,18.9,1,1,0,0,1,6.6,False,True,False,True,False,False,66.71,3.3187037037037035,0.1515151515151515
S2340,Omar,Williams,student1340@university.com,21,55.0,95.19,73.74,90.87,54.83,81.0,94.81,84.32,3,24.0,1,1,1,0,2,7.1,False,True,False,True,False,False,81.74,3.513333333333333,0.2816901408450704
S2341,Liam,Jones,student1341@university.com,24,84.6,65.61,56.72,52.15,95.92,90.1,91.86,73.499,2,28.7,1,1,1,0,2,7.0,False,True,False,True,False,False,75.39333333333333,2.5609407665505226,0.2857142857142857
S2342,Omar,Brown,student1342@university.com,19,51.45,57.6,63.32,56.87,83.43,62.7,92.05,72.0935,2,16.3,0,0,3,0,8,4.6,True,False,False,False,False,True,69.32833333333333,4.422914110429448,1.7391304347826089
S2343,Ali,Davis,student1343@university.com,22,80.89,78.38,94.39,63.76,62.35,33.3,70.57,73.98949999999999,2,7.2,0,1,1,1,5,5.1,True,False,False,True,False,False,67.125,10.276319444444445,0.9803921568627452
S2344,Omar,Johnson,student1344@university.com,23,57.04,64.94,91.35,81.67,80.52,42.7,57.08,72.14,2,20.7,1,0,1,0,4,4.0,False,True,True,False,False,False,69.71,3.485024154589372,1.0
S2345,John,Davis,student1345@university.com,23,97.26,75.68,70.96,98.82,70.25,97.0,55.39,72.407,2,7.5,0,1,0,0,3,8.9,False,True,False,False,False,True,78.01666666666667,9.654266666666668,0.3370786516853932
S2346,John,Smith,student1346@university.com,18,96.65,65.2,54.29,55.89,81.77,88.10000000000001,80.28,68.402,1,20.5,1,1,3,1,8,5.1,True,False,False,False,False,True,70.92166666666667,3.336682926829268,1.5686274509803924
S2347,Omar,Davis,student1347@university.com,24,61.28,49.18,51.59,57.14,73.69,46.4,91.41,65.9575,1,18.2,0,1,1,0,10,8.1,False,True,True,False,False,False,61.56833333333333,3.624038461538461,1.234567901234568
S2348,Liam,Williams,student1348@university.com,22,80.72,68.17,97.25,68.44,74.27,94.3,95.01,85.449,3,22.8,0,1,1,1,6,7.9,False,True,False,False,False,True,82.90666666666667,3.747763157894737,0.7594936708860759
S2349,Ahmed,Jones,student1349@university.com,18,51.4,81.46,52.16,91.81,86.79,82.30000000000001,64.44,71.15650000000001,2,13.8,0,1,0,1,7,7.5,False,True,True,False,False,False,76.49333333333334,5.156268115942029,0.9333333333333332
S2350,Maria,Jones,student1350@university.com,23,96.59,87.96,88.49,73.36,80.69,90.1,66.05,78.70949999999999,2,8.6,1,1,2,0,5,6.2,False,True,False,False,True,False,81.10833333333333,9.152267441860465,0.8064516129032258
S2351,Liam,Davis,student1351@university.com,22,76.15,69.6,62.14,66.08,54.0,68.3,55.04,61.214,1,10.9,0,0,2,2,5,6.9,True,False,True,False,False,False,62.52666666666667,5.615963302752293,0.7246376811594203
S2352,Omar,Johnson,student1352@university.com,20,52.16,49.91,99.14,78.06,53.27,85.8,88.72,80.21350000000001,3,22.1,0,0,2,2,10,4.9,False,True,False,False,False,True,75.81666666666666,3.629570135746607,2.0408163265306123
S2353,Emma,Johnson,student1353@university.com,19,67.12,64.88,62.09,63.03,65.25,89.2,63.78,64.828,1,17.0,1,0,0,0,8,4.5,True,False,True,False,False,False,68.03833333333334,3.8134117647058825,1.7777777777777777
S2354,Sara,Williams,student1354@university.com,20,53.84,87.18,61.09,70.06,71.51,9.2,74.05,68.6845,1,18.5,1,1,1,2,1,5.8,False,True,False,False,True,False,62.18166666666667,3.712675675675676,0.1724137931034483
S2355,Maria,Smith,student1355@university.com,19,69.65,64.77,78.25,66.63,63.76,96.5,96.44,79.40549999999999,2,13.1,0,0,0,0,3,8.1,False,True,False,True,False,False,77.725,6.06148854961832,0.3703703703703704
S2356,Maria,Davis,student1356@university.com,24,83.5,81.79,97.69,90.21,82.57,33.4,87.61,86.4325,3,25.9,0,1,2,0,7,6.8,True,False,False,True,False,False,78.87833333333333,3.3371621621621625,1.0294117647058825
S2357,John,Jones,student1357@university.com,21,73.49,70.43,98.57,96.21,59.76,44.0,52.64,73.6065,2,30.0,0,0,0,1,3,7.8,False,True,False,True,False,False,70.26833333333333,2.45355,0.3846153846153846
S2358,Maria,Davis,student1358@university.com,18,69.19,54.47,82.43,87.98,85.21,79.2,50.41,69.57900000000001,1,12.8,0,0,3,0,9,8.5,True,False,False,False,False,True,73.28333333333332,5.435859375000001,1.0588235294117647
S2359,Omar,Williams,student1359@university.com,18,55.96,87.77,85.28,71.95,88.66,66.5,89.37,84.28,3,23.0,0,0,1,0,2,6.8,False,True,False,False,True,False,81.58833333333332,3.664347826086957,0.2941176470588235
S2360,Emma,Brown,student1360@university.com,21,62.25,45.05,73.8,75.22,56.22,89.3,77.63,69.8665,1,9.3,1,1,3,2,1,5.8,False,True,True,False,False,False,69.53666666666666,7.512526881720429,0.1724137931034483
S2361,Emma,Brown,student1361@university.com,22,55.01,71.49,85.35,56.25,82.54,40.1,86.02,76.5635,2,23.6,0,1,2,1,7,8.3,False,True,True,False,False,False,70.29166666666667,3.244216101694916,0.8433734939759036
S2362,Ali,Williams,student1362@university.com,21,90.37,52.53,91.59,87.34,98.07,37.3,57.84,72.902,2,15.8,1,1,1,1,9,5.1,False,True,True,False,False,False,70.77833333333332,4.614050632911392,1.7647058823529411
S2363,Emma,Jones,student1363@university.com,24,56.76,44.02,69.17,79.82,59.64,3.2,93.6,70.07249999999999,2,20.1,0,1,3,2,4,4.1,False,True,True,False,False,False,58.24166666666665,3.4861940298507457,0.9756097560975612
S2364,Liam,Williams,student1364@university.com,23,79.77,70.18,77.19,95.12,95.47,46.3,88.67,82.5555,3,10.9,0,0,0,0,9,4.3,True,False,False,False,False,True,78.82166666666667,7.573899082568807,2.0930232558139537
S2365,Emma,Jones,student1365@university.com,21,67.14,69.97,72.24,60.03,80.3,72.4,94.54,77.572,2,26.3,0,0,1,1,3,6.9,True,False,False,False,False,True,74.91333333333333,2.9495057034220533,0.4347826086956521
S2366,John,Johnson,student1366@university.com,19,61.3,82.41,73.75,87.99,79.55,30.1,67.05,73.5725,2,9.3,1,1,0,1,8,8.5,False,True,False,False,True,False,70.14166666666667,7.911021505376344,0.9411764705882352
S2367,Emma,Williams,student1367@university.com,23,81.97,84.69,93.4,84.23,52.6,46.3,63.79,75.4,2,28.2,1,0,2,2,9,6.8,False,True,True,False,False,False,70.83500000000001,2.673758865248227,1.3235294117647058
S2368,Ali,Jones,student1368@university.com,21,72.85,83.67,61.34,63.29,87.42,21.9,57.59,64.493,1,6.5,0,1,1,1,5,6.0,True,False,False,True,False,False,62.53499999999999,9.922,0.8333333333333334
S2369,Sara,Williams,student1369@university.com,18,70.01,64.57,52.49,83.37,73.91,77.30000000000001,96.5,75.5195,2,12.2,0,1,1,0,5,6.9,True,False,False,False,False,True,74.69000000000001,6.190122950819672,0.7246376811594203
S2370,Omar,Williams,student1370@university.com,20,79.64,77.9,67.38,96.22,86.06,6.1,58.84,69.52600000000001,1,19.1,1,0,1,2,5,7.4,False,True,False,False,True,False,65.41666666666667,3.640104712041885,0.6756756756756757
S2371,John,Jones,student1371@university.com,19,74.56,74.62,52.49,95.92,90.46,70.5,55.97,68.0655,1,26.5,1,1,1,0,9,7.8,False,True,False,False,True,False,73.32666666666667,2.568509433962264,1.153846153846154
S2372,Liam,Jones,student1372@university.com,24,65.17,65.29,69.9,85.98,76.19,37.9,59.63,67.5685,1,19.4,1,0,3,1,9,5.7,True,False,False,False,False,True,65.815,3.482912371134021,1.5789473684210529
S2373,Sara,Smith,student1373@university.com,19,77.95,75.83,94.21,52.4,63.18,4.2,88.57,75.886,2,10.4,0,1,3,2,3,5.9,False,True,False,True,False,False,63.065,7.296730769230768,0.5084745762711864
S2374,John,Williams,student1374@university.com,22,83.47,96.83,77.05,93.61,57.08,85.3,94.48,86.1455,3,26.5,1,1,3,0,4,4.1,True,False,False,True,False,False,84.05833333333334,3.2507735849056605,0.9756097560975612
S2375,Ahmed,Brown,student1375@university.com,20,51.33,51.57,91.33,82.89,58.03,48.8,90.55,78.40950000000001,2,19.9,0,1,3,1,6,7.2,False,True,True,False,False,False,70.52833333333335,3.9401758793969854,0.8333333333333333
S2376,Maria,Williams,student1376@university.com,19,73.29,94.35,49.97,65.52,93.35,59.900000000000006,78.16,72.25099999999999,2,10.8,1,1,3,0,8,7.9,True,False,False,False,False,True,73.54166666666664,6.689907407407406,1.0126582278481011
S2377,Ahmed,Williams,student1377@university.com,21,52.88,43.21,94.05,59.36,56.18,73.2,99.69,78.083,2,19.0,1,1,1,0,2,6.6,True,False,False,True,False,False,70.94833333333334,4.1096315789473685,0.303030303030303
S2378,Emma,Jones,student1378@university.com,19,59.32,58.5,76.11,55.81,69.23,65.5,53.44,62.404,1,21.9,1,1,1,2,4,5.9,False,True,False,False,False,True,63.098333333333336,2.8494977168949776,0.6779661016949152
S2379,Sara,Williams,student1379@university.com,19,78.03,57.29,41.91,52.51,66.71,73.1,93.36,65.2815,1,22.0,0,0,3,0,5,5.7,True,False,False,False,True,False,64.14666666666666,2.967340909090909,0.8771929824561403
S2380,Emma,Davis,student1380@university.com,19,93.31,77.58,77.99,87.71,93.27,76.2,71.39,78.845,2,23.1,1,0,3,1,6,7.2,False,True,False,False,True,False,80.68999999999998,3.413203463203463,0.8333333333333333
S2381,Maria,Williams,student1381@university.com,22,94.14,47.87,97.08,61.79,73.88,58.9,72.76,72.88,2,27.4,0,1,1,1,1,5.7,False,True,False,False,True,False,68.71333333333332,2.6598540145985403,0.175438596491228
S2382,John,Davis,student1382@university.com,19,53.5,92.94,44.75,51.21,99.82,36.6,56.38,61.536,1,25.6,0,0,1,1,6,7.0,False,True,False,False,False,True,63.616666666666674,2.40375,0.8571428571428571
S2383,Maria,Brown,student1383@university.com,19,70.96,89.71,74.95,69.86,86.85,24.3,51.67,68.07400000000001,1,20.2,0,1,3,1,10,8.6,False,True,True,False,False,False,66.22333333333334,3.370000000000001,1.162790697674419
S2385,Maria,Williams,student1385@university.com,23,57.35,67.5,40.58,58.46,54.93,97.0,58.74,57.004000000000005,0,23.7,1,1,3,1,9,4.3,False,True,False,True,False,False,62.86833333333334,2.405232067510549,2.0930232558139537
S2386,Ali,Davis,student1386@university.com,20,88.27,95.98,77.85,52.2,62.66,35.8,74.17,71.9965,2,29.4,1,0,1,2,8,8.4,False,True,False,False,False,True,66.44333333333333,2.448860544217687,0.9523809523809524
S2387,Maria,Davis,student1387@university.com,24,87.21,89.84,68.49,59.46,56.77,11.2,57.37,62.9655,1,12.6,1,0,2,0,3,5.4,False,True,True,False,False,False,57.18833333333333,4.9972619047619045,0.5555555555555555
S2388,Omar,Davis,student1388@university.com,23,95.17,69.96,60.82,83.96,73.18,22.3,56.9,63.79600000000001,1,20.2,1,1,3,2,5,8.9,False,True,False,False,False,True,61.18666666666667,3.158217821782179,0.5617977528089887
S2389,Ali,Johnson,student1389@university.com,18,50.42,82.11,77.65,54.11,85.91,67.1,93.85,79.9465,2,24.2,0,1,3,1,1,8.2,True,False,True,False,False,False,76.78833333333334,3.3035743801652893,0.1219512195121951
S2390,Sara,Smith,student1390@university.com,22,60.83,74.02,43.16,77.75,58.45,17.3,96.06,69.0835,1,21.0,0,0,0,2,9,6.1,False,True,False,False,True,False,61.123333333333335,3.289690476190476,1.475409836065574
S2391,Emma,Brown,student1391@university.com,22,91.36,75.28,85.18,57.32,56.51,78.0,98.21,80.199,3,28.1,0,0,0,1,10,7.1,True,False,False,False,True,False,75.08333333333333,2.854056939501779,1.4084507042253522
S2392,Liam,Williams,student1392@university.com,19,83.53,59.86,40.27,59.78,80.73,92.3,84.03,65.9105,1,16.8,0,0,1,0,7,5.4,True,False,False,True,False,False,69.495,3.9232440476190473,1.2962962962962965
S2393,Emma,Johnson,student1393@university.com,19,94.72,67.73,58.42,69.65,61.52,96.4,88.55,72.749,2,18.3,0,0,0,2,3,4.4,True,False,False,False,True,False,73.71166666666667,3.9753551912568303,0.6818181818181818
S2395,Emma,Williams,student1395@university.com,18,79.85,61.44,62.62,58.66,52.56,95.8,82.95,68.601,1,27.5,0,0,3,1,10,6.1,False,True,False,True,False,False,69.005,2.494581818181818,1.639344262295082
S2396,John,Jones,student1396@university.com,19,78.45,81.75,58.45,67.45,84.03,74.0,66.51,69.0485,1,11.6,1,0,3,0,1,8.8,False,True,False,True,False,False,72.03166666666665,5.952456896551725,0.1136363636363636
S2397,Omar,Jones,student1397@university.com,21,51.78,97.19,89.85,66.48,77.07,8.4,57.82,72.486,2,29.5,0,1,2,2,3,7.0,False,True,False,False,True,False,66.13499999999999,2.457152542372881,0.4285714285714285
S2398,Maria,Jones,student1398@university.com,19,75.68,97.78,96.09,87.46,82.37,41.5,61.86,80.67850000000001,3,10.1,1,1,2,2,1,7.7,True,False,False,False,False,True,77.84333333333333,7.987970297029705,0.1298701298701298
S2399,Ahmed,Johnson,student1399@university.com,19,80.48,73.34,92.42,53.74,63.77,70.0,92.02,79.65,2,11.3,0,0,0,2,7,4.7,True,False,False,False,True,False,74.21499999999999,7.048672566371682,1.4893617021276595
S2400,John,Williams,student1400@university.com,21,59.56,76.4,71.35,93.02,63.93,95.7,84.8,79.8685,2,17.1,0,1,3,1,3,7.6,False,True,False,False,True,False,80.86666666666666,4.670672514619882,0.3947368421052631
S2401,John,Smith,student1401@university.com,18,63.67,51.14,93.05,90.81,90.07,16.4,72.79,76.219,2,21.5,0,1,1,2,5,4.3,False,True,False,True,False,False,69.04333333333334,3.54506976744186,1.162790697674419
S2402,Ali,Brown,student1402@university.com,21,82.02,81.72,95.25,88.3,85.93,12.8,51.47,73.98949999999999,2,16.0,0,1,0,2,5,7.1,False,True,False,False,True,False,69.245,4.62434375,0.7042253521126761
S2403,Emma,Jones,student1403@university.com,22,73.42,44.24,64.55,65.47,78.99,47.2,63.31,61.84599999999999,1,13.8,1,0,2,2,9,8.2,False,True,True,False,False,False,60.626666666666665,4.48159420289855,1.0975609756097562
S2404,Sara,Jones,student1404@university.com,21,92.9,57.08,57.01,91.14,81.41,96.8,86.44,75.3985,2,18.5,1,1,1,0,1,6.4,False,True,False,True,False,False,78.31333333333333,4.075594594594595,0.15625
S2405,Liam,Williams,student1405@university.com,20,67.12,80.1,45.9,59.14,54.7,97.1,75.62,65.37199999999999,1,29.0,1,1,1,1,3,5.1,False,True,False,False,True,False,68.75999999999999,2.2542068965517235,0.5882352941176471
S2406,Sara,Williams,student1406@university.com,22,63.33,58.62,68.75,56.22,92.81,22.8,71.78,66.3685,1,29.0,0,1,1,1,4,6.2,False,True,False,False,False,True,61.830000000000005,2.288568965517241,0.6451612903225806
S2407,Ahmed,Johnson,student1407@university.com,19,99.24,42.99,96.78,52.25,88.5,31.9,65.68,68.63,1,13.2,1,1,0,1,4,8.2,True,False,True,False,False,False,63.01666666666666,5.199242424242424,0.4878048780487805
S2408,Omar,Johnson,student1408@university.com,24,95.56,89.91,73.65,96.97,79.52,90.8,80.35,83.04149999999998,3,22.0,1,0,0,1,8,7.6,True,False,False,False,False,True,85.19999999999999,3.774613636363636,1.0526315789473684
S2409,Sara,Jones,student1409@university.com,22,51.45,58.62,80.05,65.4,95.93,73.5,98.32,81.3795,3,23.0,0,0,1,2,8,7.0,True,False,True,False,False,False,78.63666666666667,3.5382391304347824,1.1428571428571428
S2410,Maria,Williams,student1410@university.com,18,88.54,43.79,46.77,95.88,58.43,97.2,95.06,71.864,2,21.3,1,0,0,1,4,7.5,True,False,False,False,False,True,72.855,3.373896713615024,0.5333333333333333
S2411,Sara,Smith,student1411@university.com,18,55.52,44.49,48.61,63.63,84.33,89.3,51.52,56.724500000000006,0,7.8,0,0,0,1,10,8.2,False,True,False,False,True,False,63.64666666666667,7.272371794871796,1.2195121951219514
S2412,Ahmed,Brown,student1412@university.com,21,51.37,55.11,67.87,95.38,98.15,21.5,74.05,72.646,2,18.5,1,0,3,2,9,4.8,False,True,True,False,False,False,68.67666666666666,3.926810810810811,1.875
S2413,Liam,Williams,student1413@university.com,22,63.68,50.68,97.08,95.2,65.5,76.0,66.47,76.443,2,24.1,1,0,1,2,9,8.2,False,True,False,True,False,False,75.15499999999999,3.171908713692946,1.0975609756097562
S2414,Sara,Williams,student1414@university.com,19,63.47,86.46,61.65,96.18,50.76,4.9,75.53,70.7885,2,10.0,0,1,2,2,3,8.0,False,True,False,True,False,False,62.580000000000005,7.07885,0.375
S2415,Maria,Davis,student1415@university.com,18,90.97,59.3,92.65,74.81,86.74,81.8,80.31,80.13600000000001,3,13.7,1,0,3,2,9,6.4,False,True,False,False,False,True,79.26833333333333,5.849343065693431,1.40625
S2416,Ali,Johnson,student1416@university.com,23,85.53,88.28,47.22,93.3,50.35,60.2,60.0,65.08699999999999,1,10.1,0,0,0,0,8,6.0,True,False,False,False,False,True,66.55833333333334,6.444257425742573,1.3333333333333333
S2417,Omar,Brown,student1417@university.com,19,99.08,50.43,77.02,97.54,93.63,95.6,89.08,82.3175,3,27.2,1,1,2,1,4,8.7,False,True,False,False,False,True,83.88333333333334,3.026378676470588,0.4597701149425288
S2418,Ahmed,Jones,student1418@university.com,23,85.58,69.57,76.04,66.23,52.82,96.0,73.75,71.587,2,26.5,1,0,0,2,10,8.1,True,False,True,False,False,False,72.40166666666667,2.7013962264150946,1.234567901234568
S2419,Ali,Williams,student1419@university.com,20,70.91,81.28,91.59,70.94,82.64,5.1,99.6,84.12950000000001,3,9.2,0,1,1,1,5,8.9,False,True,False,True,False,False,71.85833333333333,9.144510869565218,0.5617977528089887
S2420,Ali,Jones,student1420@university.com,23,84.95,79.12,40.2,85.96,68.86,16.1,51.26,57.881,0,24.0,1,1,0,0,2,7.2,True,False,False,False,True,False,56.91666666666666,2.4117083333333333,0.2777777777777778
S2421,Ali,Williams,student1421@university.com,18,99.97,76.07,51.4,65.02,60.17,48.4,59.49,60.29750000000001,1,14.1,0,0,1,2,7,4.2,False,True,True,False,False,False,60.09166666666667,4.276418439716313,1.6666666666666663
S2422,John,Jones,student1422@university.com,21,85.51,95.49,53.18,87.69,94.91,87.89999999999999,84.48,80.00200000000001,3,22.2,0,0,1,0,2,4.8,True,False,False,False,False,True,83.94166666666666,3.6036936936936943,0.4166666666666667
S2423,Omar,Brown,student1423@university.com,20,88.08,53.71,97.0,53.69,87.31,81.4,84.76,78.589,2,17.3,1,1,1,1,1,8.1,False,True,False,True,False,False,76.31166666666667,4.54271676300578,0.1234567901234568
S2424,Liam,Johnson,student1424@university.com,22,96.92,69.62,49.22,76.17,67.02,96.4,79.11,69.4285,1,16.8,0,1,1,0,10,7.2,False,True,False,False,False,True,72.92333333333333,4.132648809523809,1.3888888888888888
S2425,Emma,Brown,student1425@university.com,19,55.68,93.04,42.22,56.12,64.21,61.8,98.6,72.02,2,27.0,1,1,2,1,5,5.0,False,True,False,False,True,False,69.33166666666666,2.6674074074074072,1.0
S2426,Omar,Davis,student1426@university.com,18,85.24,44.67,72.07,64.67,86.8,25.7,70.77,65.61449999999999,1,20.9,1,1,1,1,8,4.1,False,True,False,False,True,False,60.78,3.13944976076555,1.951219512195122
S2427,John,Smith,student1427@university.com,20,92.54,43.35,71.71,62.93,91.83,2.5,70.85,64.4325,1,10.9,0,1,0,1,4,5.3,True,False,False,True,False,False,57.19499999999999,5.911238532110092,0.7547169811320755
S2428,Emma,Johnson,student1428@university.com,20,97.72,54.0,90.64,91.95,85.79,22.3,95.52,82.9025,3,7.8,0,1,3,1,1,4.7,False,True,True,False,False,False,73.36666666666666,10.62852564102564,0.2127659574468085
S2429,Omar,Brown,student1429@university.com,18,60.55,77.98,96.93,59.68,82.0,67.5,76.92,79.5325,2,28.3,0,1,0,1,4,8.4,True,False,False,False,True,False,76.83500000000001,2.810335689045936,0.4761904761904761
S2430,Ali,Davis,student1430@university.com,22,75.2,55.59,72.31,90.42,61.4,92.6,67.69,71.056,2,8.8,1,0,0,2,9,8.4,False,True,False,False,True,False,73.335,8.074545454545454,1.0714285714285714
S2431,Ahmed,Smith,student1431@university.com,22,84.03,51.41,95.8,89.7,92.64,32.1,85.95,81.7705,3,23.4,1,1,0,2,8,8.2,True,False,False,False,True,False,74.6,3.4944658119658123,0.9756097560975612
S2432,Emma,Davis,student1432@university.com,21,62.37,67.53,83.51,74.94,87.48,87.6,80.98,79.67000000000002,2,17.4,0,0,0,0,9,4.5,False,True,False,False,True,False,80.34000000000002,4.57873563218391,2.0
S2433,Maria,Williams,student1433@university.com,24,80.02,76.82,55.87,61.69,75.86,39.5,65.32,63.901,1,8.5,1,0,3,0,7,4.7,False,True,False,False,False,True,62.51,7.517764705882353,1.4893617021276595
S2434,Maria,Williams,student1434@university.com,23,62.88,54.91,95.71,61.34,75.58,30.8,64.9,69.933,1,24.4,0,0,1,2,6,4.7,True,False,False,False,False,True,63.873333333333335,2.8661065573770497,1.276595744680851
S2435,Sara,Jones,student1435@university.com,22,66.67,58.04,80.05,73.25,78.46,50.9,69.78,71.03099999999999,2,27.6,0,1,1,1,6,5.3,False,True,True,False,False,False,68.41333333333334,2.573586956521739,1.1320754716981132
S2436,Emma,Johnson,student1436@university.com,21,72.08,76.81,64.85,50.44,91.41,44.2,53.58,62.725,1,8.0,1,0,2,1,1,4.4,False,True,False,True,False,False,63.548333333333325,7.840625,0.2272727272727272
S2438,Liam,Davis,student1438@university.com,20,72.47,80.48,64.08,97.64,92.81,46.8,59.15,72.10399999999998,2,26.2,0,1,3,1,2,8.3,False,True,False,True,False,False,73.49333333333333,2.752061068702289,0.2409638554216867
S2439,John,Johnson,student1439@university.com,18,74.66,86.97,46.85,57.74,75.36,27.7,59.69,60.247,1,17.5,1,0,3,0,7,4.3,True,False,False,False,True,False,59.05166666666667,3.442685714285714,1.627906976744186
S2440,Ali,Williams,student1440@university.com,22,64.93,62.01,83.14,78.67,81.23,84.3,82.35,78.93,2,21.9,1,1,2,1,10,4.7,False,True,False,False,False,True,78.61666666666667,3.604109589041097,2.127659574468085
S2441,Sara,Jones,student1441@university.com,21,57.95,56.34,89.45,98.09,92.73,99.9,86.21,85.658,3,16.0,1,0,0,1,6,5.3,True,False,False,False,False,True,87.12,5.353625,1.1320754716981132
S2442,Maria,Brown,student1442@university.com,20,52.37,67.26,83.73,93.03,61.62,64.80000000000001,86.84,80.43,3,15.3,0,1,2,0,3,7.9,True,False,True,False,False,False,76.21333333333332,5.256862745098039,0.3797468354430379
S2443,John,Jones,student1443@university.com,22,59.8,88.43,53.75,92.52,72.2,25.0,68.75,69.675,1,12.5,0,0,3,0,4,7.6,True,False,False,True,False,False,66.77499999999999,5.574,0.5263157894736842
S2444,John,Smith,student1444@university.com,19,79.1,67.38,97.4,91.09,81.03,23.9,93.67,85.5195,3,19.1,0,0,0,2,1,7.2,True,False,False,False,False,True,75.74499999999999,4.477460732984293,0.1388888888888889
S2445,Ali,Williams,student1445@university.com,24,89.31,90.8,41.52,65.45,95.76,5.8,77.2,66.8435,1,9.0,1,0,3,1,4,8.6,False,True,True,False,False,False,62.755,7.427055555555556,0.4651162790697674
S2446,Liam,Smith,student1446@university.com,20,58.46,99.33,59.96,94.53,50.79,7.7,71.93,71.112,2,22.9,1,1,1,0,2,4.2,False,True,False,True,False,False,64.04,3.1053275109170304,0.4761904761904761
S2447,Liam,Smith,student1447@university.com,22,55.43,44.32,55.61,97.07,60.63,91.5,90.52,72.905,2,18.7,0,1,1,0,5,4.8,True,False,False,False,True,False,73.27499999999999,3.8986631016042783,1.0416666666666667
S2448,Emma,Davis,student1448@university.com,20,87.46,42.72,42.89,74.79,61.72,9.6,62.18,53.655,0,26.2,1,1,1,0,9,4.9,False,True,False,False,False,True,48.98333333333333,2.0479007633587787,1.8367346938775508
S2449,Maria,Johnson,student1449@university.com,18,65.26,48.98,64.34,67.73,66.33,48.4,93.01,70.54750000000001,2,28.0,1,1,3,0,9,4.3,False,True,False,False,False,True,64.79833333333333,2.519553571428572,2.0930232558139537
S2450,Liam,Davis,student1450@university.com,18,97.57,63.06,77.39,70.71,64.09,69.80000000000001,76.94,72.39399999999999,2,27.5,0,0,0,0,1,7.1,False,True,False,True,False,False,70.33166666666666,2.6325090909090907,0.1408450704225352
S2451,Ahmed,Williams,student1451@university.com,24,85.72,47.86,92.95,66.71,79.51,85.0,95.0,81.124,3,20.0,1,0,1,0,6,5.0,True,False,False,False,True,False,77.83833333333332,4.0562,1.2
S2452,Liam,Smith,student1452@university.com,18,66.34,92.24,99.38,60.62,94.28,17.1,60.08,76.08099999999999,2,13.0,1,0,1,2,2,6.4,False,True,False,False,True,False,70.61666666666666,5.852384615384614,0.3125
S2453,John,Brown,student1453@university.com,23,64.48,41.39,88.49,80.92,81.85,43.8,96.8,79.884,2,13.9,1,0,0,1,1,7.4,False,True,False,False,False,True,72.20833333333333,5.74705035971223,0.1351351351351351
S2454,Ali,Smith,student1454@university.com,19,76.18,58.95,68.12,78.13,62.08,25.1,84.39,70.372,2,21.3,0,0,0,1,9,7.0,True,False,False,True,False,False,62.795,3.303849765258216,1.2857142857142858
S2455,Ahmed,Brown,student1455@university.com,18,53.96,51.08,83.42,73.13,93.19,25.6,80.92,74.3615,2,22.8,0,1,1,1,2,5.5,False,True,True,False,False,False,67.89,3.2614692982456144,0.3636363636363636
S2456,Emma,Davis,student1456@university.com,19,55.88,95.89,90.62,54.79,81.6,30.4,71.1,76.267,2,9.0,0,1,1,1,6,6.1,True,False,False,False,False,True,70.73333333333333,8.47411111111111,0.9836065573770492
S2457,Maria,Davis,student1457@university.com,18,58.79,80.17,67.92,89.84,60.95,58.7,97.82,80.85749999999999,3,29.9,1,1,1,1,6,5.7,True,False,False,False,True,False,75.89999999999999,2.7042642140468223,1.0526315789473684
S2458,Emma,Johnson,student1458@university.com,23,88.74,94.72,87.1,58.75,68.08,1.7000000000000002,72.2,73.3485,2,7.7,1,0,1,1,3,8.3,True,False,True,False,False,False,63.758333333333326,9.52577922077922,0.36144578313253
S2459,John,Smith,student1459@university.com,20,75.69,98.34,68.96,55.73,89.5,40.9,74.93,73.8245,2,20.2,1,1,2,1,6,6.1,False,True,False,True,False,False,71.39333333333333,3.6546782178217834,0.9836065573770492
S2460,Ahmed,Jones,student1460@university.com,22,50.53,69.83,63.19,81.15,86.95,18.700000000000003,89.07,74.7955,2,18.3,1,0,1,2,4,4.3,False,True,False,False,True,False,68.14833333333333,4.087185792349727,0.9302325581395348
S2461,Ahmed,Davis,student1461@university.com,22,83.68,54.06,71.57,69.93,78.83,96.7,64.24,68.481,1,19.8,1,0,3,0,8,7.1,True,False,True,False,False,False,72.55499999999999,3.458636363636363,1.1267605633802815
S2462,Ahmed,Davis,student1462@university.com,18,71.18,51.62,80.55,52.99,57.24,58.3,64.57,63.839,1,18.3,1,0,2,0,4,5.0,True,False,False,False,False,True,60.87833333333333,3.488469945355191,0.8
S2464,John,Brown,student1464@university.com,18,60.71,82.52,61.4,88.59,65.38,19.6,56.43,65.4635,1,29.9,1,1,1,2,10,5.6,True,False,False,True,False,False,62.32,2.1894147157190638,1.7857142857142858
S2465,Emma,Johnson,student1465@university.com,18,77.59,42.43,74.28,80.76,88.58,81.0,91.15,77.3015,2,29.5,1,0,1,0,2,4.4,True,False,False,False,True,False,76.36666666666667,2.6203898305084747,0.4545454545454545
S2466,Sara,Smith,student1466@university.com,24,98.96,43.08,94.59,68.14,82.38,41.5,81.26,75.0215,2,18.1,1,1,2,2,6,8.8,True,False,False,False,False,True,68.49166666666666,4.144834254143646,0.6818181818181818
S2467,Emma,Williams,student1467@university.com,21,53.67,76.49,98.58,59.59,63.21,17.8,76.95,75.353,2,10.2,1,1,1,2,10,6.7,False,True,False,True,False,False,65.43666666666667,7.387549019607843,1.4925373134328357
S2468,Maria,Williams,student1468@university.com,21,64.2,78.52,53.63,81.59,60.62,76.10000000000001,61.46,65.729,1,9.6,1,0,3,2,5,4.8,True,False,False,False,False,True,68.65333333333334,6.846770833333333,1.0416666666666667
S2470,Ahmed,Davis,student1470@university.com,21,62.43,62.31,80.6,82.31,62.1,99.6,90.25,80.108,3,20.3,0,1,1,0,5,6.3,True,False,False,False,True,False,79.52833333333332,3.946206896551724,0.7936507936507937
S2471,Sara,Brown,student1471@university.com,19,68.94,88.36,64.88,90.65,57.89,78.1,74.15,75.01050000000001,2,17.0,0,0,1,1,6,5.7,False,True,False,False,False,True,75.67166666666667,4.412382352941177,1.0526315789473684
S2472,Ali,Davis,student1472@university.com,21,90.91,72.02,41.45,76.08,80.85,14.5,69.46,62.2255,1,15.4,0,0,0,0,2,6.4,False,True,True,False,False,False,59.06,4.040616883116883,0.3125
S2473,Sara,Davis,student1473@university.com,18,95.64,46.33,60.81,85.9,79.94,32.3,62.31,63.339,1,18.1,0,0,0,2,7,7.3,False,True,False,True,False,False,61.26500000000001,3.4993922651933698,0.9589041095890412
S2474,Liam,Williams,student1474@university.com,23,60.11,87.83,88.4,94.81,79.31,45.2,87.71,86.0,3,26.8,1,1,1,2,1,5.0,False,True,False,True,False,False,80.54333333333334,3.2089552238805967,0.2
S2476,Omar,Johnson,student1476@university.com,20,81.84,43.6,69.68,95.49,90.74,78.8,60.33,69.3965,1,18.6,0,0,1,0,1,8.1,False,True,True,False,False,False,73.10666666666667,3.730994623655914,0.1234567901234568
S2477,Liam,Davis,student1477@university.com,21,76.09,63.48,68.35,71.56,95.68,52.7,89.72,76.4625,2,22.5,0,1,1,1,2,5.1,True,False,False,True,False,False,73.58166666666666,3.398333333333333,0.3921568627450981
S2478,Emma,Jones,student1478@university.com,23,71.7,69.25,74.77,95.21,61.52,94.4,94.11,82.4665,3,29.3,1,1,2,0,1,6.6,True,False,False,False,False,True,81.54333333333334,2.8145563139931737,0.1515151515151515
S2479,Liam,Jones,student1479@university.com,21,59.6,48.79,53.16,81.08,79.39,58.9,52.96,59.5425,0,23.5,0,1,1,2,7,8.8,True,False,True,False,False,False,62.37999999999999,2.533723404255319,0.7954545454545454
S2480,John,Johnson,student1480@university.com,20,74.41,92.06,71.56,93.5,53.92,52.3,88.62,80.31700000000001,3,18.7,1,0,2,1,5,8.0,True,False,False,False,False,True,75.32666666666667,4.295026737967915,0.625
S2481,Ahmed,Jones,student1481@university.com,23,70.06,57.05,40.66,51.97,56.01,7.1,92.64,60.26599999999999,1,24.2,0,1,1,2,7,7.0,True,False,False,True,False,False,50.905,2.4903305785123964,1.0
S2482,Emma,Smith,student1482@university.com,18,89.78,86.98,68.53,82.89,82.72,14.9,99.58,81.50399999999999,3,29.9,1,1,1,1,5,7.7,True,False,False,False,False,True,72.6,2.7258862876254177,0.6493506493506493
S2483,Ali,Davis,student1483@university.com,19,88.18,80.26,60.16,92.4,74.33,85.0,61.88,71.186,2,27.2,0,1,2,1,8,6.6,False,True,False,False,False,True,75.67166666666667,2.617132352941177,1.2121212121212122
S2484,Omar,Johnson,student1484@university.com,24,56.7,75.88,80.49,58.71,87.92,99.1,68.55,74.62299999999999,2,7.2,1,1,1,2,10,8.9,False,True,True,False,False,False,78.44166666666668,10.364305555555552,1.1235955056179774
S2485,Omar,Brown,student1485@university.com,24,54.43,51.53,78.3,83.09,71.28,41.5,98.31,78.464,2,19.4,0,1,2,0,8,4.8,False,True,False,False,False,True,70.66833333333334,4.044536082474227,1.6666666666666667
S2486,Omar,Davis,student1486@university.com,24,95.41,53.24,62.85,91.25,56.38,81.0,54.7,63.484,1,24.7,1,1,1,0,9,7.6,False,True,False,False,False,True,66.57000000000001,2.5702024291497976,1.1842105263157896
S2487,Ali,Johnson,student1487@university.com,21,76.78,42.84,40.44,64.4,93.6,62.8,76.19,61.553,1,21.8,0,0,1,1,3,4.0,False,True,False,False,False,True,63.37833333333333,2.823532110091743,0.75
S2488,Ali,Williams,student1488@university.com,23,92.89,54.44,55.14,70.26,54.14,95.9,75.34,65.301,1,15.4,0,1,2,2,2,4.6,True,False,False,True,False,False,67.53666666666668,4.240324675324676,0.4347826086956522
S2489,Ali,Brown,student1489@university.com,23,52.91,60.73,78.0,78.48,59.45,23.8,80.33,71.6155,2,13.1,0,1,1,2,7,7.6,False,True,False,True,False,False,63.465,5.466832061068702,0.9210526315789476
S2490,Ali,Williams,student1490@university.com,20,76.33,89.99,44.34,75.96,63.85,54.5,66.54,65.0495,1,20.7,1,0,3,2,7,7.8,False,True,False,False,True,False,65.86333333333333,3.142487922705314,0.8974358974358975
S2491,Omar,Davis,student1491@university.com,18,76.97,61.98,46.46,51.96,99.76,40.9,96.3,69.617,1,15.3,1,1,0,0,3,4.2,False,True,False,True,False,False,66.22666666666667,4.550130718954248,0.7142857142857143
S2492,Omar,Brown,student1492@university.com,22,93.04,85.28,78.82,54.93,70.84,54.2,63.5,69.5805,1,14.8,1,0,3,1,2,5.7,True,False,False,True,False,False,67.92833333333333,4.701385135135135,0.3508771929824561
S2493,Sara,Jones,student1493@university.com,23,54.88,66.37,85.35,55.02,75.09,26.9,82.48,73.144,2,25.9,1,0,1,2,10,4.6,True,False,False,False,True,False,65.20166666666667,2.824092664092664,2.173913043478261
S2494,Emma,Johnson,student1494@university.com,19,62.02,87.09,59.29,63.11,88.48,49.8,74.8,71.1305,2,12.9,0,1,0,0,2,8.5,True,False,False,False,True,False,70.42833333333334,5.513992248062015,0.2352941176470588
S2495,Ahmed,Davis,student1495@university.com,20,70.33,98.58,69.38,62.29,81.82,62.5,63.33,71.7815,2,21.1,1,0,2,0,3,6.3,False,True,True,False,False,False,72.98333333333332,3.4019668246445494,0.4761904761904762
S2496,Liam,Smith,student1496@university.com,23,93.29,54.39,96.74,87.11,92.07,8.100000000000001,59.44,72.854,2,26.8,0,0,3,0,8,6.2,False,True,True,False,False,False,66.30833333333334,2.718432835820896,1.2903225806451613
S2498,John,Brown,student1498@university.com,20,99.64,77.31,58.45,88.2,98.61,70.7,78.06,76.25300000000001,2,17.3,0,1,1,1,1,7.5,False,True,False,False,False,True,78.55499999999999,4.407687861271677,0.1333333333333333
S2500,John,Davis,student1500@university.com,21,50.3,79.1,75.64,74.26,70.07,42.6,89.14,77.793,2,22.0,1,0,1,0,5,8.7,True,False,True,False,False,False,71.80166666666666,3.5360454545454547,0.574712643678161
S2501,Emma,Williams,student1501@university.com,23,52.39,65.44,98.53,66.19,69.06,6.2,54.06,67.81099999999999,1,29.9,1,0,3,0,5,5.6,False,True,False,True,False,False,59.91333333333333,2.267926421404682,0.8928571428571429
S2502,Emma,Jones,student1502@university.com,22,57.38,53.68,68.66,92.5,96.47,46.1,85.69,76.75099999999999,2,25.2,0,0,1,1,2,7.2,True,False,False,False,False,True,73.85000000000001,3.0456746031746027,0.2777777777777778
S2503,John,Williams,student1503@university.com,19,67.44,44.2,86.48,85.39,84.22,13.8,58.26,67.6485,1,20.9,0,0,3,0,5,6.7,False,True,False,False,True,False,62.05833333333333,3.23677033492823,0.7462686567164178
S2504,Omar,Williams,student1504@university.com,18,91.5,72.13,86.09,93.46,81.07,64.7,87.02,83.809,3,16.7,0,0,1,0,6,7.0,True,False,False,False,True,False,80.74499999999999,5.0185029940119765,0.8571428571428571
S2505,John,Jones,student1505@university.com,18,94.63,99.42,69.85,52.32,87.89,4.699999999999999,57.07,66.3685,1,10.6,0,0,0,0,7,7.1,True,False,False,True,False,False,61.87499999999999,6.261179245283019,0.9859154929577464
S2506,Liam,Smith,student1506@university.com,22,59.34,84.28,87.74,86.04,78.04,37.400000000000006,91.62,84.643,3,22.3,1,0,2,1,1,4.3,True,False,False,True,False,False,77.52,3.795650224215247,0.2325581395348837
S2507,Sara,Williams,student1507@university.com,20,80.98,59.64,55.66,77.0,57.96,8.299999999999999,84.05,65.83699999999999,1,9.4,0,0,1,0,3,8.5,True,False,False,False,False,True,57.10166666666667,7.003936170212764,0.3529411764705882
S2508,Liam,Williams,student1508@university.com,20,95.87,89.63,47.34,91.25,65.96,0.3,69.29,66.36500000000001,1,27.2,0,0,1,2,4,4.7,False,True,False,True,False,False,60.62833333333334,2.439889705882353,0.851063829787234
S2509,Maria,Brown,student1509@university.com,20,73.19,86.14,65.51,75.36,77.9,96.1,67.94,73.5795,2,13.8,1,1,3,0,7,6.1,False,True,False,True,False,False,78.15833333333333,5.331847826086956,1.1475409836065575
S2510,Omar,Jones,student1510@university.com,23,55.18,56.9,96.62,77.01,50.91,99.6,57.45,71.5475,2,15.0,1,0,3,0,8,5.5,False,True,False,True,False,False,73.08166666666668,4.769833333333334,1.4545454545454546
S2511,Omar,Johnson,student1511@university.com,20,72.89,40.86,70.04,52.59,71.87,55.6,95.2,70.0545,2,10.4,0,1,1,0,5,6.8,True,False,False,False,False,True,64.36,6.736009615384615,0.7352941176470589
S2512,Ahmed,Smith,student1512@university.com,20,68.79,47.09,78.12,83.43,87.79,23.9,55.93,65.861,1,17.0,0,1,1,0,7,8.8,False,True,False,True,False,False,62.71,3.8741764705882353,0.7954545454545454
S2513,Ali,Smith,student1513@university.com,23,78.88,92.64,77.45,63.66,58.21,91.1,73.6,75.2635,2,22.0,1,1,1,2,2,6.1,False,True,True,False,False,False,76.11,3.4210681818181814,0.3278688524590164
S2514,Maria,Jones,student1514@university.com,23,71.93,90.19,47.95,50.98,53.23,92.3,61.83,61.65,1,12.6,1,1,0,2,8,7.0,False,True,False,False,False,True,66.08,4.892857142857143,1.1428571428571428
S2515,Emma,Davis,student1515@university.com,22,50.87,57.71,63.42,53.32,91.8,85.5,99.82,75.91049999999998,2,22.5,0,0,2,2,2,4.7,False,True,True,False,False,False,75.26166666666667,3.3737999999999992,0.425531914893617
S2516,Omar,Davis,student1516@university.com,21,99.7,57.11,82.42,97.86,80.86,54.400000000000006,79.29,78.4435,2,20.5,0,0,1,2,3,6.3,True,False,False,False,False,True,75.32333333333334,3.826512195121951,0.4761904761904762
S2517,John,Brown,student1517@university.com,23,77.18,87.57,98.32,67.3,58.83,7.5,57.48,71.3125,2,14.3,0,1,1,2,3,8.6,True,False,True,False,False,False,62.833333333333336,4.986888111888112,0.3488372093023256
S2518,Maria,Brown,student1518@university.com,19,73.68,96.26,50.08,93.4,90.32,8.8,83.38,75.455,2,12.8,1,1,1,1,6,8.7,False,True,False,False,False,True,70.37333333333333,5.894921875,0.6896551724137931
S2519,Ahmed,Jones,student1519@university.com,20,97.73,86.75,64.63,97.98,82.91,89.7,99.58,86.517,3,26.5,1,0,3,2,10,6.7,False,True,False,False,True,False,86.925,3.2647924528301884,1.4925373134328357
S2521,Ali,Smith,student1521@university.com,18,59.46,54.56,54.54,94.09,68.81,43.4,72.87,66.8445,1,22.9,1,1,2,2,1,4.0,True,False,False,True,False,False,64.71166666666666,2.9189737991266376,0.25
S2522,Ali,Smith,student1522@university.com,22,90.4,71.54,62.61,94.74,57.79,32.8,64.66,67.41149999999999,1,15.4,1,0,1,1,10,6.7,True,False,False,False,False,True,64.02333333333333,4.377370129870129,1.4925373134328357
S2523,Ahmed,Johnson,student1523@university.com,21,63.04,54.01,72.44,64.45,91.76,64.4,54.61,64.658,1,22.9,0,1,3,0,2,7.7,True,False,True,False,False,False,66.945,2.8234934497816595,0.2597402597402597
S2524,Ahmed,Davis,student1524@university.com,23,89.96,88.48,53.83,57.57,75.45,80.7,61.41,65.36800000000001,1,17.7,1,0,3,2,5,5.6,False,True,False,False,True,False,69.57333333333332,3.693107344632769,0.8928571428571429
S2525,John,Jones,student1525@university.com,20,63.58,63.22,53.65,81.96,77.85,73.2,77.68,69.93849999999999,1,7.1,1,0,0,1,9,8.5,True,False,True,False,False,False,71.25999999999999,9.85049295774648,1.0588235294117647
S2526,Omar,Williams,student1526@university.com,20,51.66,90.02,86.67,74.41,94.17,61.6,87.69,85.136,3,29.6,0,1,1,0,6,7.9,True,False,False,True,False,False,82.42666666666666,2.876216216216216,0.7594936708860759
S2527,Ali,Davis,student1527@university.com,20,75.85,62.9,97.76,54.94,50.79,23.2,93.9,76.525,2,7.2,0,1,3,2,6,7.8,True,False,False,True,False,False,63.915,10.628472222222223,0.7692307692307693
S2528,Emma,Williams,student1528@university.com,21,59.83,89.45,59.42,83.88,53.35,26.3,89.69,74.4115,2,9.0,0,0,1,1,1,4.1,True,False,True,False,False,False,67.015,8.267944444444446,0.2439024390243902
S2529,Maria,Johnson,student1529@university.com,20,87.89,60.0,81.28,78.14,58.08,72.4,56.27,67.35,1,15.5,1,1,1,0,8,4.9,True,False,False,False,False,True,67.695,4.34516129032258,1.6326530612244896
S2530,Emma,Johnson,student1530@university.com,23,82.06,66.41,55.48,93.15,51.5,80.3,88.67,73.57,2,28.6,1,0,1,1,9,7.6,False,True,False,False,False,True,72.585,2.572377622377622,1.1842105263157896
S2531,Sara,Brown,student1531@university.com,21,96.18,76.93,95.68,80.46,82.91,11.6,79.08,80.1235,3,12.3,1,0,1,2,5,6.8,False,True,True,False,False,False,71.11,6.514105691056911,0.7352941176470589
S2532,Sara,Johnson,student1532@university.com,20,89.15,44.22,80.37,78.7,81.69,18.700000000000003,73.46,69.6725,1,19.2,0,0,1,0,10,6.9,False,True,False,True,False,False,62.85666666666666,3.628776041666667,1.4492753623188406
S2533,Ahmed,Johnson,student1533@university.com,18,59.04,96.89,88.16,72.04,60.54,68.0,78.64,80.4255,3,18.0,0,0,2,0,3,4.1,False,True,True,False,False,False,77.37833333333334,4.468083333333333,0.7317073170731708
S2534,John,Williams,student1534@university.com,18,90.01,74.42,42.96,73.14,57.47,38.9,50.4,55.68599999999999,0,13.3,1,1,3,0,10,6.2,True,False,False,True,False,False,56.215,4.186917293233082,1.6129032258064515
S2535,Sara,Brown,student1535@university.com,19,82.09,70.47,75.91,97.72,57.28,56.3,53.39,68.76599999999999,1,22.4,1,0,1,2,5,7.9,False,True,True,False,False,False,68.51166666666667,3.0699107142857143,0.6329113924050632
S2536,Ali,Johnson,student1536@university.com,20,83.45,90.36,71.66,56.92,97.66,61.5,76.29,75.73500000000001,2,17.5,0,1,0,0,5,7.3,False,True,False,False,False,True,75.73166666666667,4.327714285714286,0.684931506849315
S2537,Emma,Davis,student1537@university.com,20,91.61,91.95,57.58,72.31,84.68,77.6,58.68,68.986,1,19.5,0,1,1,1,1,6.9,False,True,False,False,True,False,73.8,3.53774358974359,0.144927536231884
S2538,Emma,Johnson,student1538@university.com,21,78.69,71.34,55.75,82.79,79.27,80.60000000000001,77.28,72.19800000000001,2,10.3,0,1,1,2,9,7.5,True,False,False,True,False,False,74.505,7.009514563106796,1.2
S2539,Ahmed,Brown,student1539@university.com,21,73.3,95.64,74.8,71.65,66.12,28.0,67.71,72.1185,2,28.2,0,0,0,0,10,8.3,False,True,False,False,True,False,67.32000000000001,2.5573936170212765,1.2048192771084336
S2540,Omar,Jones,student1540@university.com,24,81.83,43.88,82.39,64.16,71.65,54.1,95.37,75.2845,2,7.8,1,0,1,2,2,8.2,True,False,False,False,False,True,68.59166666666668,9.651858974358976,0.2439024390243902
S2541,Omar,Brown,student1541@university.com,20,64.9,46.79,41.99,64.37,54.47,12.4,97.48,62.4825,1,22.3,0,1,0,2,5,6.3,True,False,True,False,False,False,52.91666666666666,2.8019058295964125,0.7936507936507937
S2542,Maria,Williams,student1542@university.com,19,59.13,75.81,74.04,61.68,99.91,84.2,98.99,83.0315,3,27.1,1,1,1,0,1,5.5,True,False,False,False,False,True,82.43833333333335,3.0638929889298887,0.1818181818181818
S2543,Ahmed,Jones,student1543@university.com,20,80.83,61.24,50.23,67.2,87.75,84.5,94.95,73.3085,2,7.1,1,1,1,0,7,5.8,False,True,False,False,True,False,74.31166666666667,10.325140845070422,1.206896551724138
S2545,Maria,Smith,student1545@university.com,21,54.0,59.68,77.39,75.26,79.39,16.1,85.31,73.9255,2,13.3,1,1,3,1,5,4.4,False,True,False,False,False,True,65.52166666666666,5.558308270676691,1.1363636363636362
S2546,Liam,Brown,student1546@university.com,20,50.03,64.28,58.65,62.01,75.22,7.0,98.03,70.887,2,24.7,0,1,0,0,10,7.0,False,True,True,False,False,False,60.86499999999999,2.8699190283400813,1.4285714285714286
S2547,Omar,Williams,student1547@university.com,21,80.42,89.36,66.45,69.23,62.87,57.5,82.09,74.19,2,22.9,0,1,2,1,10,6.3,False,True,False,False,True,False,71.25,3.2397379912663755,1.5873015873015874
S2548,Ahmed,Davis,student1548@university.com,20,68.11,75.61,61.6,55.29,61.32,9.1,90.46,68.75999999999999,1,25.6,0,1,2,0,2,7.8,True,False,False,False,True,False,58.89666666666667,2.6859375,0.2564102564102564
S2549,Liam,Jones,student1549@university.com,22,87.62,99.84,78.9,95.2,77.48,68.1,56.6,77.114,2,14.9,1,0,1,2,8,5.4,True,False,False,False,True,False,79.35333333333334,5.175436241610738,1.4814814814814814
S2550,Ahmed,Davis,student1550@university.com,21,68.76,87.21,68.21,70.41,53.51,67.8,84.13,74.6755,2,29.8,0,0,0,2,3,4.3,False,True,False,True,False,False,71.87833333333333,2.5058892617449664,0.6976744186046512
S2551,Ahmed,Brown,student1551@university.com,19,74.3,56.42,97.81,99.02,53.72,61.4,96.56,85.1785,3,14.2,1,0,0,0,5,8.5,True,False,False,False,False,True,77.48833333333333,5.998485915492958,0.5882352941176471
S2552,Omar,Johnson,student1552@university.com,22,70.35,55.86,61.14,67.38,78.04,87.69999999999999,77.0,69.06,1,25.1,1,0,1,0,6,4.3,True,False,False,False,True,False,71.18666666666667,2.751394422310757,1.3953488372093024
S2553,Maria,Brown,student1553@university.com,23,82.53,60.15,84.42,91.82,95.99,37.8,59.34,73.19149999999999,2,13.8,0,0,2,0,6,8.6,True,False,False,False,False,True,71.58666666666666,5.30373188405797,0.6976744186046512
S2554,Maria,Smith,student1554@university.com,20,67.81,90.6,55.44,62.82,95.71,90.2,76.34,73.856,2,10.5,1,0,3,2,8,6.5,False,True,True,False,False,False,78.51833333333333,7.033904761904761,1.2307692307692308
S2555,Ahmed,Brown,student1555@university.com,24,98.19,41.64,70.53,53.81,50.54,3.7,85.35,62.794,1,13.4,0,0,2,2,1,4.3,True,False,True,False,False,False,50.928333333333335,4.686119402985074,0.2325581395348837
S2556,Sara,Jones,student1556@university.com,23,96.81,53.81,73.15,51.59,55.37,11.3,88.49,66.7465,1,9.8,0,0,1,2,5,4.6,True,False,False,True,False,False,55.61833333333334,6.810867346938775,1.0869565217391306
S2557,John,Jones,student1557@university.com,21,92.4,94.3,59.75,80.31,79.15,41.2,76.19,73.961,2,8.2,1,0,2,0,7,6.7,False,True,False,True,False,False,71.81666666666666,9.019634146341463,1.044776119402985
S2558,Omar,Brown,student1558@university.com,22,96.02,78.39,68.31,65.58,92.42,59.400000000000006,60.87,69.146,1,14.1,1,1,1,0,5,4.1,True,False,True,False,False,False,70.82833333333333,4.903971631205674,1.2195121951219514
S2559,John,Jones,student1559@university.com,23,72.46,53.61,56.76,72.18,97.72,3.2,96.33,71.88949999999998,2,8.7,1,0,1,2,8,8.6,False,True,False,False,True,False,63.29999999999999,8.263160919540228,0.9302325581395348
S2560,John,Johnson,student1560@university.com,19,76.82,53.15,40.36,90.93,93.03,56.7,88.68,70.444,2,17.6,0,1,3,1,2,8.0,True,False,True,False,False,False,70.47500000000001,4.0025,0.25
S2561,Maria,Davis,student1561@university.com,24,87.1,91.76,52.94,62.41,83.88,30.7,63.53,65.3425,1,5.9,0,1,3,0,5,6.5,True,False,False,False,False,True,64.20333333333333,11.075,0.7692307692307693
S2562,Maria,Brown,student1562@university.com,21,84.81,93.63,82.0,65.43,60.03,88.69999999999999,90.59,81.974,3,15.8,0,0,2,0,4,8.6,True,False,False,True,False,False,80.06333333333333,5.188227848101266,0.4651162790697674
S2563,Sara,Johnson,student1563@university.com,22,94.53,55.37,86.26,92.27,53.63,53.3,67.39,71.95599999999999,2,29.0,1,1,1,1,3,5.3,True,False,False,True,False,False,68.03666666666666,2.4812413793103443,0.5660377358490566
S2564,John,Davis,student1564@university.com,23,85.82,65.23,56.81,74.64,52.38,58.8,65.62,63.047,1,14.0,0,0,2,2,2,8.3,True,False,True,False,False,False,62.24666666666667,4.503357142857142,0.2409638554216867
S2565,John,Davis,student1565@university.com,22,99.89,90.08,64.48,91.38,80.6,94.6,93.15,84.074,3,8.4,1,1,3,0,8,8.0,True,False,False,False,True,False,85.71499999999999,10.008809523809523,1.0
S2566,Ahmed,Johnson,student1566@university.com,22,67.43,86.26,42.24,68.72,51.81,76.39999999999999,93.66,70.906,2,12.6,1,0,1,1,4,6.9,False,True,False,False,True,False,69.84833333333334,5.627460317460318,0.5797101449275363
S2567,Maria,Williams,student1567@university.com,23,91.65,88.83,54.22,69.92,86.96,43.8,69.92,69.2295,1,24.8,0,0,1,1,10,5.6,True,False,False,False,False,True,68.94166666666668,2.791512096774193,1.7857142857142858
S2568,John,Brown,student1568@university.com,18,84.88,71.1,86.75,58.36,85.62,47.7,50.45,67.18849999999999,1,12.8,0,0,1,2,10,6.8,True,False,False,True,False,False,66.66333333333333,5.249101562499999,1.4705882352941178
S2569,Emma,Davis,student1569@university.com,20,84.57,94.69,76.36,95.82,53.98,64.80000000000001,59.33,74.1035,2,14.6,0,0,2,1,4,8.8,True,False,True,False,False,False,74.16333333333334,5.075582191780822,0.4545454545454545
S2570,Sara,Davis,student1570@university.com,21,66.29,59.56,52.35,94.84,95.33,20.0,95.46,75.4185,2,24.7,1,1,1,2,4,4.4,False,True,True,False,False,False,69.58999999999999,3.053380566801619,0.9090909090909092
S2571,Liam,Jones,student1571@university.com,21,89.28,49.4,55.45,99.21,76.1,8.9,94.94,72.691,2,11.5,1,0,1,1,9,5.0,False,True,False,True,False,False,63.99999999999999,6.320956521739131,1.8
S2572,Emma,Davis,student1572@university.com,24,95.02,82.52,89.01,70.12,95.22,31.1,72.67,78.0265,2,17.0,0,0,2,0,7,7.2,False,True,True,False,False,False,73.44000000000001,4.589794117647059,0.9722222222222222
S2573,Emma,Johnson,student1573@university.com,24,60.93,72.36,52.55,90.93,95.08,77.8,65.21,70.592,2,6.6,1,1,0,2,10,7.4,True,False,False,True,False,False,75.655,10.695757575757575,1.351351351351351
S2574,Liam,Davis,student1574@university.com,24,81.27,91.28,60.05,70.75,59.85,25.7,65.14,66.129,1,9.4,1,1,2,2,3,4.8,True,False,False,False,True,False,62.12833333333333,7.035,0.625
S2575,Omar,Williams,student1575@university.com,21,69.61,44.87,79.86,72.71,69.03,13.1,94.86,73.618,2,10.2,0,0,1,1,5,8.0,False,True,False,False,True,False,62.40500000000001,7.217450980392157,0.625
S2576,Omar,Brown,student1576@university.com,22,99.48,90.62,73.67,91.5,56.73,21.9,66.24,72.3755,2,16.6,0,0,0,0,4,8.6,False,True,True,False,False,False,66.77666666666667,4.359969879518072,0.4651162790697674
S2577,Sara,Brown,student1577@university.com,24,73.94,57.6,67.65,58.87,88.75,67.9,75.58,69.327,1,25.5,1,0,1,1,1,4.4,False,True,False,False,True,False,69.39166666666667,2.7187058823529413,0.2272727272727272
S2578,Emma,Davis,student1578@university.com,23,61.42,79.29,93.98,61.02,75.21,61.4,86.55,81.0975,3,13.9,0,0,1,1,4,8.9,True,False,False,False,True,False,76.24166666666666,5.834352517985611,0.449438202247191
S2579,John,Smith,student1579@university.com,20,69.09,42.41,53.18,65.74,96.44,68.8,60.47,60.74249999999999,1,14.5,1,1,1,1,7,5.4,False,True,False,False,False,True,64.50666666666666,4.189137931034482,1.2962962962962965
S2580,Maria,Smith,student1580@university.com,19,82.69,76.57,84.49,89.41,60.41,32.2,62.69,72.47749999999999,2,12.5,0,0,1,0,5,5.5,True,False,False,True,False,False,67.62833333333333,5.7982,0.9090909090909092
S2581,Sara,Johnson,student1581@university.com,21,53.8,83.04,49.54,68.63,84.42,90.1,67.9,68.4525,1,13.0,0,0,2,0,6,4.2,True,False,False,True,False,False,73.93833333333333,5.265576923076923,1.4285714285714286
S2582,Ahmed,Smith,student1582@university.com,23,80.18,62.13,76.94,67.91,99.46,45.2,82.71,75.75999999999999,2,15.1,0,0,3,1,6,6.5,True,False,True,False,False,False,72.39166666666667,5.017218543046357,0.9230769230769232
S2583,Liam,Johnson,student1583@university.com,20,96.56,52.92,92.24,99.94,83.27,51.4,90.87,84.14699999999999,3,27.5,0,0,1,2,7,8.8,False,True,False,True,False,False,78.44,3.059890909090909,0.7954545454545454
S2585,Sara,Johnson,student1585@university.com,18,53.38,89.99,83.46,62.39,79.42,97.9,56.65,73.554,2,20.6,0,1,1,2,6,6.9,False,True,True,False,False,False,78.30166666666666,3.5705825242718445,0.8695652173913043
S2586,Ali,Smith,student1586@university.com,23,99.67,59.41,89.22,81.16,58.99,66.2,72.31,74.2925,2,27.2,0,0,2,2,9,5.4,False,True,True,False,False,False,71.21499999999999,2.731341911764706,1.6666666666666663
S2588,Omar,Jones,student1588@university.com,24,58.11,56.74,82.35,53.48,66.75,54.2,54.41,62.82849999999999,1,21.3,0,0,3,1,5,8.9,False,True,False,False,True,False,61.32166666666666,2.949694835680751,0.5617977528089887
S2589,Liam,Smith,student1589@university.com,22,50.62,96.95,95.19,80.94,63.31,30.7,79.48,82.191,3,19.6,1,1,0,0,7,7.6,True,False,False,False,True,False,74.42833333333333,4.193418367346939,0.9210526315789476
S2590,Maria,Johnson,student1590@university.com,24,58.56,61.56,74.58,51.79,89.44,31.5,97.81,75.5095,2,13.5,1,0,0,2,3,7.7,True,False,False,False,True,False,67.78,5.593296296296296,0.3896103896103896
S2591,John,Williams,student1591@university.com,20,91.91,40.22,51.17,76.32,68.68,55.9,91.88,67.5005,1,8.4,0,0,2,1,4,7.3,True,False,False,False,True,False,64.02833333333332,8.035773809523809,0.547945205479452
S2592,Maria,Brown,student1592@university.com,20,51.08,86.9,47.62,62.85,86.65,60.5,88.72,72.67349999999999,2,10.5,1,1,1,2,4,4.7,True,False,False,False,False,True,72.20666666666666,6.921285714285713,0.851063829787234
S2593,Maria,Smith,student1593@university.com,19,61.66,81.96,55.58,65.33,50.81,44.0,86.35,69.17450000000001,1,6.4,1,1,1,2,6,5.0,False,True,True,False,False,False,64.005,10.808515625,1.2
S2594,Maria,Johnson,student1594@university.com,24,87.87,47.71,46.21,73.35,50.74,88.4,94.86,67.6635,1,24.1,0,0,1,1,3,5.9,False,True,False,False,True,False,66.87833333333333,2.807614107883817,0.5084745762711864
S2595,Liam,Jones,student1595@university.com,18,79.31,99.09,70.8,96.36,51.47,42.7,87.64,80.5915,3,18.3,0,1,1,1,3,9.0,False,True,False,False,False,True,74.67666666666666,4.403907103825136,0.3333333333333333
S2596,Maria,Smith,student1596@university.com,20,89.14,76.48,44.18,85.53,60.97,27.3,81.34,67.2105,1,24.6,1,0,3,1,10,7.4,False,True,True,False,False,False,62.633333333333326,2.7321341463414632,1.351351351351351
S2597,Ahmed,Smith,student1597@university.com,20,87.31,70.05,53.4,96.84,68.7,0.8,68.23,65.7625,1,12.3,1,1,0,2,5,6.2,True,False,False,True,False,False,59.67000000000001,5.346544715447155,0.8064516129032258
S2598,Liam,Brown,student1598@university.com,22,52.53,62.93,66.39,83.0,80.39,97.1,55.05,67.896,1,25.1,1,0,1,0,2,6.4,False,True,False,True,False,False,74.14333333333333,2.705019920318725,0.3125
S2599,Ahmed,Johnson,student1599@university.com,22,94.63,93.92,68.43,50.36,99.3,82.4,73.05,74.7145,2,12.7,0,1,3,2,1,8.6,True,False,False,False,False,True,77.91000000000001,5.883031496062992,0.1162790697674418
S2600,Liam,Williams,student1600@university.com,19,61.35,54.64,73.92,63.28,67.72,61.6,96.24,74.892,2,8.0,1,1,2,1,2,5.0,False,True,True,False,False,False,69.56666666666668,9.3615,0.4
S2601,Omar,Jones,student1601@university.com,23,77.67,57.15,82.34,95.29,52.78,83.10000000000001,79.16,76.632,2,18.3,0,0,3,2,9,5.6,False,True,False,False,True,False,74.97000000000001,4.187540983606557,1.6071428571428572
S2602,Sara,Johnson,student1602@university.com,19,82.21,47.34,42.83,82.17,59.75,81.0,59.23,57.928,0,28.6,0,1,3,0,3,5.9,False,True,True,False,False,False,62.05333333333334,2.0254545454545454,0.5084745762711864
S2603,Ali,Jones,student1603@university.com,19,58.43,85.55,44.84,99.08,94.89,93.2,82.45,77.7885,2,15.4,1,1,2,1,3,8.5,False,True,False,False,True,False,83.335,5.051201298701298,0.3529411764705882
S2604,Maria,Smith,student1604@university.com,22,98.81,75.73,43.65,57.8,84.97,38.6,73.27,63.35,1,17.9,0,1,1,1,1,7.9,True,False,False,False,False,True,62.336666666666666,3.539106145251397,0.1265822784810126
S2605,Omar,Brown,student1605@university.com,24,74.41,76.54,65.39,64.84,89.51,55.5,96.57,78.2515,2,16.3,1,0,0,2,2,7.0,True,False,False,False,True,False,74.72500000000001,4.800705521472392,0.2857142857142857
S2606,Sara,Brown,student1606@university.com,24,52.88,53.11,42.51,68.12,56.21,9.9,58.05,52.343,0,16.4,1,1,3,1,6,5.6,True,False,False,False,False,True,47.98333333333334,3.1916463414634157,1.0714285714285714
S2607,Ali,Davis,student1607@university.com,24,96.86,79.07,84.76,66.33,56.75,96.5,85.6,79.17999999999999,2,10.4,0,0,2,0,2,5.0,True,False,True,False,False,False,78.16833333333334,7.613461538461538,0.4
S2608,Emma,Williams,student1608@university.com,23,79.31,85.93,53.38,62.6,55.61,98.5,84.08,71.3345,2,15.6,1,1,2,1,10,5.7,False,True,True,False,False,False,73.35,4.57272435897436,1.7543859649122806
S2609,John,Brown,student1609@university.com,22,84.96,61.47,96.35,72.17,92.86,78.89999999999999,99.18,87.1185,3,17.4,0,0,1,2,10,8.6,False,True,False,False,True,False,83.48833333333333,5.006810344827587,1.162790697674419
S2610,Ahmed,Smith,student1610@university.com,18,76.26,88.08,69.18,82.11,60.5,45.4,78.25,74.61850000000001,2,23.6,0,1,3,1,8,8.6,True,False,True,False,False,False,70.58666666666666,3.161800847457628,0.9302325581395348
S2611,Emma,Williams,student1611@university.com,21,91.74,60.93,66.78,65.56,82.16,49.7,93.58,74.4435,2,8.5,1,1,2,2,6,6.1,True,False,False,False,True,False,69.785,8.758058823529412,0.9836065573770492
S2612,Liam,Johnson,student1612@university.com,21,51.66,85.49,86.83,53.98,75.81,43.5,51.24,67.756,1,19.3,1,0,1,1,2,5.6,False,True,True,False,False,False,66.14166666666667,3.510673575129533,0.3571428571428571
S2613,Ali,Brown,student1613@university.com,18,63.42,42.02,82.79,85.43,77.22,29.3,56.14,65.84400000000001,1,21.6,0,1,1,1,10,8.4,False,True,False,True,False,False,62.150000000000006,3.0483333333333333,1.1904761904761905
S2614,Emma,Williams,student1614@university.com,24,73.48,73.07,76.44,72.95,59.77,52.8,67.3,69.82,1,14.6,0,0,2,2,6,6.2,True,False,False,False,True,False,67.05499999999999,4.782191780821917,0.9677419354838708
S2615,John,Smith,student1615@university.com,21,53.83,98.17,96.11,77.82,81.76,5.300000000000001,80.97,83.158,3,18.7,1,0,2,0,2,4.2,True,False,False,False,False,True,73.355,4.446951871657754,0.4761904761904761
S2616,Omar,Davis,student1616@university.com,23,85.3,98.87,65.34,72.77,52.16,99.2,72.45,73.992,2,22.8,0,0,3,2,1,5.7,True,False,False,True,False,False,76.79833333333333,3.245263157894737,0.175438596491228
S2617,Ali,Jones,student1617@university.com,22,69.68,56.91,88.51,94.52,99.67,42.400000000000006,60.13,74.96799999999999,2,16.6,0,1,3,0,5,7.0,False,True,False,False,False,True,73.69,4.516144578313252,0.7142857142857143
S2618,Emma,Jones,student1618@university.com,21,63.63,66.48,62.81,77.94,51.34,92.7,79.46,70.9725,2,13.3,0,0,0,2,5,8.7,True,False,True,False,False,False,71.78833333333334,5.336278195488721,0.574712643678161
S2619,Ahmed,Smith,student1619@university.com,23,50.17,43.78,90.3,96.16,52.51,72.4,78.33,75.93599999999999,2,25.6,1,0,2,1,8,6.1,True,False,False,True,False,False,72.24666666666666,2.96625,1.3114754098360657
S2620,Ahmed,Smith,student1620@university.com,22,85.99,92.4,55.57,75.53,66.23,29.0,76.22,70.021,2,29.7,0,0,1,0,4,5.2,True,False,True,False,False,False,65.825,2.3576094276094275,0.7692307692307692
S2621,Sara,Jones,student1621@university.com,23,91.69,74.11,57.36,64.63,91.58,22.200000000000003,54.53,61.77799999999999,1,10.4,1,1,1,2,2,5.9,True,False,False,False,True,False,60.73499999999999,5.940192307692307,0.3389830508474576
S2622,Emma,Davis,student1622@university.com,18,69.75,63.11,80.67,67.77,62.86,99.6,96.35,79.9705,2,27.2,1,1,0,2,7,4.3,True,False,False,False,False,True,78.39333333333333,2.940091911764706,1.627906976744186
S2623,Maria,Williams,student1623@university.com,19,78.21,46.77,52.76,76.11,73.6,77.2,79.61,66.725,1,18.6,1,1,2,2,3,8.5,False,True,True,False,False,False,67.675,3.587365591397849,0.3529411764705882
S2624,Emma,Jones,student1624@university.com,18,61.38,96.81,53.75,76.5,50.9,25.0,63.2,64.73400000000001,1,16.2,0,0,1,2,3,4.2,True,False,False,False,False,True,61.02666666666666,3.995925925925927,0.7142857142857143
S2625,Omar,Smith,student1625@university.com,21,81.11,71.81,58.32,84.37,53.94,6.7,84.37,69.047,1,27.3,0,0,1,0,8,4.0,False,True,False,False,False,True,59.91833333333333,2.529194139194139,2.0
S2626,Ali,Brown,student1626@university.com,22,50.61,56.98,80.74,61.22,80.4,69.7,65.9,69.21,1,27.8,0,1,3,0,3,7.1,True,False,True,False,False,False,69.15666666666668,2.489568345323741,0.4225352112676057
S2627,Ali,Johnson,student1627@university.com,23,74.43,61.01,93.36,82.94,59.72,30.3,75.29,75.0065,2,11.8,1,1,1,0,2,4.8,True,False,False,False,True,False,67.10333333333334,6.356483050847458,0.4166666666666667
S2628,Omar,Davis,student1628@university.com,21,82.21,56.24,80.47,88.93,84.71,22.1,67.06,71.587,2,14.0,0,1,2,0,10,5.5,True,False,False,False,False,True,66.58500000000001,5.113357142857143,1.818181818181818
S2629,Emma,Davis,student1629@university.com,21,95.91,76.11,89.67,83.83,89.27,73.5,94.02,87.2165,3,26.3,1,0,1,2,9,6.5,False,True,True,False,False,False,84.39999999999999,3.3162167300380228,1.3846153846153846
S2630,Omar,Brown,student1630@university.com,19,69.07,95.8,72.61,74.09,92.52,67.9,99.7,86.19300000000001,3,17.3,0,1,0,0,8,8.0,False,True,False,False,True,False,83.77,4.982254335260116,1.0
S2631,John,Brown,student1631@university.com,24,88.26,91.4,44.14,99.58,56.69,48.1,58.06,65.174,1,12.2,0,1,3,0,2,5.9,False,True,True,False,False,False,66.32833333333333,5.342131147540984,0.3389830508474576
S2632,Liam,Smith,student1632@university.com,21,79.88,67.62,46.03,70.24,72.78,94.3,51.18,59.5335,0,29.1,1,1,0,1,8,8.8,True,False,False,False,True,False,67.02499999999999,2.045824742268041,0.9090909090909092
S2633,Omar,Jones,student1633@university.com,19,96.35,89.59,73.26,55.33,97.35,68.0,60.97,71.479,2,10.4,0,1,1,1,5,6.3,True,False,False,False,False,True,74.08333333333333,6.872980769230769,0.7936507936507937
S2634,Ahmed,Williams,student1634@university.com,22,69.92,65.39,59.67,91.08,88.6,89.3,79.5,75.56299999999999,2,20.3,1,0,1,0,10,8.6,False,True,False,True,False,False,78.92333333333333,3.72231527093596,1.162790697674419
S2635,Omar,Davis,student1635@university.com,22,65.95,55.14,53.23,60.61,55.85,19.1,58.7,54.81999999999999,0,15.7,0,1,1,1,10,6.3,False,True,True,False,False,False,50.43833333333333,3.49171974522293,1.5873015873015874
S2636,Ali,Davis,student1636@university.com,23,94.36,99.0,67.98,85.66,75.13,29.700000000000003,90.57,80.86299999999999,3,16.3,1,1,1,1,4,6.6,True,False,False,False,False,True,74.67333333333333,4.960920245398772,0.6060606060606061
S2637,Ahmed,Brown,student1637@university.com,24,52.46,58.23,79.99,58.95,96.12,10.5,70.43,68.8405,1,7.6,0,1,2,1,10,8.8,False,True,True,False,False,False,62.370000000000005,9.05796052631579,1.1363636363636362
S2638,Ali,Jones,student1638@university.com,19,56.82,59.42,63.1,50.84,72.0,30.5,80.53,65.19800000000001,1,11.4,0,1,2,1,5,7.4,True,False,True,False,False,False,59.39833333333333,5.719122807017544,0.6756756756756757
S2639,Sara,Davis,student1639@university.com,18,54.12,99.38,88.15,57.99,91.87,97.2,72.78,81.524,3,9.2,1,0,2,2,10,4.7,False,True,False,False,True,False,84.56166666666667,8.861304347826088,2.127659574468085
S2640,Maria,Williams,student1640@university.com,22,92.16,48.04,84.31,68.85,74.79,96.3,95.17,79.45599999999999,2,23.7,0,1,0,1,5,7.0,False,True,True,False,False,False,77.91000000000001,3.3525738396624467,0.7142857142857143
S2641,Ali,Brown,student1641@university.com,24,50.53,85.63,84.09,55.33,55.34,76.0,51.76,67.0285,1,22.4,1,0,0,2,1,5.1,False,True,False,False,True,False,68.02499999999999,2.99234375,0.196078431372549
S2642,Ahmed,Williams,student1642@university.com,23,93.08,96.15,99.11,59.88,57.39,52.1,86.47,82.46700000000001,3,24.9,0,0,1,2,5,5.5,True,False,False,False,False,True,75.18333333333334,3.3119277108433742,0.9090909090909092
S2643,Sara,Jones,student1643@university.com,18,72.56,70.71,57.71,88.23,52.33,78.1,82.61,72.18950000000001,2,22.5,1,0,3,1,7,8.2,True,False,True,False,False,False,71.615,3.2084222222222225,0.853658536585366
S2644,Ali,Davis,student1644@university.com,22,50.2,40.15,78.68,88.49,59.77,55.3,82.48,72.452,2,8.2,0,0,0,2,8,7.4,False,True,False,False,False,True,67.47833333333334,8.835609756097561,1.081081081081081
S2645,John,Johnson,student1645@university.com,22,70.08,62.5,91.33,90.87,94.68,0.4,70.7,76.536,2,29.5,0,1,1,2,8,5.4,True,False,False,True,False,False,68.41333333333333,2.5944406779661016,1.4814814814814814
S2646,Omar,Davis,student1646@university.com,23,59.34,46.69,74.77,92.06,82.51,50.2,50.78,65.5,1,9.7,0,0,1,2,2,4.0,True,False,False,False,False,True,66.16833333333334,6.75257731958763,0.5
S2647,Maria,Jones,student1647@university.com,23,81.22,64.97,87.37,71.02,86.94,59.900000000000006,84.46,79.268,2,13.8,0,0,1,2,10,6.7,True,False,True,False,False,False,75.77666666666667,5.744057971014493,1.4925373134328357
S2648,Ali,Davis,student1648@university.com,20,83.97,87.4,64.87,93.38,81.08,26.6,91.47,80.2135,3,22.7,0,0,0,1,1,5.3,True,False,False,True,False,False,74.13333333333334,3.53363436123348,0.1886792452830188
S2649,Sara,Davis,student1649@university.com,21,74.38,66.32,75.43,76.3,69.33,20.3,54.26,64.4765,1,8.5,0,1,2,1,4,4.1,False,True,False,False,True,False,60.32333333333333,7.585470588235294,0.9756097560975612
S2650,John,Smith,student1650@university.com,21,52.03,65.92,43.34,73.53,60.84,27.4,72.08,60.8305,1,9.3,1,0,1,2,3,4.3,True,False,False,True,False,False,57.185,6.540913978494623,0.6976744186046512
S2651,Emma,Davis,student1651@university.com,18,82.81,73.41,99.15,85.93,96.28,62.400000000000006,58.13,78.87549999999999,2,26.9,0,0,3,1,8,7.4,True,False,True,False,False,False,79.21666666666665,2.932174721189591,1.081081081081081
S2652,Sara,Davis,student1652@university.com,21,92.1,74.9,88.0,60.69,75.74,14.6,80.55,74.80749999999999,2,13.3,0,1,1,0,6,6.1,False,True,True,False,False,False,65.74666666666667,5.624624060150375,0.9836065573770492
S2653,Omar,Williams,student1653@university.com,18,86.02,91.38,92.13,89.47,74.05,72.0,89.28,87.949,3,21.6,0,1,2,0,5,5.3,True,False,False,False,False,True,84.71833333333335,4.0717129629629625,0.9433962264150944
S2654,Sara,Johnson,student1654@university.com,24,91.5,58.5,81.66,71.47,99.81,42.3,83.34,77.0085,2,26.5,1,0,2,1,9,8.4,True,False,False,False,True,False,72.84666666666668,2.905981132075472,1.0714285714285714
S2655,John,Williams,student1655@university.com,22,60.03,89.3,51.16,56.36,69.2,35.3,65.9,63.094,1,29.3,0,0,0,0,6,8.1,True,False,True,False,False,False,61.20333333333334,2.153378839590444,0.7407407407407408
S2656,Sara,Williams,student1656@university.com,20,94.44,73.96,41.86,55.97,92.71,80.7,56.99,60.3575,1,10.3,1,1,2,1,6,6.3,False,True,True,False,False,False,67.03166666666667,5.85995145631068,0.9523809523809524
S2657,John,Brown,student1657@university.com,20,66.11,58.03,91.88,58.25,93.12,50.6,89.71,79.167,2,8.1,1,1,2,2,1,5.4,False,True,False,False,True,False,73.59833333333333,9.773703703703704,0.1851851851851851
S2658,Ali,Smith,student1658@university.com,22,50.67,57.71,63.78,94.53,61.63,37.8,66.2,66.694,1,23.5,1,1,3,1,9,6.5,True,False,False,False,True,False,63.60833333333334,2.8380425531914897,1.3846153846153846
S2659,Liam,Williams,student1659@university.com,23,92.17,61.67,55.83,99.55,54.74,87.8,51.11,63.33749999999999,1,9.7,1,0,2,2,2,7.8,True,False,False,False,False,True,68.45,6.529639175257731,0.2564102564102564
S2660,John,Jones,student1660@university.com,19,97.09,77.36,73.7,67.85,98.78,36.8,78.57,75.49549999999999,2,19.5,1,0,1,0,1,4.1,False,True,False,True,False,False,72.17666666666666,3.8715641025641023,0.2439024390243902
S2661,John,Jones,student1661@university.com,19,82.78,53.85,65.25,64.61,71.29,85.9,62.33,64.2045,1,18.3,0,0,2,2,7,7.1,False,True,False,False,True,False,67.205,3.5084426229508194,0.9859154929577464
S2662,Maria,Davis,student1662@university.com,21,61.57,95.22,79.1,60.94,50.11,50.4,92.06,78.348,2,19.0,0,1,1,2,5,7.6,False,True,True,False,False,False,71.30499999999999,4.123578947368421,0.6578947368421053
S2663,John,Brown,student1663@university.com,23,62.59,74.49,69.03,91.19,74.95,20.8,57.16,67.7925,1,21.2,1,0,3,0,6,8.1,True,False,False,False,True,False,64.60333333333334,3.1977594339622644,0.7407407407407408
S2664,John,Smith,student1664@university.com,18,73.33,95.2,81.83,60.46,80.97,61.3,71.74,76.4905,2,26.3,0,0,0,1,4,5.1,True,False,True,False,False,False,75.25000000000001,2.908384030418251,0.7843137254901962
S2665,Emma,Smith,student1665@university.com,24,94.89,42.78,91.21,96.2,88.8,28.5,62.66,72.7525,2,11.8,0,0,1,1,8,5.0,False,True,False,False,False,True,68.35833333333333,6.165466101694915,1.6
S2666,Liam,Davis,student1666@university.com,20,57.48,60.56,51.73,83.37,97.15,14.7,84.48,70.316,2,18.9,0,0,0,1,7,5.1,True,False,False,True,False,False,65.33166666666666,3.720423280423281,1.3725490196078431
S2667,Ali,Jones,student1667@university.com,21,91.3,41.37,59.77,94.86,95.76,8.7,77.43,68.617,1,13.4,0,1,0,1,1,8.7,True,False,False,False,False,True,62.98166666666666,5.120671641791045,0.1149425287356322
S2668,Omar,Johnson,student1668@university.com,22,64.57,56.34,66.21,77.7,97.01,24.2,89.55,74.4345,2,13.0,0,1,1,2,6,4.7,True,False,False,False,True,False,68.50166666666667,5.725730769230769,1.276595744680851
S2670,Emma,Davis,student1670@university.com,20,96.01,42.2,61.92,80.97,85.59,83.80000000000001,50.24,61.7765,1,20.0,1,0,2,0,8,8.9,True,False,False,False,True,False,67.45333333333333,3.088825,0.898876404494382
S2671,Ahmed,Brown,student1671@university.com,18,71.37,66.17,62.87,91.56,61.29,86.19999999999999,60.76,68.044,1,29.3,1,0,3,0,6,8.7,True,False,False,False,True,False,71.475,2.322320819112628,0.6896551724137931
S2672,Liam,Jones,student1672@university.com,18,68.25,47.05,79.21,91.79,59.38,27.0,99.96,77.9045,2,24.0,1,1,0,2,6,6.0,True,False,False,False,True,False,67.39833333333333,3.246020833333333,1.0
S2673,Ali,Jones,student1673@university.com,19,90.11,65.01,65.15,79.49,90.02,66.10000000000001,70.27,71.3505,2,11.1,0,1,1,0,5,8.2,False,True,False,False,True,False,72.67333333333333,6.427972972972973,0.6097560975609757
S2674,Ali,Johnson,student1674@university.com,21,76.47,90.33,97.07,81.63,70.86,23.0,81.01,82.6005,3,22.9,0,0,0,1,8,7.4,False,True,False,True,False,False,73.98333333333333,3.607008733624454,1.081081081081081
S2676,Omar,Smith,student1676@university.com,20,81.14,84.21,70.8,96.49,52.12,88.69999999999999,51.03,69.761,1,23.8,1,0,3,0,7,4.8,False,True,False,False,True,False,73.89166666666667,2.9311344537815125,1.4583333333333337
S2677,John,Brown,student1677@university.com,24,57.64,60.95,78.69,83.21,90.11,4.1,82.98,75.4065,2,26.4,0,0,1,0,9,7.8,False,True,True,False,False,False,66.67333333333333,2.8563068181818183,1.153846153846154
S2678,Emma,Brown,student1678@university.com,18,92.24,96.66,43.48,50.39,56.84,98.5,64.42,62.8625,1,13.4,1,1,3,1,6,6.9,False,True,False,True,False,False,68.38166666666667,4.691231343283582,0.8695652173913043
S2680,Maria,Smith,student1680@university.com,22,96.61,65.31,82.43,92.9,73.87,76.2,61.24,73.90800000000002,2,12.6,1,1,1,0,9,7.6,False,True,True,False,False,False,75.325,5.865714285714287,1.1842105263157896
S2681,Sara,Davis,student1681@university.com,20,62.53,65.59,61.55,54.24,69.78,69.1,91.14,71.137,2,10.1,0,1,0,0,6,5.4,False,True,False,True,False,False,68.56666666666666,7.043267326732674,1.111111111111111
S2682,Ahmed,Brown,student1682@university.com,21,86.69,95.12,53.18,60.68,74.31,77.0,68.65,68.54100000000001,1,20.5,0,1,2,0,7,4.4,True,False,False,False,True,False,71.49000000000001,3.343463414634147,1.5909090909090908
S2683,Ali,Smith,student1683@university.com,19,64.23,74.58,94.9,61.53,97.0,99.5,53.36,74.8245,2,12.3,1,0,0,1,4,6.5,True,False,True,False,False,False,80.145,6.083292682926829,0.6153846153846154
S2685,Ali,Jones,student1685@university.com,23,65.5,65.02,79.22,78.83,64.52,35.2,57.43,66.8235,1,18.3,0,1,2,2,8,5.3,True,False,True,False,False,False,63.37,3.65155737704918,1.509433962264151
S2686,Maria,Smith,student1686@university.com,19,87.39,53.42,42.0,64.47,58.65,61.4,94.95,65.6035,1,26.9,1,0,2,1,10,9.0,True,False,False,False,True,False,62.48166666666666,2.4387918215613382,1.1111111111111112
S2687,Ali,Johnson,student1687@university.com,22,77.84,83.41,64.84,60.38,71.0,33.7,71.37,67.9745,1,16.3,1,1,3,2,10,5.0,False,True,False,False,False,True,64.11666666666666,4.170214723926381,2.0
S2688,Ali,Johnson,student1688@university.com,19,94.15,76.47,89.04,88.23,72.58,97.0,95.8,87.813,3,14.4,0,1,1,1,5,5.2,False,True,False,False,True,False,86.52,6.098125,0.9615384615384616
S2689,Maria,Williams,student1689@university.com,20,65.37,70.08,63.25,96.77,80.06,90.0,90.87,80.607,3,9.5,1,0,3,0,4,5.7,False,True,True,False,False,False,81.83833333333332,8.484947368421052,0.7017543859649122
S2690,Emma,Jones,student1690@university.com,20,84.6,77.44,76.19,52.64,63.3,56.8,91.89,75.29650000000001,2,14.7,1,0,1,2,8,6.5,True,False,False,True,False,False,69.71,5.122210884353742,1.2307692307692308
S2691,Emma,Davis,student1691@university.com,23,87.65,52.5,52.59,56.66,88.38,78.1,64.34,61.5665,1,13.3,0,1,1,0,5,8.3,True,False,False,False,True,False,65.42833333333334,4.629060150375939,0.6024096385542168
S2692,Maria,Williams,student1692@university.com,18,57.57,87.64,64.99,82.11,54.92,91.0,63.57,70.823,2,29.9,1,0,3,2,2,4.9,False,True,False,False,True,False,74.03833333333334,2.36866220735786,0.4081632653061224
S2694,Ahmed,Williams,student1694@university.com,20,74.14,93.47,73.99,89.56,81.18,57.9,70.9,78.235,2,11.0,0,0,1,0,8,5.8,True,False,True,False,False,False,77.83333333333333,7.112272727272727,1.3793103448275863
S2696,Ali,Jones,student1696@university.com,19,66.11,64.36,94.12,94.37,91.3,77.2,52.66,76.1275,2,26.4,0,0,1,1,7,7.0,False,True,True,False,False,False,79.00166666666667,2.8836174242424244,1.0
S2697,Omar,Smith,student1697@university.com,23,84.32,88.5,96.65,60.87,80.77,37.9,98.58,86.114,3,15.4,0,0,2,2,9,8.0,True,False,True,False,False,False,77.21166666666666,5.591818181818182,1.125
S2698,Ali,Brown,student1698@university.com,23,60.79,75.71,93.72,55.36,82.29,70.9,52.91,70.7375,2,24.9,1,1,0,1,9,8.3,True,False,True,False,False,False,71.815,2.840863453815261,1.0843373493975903
S2699,Liam,Smith,student1699@university.com,24,85.47,72.87,40.2,80.77,74.89,40.3,58.94,60.282,1,22.3,0,1,0,2,4,8.6,True,False,False,True,False,False,61.32833333333334,2.7032286995515693,0.4651162790697674
S2700,Ahmed,Jones,student1700@university.com,24,96.75,95.6,96.04,91.11,95.48,11.1,83.91,87.2925,3,28.2,1,1,2,2,7,9.0,True,False,True,False,False,False,78.87333333333333,3.095478723404256,0.7777777777777778
S2701,Emma,Johnson,student1701@university.com,24,78.26,72.16,48.25,79.1,84.7,10.7,57.78,61.09049999999999,1,5.6,0,0,0,2,1,7.1,True,False,True,False,False,False,58.78166666666666,10.909017857142857,0.1408450704225352
S2702,Omar,Davis,student1702@university.com,18,80.57,70.9,42.4,98.15,69.09,11.9,55.34,60.06349999999999,1,10.2,0,0,1,1,1,7.2,True,False,False,False,False,True,57.96333333333333,5.888578431372548,0.1388888888888889
S2703,John,Johnson,student1703@university.com,20,53.45,42.52,43.32,89.78,61.93,3.3000000000000003,57.68,54.33699999999999,0,22.6,0,1,1,0,3,4.7,True,False,False,False,False,True,49.755,2.4042920353982296,0.6382978723404255
S2704,John,Smith,student1704@university.com,20,93.22,44.17,60.93,85.04,53.55,53.3,53.1,58.56400000000001,0,19.6,1,1,0,1,6,4.5,False,True,False,False,False,True,58.348333333333336,2.9879591836734694,1.3333333333333333
S2705,Liam,Davis,student1705@university.com,22,64.27,40.45,77.25,53.01,58.27,67.2,62.57,61.2895,1,22.4,0,1,1,0,10,6.4,False,True,False,False,True,False,59.79166666666666,2.7361383928571428,1.5625
S2706,John,Jones,student1706@university.com,18,80.75,94.79,64.14,55.39,99.63,12.7,63.56,68.22800000000001,1,19.4,1,0,0,0,8,7.5,True,False,False,False,True,False,65.035,3.5169072164948463,1.0666666666666669
S2707,Emma,Johnson,student1707@university.com,22,98.96,64.5,41.53,89.24,70.34,61.2,74.93,66.01650000000001,1,19.5,1,1,1,2,5,5.2,False,True,False,False,False,True,66.95666666666666,3.3854615384615387,0.9615384615384616
S2708,Liam,Jones,student1708@university.com,22,79.78,68.11,68.59,59.91,94.93,59.8,71.94,70.4155,2,28.3,0,1,1,2,3,5.6,True,False,False,True,False,False,70.54666666666667,2.488180212014134,0.5357142857142857
S2709,Emma,Davis,student1709@university.com,22,86.24,90.72,66.53,51.44,58.53,14.7,73.69,66.6515,1,28.0,1,1,2,0,2,7.5,True,False,False,True,False,False,59.26833333333334,2.380410714285714,0.2666666666666666
S2711,Ali,Johnson,student1711@university.com,22,53.02,76.57,56.78,94.54,98.03,75.5,61.55,71.9045,2,15.3,1,0,1,2,8,6.6,False,True,False,False,True,False,77.16166666666666,4.699640522875817,1.2121212121212122
S2713,Ahmed,Williams,student1713@university.com,19,51.75,90.03,55.36,89.01,79.7,14.7,93.94,77.583,2,13.9,0,0,1,2,7,8.6,True,False,False,True,False,False,70.45666666666666,5.581510791366906,0.813953488372093
S2714,Emma,Jones,student1714@university.com,23,85.03,49.95,58.22,52.4,95.96,99.6,81.7,68.99350000000001,1,6.2,1,0,2,1,6,6.0,False,True,True,False,False,False,72.97166666666666,11.127983870967745,1.0
S2715,Liam,Davis,student1715@university.com,23,51.15,43.19,75.95,64.25,97.48,73.4,53.03,64.4305,1,16.8,0,1,2,2,10,5.1,False,True,False,True,False,False,67.88333333333333,3.835148809523809,1.9607843137254903
S2716,Liam,Jones,student1716@university.com,20,93.12,51.5,68.29,81.18,92.3,46.4,98.05,77.9395,2,29.4,0,0,1,0,2,4.9,True,False,True,False,False,False,72.95333333333333,2.651003401360544,0.4081632653061224
S2717,John,Smith,student1717@university.com,21,57.88,56.06,60.21,88.16,92.8,63.0,84.65,74.5105,2,6.8,1,0,1,0,2,5.5,False,True,False,False,True,False,74.14666666666666,10.957426470588237,0.3636363636363636
S2718,Sara,Williams,student1718@university.com,22,75.71,56.94,62.46,50.52,82.61,84.60000000000001,57.59,61.502,1,25.4,0,1,2,2,6,5.4,False,True,False,False,True,False,65.78666666666668,2.4213385826771656,1.111111111111111
S2719,Ali,Brown,student1719@university.com,20,79.86,80.23,62.26,66.31,61.02,84.2,98.46,77.39599999999999,2,9.9,0,1,1,1,9,7.8,True,False,False,False,False,True,75.41333333333333,7.817777777777776,1.153846153846154
S2720,Emma,Smith,student1720@university.com,18,72.88,53.07,98.34,60.72,86.53,32.5,68.27,72.4125,2,19.4,0,1,3,1,9,7.0,True,False,False,False,True,False,66.57166666666666,3.732603092783505,1.2857142857142858
S2721,John,Brown,student1721@university.com,18,67.04,80.6,53.98,99.94,98.92,49.1,99.23,82.692,3,14.7,0,0,1,0,9,7.4,True,False,True,False,False,False,80.295,5.625306122448979,1.2162162162162162
S2722,Omar,Johnson,student1722@university.com,20,73.39,45.47,89.08,83.55,76.3,63.8,55.16,68.991,1,13.7,0,1,3,2,3,7.2,False,True,False,True,False,False,68.89333333333333,5.035839416058394,0.4166666666666666
S2723,Sara,Brown,student1723@university.com,19,65.57,48.83,82.49,70.28,63.03,7.199999999999999,58.0,62.552,1,26.8,0,1,2,0,3,6.4,False,True,False,False,False,True,54.97166666666666,2.3340298507462687,0.46875
S2724,Sara,Jones,student1724@university.com,20,71.91,70.53,40.33,53.78,78.67,94.6,82.87,66.187,1,29.3,1,0,2,1,9,8.6,False,True,True,False,False,False,70.13,2.2589419795221843,1.0465116279069768
S2725,Emma,Brown,student1725@university.com,20,67.95,95.31,99.59,79.93,84.53,43.3,51.11,77.1345,2,14.7,0,0,2,2,5,8.1,True,False,False,True,False,False,75.62833333333334,5.247244897959184,0.617283950617284
S2726,Maria,Davis,student1726@university.com,21,78.31,91.57,85.39,82.09,60.41,37.1,50.93,70.5715,2,21.0,1,0,0,1,3,5.1,False,True,False,True,False,False,67.91499999999999,3.360547619047619,0.5882352941176471
S2727,Ali,Smith,student1727@university.com,18,61.9,98.13,80.95,90.82,85.96,90.7,89.6,88.591,3,18.9,1,0,0,0,7,6.1,False,True,False,True,False,False,89.36,4.687354497354497,1.1475409836065575
S2728,Sara,Smith,student1728@university.com,18,99.43,79.03,64.32,64.43,79.37,11.8,58.39,63.643,1,6.9,0,0,0,2,6,5.4,True,False,False,False,True,False,59.556666666666665,9.223623188405798,1.111111111111111
S2730,Emma,Smith,student1730@university.com,23,59.71,77.5,55.2,71.97,65.3,68.5,71.29,67.5625,1,24.3,0,0,1,2,3,5.7,True,False,False,False,True,False,68.29333333333334,2.780349794238683,0.5263157894736842
S2731,John,Davis,student1731@university.com,20,73.85,77.37,42.13,64.8,57.76,38.5,93.68,67.663,1,14.9,0,0,2,2,6,7.2,False,True,False,True,False,False,62.373333333333335,4.541140939597315,0.8333333333333333
S2732,Omar,Smith,student1732@university.com,20,93.32,48.83,90.16,67.42,81.17,76.39999999999999,70.89,73.1815,2,12.7,1,0,3,1,10,5.5,True,False,False,True,False,False,72.47833333333334,5.762322834645669,1.818181818181818
S2733,Maria,Brown,student1733@university.com,19,51.09,72.62,93.79,75.98,79.31,6.9,76.51,76.96650000000001,2,29.6,1,1,1,0,9,4.9,False,True,False,False,True,False,67.51833333333333,2.600219594594595,1.8367346938775508
S2734,Ali,Williams,student1734@university.com,24,83.98,63.16,49.75,96.84,66.9,38.4,65.83,64.7965,1,7.1,1,0,3,1,2,4.0,False,True,False,False,True,False,63.47999999999999,9.126267605633805,0.5
S2735,Liam,Williams,student1735@university.com,24,77.4,66.55,87.22,86.76,64.79,23.5,82.9,77.3255,2,11.7,0,1,1,1,5,9.0,True,False,True,False,False,False,68.62,6.609017094017095,0.5555555555555556
S2736,Ahmed,Johnson,student1736@university.com,18,58.48,71.42,84.47,78.86,67.36,74.0,65.91,73.8685,2,26.4,1,0,3,2,10,5.1,True,False,False,True,False,False,73.67,2.7980492424242427,1.9607843137254903
S2737,Omar,Smith,student1737@university.com,19,90.87,47.7,50.7,58.14,74.49,22.7,61.16,55.483,0,15.4,0,1,1,2,5,8.2,True,False,False,False,True,False,52.48166666666666,3.6027922077922074,0.6097560975609757
S2738,Omar,Brown,student1738@university.com,21,68.44,61.57,65.31,57.47,98.74,45.8,54.05,62.5625,1,19.6,0,0,1,1,6,8.1,True,False,True,False,False,False,63.82333333333333,3.1919642857142856,0.7407407407407408
S2739,John,Smith,student1739@university.com,22,64.69,43.81,65.37,75.11,88.18,81.89999999999999,52.88,62.95750000000001,1,6.2,0,1,1,1,2,5.2,True,False,True,False,False,False,67.875,10.15443548387097,0.3846153846153846
S2740,Liam,Jones,student1740@university.com,19,91.41,98.78,85.6,86.44,92.59,91.5,65.3,82.607,3,28.0,0,0,2,0,6,6.1,False,True,False,False,True,False,86.70166666666665,2.95025,0.9836065573770492
S2741,Sara,Davis,student1741@university.com,18,81.93,47.11,90.26,87.55,75.28,72.30000000000001,86.82,79.953,2,8.4,1,0,3,2,1,8.2,False,True,False,True,False,False,76.55333333333334,9.518214285714286,0.1219512195121951
S2742,Sara,Smith,student1742@university.com,21,94.91,55.51,45.69,61.3,76.31,42.9,60.28,56.804,0,10.3,0,1,0,1,10,7.4,False,True,True,False,False,False,56.998333333333335,5.51495145631068,1.351351351351351
S2743,John,Smith,student1743@university.com,20,81.49,93.48,73.78,55.0,60.22,57.2,64.96,69.08699999999999,1,8.9,1,1,1,0,7,5.8,True,False,False,True,False,False,67.44,7.76258426966292,1.206896551724138
S2744,Emma,Williams,student1744@university.com,21,87.04,68.96,85.7,69.22,86.05,69.0,95.26,82.78500000000001,3,17.4,0,0,3,2,1,8.7,False,True,False,True,False,False,79.03166666666667,4.757758620689656,0.1149425287356322
S2745,Sara,Davis,student1745@university.com,23,91.82,48.14,87.17,95.91,71.08,87.5,81.96,79.47099999999999,2,25.4,0,0,1,0,2,5.7,True,False,True,False,False,False,78.62666666666667,3.128779527559055,0.3508771929824561
S2746,Maria,Brown,student1746@university.com,19,52.74,63.05,48.88,77.27,87.12,88.9,95.99,75.22200000000001,2,11.7,0,0,0,1,4,5.1,True,False,False,False,True,False,76.86833333333334,6.42923076923077,0.7843137254901962
S2747,Ali,Smith,student1747@university.com,18,88.8,46.95,71.53,66.0,70.45,93.1,95.56,75.19300000000001,2,8.6,0,0,0,2,5,4.7,False,True,False,True,False,False,73.93166666666666,8.743372093023257,1.0638297872340423
S2748,Omar,Williams,student1748@university.com,19,80.69,52.01,91.45,66.18,55.43,81.1,53.17,66.14,1,15.2,1,0,0,0,10,7.5,False,True,False,False,False,True,66.55666666666666,4.351315789473684,1.3333333333333333
S2749,Omar,Johnson,student1749@university.com,20,53.48,43.12,59.11,56.6,58.65,14.7,97.75,65.6605,1,29.5,1,0,0,1,1,4.1,True,False,False,False,True,False,54.98833333333332,2.225779661016949,0.2439024390243902
S2751,Liam,Williams,student1751@university.com,20,54.12,88.4,88.26,89.57,62.93,81.5,96.28,88.0125,3,17.6,1,0,2,0,5,5.5,True,False,False,False,False,True,84.49000000000001,5.000710227272727,0.9090909090909092
S2752,Sara,Williams,student1752@university.com,18,86.8,75.16,45.36,98.43,63.22,87.8,77.34,71.2925,2,21.7,0,1,1,1,6,5.8,False,True,False,True,False,False,74.55166666666666,3.2853686635944706,1.0344827586206895
S2753,Omar,Williams,student1753@university.com,23,77.33,76.38,91.57,75.08,96.47,92.5,76.66,82.88149999999999,3,25.2,1,1,0,2,3,8.0,False,True,False,False,True,False,84.77666666666666,3.2889484126984123,0.375
S2754,Ahmed,Smith,student1754@university.com,22,97.68,52.04,58.67,58.36,82.88,50.9,85.66,67.7585,1,23.7,0,1,3,1,5,8.1,False,True,False,False,False,True,64.75166666666667,2.8590084388185653,0.617283950617284
S2755,Liam,Smith,student1755@university.com,21,59.16,60.63,40.09,84.15,55.72,65.5,93.96,68.7745,1,6.9,1,0,3,2,2,6.0,False,True,False,False,True,False,66.675,9.96731884057971,0.3333333333333333
S2756,Ali,Johnson,student1756@university.com,21,80.3,90.71,54.05,87.84,57.18,1.0,80.85,70.318,2,16.5,1,0,0,0,8,6.8,False,True,False,True,False,False,61.93833333333333,4.2616969696969695,1.1764705882352942
S2757,Ali,Jones,student1757@university.com,20,60.58,45.27,45.37,53.58,63.62,57.3,71.27,56.77799999999999,0,7.0,1,1,1,0,3,7.4,True,False,False,False,True,False,56.06833333333333,8.111142857142855,0.4054054054054054
S2758,Omar,Jones,student1758@university.com,19,80.7,91.48,45.54,92.51,79.7,47.3,55.59,65.99549999999999,1,20.5,1,1,0,1,3,7.4,False,True,False,False,False,True,68.68666666666667,3.219292682926829,0.4054054054054054
S2760,Liam,Davis,student1760@university.com,19,86.12,90.23,52.84,73.63,63.72,90.2,56.41,65.594,1,6.2,1,0,1,0,4,8.2,False,True,True,False,False,False,71.17166666666667,10.579677419354836,0.4878048780487805
S2761,Omar,Davis,student1761@university.com,23,90.75,59.08,96.08,78.02,93.53,79.80000000000001,86.32,83.824,3,12.7,0,0,3,2,10,8.2,True,False,True,False,False,False,82.13833333333334,6.600314960629921,1.2195121951219514
S2762,John,Johnson,student1762@university.com,22,92.68,60.33,70.99,85.67,55.46,5.699999999999999,76.4,68.39849999999998,1,28.5,1,1,0,1,3,8.2,True,False,False,False,False,True,59.09166666666666,2.399947368421052,0.3658536585365854
S2763,Omar,Davis,student1763@university.com,19,53.86,85.1,67.61,83.84,60.38,40.2,69.29,71.07849999999999,2,22.7,0,1,1,2,5,5.3,True,False,False,False,True,False,67.73666666666666,3.131211453744493,0.9433962264150944
S2765,Liam,Jones,student1765@university.com,24,84.36,53.78,81.56,56.12,56.74,3.0,88.62,69.285,1,12.1,0,0,0,0,10,4.7,True,False,False,False,True,False,56.63666666666668,5.72603305785124,2.127659574468085
S2767,Ali,Davis,student1767@university.com,24,59.53,45.07,47.72,87.78,85.2,88.80000000000001,63.23,63.7865,1,12.4,1,1,3,1,7,4.3,False,True,True,False,False,False,69.63333333333334,5.144072580645161,1.627906976744186
S2768,Omar,Smith,student1768@university.com,22,77.64,44.11,92.81,72.0,53.65,13.0,97.36,75.842,2,22.1,0,0,0,1,4,4.7,False,True,False,True,False,False,62.155,3.431764705882353,0.851063829787234
S2769,Ahmed,Smith,student1769@university.com,21,70.37,75.73,65.7,77.28,74.19,5.1,98.05,76.4655,2,24.0,1,1,1,1,9,8.6,True,False,False,False,True,False,66.00833333333334,3.1860625,1.0465116279069768
S2770,John,Williams,student1770@university.com,24,69.5,83.36,44.44,88.63,75.95,58.1,90.68,74.6125,2,25.1,1,1,0,0,2,4.6,True,False,False,True,False,False,73.52666666666667,2.972609561752988,0.4347826086956522
S2771,John,Williams,student1771@university.com,19,90.49,97.65,71.76,67.05,96.61,94.6,94.07,85.257,3,27.7,0,0,3,2,2,4.6,False,True,False,False,False,True,86.95666666666666,3.077870036101084,0.4347826086956522
S2772,Ali,Williams,student1772@university.com,21,70.38,64.3,78.84,87.44,71.06,83.5,84.62,79.138,2,14.1,0,0,0,0,10,8.5,True,False,False,False,False,True,78.29333333333334,5.612624113475178,1.1764705882352942
S2773,Maria,Smith,student1773@university.com,20,51.32,41.52,56.53,72.11,72.34,97.5,51.95,58.871,0,26.6,1,0,0,0,2,5.6,True,False,False,False,True,False,65.325,2.2131954887218046,0.3571428571428571
S2774,Omar,Jones,student1774@university.com,20,52.9,76.17,88.02,68.86,55.62,75.4,78.75,76.7165,2,23.2,0,0,0,0,10,8.4,True,False,True,False,False,False,73.80333333333334,3.3067456896551723,1.1904761904761905
S2775,Liam,Williams,student1775@university.com,23,92.81,57.38,80.19,66.65,81.96,43.7,87.36,75.241,2,18.4,1,1,2,1,10,5.9,False,True,False,False,False,True,69.54,4.089184782608696,1.694915254237288
S2776,Sara,Johnson,student1776@university.com,20,98.03,65.98,79.02,98.25,60.54,94.7,97.09,84.3055,3,28.9,0,1,2,0,8,5.9,False,True,True,False,False,False,82.59666666666668,2.917145328719723,1.3559322033898304
S2777,John,Williams,student1777@university.com,19,84.42,69.31,65.25,88.6,53.88,42.7,78.52,71.07799999999999,2,28.7,0,1,3,2,2,4.7,True,False,False,False,True,False,66.37666666666667,2.476585365853658,0.425531914893617
S2778,Liam,Brown,student1778@university.com,22,68.22,43.87,97.71,51.01,99.85,35.0,89.71,77.3075,2,27.4,1,1,1,1,4,8.6,True,False,True,False,False,False,69.52499999999999,2.8214416058394165,0.4651162790697674
S2779,Liam,Williams,student1779@university.com,21,96.93,69.16,56.45,97.87,63.48,44.8,85.25,73.33,2,10.1,0,0,0,0,10,7.8,True,False,False,False,True,False,69.50166666666668,7.26039603960396,1.2820512820512822
S2780,Emma,Smith,student1780@university.com,24,83.14,65.58,74.66,88.77,57.05,81.4,64.04,70.80449999999999,2,10.2,1,1,0,0,1,5.1,True,False,False,True,False,False,71.91666666666667,6.941617647058823,0.196078431372549
S2781,Liam,Davis,student1781@university.com,18,92.22,82.75,58.54,57.46,84.97,91.8,57.74,66.0755,1,27.5,1,1,2,0,4,7.6,False,True,False,False,True,False,72.21000000000001,2.4027454545454545,0.5263157894736842
S2782,Liam,Williams,student1782@university.com,20,88.29,78.74,84.69,53.82,91.08,35.8,87.55,78.2195,2,14.9,1,1,1,0,6,4.5,True,False,False,True,False,False,71.94666666666667,5.2496308724832215,1.3333333333333333
S2783,Emma,Davis,student1783@university.com,20,68.96,51.11,42.87,65.41,53.2,46.2,61.69,54.3325,0,24.9,1,1,2,1,6,6.6,False,True,False,False,True,False,53.41333333333333,2.1820281124498,0.9090909090909092
S2784,John,Brown,student1784@university.com,18,73.94,52.37,42.75,81.21,55.27,89.80000000000001,62.23,59.4105,0,22.2,1,0,1,1,3,5.3,False,True,False,False,False,True,63.93833333333333,2.6761486486486485,0.5660377358490566
S2785,Liam,Johnson,student1785@university.com,24,59.31,55.06,88.65,80.83,54.51,4.699999999999999,82.2,72.892,2,24.1,0,1,0,1,9,8.3,False,True,False,False,False,True,60.99166666666667,3.0245643153526967,1.0843373493975903
S2787,Maria,Jones,student1787@university.com,18,88.91,79.43,60.47,72.28,82.97,45.4,79.12,72.177,2,15.7,1,0,3,1,9,8.6,False,True,False,False,True,False,69.945,4.597261146496816,1.0465116279069768
S2788,Ahmed,Williams,student1788@university.com,24,94.7,99.67,76.45,60.59,79.42,37.7,94.25,81.2535,3,26.4,0,1,1,0,2,6.9,False,True,False,False,True,False,74.67999999999999,3.077784090909091,0.2898550724637681
S2789,Emma,Brown,student1789@university.com,19,86.22,79.13,82.11,52.53,83.14,44.7,60.57,68.9965,1,17.2,0,0,3,1,3,6.5,True,False,False,False,True,False,67.03,4.011424418604651,0.4615384615384615
S2790,Ahmed,Brown,student1790@university.com,24,73.26,76.4,52.07,75.85,75.28,41.900000000000006,62.62,64.264,1,22.3,0,0,1,0,7,7.5,True,False,True,False,False,False,64.02,2.881793721973094,0.9333333333333332
S2791,Emma,Davis,student1791@university.com,21,54.33,64.6,51.13,67.35,90.88,75.7,81.85,70.003,2,23.9,1,1,1,2,5,7.9,True,False,False,False,False,True,71.91833333333334,2.9289958158995817,0.6329113924050632
S2792,Omar,Johnson,student1792@university.com,24,52.85,58.75,97.49,77.14,77.33,92.8,91.47,84.57000000000001,3,8.0,0,1,1,2,9,4.1,False,True,False,False,True,False,82.49666666666667,10.57125,2.1951219512195124
S2793,Omar,Smith,student1793@university.com,20,68.72,94.66,75.38,97.33,95.94,49.1,76.97,82.78349999999999,3,8.9,0,0,1,0,2,6.6,True,False,True,False,False,False,81.56333333333333,9.301516853932585,0.303030303030303
S2794,Liam,Williams,student1794@university.com,22,73.19,98.14,63.41,57.17,74.28,83.3,50.52,65.898,1,23.1,1,1,3,0,9,7.9,False,True,False,False,True,False,71.13666666666667,2.852727272727273,1.1392405063291138
S2796,Omar,Johnson,student1796@university.com,19,50.32,57.41,71.51,53.84,70.37,33.1,90.68,70.461,2,13.5,0,0,0,1,5,4.2,True,False,False,False,True,False,62.818333333333335,5.219333333333333,1.1904761904761905
S2797,Sara,Jones,student1797@university.com,24,99.49,86.21,54.5,73.14,71.76,58.7,63.83,66.78750000000001,1,28.0,0,1,3,2,1,4.1,False,True,False,True,False,False,68.02333333333333,2.3852678571428574,0.2439024390243902
S2798,Omar,Brown,student1798@university.com,22,68.2,47.95,52.4,85.35,92.45,66.7,52.71,61.488,1,19.4,0,1,2,2,10,8.0,False,True,True,False,False,False,66.25999999999999,3.1694845360824746,1.25
S2799,Ali,Johnson,student1799@university.com,22,92.4,85.94,63.81,79.04,55.38,2.3000000000000003,75.9,69.1225,1,27.8,0,1,1,0,1,5.0,False,True,True,False,False,False,60.395,2.4864208633093527,0.2
S2800,Omar,Smith,student1800@university.com,23,76.75,89.14,91.59,74.74,78.25,39.6,52.11,72.9175,2,12.7,1,1,1,2,7,4.9,False,True,False,False,False,True,70.90500000000002,5.741535433070867,1.4285714285714284
S2801,Ahmed,Smith,student1801@university.com,22,56.52,47.49,43.69,67.7,86.32,99.3,70.8,63.038,1,20.9,0,0,3,0,2,5.4,True,False,False,False,True,False,69.21666666666667,3.016172248803828,0.3703703703703703
S2802,John,Brown,student1802@university.com,24,89.88,98.61,53.11,65.5,87.52,63.7,50.89,65.098,1,12.2,0,0,1,0,1,4.5,False,True,True,False,False,False,69.88833333333334,5.335901639344263,0.2222222222222222
S2803,Liam,Brown,student1803@university.com,24,85.49,99.13,93.59,68.81,79.57,33.4,61.25,76.59049999999999,2,7.8,1,0,1,2,3,4.3,True,False,False,False,False,True,72.62499999999999,9.81929487179487,0.6976744186046512
S2804,Ahmed,Davis,student1804@university.com,18,76.37,96.2,47.3,80.58,72.4,25.0,69.44,67.664,1,29.8,1,0,1,0,2,8.4,False,True,False,False,True,False,65.15333333333334,2.270604026845638,0.238095238095238
S2805,John,Williams,student1805@university.com,20,75.73,69.76,77.78,58.39,63.04,20.9,55.59,62.6935,1,9.4,0,1,3,0,3,5.5,False,True,True,False,False,False,57.57666666666668,6.669521276595744,0.5454545454545454
S2806,Maria,Johnson,student1806@university.com,23,54.37,54.76,52.81,88.57,95.47,40.2,55.71,62.972,1,9.7,0,0,0,0,9,6.9,True,False,False,True,False,False,64.58666666666666,6.491958762886599,1.3043478260869563
S2807,Ahmed,Brown,student1807@university.com,24,82.79,74.92,76.35,78.76,68.49,19.3,91.35,77.3585,2,26.0,0,0,2,0,9,8.3,False,True,True,False,False,False,68.195,2.9753269230769237,1.0843373493975903
S2808,Maria,Williams,student1808@university.com,18,95.56,65.2,62.99,63.46,89.95,13.5,52.07,60.33749999999999,1,25.1,1,0,2,1,9,8.9,False,True,False,True,False,False,57.86166666666667,2.4038844621513937,1.0112359550561798
S2809,Sara,Davis,student1809@university.com,23,54.66,52.36,46.1,75.06,51.58,36.4,84.45,62.951,1,29.4,1,0,3,2,6,7.4,False,True,False,False,False,True,57.65833333333333,2.1411904761904763,0.8108108108108107
S2811,Ali,Brown,student1811@university.com,23,95.12,79.83,80.98,51.02,67.28,14.6,56.54,64.29249999999999,1,7.4,1,1,2,0,6,6.1,False,True,False,False,True,False,58.37500000000001,8.688175675675675,0.9836065573770492
S2812,Omar,Smith,student1812@university.com,18,64.22,44.25,80.82,59.98,83.58,4.4,59.77,62.3485,1,16.2,0,1,2,2,3,7.9,False,True,False,False,True,False,55.46666666666666,3.848672839506173,0.3797468354430379
S2813,Ahmed,Johnson,student1813@university.com,21,82.7,60.01,78.22,72.42,65.97,3.5,82.07,70.8125,2,19.8,0,0,1,2,8,8.7,True,False,False,False,True,False,60.365,3.576388888888889,0.9195402298850576
S2814,Maria,Johnson,student1814@university.com,24,76.74,41.07,70.01,81.92,52.07,26.7,65.78,62.227,1,6.0,0,0,3,1,5,4.3,True,False,False,False,False,True,56.258333333333326,10.371166666666666,1.162790697674419
S2815,John,Smith,student1815@university.com,20,79.82,84.97,71.17,60.61,58.69,19.0,73.82,68.5945,1,9.0,1,1,0,1,2,5.6,True,False,False,True,False,False,61.376666666666665,7.621611111111111,0.3571428571428571
S2816,Sara,Brown,student1816@university.com,19,70.79,78.44,78.14,96.57,62.96,53.9,91.8,82.3175,3,22.6,0,1,3,1,5,7.7,False,True,False,False,True,False,76.96833333333332,3.642367256637168,0.6493506493506493
S2817,Omar,Johnson,student1817@university.com,20,65.0,43.76,81.42,82.13,58.8,45.6,56.9,64.4685,1,21.7,1,0,3,1,3,5.6,False,True,False,False,True,False,61.435,2.970898617511521,0.5357142857142857
S2819,John,Davis,student1819@university.com,20,87.21,41.36,75.22,66.47,88.45,83.4,97.12,77.1305,2,28.3,1,0,1,0,10,8.0,True,False,False,True,False,False,75.33666666666666,2.725459363957597,1.25
S2820,Omar,Brown,student1820@university.com,21,87.3,75.4,49.35,91.45,70.6,50.5,52.87,62.811,1,11.4,0,0,3,2,10,4.8,False,True,True,False,False,False,65.02833333333332,5.509736842105263,2.083333333333333
S2821,Omar,Williams,student1821@university.com,24,83.54,86.58,52.64,68.91,70.26,9.2,53.0,59.8695,0,27.2,1,0,0,1,8,5.6,True,False,False,False,True,False,56.76499999999999,2.201084558823529,1.4285714285714286
S2822,Maria,Smith,student1822@university.com,18,82.18,87.27,55.61,62.64,98.33,29.6,77.74,71.02399999999999,2,28.1,0,1,1,1,9,8.6,False,True,True,False,False,False,68.53166666666667,2.5275444839857646,1.0465116279069768
S2823,Maria,Brown,student1823@university.com,24,62.19,42.06,95.18,95.58,72.34,97.3,98.0,85.94,3,17.3,1,1,1,2,3,5.0,False,True,True,False,False,False,83.41,4.967630057803468,0.6
S2824,Ahmed,Davis,student1824@university.com,19,51.12,94.38,85.56,54.61,96.38,97.7,61.02,76.5675,2,15.3,0,1,0,0,10,8.5,False,True,False,False,True,False,81.60833333333333,5.004411764705882,1.1764705882352942
S2825,Ahmed,Jones,student1825@university.com,18,90.44,95.11,73.17,97.14,64.95,25.5,66.54,74.862,2,12.0,1,1,0,2,4,6.1,True,False,False,False,False,True,70.40166666666667,6.238499999999999,0.6557377049180328
S2826,Emma,Smith,student1826@university.com,23,74.56,73.68,55.12,72.93,70.03,16.7,54.93,60.0885,1,25.2,1,0,0,1,7,8.6,False,True,False,False,True,False,57.23166666666666,2.384464285714286,0.813953488372093
S2827,Liam,Johnson,student1827@university.com,23,65.34,68.92,46.65,99.63,69.81,49.6,68.11,66.839,1,9.9,1,0,3,0,7,8.4,True,False,False,True,False,False,67.12,6.751414141414141,0.8333333333333333
S2828,Emma,Williams,student1828@university.com,23,55.1,42.69,93.93,76.98,77.3,48.1,52.22,67.23400000000001,1,20.6,1,0,1,0,2,6.1,False,True,False,True,False,False,65.20333333333333,3.2637864077669905,0.3278688524590164
S2829,Ali,Johnson,student1829@university.com,18,53.14,73.72,93.56,87.87,79.21,41.0,69.45,78.4345,2,19.2,0,1,1,0,1,8.6,False,True,False,False,True,False,74.135,4.085130208333333,0.1162790697674418
S2830,Sara,Davis,student1830@university.com,22,67.44,64.56,46.64,50.35,62.41,52.9,77.77,61.1135,1,11.2,1,1,1,2,3,7.2,True,False,True,False,False,False,59.105,5.4565625,0.4166666666666666
S2831,Ahmed,Davis,student1831@university.com,21,90.24,86.37,87.83,74.83,89.68,23.2,98.75,85.8905,3,29.6,0,0,1,2,2,6.4,False,True,False,True,False,False,76.77666666666666,2.901706081081081,0.3125
S2832,Maria,Johnson,student1832@university.com,22,95.94,64.23,66.8,86.87,74.83,11.5,90.92,74.699,2,26.2,1,1,1,2,8,6.7,False,True,False,True,False,False,65.85833333333333,2.851106870229008,1.1940298507462686
S2834,Maria,Johnson,student1834@university.com,23,96.0,46.08,84.35,57.9,79.57,93.3,61.41,67.7295,1,15.6,0,0,3,0,9,8.0,False,True,False,False,True,False,70.435,4.341634615384615,1.125
S2835,Sara,Brown,student1835@university.com,21,95.39,47.98,76.86,70.95,89.9,13.8,54.36,63.0425,1,14.0,1,1,0,1,7,5.5,True,False,False,False,False,True,58.975000000000016,4.503035714285714,1.2727272727272727
S2836,Emma,Johnson,student1836@university.com,18,76.36,48.38,86.8,70.95,62.52,70.5,80.15,73.42150000000001,2,27.1,1,1,3,0,1,5.4,True,False,False,False,True,False,69.88333333333333,2.7092804428044284,0.1851851851851851
S2837,Maria,Williams,student1837@university.com,23,60.97,42.73,44.46,55.18,51.89,43.8,76.06,55.99849999999999,0,11.6,1,0,1,0,6,7.6,False,True,False,False,True,False,52.35333333333333,4.827456896551723,0.7894736842105263
S2838,Liam,Williams,student1838@university.com,18,89.9,72.48,59.12,72.15,90.36,29.4,75.83,69.7295,1,30.0,0,1,1,0,4,5.9,False,True,False,True,False,False,66.55666666666666,2.324316666666667,0.6779661016949152
S2839,Ali,Jones,student1839@university.com,21,60.69,87.64,59.16,90.35,98.81,85.3,55.45,72.26950000000001,2,10.0,0,1,2,0,10,6.6,True,False,False,True,False,False,79.45166666666667,7.22695,1.5151515151515151
S2840,Sara,Williams,student1840@university.com,18,63.36,76.62,59.79,65.01,53.83,45.6,74.69,66.262,1,11.1,1,1,2,0,1,6.1,False,True,False,True,False,False,62.59,5.96954954954955,0.1639344262295082
S2841,Emma,Johnson,student1841@university.com,18,61.66,74.5,70.15,71.63,96.9,58.3,57.52,69.31799999999998,1,21.7,1,1,3,0,2,6.5,True,False,True,False,False,False,71.5,3.194377880184331,0.3076923076923077
S2842,Liam,Williams,student1842@university.com,19,75.75,80.84,56.98,98.05,67.96,44.3,71.11,71.4225,2,9.0,0,1,2,0,1,5.1,False,True,False,True,False,False,69.87333333333333,7.935833333333333,0.196078431372549
S2843,John,Smith,student1843@university.com,24,66.09,60.38,66.66,51.59,97.07,8.100000000000001,53.11,59.505500000000005,0,27.2,0,1,3,2,10,8.4,True,False,False,True,False,False,56.15166666666667,2.187702205882353,1.1904761904761905
S2844,Emma,Williams,student1844@university.com,22,57.71,61.72,62.07,79.58,82.44,59.5,92.84,75.7835,2,7.7,1,1,0,2,5,7.1,True,False,False,False,True,False,73.02499999999999,9.842012987012987,0.7042253521126761
S2845,Omar,Brown,student1845@university.com,22,72.66,58.86,84.12,87.17,94.51,41.900000000000006,50.66,69.6785,1,29.6,1,1,0,1,5,5.2,True,False,False,False,False,True,69.53666666666668,2.3540033783783785,0.9615384615384616
S2846,Liam,Smith,student1846@university.com,22,93.7,82.73,76.21,88.04,89.29,8.7,96.97,83.123,3,26.9,1,1,2,0,4,4.5,True,False,False,True,False,False,73.65666666666668,3.0900743494423795,0.8888888888888888
S2847,Liam,Jones,student1847@university.com,20,78.53,49.7,79.22,85.8,51.4,59.6,93.14,76.19200000000001,2,26.0,0,0,3,1,1,6.7,False,True,False,False,False,True,69.81,2.9304615384615387,0.1492537313432835
S2848,Ali,Brown,student1848@university.com,19,93.92,40.78,52.64,86.32,53.27,1.0,87.63,63.89099999999999,1,15.2,0,1,2,2,1,6.3,False,True,False,True,False,False,53.60666666666666,4.203355263157895,0.1587301587301587
S2849,Sara,Johnson,student1849@university.com,23,59.79,75.77,59.53,52.95,76.29,20.9,99.13,72.6035,2,17.8,0,0,1,1,7,8.7,True,False,False,True,False,False,64.095,4.078848314606741,0.8045977011494253
S2850,John,Johnson,student1850@university.com,23,58.35,96.54,41.27,76.71,56.48,78.1,52.69,61.665000000000006,1,16.4,1,0,3,1,10,5.2,True,False,False,False,False,True,66.965,3.7600609756097567,1.923076923076923
S2851,Ali,Johnson,student1851@university.com,23,78.78,76.56,46.5,89.15,73.05,3.8,82.08,68.6005,1,29.7,0,0,1,0,9,8.4,True,False,False,False,True,False,61.85666666666666,2.309781144781145,1.0714285714285714
S2853,Ali,Brown,student1853@university.com,24,83.01,80.37,43.93,50.6,64.74,95.0,56.33,58.751000000000005,0,14.5,1,1,3,1,4,6.4,False,True,False,False,False,True,65.16166666666666,4.051793103448277,0.625
S2854,Liam,Brown,student1854@university.com,22,89.73,69.85,76.16,90.73,74.45,17.1,79.24,75.19899999999998,2,29.2,1,1,2,1,4,8.4,True,False,False,True,False,False,67.92166666666667,2.5753082191780816,0.4761904761904761
S2855,Sara,Smith,student1855@university.com,24,87.57,83.1,99.89,85.61,69.21,41.7,69.7,80.195,3,14.2,1,0,2,2,9,8.3,True,False,True,False,False,False,74.86833333333333,5.647535211267606,1.0843373493975903
S2856,Ahmed,Davis,student1856@university.com,19,97.11,89.45,46.05,70.61,81.49,57.5,71.79,68.08250000000001,1,15.0,0,1,2,0,6,7.6,True,False,True,False,False,False,69.48166666666667,4.538833333333334,0.7894736842105263
S2857,Ali,Smith,student1857@university.com,24,69.91,53.48,89.27,97.02,59.69,45.0,95.63,81.8005,3,20.8,0,0,3,0,10,4.5,True,False,True,False,False,False,73.34833333333333,3.932716346153846,2.2222222222222223
S2858,Omar,Johnson,student1858@university.com,18,60.32,60.17,47.13,88.33,63.0,62.0,76.93,66.5365,1,27.7,1,1,2,0,2,4.8,True,False,True,False,False,False,66.26,2.402039711191336,0.4166666666666667
S2859,Ali,Davis,student1859@university.com,22,77.55,53.42,80.19,98.39,92.94,40.4,54.66,70.531,2,12.4,0,1,3,0,1,7.0,True,False,False,False,True,False,70.0,5.687983870967742,0.1428571428571428
S2860,Emma,Williams,student1860@university.com,23,55.54,67.13,78.59,96.47,90.57,14.9,96.86,83.0475,3,28.7,0,1,3,2,6,5.2,True,False,True,False,False,False,74.08666666666666,2.8936411149825783,1.1538461538461535
S2861,Emma,Johnson,student1861@university.com,18,64.44,93.1,94.16,74.06,89.46,8.9,59.26,75.78299999999999,2,12.1,1,0,2,0,1,6.8,False,True,False,False,False,True,69.82333333333332,6.263057851239669,0.1470588235294117
S2862,John,Jones,student1862@university.com,22,60.39,60.71,46.84,87.74,88.55,74.4,94.63,74.94149999999999,2,25.4,0,0,0,1,3,6.8,True,False,False,True,False,False,75.47833333333334,2.950452755905512,0.4411764705882353
S2863,Emma,Smith,student1863@university.com,21,69.83,62.47,58.93,83.46,72.97,23.9,98.55,74.679,2,11.9,0,1,0,2,6,6.9,True,False,False,False,False,True,66.71333333333334,6.275546218487395,0.8695652173913043
S2865,Sara,Smith,student1865@university.com,22,51.59,70.92,64.44,89.38,69.36,74.3,83.86,75.964,2,25.3,1,0,3,2,9,5.9,False,True,False,False,True,False,75.37666666666668,3.0025296442687748,1.5254237288135593
S2866,Sara,Brown,student1866@university.com,21,82.84,72.13,94.7,57.66,55.04,4.9,87.18,75.0465,2,16.3,1,0,2,0,6,5.1,False,True,True,False,False,False,61.935,4.604079754601226,1.1764705882352942
S2867,Ahmed,Davis,student1867@university.com,19,80.51,91.65,86.89,61.69,69.67,20.1,84.99,78.1925,2,14.8,0,1,2,0,3,6.6,False,True,True,False,False,False,69.165,5.283277027027027,0.4545454545454546
S2868,Ahmed,Jones,student1868@university.com,21,85.42,69.43,83.37,63.29,57.93,29.2,73.03,69.9125,1,15.7,1,0,2,2,10,6.5,True,False,False,False,True,False,62.708333333333336,4.453025477707007,1.5384615384615383
S2869,Sara,Davis,student1869@university.com,19,83.02,80.89,71.98,90.92,69.54,59.400000000000006,63.72,72.8065,2,20.3,0,0,0,0,4,5.4,True,False,False,False,True,False,72.74166666666667,3.586527093596059,0.7407407407407407
S2870,Omar,Jones,student1870@university.com,22,55.71,45.14,93.01,90.54,64.87,81.0,64.25,73.4165,2,11.6,1,1,1,2,5,4.3,True,False,False,False,True,False,73.135,6.329008620689655,1.162790697674419
S2871,Ahmed,Smith,student1871@university.com,19,64.55,50.72,66.97,74.77,79.96,6.0,86.56,69.83,1,10.9,0,1,3,0,4,5.0,False,True,False,False,True,False,60.82999999999999,6.406422018348623,0.8
S2872,John,Brown,student1872@university.com,21,56.48,64.26,48.98,79.04,68.08,25.0,81.3,66.188,1,17.1,1,1,1,2,3,6.8,True,False,False,False,True,False,61.11000000000001,3.870643274853801,0.4411764705882353
S2874,Sara,Jones,student1874@university.com,20,87.35,97.94,56.78,65.63,75.61,18.3,82.63,71.99549999999999,2,21.1,1,0,1,0,9,4.7,False,True,False,True,False,False,66.14833333333333,3.412109004739336,1.9148936170212765
S2875,Liam,Johnson,student1875@university.com,18,60.08,98.24,43.22,52.51,95.97,54.5,88.74,72.36149999999999,2,25.6,1,1,3,2,5,7.0,False,True,True,False,False,False,72.19666666666666,2.82662109375,0.7142857142857143
S2876,Ahmed,Johnson,student1876@university.com,18,67.07,91.07,47.56,74.13,54.55,47.8,87.42,70.741,2,23.2,1,0,3,1,1,6.1,False,True,True,False,False,False,67.08833333333334,3.049181034482759,0.1639344262295082
S2877,Sara,Davis,student1877@university.com,20,98.33,58.94,76.54,95.69,84.39,31.6,55.27,68.92949999999999,1,16.7,0,1,1,0,1,7.3,False,True,False,False,True,False,67.07166666666667,4.12751497005988,0.136986301369863
S2878,Maria,Brown,student1878@university.com,23,79.71,97.84,76.42,89.52,83.62,51.7,68.15,78.601,2,19.1,0,0,1,2,7,8.4,True,False,False,False,False,True,77.875,4.11523560209424,0.8333333333333333
S2880,Emma,Smith,student1880@university.com,22,63.23,63.58,83.63,53.24,68.58,34.300000000000004,76.91,70.0765,2,27.8,0,0,1,0,8,5.7,False,True,False,True,False,False,63.373333333333335,2.520737410071942,1.4035087719298245
S2881,Sara,Jones,student1881@university.com,23,60.5,82.1,86.42,81.85,65.27,26.5,53.07,69.9705,1,19.0,0,1,0,1,6,7.4,True,False,False,False,False,True,65.86833333333333,3.682657894736842,0.8108108108108107
S2882,Ali,Smith,student1882@university.com,22,89.2,40.99,95.23,91.72,58.62,54.0,88.12,78.712,2,12.9,1,1,3,2,6,8.7,True,False,False,True,False,False,71.44666666666667,6.101705426356589,0.6896551724137931
S2883,Ahmed,Johnson,student1883@university.com,21,84.29,48.77,75.1,83.25,63.26,44.400000000000006,55.33,63.723,1,12.3,0,1,1,1,6,6.4,False,True,False,False,False,True,61.685,5.180731707317073,0.9375
S2884,Ali,Jones,student1884@university.com,21,84.05,89.78,86.77,71.25,75.09,19.6,63.57,73.407,2,21.5,1,1,1,0,6,4.8,False,True,False,False,False,True,67.67666666666666,3.4142790697674417,1.25
S2885,Emma,Davis,student1885@university.com,23,77.63,78.73,85.19,56.17,91.89,1.3,89.14,77.5285,2,19.6,0,1,1,2,3,8.7,True,False,False,False,True,False,67.07000000000001,3.9555357142857135,0.3448275862068966
S2886,Sara,Smith,student1886@university.com,23,78.18,61.85,55.47,95.54,64.21,15.1,52.58,60.426,1,9.7,0,1,1,1,6,6.3,True,False,False,True,False,False,57.458333333333336,6.229484536082475,0.9523809523809524
S2887,Maria,Williams,student1887@university.com,23,86.78,70.04,58.61,63.8,57.89,4.3,83.01,65.63550000000001,1,15.2,1,1,1,2,3,6.3,True,False,False,False,False,True,56.275,4.318125000000001,0.4761904761904762
S2888,Omar,Brown,student1888@university.com,23,63.5,94.31,68.71,61.21,63.61,43.2,96.22,77.8925,2,21.9,0,1,2,0,5,6.7,True,False,False,True,False,False,71.21,3.556735159817352,0.7462686567164178
S2889,Ahmed,Brown,student1889@university.com,19,67.64,77.89,41.14,90.8,55.05,22.5,80.88,66.4825,1,12.4,1,0,3,0,1,5.3,False,True,False,False,True,False,61.376666666666665,5.361491935483871,0.1886792452830188
S2890,Sara,Williams,student1890@university.com,24,93.58,63.89,57.84,99.06,96.33,42.0,85.63,76.3245,2,17.7,0,1,1,1,2,7.9,True,False,False,False,True,False,74.125,4.312118644067797,0.2531645569620253
S2891,Emma,Johnson,student1891@university.com,23,65.44,47.22,68.43,83.01,93.63,32.9,89.61,74.533,2,11.4,0,0,1,0,2,7.2,False,True,False,False,True,False,69.13333333333334,6.537982456140351,0.2777777777777778
S2892,Ahmed,Jones,student1892@university.com,24,77.32,57.62,46.48,81.24,65.42,53.8,61.11,60.014,1,6.8,0,1,3,2,9,8.8,False,True,False,False,True,False,60.945,8.825588235294118,1.0227272727272727
S2893,John,Brown,student1893@university.com,23,85.13,98.7,47.58,65.97,62.35,72.4,79.05,70.1655,2,14.7,0,1,0,0,5,5.0,True,False,True,False,False,False,71.00833333333334,4.773163265306122,1.0
S2894,Ali,Williams,student1894@university.com,21,100.0,66.24,67.79,51.02,95.27,47.9,65.45,66.0935,1,23.3,1,1,2,1,1,7.1,True,False,False,False,False,True,65.61166666666666,2.836630901287554,0.1408450704225352
S2895,Omar,Davis,student1895@university.com,22,71.76,68.31,83.86,59.59,50.09,6.2,62.47,64.21000000000001,1,10.3,1,0,2,0,2,6.6,True,False,True,False,False,False,55.086666666666666,6.233980582524272,0.303030303030303
S2896,Emma,Williams,student1896@university.com,24,71.4,69.92,90.02,79.22,80.03,1.7999999999999998,59.62,70.85499999999999,2,23.9,0,0,1,1,6,8.5,False,True,False,False,True,False,63.435,2.9646443514644347,0.7058823529411765
S2897,John,Johnson,student1897@university.com,21,92.13,93.05,72.78,57.57,95.8,21.3,79.27,75.214,2,21.7,0,0,2,1,6,4.2,False,True,False,False,False,True,69.96166666666666,3.466082949308756,1.4285714285714286
S2898,Liam,Johnson,student1898@university.com,18,90.28,76.24,68.48,94.19,75.43,42.5,89.73,79.2715,2,17.7,1,0,1,1,2,7.8,False,True,False,False,False,True,74.42833333333334,4.47861581920904,0.2564102564102564
S2899,Sara,Smith,student1899@university.com,19,86.55,81.62,63.06,59.41,50.15,4.5,93.79,70.29650000000001,2,29.3,0,0,0,1,3,7.1,False,True,False,True,False,False,58.755,2.3991979522184304,0.4225352112676057
S2900,Maria,Brown,student1900@university.com,19,73.16,63.36,51.58,76.11,60.94,32.8,71.43,62.9785,1,27.1,1,1,3,2,4,7.0,True,False,False,False,True,False,59.370000000000005,2.323929889298893,0.5714285714285714
S2901,Ahmed,Smith,student1901@university.com,22,66.2,41.75,48.79,75.6,96.12,88.69999999999999,68.64,64.439,1,19.1,1,0,1,1,10,8.4,False,True,True,False,False,False,69.93333333333332,3.3737696335078526,1.1904761904761905
S2902,Ali,Williams,student1902@university.com,23,80.44,95.86,87.51,80.2,50.85,9.0,84.37,79.13250000000001,2,18.9,0,0,1,2,1,6.9,False,True,False,True,False,False,67.965,4.186904761904763,0.144927536231884
S2903,Ahmed,Jones,student1903@university.com,21,93.81,96.95,67.9,66.37,69.74,94.9,89.02,79.898,2,11.9,1,0,2,2,10,7.6,True,False,False,False,False,True,80.81333333333333,6.714117647058823,1.3157894736842106
S2904,Omar,Jones,student1904@university.com,18,94.19,96.95,87.42,93.68,89.49,85.7,62.67,82.4845,3,28.0,0,0,1,2,2,7.2,False,True,True,False,False,False,85.985,2.945875,0.2777777777777778
S2905,Sara,Johnson,student1905@university.com,21,55.42,96.62,82.24,72.22,91.9,83.2,64.86,78.69399999999999,2,27.4,1,0,0,0,7,4.3,False,True,False,False,True,False,81.84,2.8720437956204377,1.627906976744186
S2906,Ahmed,Jones,student1906@university.com,23,71.42,88.91,51.63,85.01,73.88,86.4,76.67,73.7045,2,23.6,0,0,3,1,6,4.6,True,False,True,False,False,False,77.08333333333334,3.1230720338983047,1.3043478260869563
S2907,Ali,Jones,student1907@university.com,23,73.24,81.08,70.62,81.8,61.62,8.0,72.22,70.315,2,8.2,0,0,1,1,5,5.7,False,True,True,False,False,False,62.55666666666667,8.575000000000001,0.8771929824561403
S2908,Sara,Jones,student1908@university.com,20,98.88,90.67,66.64,55.86,79.99,15.1,85.29,72.9805,2,22.6,1,1,2,0,8,7.4,False,True,True,False,False,False,65.59166666666668,3.2292256637168144,1.081081081081081
S2909,Ahmed,Williams,student1909@university.com,21,83.9,76.03,65.43,81.13,63.19,13.4,75.22,69.4865,1,11.3,1,0,1,1,3,4.1,False,True,False,True,False,False,62.4,6.149247787610619,0.7317073170731708
S2910,Maria,Jones,student1910@university.com,22,70.36,48.06,72.55,77.54,62.76,11.1,55.58,60.4825,1,9.7,1,0,1,0,8,7.9,False,True,False,False,False,True,54.598333333333336,6.235309278350516,1.0126582278481011
S2911,Emma,Davis,student1911@university.com,21,51.3,63.47,98.92,94.93,90.38,32.8,58.3,76.658,2,24.0,1,1,1,1,5,5.0,True,False,True,False,False,False,73.13333333333334,3.1940833333333334,1.0
S2912,Sara,Jones,student1912@university.com,19,78.27,98.28,88.77,94.04,57.71,83.0,95.1,89.4915,3,29.0,0,1,3,2,9,6.8,False,True,False,False,False,True,86.14999999999999,3.0859137931034484,1.3235294117647058
S2913,Emma,Jones,student1913@university.com,18,54.8,61.07,94.22,57.55,50.28,25.2,61.37,66.047,1,7.7,0,1,1,2,9,5.0,True,False,False,True,False,False,58.281666666666666,8.577532467532468,1.8
S2914,Liam,Smith,student1914@university.com,24,91.72,92.07,41.78,54.08,66.84,24.4,52.5,56.0215,0,9.1,1,1,3,2,7,4.9,False,True,False,False,True,False,55.278333333333336,6.156208791208792,1.4285714285714284
S2915,Sara,Williams,student1915@university.com,22,87.63,45.59,48.42,64.73,74.55,67.6,86.57,65.459,1,10.5,1,0,2,1,3,5.7,True,False,False,False,True,False,64.57666666666667,6.234190476190476,0.5263157894736842
S2916,Maria,Johnson,student1916@university.com,20,73.03,60.05,45.09,99.33,85.25,9.7,84.2,69.4495,1,29.1,0,0,1,2,4,8.6,True,False,True,False,False,False,63.93666666666667,2.3865807560137458,0.4651162790697674
S2917,Emma,Smith,student1917@university.com,18,71.46,61.06,55.79,51.08,89.06,36.0,80.0,65.4745,1,22.4,0,0,0,0,6,5.2,True,False,False,True,False,False,62.165,2.9229687500000003,1.1538461538461535
S2918,John,Brown,student1918@university.com,18,94.87,43.1,66.51,83.64,83.18,29.5,75.11,67.9645,1,22.0,1,0,0,1,1,4.2,False,True,False,False,True,False,63.50666666666667,3.0892954545454545,0.238095238095238
S2919,Ali,Williams,student1919@university.com,24,64.42,47.15,78.52,80.43,81.33,84.7,98.48,80.679,3,17.6,0,1,3,1,2,8.4,False,True,False,True,False,False,78.435,4.584034090909091,0.238095238095238
S2920,John,Davis,student1920@university.com,19,62.45,51.59,70.05,82.33,83.29,51.5,55.99,65.3015,1,18.4,1,0,3,1,6,6.2,False,True,False,True,False,False,65.79166666666667,3.548994565217392,0.9677419354838708
S2921,Ahmed,Williams,student1921@university.com,19,96.96,90.27,94.19,60.91,63.58,64.6,75.51,78.46549999999999,2,12.3,0,0,3,2,9,7.1,True,False,True,False,False,False,74.84333333333332,6.37930894308943,1.267605633802817
S2922,Maria,Brown,student1922@university.com,19,90.46,43.8,96.39,61.34,69.12,12.9,78.2,70.88550000000001,2,8.9,0,0,0,2,4,8.4,False,True,True,False,False,False,60.29166666666666,7.9646629213483155,0.4761904761904761
S2923,John,Brown,student1923@university.com,22,91.03,57.92,49.81,71.53,80.82,92.9,51.12,59.93300000000001,0,24.5,0,0,0,0,3,7.8,False,True,False,True,False,False,67.35000000000001,2.446244897959184,0.3846153846153846
S2924,Sara,Brown,student1924@university.com,21,59.76,40.61,91.17,54.79,53.28,32.2,70.6,65.2205,1,16.8,0,0,1,0,8,8.0,False,True,False,True,False,False,57.10833333333333,3.882172619047619,1.0
S2925,Ahmed,Johnson,student1925@university.com,18,57.16,81.74,68.9,53.73,64.77,70.7,89.14,74.29950000000001,2,11.4,0,0,1,1,7,6.4,False,True,True,False,False,False,71.49666666666666,6.517500000000001,1.09375
S2926,Ahmed,Jones,student1926@university.com,21,51.3,77.22,67.2,54.42,70.32,95.5,73.55,70.418,2,20.8,0,1,3,0,2,7.4,True,False,False,True,False,False,73.03500000000001,3.3854807692307696,0.2702702702702702
S2927,John,Williams,student1927@university.com,21,61.85,78.7,87.1,78.65,76.67,50.9,93.76,83.7175,3,10.2,0,1,1,1,10,8.8,True,False,True,False,False,False,77.63,8.207598039215688,1.1363636363636362
S2928,Liam,Jones,student1928@university.com,19,88.71,62.46,45.59,69.89,74.32,50.8,82.24,65.894,1,17.2,1,0,1,2,4,8.4,False,True,False,False,False,True,64.21666666666667,3.8310465116279073,0.4761904761904761
S2929,John,Jones,student1929@university.com,21,62.0,52.5,92.95,64.68,85.91,11.7,88.3,76.4805,2,9.8,0,1,0,2,10,7.1,False,True,False,True,False,False,66.00666666666666,7.804132653061225,1.4084507042253522
S2930,Liam,Davis,student1930@university.com,18,86.46,83.22,80.25,65.79,73.67,39.0,90.22,78.79700000000001,2,24.0,0,1,2,1,6,4.4,False,True,True,False,False,False,72.02499999999999,3.283208333333334,1.3636363636363635
S2931,Maria,Brown,student1931@university.com,18,62.6,88.67,92.52,60.36,95.21,85.19999999999999,84.48,84.6095,3,13.0,1,0,1,2,2,8.9,True,False,False,True,False,False,84.40666666666667,6.508423076923076,0.2247191011235955
S2932,Ali,Johnson,student1932@university.com,23,69.76,48.32,99.67,70.58,69.02,13.5,87.47,76.5705,2,16.0,1,1,0,2,6,5.1,False,True,True,False,False,False,64.75999999999999,4.78565625,1.1764705882352942
S2933,John,Davis,student1933@university.com,20,99.16,69.21,71.08,60.15,76.27,91.8,84.77,74.822,2,23.9,1,1,1,2,9,5.8,True,False,False,True,False,False,75.54666666666667,3.1306276150627617,1.5517241379310345
S2934,Omar,Smith,student1934@university.com,22,62.24,54.92,45.6,84.9,50.16,66.7,77.52,63.97999999999999,1,21.5,0,1,2,1,4,4.7,True,False,False,False,True,False,63.3,2.9758139534883714,0.851063829787234
S2935,Liam,Johnson,student1935@university.com,21,68.82,50.09,49.99,56.2,65.52,42.1,78.33,60.597,1,15.0,1,0,3,0,10,4.8,False,True,False,False,True,False,57.03833333333333,4.0398000000000005,2.083333333333333
S2936,John,Jones,student1936@university.com,22,65.05,84.06,59.42,97.41,93.33,54.6,59.49,71.9855,2,6.8,0,0,1,1,7,8.0,False,True,False,True,False,False,74.71833333333335,10.58610294117647,0.875
S2937,Emma,Johnson,student1937@university.com,22,55.48,72.29,46.21,54.49,66.68,15.0,91.37,65.39850000000001,1,28.0,1,1,2,1,9,4.6,False,True,False,False,True,False,57.67333333333334,2.335660714285715,1.956521739130435
S2939,Omar,Smith,student1939@university.com,24,68.93,58.6,57.81,91.66,77.18,28.6,76.79,69.1765,1,23.4,0,0,1,2,2,4.9,True,False,False,True,False,False,65.10666666666667,2.956260683760684,0.4081632653061224
S2940,Omar,Brown,student1940@university.com,23,84.74,98.0,98.55,84.04,53.94,38.5,62.48,78.00649999999999,2,28.6,1,0,1,0,9,5.9,False,True,False,False,False,True,72.58500000000001,2.7275,1.5254237288135593
S2941,Liam,Smith,student1941@university.com,22,90.88,90.92,82.16,95.62,76.58,91.6,84.79,86.196,3,12.7,0,0,1,1,8,7.5,True,False,False,False,False,True,86.945,6.787086614173228,1.0666666666666669
S2942,Emma,Davis,student1942@university.com,23,77.21,92.8,50.41,56.96,65.18,36.8,98.76,73.05250000000001,2,6.9,0,0,1,0,5,7.2,False,True,False,False,True,False,66.81833333333334,10.58731884057971,0.6944444444444444
S2943,Emma,Jones,student1943@university.com,18,51.61,67.6,68.56,58.82,69.16,52.400000000000006,90.1,72.669,2,11.2,0,1,3,0,9,7.6,False,True,False,False,False,True,67.77333333333333,6.488303571428571,1.1842105263157896
S2944,Ahmed,Smith,student1944@university.com,24,80.95,77.43,68.01,62.61,89.57,16.200000000000003,80.95,72.0605,2,12.8,0,0,0,1,6,7.6,True,False,False,False,False,True,65.795,5.6297265625,0.7894736842105263
S2945,Liam,Smith,student1945@university.com,21,52.77,62.61,69.55,62.24,83.1,73.60000000000001,78.38,71.619,2,16.3,0,1,1,0,9,4.0,True,False,False,True,False,False,71.58,4.393803680981595,2.25
S2946,Ali,Smith,student1946@university.com,23,80.82,44.66,72.14,65.54,72.31,56.0,74.49,66.943,1,18.1,1,0,3,1,9,7.4,True,False,True,False,False,False,64.19,3.6985082872928174,1.2162162162162162
S2947,Sara,Johnson,student1947@university.com,20,84.25,64.06,41.87,78.78,78.88,44.0,60.25,60.0565,1,23.1,1,0,1,1,3,7.4,True,False,False,True,False,False,61.30666666666667,2.5998484848484846,0.4054054054054054
S2948,Maria,Davis,student1948@university.com,22,59.89,75.64,81.18,51.41,88.34,94.7,67.4,73.14150000000001,2,27.5,1,1,2,0,7,4.3,False,True,False,False,False,True,76.445,2.659690909090909,1.627906976744186
S2949,Omar,Johnson,student1949@university.com,24,90.97,57.23,69.23,69.11,87.29,89.1,70.32,70.5385,2,16.6,1,1,3,0,4,6.1,False,True,False,True,False,False,73.71333333333334,4.249307228915662,0.6557377049180328
S2950,Maria,Jones,student1950@university.com,20,95.55,90.88,87.46,62.32,59.27,66.0,97.23,83.241,3,23.7,1,1,1,1,4,4.4,False,True,False,False,True,False,77.19333333333333,3.5122784810126584,0.9090909090909092
S2951,John,Smith,student1951@university.com,18,90.65,49.07,88.92,80.33,65.05,92.2,71.28,74.13900000000001,2,8.2,0,1,1,2,7,5.0,True,False,True,False,False,False,74.47500000000001,9.041341463414636,1.4
S2952,John,Davis,student1952@university.com,18,65.26,62.03,53.83,99.26,67.41,56.5,79.31,71.00999999999999,2,13.2,0,0,3,2,6,6.4,False,True,False,False,False,True,69.72333333333333,5.379545454545454,0.9375
S2953,Maria,Davis,student1953@university.com,19,79.33,47.49,42.91,75.88,59.38,82.69999999999999,96.12,68.142,1,8.0,0,1,2,1,4,4.1,True,False,False,False,False,True,67.41333333333334,8.51775,0.9756097560975612
S2954,John,Williams,student1954@university.com,22,95.74,64.29,82.19,71.28,50.61,40.9,75.92,70.765,2,22.3,0,0,2,2,5,4.5,True,False,False,True,False,False,64.19833333333334,3.1733183856502243,1.1111111111111112
S2955,Ali,Jones,student1955@university.com,19,66.03,42.38,98.67,68.41,58.7,8.7,62.57,66.36200000000001,1,27.7,0,0,2,0,6,4.4,True,False,False,True,False,False,56.571666666666665,2.3957400722021664,1.3636363636363635
S2956,Emma,Davis,student1956@university.com,24,91.0,56.35,66.8,89.25,90.41,99.4,69.05,73.266,2,27.2,1,1,0,0,4,4.6,False,True,False,True,False,False,78.54333333333334,2.693602941176471,0.8695652173913044
S2957,John,Smith,student1957@university.com,20,50.47,64.04,55.58,53.6,77.3,16.599999999999998,68.78,60.735,1,13.2,0,1,2,2,8,4.2,True,False,False,True,False,False,55.98333333333333,4.601136363636364,1.9047619047619049
S2958,Ahmed,Smith,student1958@university.com,21,50.18,68.69,49.4,97.99,67.08,25.2,85.74,71.042,2,10.9,0,1,1,2,4,7.1,True,False,False,False,False,True,65.68333333333332,6.517614678899083,0.5633802816901409
S2959,John,Davis,student1959@university.com,19,87.99,72.62,57.25,70.9,80.42,16.299999999999997,64.81,64.1405,1,11.9,0,0,1,1,10,4.9,True,False,False,True,False,False,60.38333333333333,5.389957983193278,2.0408163265306123
S2960,Sara,Johnson,student1960@university.com,18,88.07,56.5,59.68,65.69,86.99,33.7,86.51,69.5855,1,12.2,0,1,1,0,4,8.3,True,False,False,False,False,True,64.845,5.703729508196721,0.4819277108433734
S2961,Ali,Jones,student1961@university.com,22,89.45,71.38,65.43,98.7,67.72,28.9,94.46,78.4245,2,7.1,1,0,1,2,10,8.4,True,False,False,True,False,False,71.09833333333333,11.045704225352113,1.1904761904761905
S2962,Sara,Smith,student1962@university.com,20,96.5,70.54,79.32,96.79,73.3,60.1,66.8,75.3045,2,8.3,1,1,2,2,10,7.5,True,False,True,False,False,False,74.47500000000001,9.072831325301204,1.3333333333333333
S2963,Sara,Davis,student1963@university.com,23,55.9,58.97,56.39,82.1,53.21,99.6,56.77,62.59,1,10.4,1,1,1,2,1,4.3,True,False,True,False,False,False,67.83999999999999,6.018269230769231,0.2325581395348837
S2966,Ali,Jones,student1966@university.com,18,58.86,59.94,91.34,66.78,71.68,12.8,76.7,72.661,2,22.5,0,1,0,1,9,4.9,True,False,False,False,True,False,63.20666666666667,3.2293777777777777,1.8367346938775508
S2967,Liam,Davis,student1967@university.com,23,84.11,96.84,69.9,69.41,71.13,2.0,81.71,74.1385,2,20.5,0,0,1,0,5,7.9,True,False,True,False,False,False,65.16499999999999,3.616512195121951,0.6329113924050632
S2968,Ali,Williams,student1968@university.com,24,76.52,90.71,97.89,57.94,81.62,63.9,70.39,79.244,2,28.6,1,1,2,1,2,5.7,True,False,False,False,False,True,77.07499999999999,2.7707692307692304,0.3508771929824561
S2969,Ali,Davis,student1969@university.com,21,54.16,98.96,70.22,76.17,78.62,87.30000000000001,96.23,84.9205,3,15.0,0,1,2,2,9,6.5,False,True,True,False,False,False,84.58333333333334,5.661366666666667,1.3846153846153846
S2970,Ali,Davis,student1970@university.com,22,64.26,81.53,56.55,87.23,71.11,17.6,69.98,68.4365,1,16.1,0,0,1,2,8,7.7,False,True,False,False,False,True,64.00000000000001,4.250714285714285,1.0389610389610389
S2971,Ahmed,Jones,student1971@university.com,21,76.02,62.69,51.6,63.65,50.85,34.2,65.37,58.257000000000005,0,6.7,1,1,2,1,4,4.5,True,False,False,True,False,False,54.72666666666667,8.695074626865672,0.8888888888888888
S2972,John,Davis,student1972@university.com,24,92.62,56.85,81.67,96.94,81.05,16.9,94.28,80.72,3,8.8,1,0,3,2,3,4.8,True,False,True,False,False,False,71.28166666666665,9.172727272727272,0.625
S2973,Liam,Jones,student1973@university.com,21,85.38,79.8,72.18,59.74,93.98,90.7,56.82,69.95500000000001,1,22.3,1,0,3,0,4,8.8,True,False,True,False,False,False,75.53666666666668,3.136995515695068,0.4545454545454545
S2974,Sara,Williams,student1974@university.com,24,81.09,98.85,76.24,53.31,88.48,27.0,56.21,68.945,1,10.9,1,1,0,1,10,7.6,False,True,False,False,True,False,66.68166666666666,6.325229357798165,1.3157894736842106
S2975,Ali,Jones,student1975@university.com,22,74.8,77.6,85.31,82.22,99.08,44.5,96.78,86.4675,3,24.3,1,1,1,2,4,5.2,False,True,False,False,True,False,80.915,3.558333333333333,0.7692307692307692
S2976,Omar,Smith,student1976@university.com,22,64.93,92.9,83.55,92.47,56.95,89.5,60.45,76.998,2,22.6,1,0,3,2,9,6.9,False,True,True,False,False,False,79.30333333333333,3.4069911504424777,1.3043478260869563
S2977,John,Jones,student1977@university.com,23,55.96,59.75,42.6,97.66,61.13,55.3,57.42,60.3655,1,23.7,1,0,3,2,6,4.9,True,False,True,False,False,False,62.31,2.547067510548523,1.2244897959183672
S2978,John,Williams,student1978@university.com,21,70.45,64.42,88.15,88.36,76.96,93.3,76.76,80.3435,3,22.3,1,1,0,1,4,8.3,True,False,True,False,False,False,81.325,3.602847533632287,0.4819277108433734
S2979,Sara,Brown,student1979@university.com,20,51.43,94.38,71.96,59.98,61.79,92.6,52.34,67.655,1,22.7,0,1,3,0,2,6.2,True,False,False,False,False,True,72.175,2.980396475770925,0.3225806451612903
S2980,Ahmed,Davis,student1980@university.com,23,60.55,85.41,63.5,98.88,51.73,46.2,81.0,75.3015,2,18.7,0,1,3,0,9,8.0,True,False,False,True,False,False,71.11999999999999,4.026818181818182,1.125
S2981,Maria,Jones,student1981@university.com,22,71.62,98.88,72.25,95.97,70.11,58.2,72.65,79.006,2,22.0,1,1,1,2,7,8.9,False,True,False,False,True,False,78.01,3.591181818181818,0.7865168539325842
S2982,Maria,Davis,student1982@university.com,18,70.93,86.49,76.75,58.16,64.38,23.0,82.02,73.079,2,18.2,1,1,0,1,5,8.9,True,False,False,True,False,False,65.13333333333333,4.01532967032967,0.5617977528089887
S2983,John,Johnson,student1983@university.com,24,52.21,66.91,48.97,77.94,63.19,99.1,64.2,64.504,1,10.2,0,0,2,1,2,4.7,False,True,False,False,True,False,70.05166666666666,6.323921568627452,0.425531914893617
S2984,Emma,Smith,student1984@university.com,23,79.45,71.86,65.04,77.78,97.66,27.8,95.27,78.443,2,10.4,1,0,2,1,1,8.7,False,True,False,False,True,False,72.56833333333334,7.542596153846153,0.1149425287356322
S2985,Emma,Smith,student1985@university.com,19,77.48,94.03,60.14,72.13,61.92,78.3,63.53,69.125,1,15.1,1,0,1,2,7,5.4,True,False,False,False,True,False,71.67500000000001,4.577814569536424,1.2962962962962965
S2987,Maria,Johnson,student1987@university.com,24,97.16,55.32,45.48,52.98,56.27,31.3,97.25,63.98199999999999,1,27.2,1,0,3,1,8,4.3,False,True,False,False,True,False,56.43333333333334,2.3522794117647057,1.8604651162790695
S2988,John,Jones,student1988@university.com,23,54.97,66.14,49.59,81.36,90.32,10.4,70.04,65.0865,1,11.7,0,0,3,0,4,7.2,False,True,False,True,False,False,61.30833333333333,5.562948717948719,0.5555555555555556
S2989,Ahmed,Johnson,student1989@university.com,22,92.74,70.98,49.71,60.27,85.74,56.0,58.07,60.91,1,6.3,0,1,2,1,5,7.2,False,True,False,False,True,False,63.461666666666666,9.668253968253968,0.6944444444444444
S2990,Maria,Brown,student1990@university.com,22,50.02,45.8,62.39,76.37,56.47,24.5,53.42,56.821,0,15.6,0,0,0,1,3,7.9,True,False,False,True,False,False,53.15833333333333,3.642371794871795,0.3797468354430379
S2991,John,Davis,student1991@university.com,20,94.11,84.63,93.67,88.99,60.99,14.8,98.15,85.7445,3,25.4,0,1,1,0,7,8.7,True,False,False,False,True,False,73.53833333333334,3.3757677165354334,0.8045977011494253
S2992,John,Davis,student1992@university.com,19,50.99,46.56,52.36,62.34,87.37,22.7,88.19,65.75399999999999,1,14.9,1,0,1,1,4,6.1,False,True,False,False,True,False,59.92,4.413020134228187,0.6557377049180328
S2993,Ali,Williams,student1993@university.com,23,87.89,64.3,64.97,69.67,63.73,25.1,95.95,72.751,2,11.6,0,0,3,0,1,6.0,True,False,True,False,False,False,63.95333333333334,6.271637931034483,0.1666666666666666
S2994,Ahmed,Johnson,student1994@university.com,23,68.08,88.28,58.7,97.54,99.08,50.4,84.94,80.458,3,18.6,1,0,1,1,5,7.2,False,True,False,True,False,False,79.82333333333334,4.325698924731182,0.6944444444444444
S2995,Ali,Johnson,student1995@university.com,21,86.91,68.05,87.24,88.07,77.03,38.6,67.12,74.997,2,19.4,1,1,2,0,2,7.3,True,False,False,False,True,False,71.01833333333333,3.8658247422680416,0.273972602739726
S2996,Sara,Brown,student1996@university.com,18,70.09,90.52,43.01,78.64,59.6,7.5,56.15,59.3065,0,24.0,0,0,0,2,7,6.2,True,False,False,False,True,False,55.903333333333336,2.4711041666666667,1.129032258064516
S2997,Ali,Smith,student1997@university.com,22,53.55,60.51,51.79,61.1,92.94,53.6,96.47,72.104,2,25.0,1,0,2,1,2,8.6,True,False,False,True,False,False,69.40166666666669,2.88416,0.2325581395348837
S2998,Omar,Smith,student1998@university.com,23,88.38,97.46,52.64,71.27,65.97,78.8,74.48,71.3505,2,22.7,0,1,1,1,4,4.3,True,False,False,False,True,False,73.43666666666668,3.143193832599119,0.9302325581395348
S3001,Maria,Jones,student2001@university.com,24,52.55,92.35,48.34,62.23,88.41,9.9,55.33,61.207,1,29.4,1,0,1,0,3,6.5,True,False,False,True,False,False,59.426666666666655,2.08187074829932,0.4615384615384615
S3002,Emma,Brown,student2002@university.com,23,73.97,85.13,56.33,83.1,58.66,82.10000000000001,65.46,68.92599999999999,1,11.6,0,1,0,0,2,8.3,False,True,True,False,False,False,71.79666666666667,5.941896551724137,0.2409638554216867
S3003,Liam,Williams,student2003@university.com,19,86.15,53.92,50.07,54.75,69.09,50.6,81.89,62.824,1,12.1,0,0,1,2,2,5.6,False,True,False,False,False,True,60.053333333333335,5.192066115702479,0.3571428571428571
S3004,Liam,Williams,student2004@university.com,18,69.66,99.08,47.48,51.16,51.54,52.2,55.01,58.673,0,23.3,1,1,1,1,2,8.5,True,False,False,False,False,True,59.41166666666666,2.518154506437768,0.2352941176470588
S3005,John,Brown,student2005@university.com,23,60.86,70.14,87.83,77.43,91.33,51.900000000000006,56.76,72.84899999999999,2,19.5,0,1,3,1,6,6.3,False,True,False,False,False,True,72.565,3.735846153846153,0.9523809523809524
S3006,Liam,Williams,student2006@university.com,20,87.95,97.06,69.75,61.22,67.04,32.5,75.53,72.16749999999999,2,16.6,0,1,0,1,8,7.5,True,False,False,True,False,False,67.18333333333334,4.347439759036144,1.0666666666666669
S3007,Omar,Smith,student2007@university.com,22,89.21,70.3,77.87,53.95,62.41,32.5,81.17,70.322,2,7.9,1,1,2,2,7,7.6,False,True,False,False,False,True,63.03333333333333,8.901518987341772,0.9210526315789476
S3008,Ahmed,Williams,student2008@university.com,21,96.13,68.31,59.88,86.49,78.99,63.2,59.35,67.054,1,7.0,1,0,2,0,10,5.3,False,True,False,True,False,False,69.37,9.579142857142855,1.8867924528301887
S3009,Ali,Williams,student2009@university.com,24,68.81,66.95,73.22,74.9,85.25,4.5,51.65,63.8275,1,22.6,0,0,3,2,1,8.5,True,False,False,True,False,False,59.41166666666667,2.824225663716814,0.1176470588235294
S3010,Omar,Brown,student2010@university.com,20,75.31,60.09,55.45,89.81,90.64,58.9,97.92,77.7325,2,8.1,1,0,2,1,3,4.6,True,False,False,False,True,False,75.46833333333333,9.596604938271604,0.6521739130434783
S3011,Ahmed,Brown,student2011@university.com,22,68.16,72.02,58.48,83.2,67.39,72.5,51.37,63.678,1,15.9,0,0,3,1,8,7.0,True,False,False,True,False,False,67.49333333333333,4.004905660377358,1.1428571428571428
S3012,Emma,Williams,student2012@university.com,24,62.85,67.15,79.13,86.49,90.62,35.6,50.1,68.7005,1,23.4,1,1,1,0,8,8.6,True,False,False,False,False,True,68.18166666666667,2.935918803418804,0.9302325581395348
S3013,Liam,Johnson,student2013@university.com,19,87.55,42.2,49.02,65.37,73.24,21.7,66.17,56.6505,0,28.1,0,1,2,0,9,4.2,False,True,False,True,False,False,52.95,2.0160320284697506,2.142857142857143
S3014,Emma,Brown,student2014@university.com,24,66.98,55.63,77.03,63.16,55.06,21.3,61.12,61.983,1,26.8,1,0,2,2,7,6.7,True,False,False,True,False,False,55.55,2.3127985074626864,1.044776119402985
S3015,Liam,Jones,student2015@university.com,18,71.41,52.79,91.13,80.04,92.32,8.2,78.68,75.953,2,26.6,0,1,1,1,5,5.2,False,True,True,False,False,False,67.19333333333333,2.855375939849624,0.9615384615384616
S3016,Ali,Jones,student2016@university.com,18,70.18,92.05,47.23,60.0,77.38,9.0,94.71,71.216,2,14.0,1,1,2,2,3,5.0,False,True,False,False,False,True,63.39499999999999,5.086857142857142,0.6
S3017,Sara,Smith,student2017@university.com,22,85.63,75.93,93.85,90.77,80.12,16.7,74.06,79.5325,2,28.2,1,0,2,1,8,5.2,False,True,False,True,False,False,71.905,2.8203014184397164,1.5384615384615383
S3018,Ali,Williams,student2018@university.com,20,95.89,85.82,44.77,76.15,96.87,1.9,88.67,71.871,2,22.1,0,0,1,0,5,8.5,False,True,False,False,True,False,65.69666666666667,3.2520814479638003,0.5882352941176471
S3019,Maria,Johnson,student2019@university.com,21,83.34,97.41,60.93,61.35,77.96,26.6,95.46,76.81049999999999,2,27.2,0,0,1,0,5,6.1,False,True,False,True,False,False,69.95166666666667,2.8239154411764704,0.819672131147541
S3020,Omar,Smith,student2020@university.com,19,73.58,78.64,76.63,81.26,50.28,30.6,59.47,67.5415,1,7.2,0,1,1,1,8,5.2,False,True,False,True,False,False,62.81333333333333,9.380763888888888,1.5384615384615383
S3022,Sara,Brown,student2022@university.com,19,82.05,58.71,45.78,54.1,64.24,99.2,82.1,64.3805,1,15.7,1,0,3,1,8,5.6,False,True,False,False,False,True,67.355,4.100668789808918,1.4285714285714286
S3023,Ali,Jones,student2023@university.com,18,53.03,51.18,87.93,55.47,75.09,18.700000000000003,66.59,66.40100000000001,1,25.7,0,0,3,0,4,7.6,False,True,False,False,False,True,59.16,2.583696498054475,0.5263157894736842
S3024,Ahmed,Davis,student2024@university.com,23,54.78,64.2,98.39,92.19,60.24,21.3,86.99,81.24199999999999,3,15.2,1,1,0,0,3,6.7,False,True,False,False,True,False,70.55166666666666,5.344868421052631,0.4477611940298507
S3025,Sara,Johnson,student2025@university.com,23,51.9,68.25,50.87,55.48,64.85,49.2,85.27,65.803,1,27.1,1,1,0,2,6,7.4,True,False,False,False,True,False,62.31999999999999,2.428154981549816,0.8108108108108107
S3026,Omar,Davis,student2026@university.com,21,72.84,93.72,93.71,51.97,84.33,14.9,71.05,75.774,2,10.9,1,0,2,0,5,4.9,True,False,False,False,True,False,68.28,6.951743119266055,1.020408163265306
S3027,Liam,Jones,student2027@university.com,19,91.29,73.6,73.41,67.4,71.48,50.4,54.4,65.4905,1,6.0,0,0,2,1,10,7.4,False,True,False,True,False,False,65.115,10.915083333333332,1.351351351351351
S3028,Sara,Davis,student2028@university.com,22,65.65,57.53,96.16,73.34,81.36,39.900000000000006,50.58,68.9755,1,24.0,0,1,3,1,5,8.5,True,False,False,True,False,False,66.47833333333332,2.8739791666666665,0.5882352941176471
S3029,Liam,Brown,student2029@university.com,21,69.21,84.56,50.57,78.47,91.18,32.5,68.47,68.381,1,20.7,0,1,1,1,5,4.5,False,True,False,False,True,False,67.625,3.303429951690821,1.1111111111111112
S3030,Omar,Williams,student2030@university.com,24,95.47,70.35,87.52,75.37,67.04,82.30000000000001,54.1,70.787,2,16.0,0,1,0,2,3,5.6,True,False,False,False,False,True,72.78000000000002,4.4241875,0.5357142857142857
S3031,Ali,Brown,student2031@university.com,24,91.85,49.73,43.59,95.66,78.42,82.8,89.08,71.41199999999999,2,26.1,1,0,3,1,7,8.9,False,True,False,False,False,True,73.21333333333332,2.736091954022988,0.7865168539325842
S3032,Omar,Davis,student2032@university.com,20,83.25,74.61,92.99,88.43,88.88,98.8,66.72,81.54749999999999,3,25.6,0,1,2,2,5,5.1,True,False,False,False,True,False,85.07166666666666,3.185449218749999,0.9803921568627452
S3033,Sara,Brown,student2033@university.com,23,63.34,94.68,80.45,99.19,85.76,22.3,83.3,83.874,3,13.1,1,1,0,2,4,4.3,True,False,True,False,False,False,77.61333333333333,6.402595419847328,0.9302325581395348
S3034,Ahmed,Jones,student2034@university.com,22,55.85,90.56,62.22,73.82,76.99,88.80000000000001,67.32,72.547,2,25.9,1,1,0,0,4,4.3,True,False,False,False,False,True,76.61833333333333,2.801042471042471,0.9302325581395348
S3035,Emma,Johnson,student2035@university.com,19,50.8,75.21,51.43,54.22,69.17,53.8,89.8,68.81899999999999,1,13.6,1,1,0,0,7,5.4,False,True,False,False,False,True,65.605,5.0602205882352935,1.2962962962962965
S3036,Sara,Brown,student2036@university.com,21,55.35,62.62,88.99,97.78,70.38,59.1,94.42,84.6265,3,20.5,1,1,2,2,1,6.5,False,True,False,False,True,False,78.88166666666667,4.128121951219512,0.1538461538461538
S3037,Omar,Jones,student2037@university.com,22,64.63,45.22,76.19,50.21,71.66,89.60000000000001,91.88,72.572,2,9.8,1,1,3,1,8,5.3,False,True,False,False,False,True,70.79333333333334,7.405306122448979,1.509433962264151
S3038,Emma,Johnson,student2038@university.com,21,77.59,68.18,61.62,88.8,67.44,94.3,74.22,72.67699999999999,2,11.6,1,1,1,2,1,5.4,True,False,False,True,False,False,75.76,6.265258620689655,0.1851851851851851
S3039,Omar,Williams,student2039@university.com,21,53.2,85.12,66.63,51.56,84.95,72.69999999999999,54.2,65.5495,1,16.2,0,0,2,0,6,8.2,True,False,False,True,False,False,69.19333333333333,4.046265432098766,0.7317073170731708
S3040,Ahmed,Davis,student2040@university.com,21,56.81,61.62,89.59,88.06,56.27,34.8,68.59,72.79350000000001,2,12.9,1,0,0,2,4,7.8,False,True,False,False,False,True,66.48833333333334,5.642906976744187,0.5128205128205129
S3041,Omar,Williams,student2041@university.com,19,59.05,54.13,60.34,96.9,98.37,49.0,71.22,71.39250000000001,2,8.2,1,0,1,1,7,5.6,True,False,False,True,False,False,71.66000000000001,8.706402439024393,1.25
S3042,Ali,Smith,student2042@university.com,22,81.6,95.88,45.38,69.46,88.95,61.5,98.01,77.519,2,17.1,0,0,3,2,6,5.7,False,True,True,False,False,False,76.52999999999999,4.53327485380117,1.0526315789473684
S3043,John,Jones,student2043@university.com,18,80.79,89.29,94.68,62.05,64.91,82.89999999999999,78.27,80.488,3,17.8,1,0,2,0,5,8.8,False,True,False,False,False,True,78.68333333333334,4.521797752808989,0.5681818181818181
S3044,Liam,Johnson,student2044@university.com,18,77.54,78.3,63.24,61.31,52.13,65.8,82.04,69.8665,1,9.0,1,0,0,2,5,8.8,False,True,False,False,True,False,67.13666666666667,7.762944444444445,0.5681818181818181
S3045,Liam,Brown,student2045@university.com,19,62.53,48.21,60.9,74.59,85.57,36.5,89.1,70.757,2,9.4,0,0,1,1,6,8.9,False,True,False,True,False,False,65.81166666666667,7.527340425531915,0.6741573033707865
S3046,Sara,Williams,student2046@university.com,24,68.56,48.69,52.26,58.54,86.72,41.8,78.41,63.4345,1,5.7,1,0,0,1,7,8.7,True,False,True,False,False,False,61.06999999999999,11.128859649122807,0.8045977011494253
S3048,Omar,Jones,student2048@university.com,23,61.32,76.98,53.05,68.42,62.69,92.4,62.27,64.6425,1,14.0,0,1,2,0,3,5.5,True,False,False,True,False,False,69.30166666666666,4.617321428571429,0.5454545454545454
S3049,Ahmed,Smith,student2049@university.com,21,94.89,46.93,78.2,66.16,54.14,8.8,52.94,58.2495,0,8.7,1,1,1,0,7,8.8,False,True,True,False,False,False,51.195,6.695344827586207,0.7954545454545454
S3050,Sara,Williams,student2050@university.com,22,98.98,90.56,92.85,73.06,95.76,58.0,86.07,86.0525,3,28.0,0,0,1,0,3,7.7,True,False,False,False,False,True,82.71666666666667,3.0733035714285712,0.3896103896103896
S3051,Omar,Davis,student2051@university.com,22,82.38,99.58,42.09,77.13,62.93,87.2,92.43,75.411,2,10.0,0,1,2,2,7,7.6,False,True,True,False,False,False,76.89333333333333,7.5411,0.9210526315789476
S3052,Emma,Johnson,student2052@university.com,20,95.84,61.98,89.73,57.1,86.08,42.1,70.6,72.1875,2,6.6,1,1,3,0,2,8.0,False,True,False,True,False,False,67.93166666666667,10.9375,0.25
S3053,Maria,Davis,student2053@university.com,20,82.14,67.22,64.64,85.39,53.03,80.0,77.45,71.5895,2,15.1,0,1,1,1,8,7.0,False,True,True,False,False,False,71.28833333333333,4.741026490066226,1.1428571428571428
S3054,Omar,Johnson,student2054@university.com,18,51.66,82.7,79.48,94.15,88.03,80.39999999999999,65.36,78.8285,2,9.8,0,0,1,0,9,6.9,False,True,False,True,False,False,81.68666666666667,8.043724489795919,1.3043478260869563
S3055,John,Johnson,student2055@university.com,20,99.84,96.23,62.34,63.9,56.35,6.0,72.51,67.29249999999999,1,6.5,1,0,1,2,6,5.8,False,True,False,True,False,False,59.555,10.352692307692308,1.0344827586206895
S3056,Sara,Jones,student2056@university.com,20,54.95,93.65,81.73,59.02,84.78,41.2,60.44,72.00300000000001,2,23.8,0,0,1,2,2,4.8,False,True,True,False,False,False,70.13666666666667,3.025336134453782,0.4166666666666667
S3057,John,Jones,student2057@university.com,18,84.13,43.46,55.26,88.03,76.62,69.1,87.99,71.0525,2,18.9,1,1,3,2,9,6.2,True,False,False,True,False,False,70.07666666666667,3.7593915343915354,1.4516129032258065
S3058,Sara,Jones,student2058@university.com,23,62.64,50.14,41.32,59.18,97.77,42.2,74.6,60.99499999999999,1,6.4,1,1,0,2,5,6.6,True,False,False,True,False,False,60.86833333333334,9.530468749999995,0.7575757575757576
S3059,Omar,Brown,student2059@university.com,24,69.6,85.28,96.87,52.06,51.85,54.5,77.36,75.9365,2,16.7,1,1,2,1,4,8.4,True,False,False,False,True,False,69.65333333333334,4.547095808383234,0.4761904761904761
S3060,Ali,Johnson,student2060@university.com,18,82.3,81.33,40.98,80.96,64.6,59.400000000000006,51.85,59.5735,0,6.0,1,0,3,0,7,6.0,True,False,False,False,False,True,63.18666666666667,9.928916666666668,1.1666666666666667
S3061,Emma,Williams,student2061@university.com,24,71.82,47.99,89.45,61.99,53.48,15.1,81.12,69.2985,1,13.9,0,0,1,0,6,8.4,False,True,False,True,False,False,58.18833333333333,4.985503597122302,0.7142857142857143
S3062,Omar,Davis,student2062@university.com,20,62.53,70.12,50.15,58.59,93.96,41.2,60.13,61.339000000000006,1,14.1,1,0,3,0,4,5.6,False,True,False,False,False,True,62.35833333333333,4.350283687943263,0.7142857142857143
S3063,Liam,Jones,student2063@university.com,22,66.72,86.85,63.53,99.08,79.7,2.8000000000000003,69.17,72.633,2,25.6,1,1,0,0,10,8.7,True,False,False,False,True,False,66.855,2.8372265625,1.149425287356322
S3064,John,Jones,student2064@university.com,20,67.08,53.13,89.35,64.59,76.75,15.0,70.64,69.61250000000001,1,23.4,0,0,3,0,2,4.2,True,False,False,False,True,False,61.57666666666666,2.974893162393163,0.4761904761904761
S3065,Maria,Davis,student2065@university.com,21,97.97,92.28,52.36,95.17,56.57,51.2,72.44,71.15650000000001,2,27.4,1,1,3,0,4,6.6,True,False,False,False,True,False,70.00333333333333,2.596952554744526,0.6060606060606061
S3066,Maria,Davis,student2066@university.com,24,89.93,43.18,91.94,58.91,74.45,57.400000000000006,61.37,67.02449999999999,1,8.5,1,1,1,0,1,5.6,True,False,False,False,True,False,64.54166666666667,7.885235294117646,0.1785714285714285
S3067,Ahmed,Johnson,student2067@university.com,24,72.93,86.93,69.87,90.95,69.94,14.6,92.51,79.6265,2,18.3,1,0,3,2,8,5.5,True,False,False,False,False,True,70.8,4.351174863387977,1.4545454545454546
S3069,John,Davis,student2069@university.com,21,90.55,58.91,79.75,53.93,88.61,37.3,80.61,71.77250000000001,2,25.6,1,1,1,1,2,7.4,True,False,True,False,False,False,66.51833333333333,2.80361328125,0.2702702702702702
S3070,Ahmed,Brown,student2070@university.com,23,57.86,83.26,60.48,86.68,53.06,92.1,80.7,74.732,2,14.2,1,1,1,2,5,6.0,True,False,False,False,False,True,76.04666666666667,5.262816901408451,0.8333333333333334
S3072,Liam,Jones,student2072@university.com,21,68.3,96.03,84.01,58.15,91.15,15.0,77.97,77.3855,2,13.1,1,1,3,0,2,7.6,False,True,False,False,False,True,70.385,5.907290076335878,0.2631578947368421
S3073,Sara,Davis,student2073@university.com,24,94.02,62.07,58.59,86.28,95.37,75.8,91.13,77.566,2,12.2,0,1,0,0,8,6.2,False,True,False,True,False,False,78.20666666666666,6.357868852459017,1.2903225806451613
S3074,Omar,Johnson,student2074@university.com,22,56.59,81.16,52.05,72.25,87.3,56.8,90.63,74.783,2,24.2,0,0,1,2,4,7.1,False,True,False,True,False,False,73.365,3.090206611570248,0.5633802816901409
S3075,Omar,Johnson,student2075@university.com,24,56.11,76.16,88.46,87.69,64.12,38.7,70.86,76.2975,2,8.2,1,1,3,2,9,4.3,True,False,True,False,False,False,70.99833333333333,9.304573170731707,2.0930232558139537
S3076,Maria,Johnson,student2076@university.com,24,74.7,71.51,88.32,85.7,80.03,35.6,81.79,79.98150000000001,2,18.9,0,0,3,0,10,6.9,False,True,False,False,True,False,73.825,4.231825396825398,1.4492753623188406
S3077,Omar,Smith,student2077@university.com,23,63.82,93.42,69.86,51.33,57.07,15.1,55.14,62.1815,1,24.8,1,1,0,0,4,7.3,True,False,True,False,False,False,56.98666666666667,2.507318548387097,0.547945205479452
S3078,Omar,Jones,student2078@university.com,19,78.44,40.19,71.6,58.94,55.85,34.1,54.54,56.4215,0,23.5,0,1,3,2,2,4.5,False,True,True,False,False,False,52.53666666666667,2.400914893617021,0.4444444444444444
S3079,Liam,Johnson,student2079@university.com,19,72.58,56.93,81.76,73.55,81.93,2.9,74.0,70.55,2,28.4,0,0,2,0,8,7.4,True,False,False,False,False,True,61.845,2.484154929577465,1.081081081081081
S3081,Maria,Davis,student2081@university.com,20,55.6,50.7,65.02,67.1,53.36,89.7,82.5,68.496,1,13.8,1,0,1,0,4,6.4,False,True,False,True,False,False,68.06333333333333,4.9634782608695645,0.625
S3082,Ahmed,Williams,student2082@university.com,24,57.05,94.47,99.69,81.44,55.3,79.5,83.46,85.852,3,14.2,1,0,1,2,8,7.6,False,True,False,False,False,True,82.31,6.045915492957747,1.0526315789473684
S3083,Emma,Williams,student2083@university.com,18,91.05,78.86,48.86,50.6,78.28,2.9,57.88,56.971,0,5.8,0,0,1,2,2,6.2,True,False,False,True,False,False,52.89666666666667,9.82258620689655,0.3225806451612903
S3084,Ali,Johnson,student2084@university.com,20,94.29,68.67,75.56,85.56,60.91,88.10000000000001,72.67,74.3215,2,25.4,1,1,2,0,4,5.2,True,False,False,True,False,False,75.24500000000002,2.9260433070866143,0.7692307692307692
S3085,Ahmed,Williams,student2085@university.com,20,61.73,88.88,93.15,80.15,80.59,45.2,70.04,79.97300000000001,2,22.2,1,0,2,0,1,5.5,True,False,False,False,True,False,76.335,3.602387387387388,0.1818181818181818
S3086,Sara,Williams,student2086@university.com,19,55.67,67.05,81.23,85.77,60.73,19.1,89.15,77.0035,2,18.2,0,1,1,2,8,7.7,False,True,False,False,True,False,67.17166666666668,4.230961538461539,1.0389610389610389
S3087,Ali,Smith,student2087@university.com,19,52.67,73.52,92.86,95.23,55.82,75.19999999999999,56.89,74.9365,2,15.1,0,0,3,1,6,4.4,False,True,True,False,False,False,74.92,4.962682119205298,1.3636363636363635
S3088,Liam,Brown,student2088@university.com,23,80.41,40.17,60.18,57.32,77.28,32.3,76.96,62.09949999999999,1,27.4,1,0,2,1,2,8.2,True,False,False,False,True,False,57.36833333333333,2.266405109489051,0.2439024390243902
S3089,Ahmed,Brown,student2089@university.com,23,85.77,61.94,56.32,63.08,93.11,25.3,95.57,72.08,2,11.6,0,1,2,1,3,6.9,False,True,False,True,False,False,65.88666666666667,6.213793103448276,0.4347826086956521
S3090,Sara,Smith,student2090@university.com,19,68.64,48.33,91.08,99.79,84.26,16.1,94.62,82.605,3,13.4,1,1,3,1,6,7.6,True,False,False,False,False,True,72.36333333333333,6.16455223880597,0.7894736842105263
S3091,Maria,Smith,student2091@university.com,22,83.98,81.38,63.65,57.81,90.94,48.7,92.62,76.106,2,28.8,1,0,0,0,10,5.7,False,True,False,False,True,False,72.51666666666667,2.6425694444444443,1.7543859649122806
S3092,Emma,Williams,student2092@university.com,22,85.65,68.74,82.58,86.03,63.32,9.3,68.75,71.2825,2,6.6,1,1,3,1,9,5.1,False,True,False,False,True,False,63.120000000000005,10.800378787878788,1.7647058823529411
S3093,Sara,Jones,student2093@university.com,18,96.77,58.11,48.86,86.25,94.3,78.60000000000001,97.06,76.347,2,24.5,1,1,1,1,10,8.0,False,True,False,False,True,False,77.19666666666667,3.116204081632653,1.25
S3094,Omar,Davis,student2094@university.com,19,53.24,68.07,85.35,84.15,68.85,47.1,90.27,80.49149999999999,3,23.0,1,0,1,2,7,4.5,False,True,False,False,True,False,73.96499999999999,3.4996304347826084,1.5555555555555556
S3095,John,Davis,student2095@university.com,21,59.61,52.58,72.94,61.37,92.62,44.7,92.56,74.5925,2,27.5,0,1,1,2,9,4.8,False,True,False,True,False,False,69.46166666666666,2.7124545454545457,1.875
S3096,Sara,Williams,student2096@university.com,23,53.43,95.51,56.12,60.76,73.56,0.2,96.62,73.8225,2,7.3,0,0,0,0,10,5.4,True,False,False,True,False,False,63.795,10.112671232876714,1.851851851851852
S3097,Sara,Davis,student2097@university.com,19,93.4,43.24,69.67,83.32,63.39,81.8,96.85,75.8855,2,29.3,0,0,2,2,4,5.8,True,False,True,False,False,False,73.045,2.5899488054607507,0.6896551724137931
S3099,John,Brown,student2099@university.com,19,78.73,70.68,40.71,83.08,78.38,44.0,56.38,60.19350000000001,1,13.4,0,0,1,1,2,8.6,True,False,True,False,False,False,62.205000000000005,4.492052238805971,0.2325581395348837
S3100,Omar,Davis,student2100@university.com,22,54.18,77.14,78.25,74.63,53.95,76.10000000000001,84.54,76.89,2,7.1,0,0,2,0,2,4.1,True,False,True,False,False,False,74.10166666666667,10.829577464788732,0.4878048780487805
S3102,Ahmed,Jones,student2102@university.com,24,64.89,98.0,53.22,65.01,63.57,36.7,66.37,65.8595,1,29.1,1,0,3,1,3,6.1,True,False,False,False,False,True,63.81166666666667,2.263213058419244,0.4918032786885246
S3103,Sara,Williams,student2103@university.com,21,78.04,56.91,85.18,97.38,66.78,57.6,84.22,79.2625,2,23.0,1,1,1,2,8,8.2,False,True,False,False,True,False,74.67833333333334,3.446195652173913,0.9756097560975612
S3104,Liam,Johnson,student2104@university.com,18,62.9,75.33,58.21,75.4,61.67,46.1,53.1,61.564,1,17.6,0,0,2,2,2,8.0,True,False,False,True,False,False,61.63500000000001,3.497954545454545,0.25
S3105,Liam,Williams,student2105@university.com,24,53.65,99.61,56.61,78.06,50.15,18.2,52.36,62.43599999999999,1,7.7,1,1,3,0,4,4.6,True,False,True,False,False,False,59.165,8.108571428571427,0.8695652173913044
S3106,John,Smith,student2106@university.com,21,86.54,92.87,68.27,97.46,84.63,29.9,67.72,75.89099999999999,2,18.2,0,1,1,0,9,7.3,True,False,False,False,False,True,73.47499999999998,4.169835164835164,1.2328767123287672
S3107,John,Brown,student2107@university.com,22,64.95,72.18,80.57,82.69,79.53,30.0,59.69,70.733,2,13.0,1,0,0,0,9,5.9,True,False,False,True,False,False,67.44333333333334,5.441000000000001,1.5254237288135593
S3109,Emma,Davis,student2109@university.com,23,56.38,82.08,48.48,55.32,52.05,32.599999999999994,97.4,68.785,1,20.5,1,1,0,2,3,8.3,True,False,False,False,False,True,61.32166666666666,3.355365853658536,0.36144578313253
S3110,Maria,Smith,student2110@university.com,20,90.13,52.52,63.79,92.33,96.43,20.5,83.08,73.267,2,24.8,1,1,2,2,1,4.9,True,False,True,False,False,False,68.10833333333333,2.954314516129032,0.2040816326530612
S3111,Ahmed,Johnson,student2111@university.com,21,78.28,64.34,44.02,66.77,66.54,82.30000000000001,82.74,66.2625,1,16.1,0,1,1,2,1,6.4,False,True,False,False,False,True,67.78500000000001,4.115683229813665,0.15625
S3112,Emma,Smith,student2112@university.com,19,95.08,60.07,85.51,90.52,95.65,42.1,50.33,70.735,2,17.3,0,1,1,1,8,7.0,False,True,True,False,False,False,70.69666666666667,4.088728323699422,1.1428571428571428
S3113,Ali,Williams,student2113@university.com,18,74.77,60.64,66.86,92.78,55.36,44.400000000000006,75.61,70.167,2,21.3,0,0,0,0,9,6.7,False,True,False,False,True,False,65.94166666666666,3.294225352112676,1.343283582089552
S3114,Ahmed,Smith,student2114@university.com,19,97.07,85.63,82.42,63.57,87.2,54.900000000000006,90.86,81.708,3,8.1,0,0,1,2,9,5.3,False,True,True,False,False,False,77.43,10.087407407407408,1.69811320754717
S3115,Emma,Smith,student2115@university.com,19,94.59,75.06,59.33,70.44,78.97,59.6,82.71,72.3475,2,25.7,1,1,1,1,5,5.4,True,False,True,False,False,False,71.01833333333333,2.815077821011673,0.9259259259259258
S3116,Ahmed,Johnson,student2116@university.com,21,78.82,42.29,90.66,86.3,67.91,59.1,61.39,70.1165,2,25.9,0,0,1,2,2,8.3,True,False,False,False,False,True,67.94166666666666,2.7072007722007725,0.2409638554216867
S3117,Maria,Williams,student2117@university.com,18,96.69,92.65,72.09,54.95,53.96,3.4000000000000004,92.42,73.4545,2,18.5,1,0,3,1,7,4.2,True,False,False,False,False,True,61.578333333333326,3.9705135135135134,1.6666666666666663
S3118,Ali,Jones,student2118@university.com,20,66.15,57.81,96.62,87.78,80.24,81.89999999999999,98.22,87.5785,3,9.7,1,1,0,2,4,5.3,False,True,False,False,True,False,83.76166666666666,9.028711340206186,0.7547169811320755
S3119,Liam,Jones,student2119@university.com,24,68.28,99.82,44.73,55.52,51.32,19.5,63.95,59.7755,0,17.5,0,1,1,0,10,5.1,False,True,False,False,False,True,55.806666666666665,3.4157428571428574,1.9607843137254903
S3120,Liam,Brown,student2120@university.com,19,52.27,97.25,70.86,95.72,75.06,29.2,60.35,73.7315,2,7.6,1,1,3,2,4,5.9,False,True,True,False,False,False,71.40666666666668,9.701513157894738,0.6779661016949152
S3121,Maria,Davis,student2121@university.com,18,79.46,96.43,85.99,63.82,80.21,17.3,66.93,74.5,2,24.1,0,0,1,1,4,7.4,True,False,False,False,False,True,68.44666666666667,3.0912863070539416,0.5405405405405405
S3122,Omar,Smith,student2122@university.com,20,86.1,88.67,76.01,78.78,86.63,76.7,53.16,72.566,2,12.8,0,1,1,2,10,6.7,False,True,False,False,False,True,76.65833333333335,5.66921875,1.4925373134328357
S3123,Ali,Brown,student2123@university.com,24,88.68,53.24,41.39,55.86,99.57,58.4,93.67,67.6905,1,12.8,0,1,1,1,3,6.7,True,False,False,False,False,True,67.02166666666666,5.2883203125,0.4477611940298507
S3124,Sara,Johnson,student2124@university.com,19,57.49,71.96,98.34,63.47,63.0,75.5,96.46,83.9125,3,28.6,0,0,2,1,4,7.7,False,True,False,False,True,False,78.12166666666666,2.934003496503496,0.5194805194805194
S3125,Emma,Jones,student2125@university.com,18,72.21,53.46,57.9,70.2,66.12,65.3,81.67,67.402,1,15.5,0,1,1,2,2,8.1,True,False,False,False,True,False,65.775,4.348516129032258,0.2469135802469136
S3126,Ali,Smith,student2126@university.com,24,58.84,55.58,54.96,74.35,67.06,10.4,88.22,66.9215,1,24.7,1,0,1,1,9,4.8,False,True,False,True,False,False,58.42833333333332,2.7093724696356274,1.875
S3127,Omar,Johnson,student2127@university.com,21,83.11,76.66,69.14,50.0,86.58,30.1,83.43,71.476,2,20.9,0,0,3,1,7,4.5,True,False,False,False,True,False,65.985,3.419904306220096,1.5555555555555556
S3128,Omar,Davis,student2128@university.com,23,57.9,42.45,72.53,94.43,96.59,50.7,68.87,71.51950000000001,2,12.9,0,0,1,0,1,5.5,False,True,False,False,True,False,70.92833333333333,5.544147286821706,0.1818181818181818
S3129,Maria,Johnson,student2129@university.com,23,95.21,98.17,85.98,50.38,98.72,30.5,81.6,79.6545,2,8.1,0,1,1,0,5,8.1,False,True,False,False,True,False,74.22500000000001,9.83388888888889,0.617283950617284
S3130,Ahmed,Smith,student2130@university.com,19,61.53,95.12,63.6,88.68,97.29,20.7,91.82,81.77999999999999,3,24.9,1,1,1,0,2,6.7,True,False,True,False,False,False,76.20166666666667,3.28433734939759,0.2985074626865671
S3131,Ali,Davis,student2131@university.com,19,64.57,62.85,66.4,73.53,93.97,87.0,90.5,77.95400000000001,2,24.1,0,1,1,1,3,4.7,True,False,False,True,False,False,79.04166666666667,3.234605809128631,0.6382978723404255
S3132,Emma,Johnson,student2132@university.com,24,92.55,70.93,72.1,76.19,99.55,74.80000000000001,54.05,70.003,2,9.2,0,1,1,2,3,4.8,False,True,True,False,False,False,74.60333333333334,7.609021739130435,0.625
S3133,Ali,Davis,student2133@university.com,18,72.92,67.97,63.66,60.41,68.8,34.5,73.13,65.716,1,11.2,1,0,1,2,7,8.5,True,False,False,False,True,False,61.41166666666666,5.8675,0.8235294117647058
S3134,John,Smith,student2134@university.com,23,51.2,92.93,94.87,80.37,97.42,76.5,69.87,84.24050000000001,3,24.2,1,0,0,0,3,5.8,False,True,False,False,True,False,85.32666666666667,3.4810123966942155,0.5172413793103449
S3135,Ahmed,Smith,student2135@university.com,19,74.73,81.32,91.08,76.86,88.05,62.8,87.6,84.722,3,29.6,1,0,0,1,7,5.3,True,False,False,True,False,False,81.28500000000001,2.862229729729729,1.3207547169811322
S3136,Emma,Davis,student2136@university.com,20,54.23,56.69,67.3,58.21,58.42,0.4,75.07,62.443,1,26.1,1,0,0,0,8,7.5,False,True,False,True,False,False,52.68166666666667,2.392452107279693,1.0666666666666669
S3137,Liam,Williams,student2137@university.com,19,99.27,66.81,40.01,61.91,52.27,38.0,67.49,56.68449999999999,0,22.1,1,1,3,0,2,8.3,True,False,False,False,False,True,54.415,2.564909502262443,0.2409638554216867
S3138,Emma,Brown,student2138@university.com,23,79.41,65.74,94.06,53.35,60.72,29.0,85.32,74.4965,2,27.9,1,0,1,1,1,6.2,False,True,False,False,True,False,64.69833333333334,2.670125448028674,0.1612903225806451
S3139,Sara,Johnson,student2139@university.com,22,62.83,97.56,47.46,53.31,88.94,21.8,73.68,66.5835,1,12.1,0,1,0,0,6,8.0,False,True,False,False,True,False,63.79166666666666,5.5027685950413225,0.75
S3140,Maria,Johnson,student2140@university.com,23,78.19,50.52,54.67,50.69,81.58,25.2,62.83,57.116,0,5.2,1,1,0,1,9,6.2,False,True,True,False,False,False,54.24833333333333,10.983846153846152,1.4516129032258065
S3141,Sara,Williams,student2141@university.com,20,53.84,45.37,49.14,61.02,61.22,94.2,94.52,67.4315,1,13.0,0,0,2,0,6,7.5,True,False,False,False,False,True,67.57833333333333,5.187038461538462,0.8
S3142,Emma,Williams,student2142@university.com,18,89.99,92.84,50.79,83.98,87.1,48.6,55.65,67.0555,1,29.3,0,0,3,2,8,6.9,False,True,False,False,True,False,69.82666666666667,2.28858361774744,1.1594202898550725
S3143,Ahmed,Williams,student2143@university.com,20,96.27,93.8,88.17,65.81,57.07,84.80000000000001,50.9,71.201,2,27.0,1,1,0,0,5,8.5,True,False,True,False,False,False,73.425,2.6370740740740737,0.5882352941176471
S3144,Ali,Jones,student2144@university.com,22,93.72,92.3,74.77,67.14,91.09,21.4,57.2,69.94749999999999,1,6.3,1,0,0,2,8,5.6,True,False,False,True,False,False,67.31666666666665,11.102777777777776,1.4285714285714286
S3145,Liam,Jones,student2145@university.com,22,67.09,70.66,97.37,56.6,89.71,17.4,58.18,70.7265,2,17.5,1,0,0,0,4,7.9,True,False,True,False,False,False,64.98666666666666,4.041514285714285,0.5063291139240506
S3146,Ali,Davis,student2146@university.com,19,66.29,79.58,53.89,78.77,98.63,88.9,76.9,74.60300000000001,2,7.0,0,1,2,0,6,7.4,False,True,False,False,True,False,79.445,10.65757142857143,0.8108108108108107
S3147,Ahmed,Jones,student2147@university.com,19,51.75,73.8,69.14,67.11,57.51,49.6,81.24,71.02449999999999,2,24.7,0,0,2,2,8,8.2,True,False,True,False,False,False,66.4,2.875485829959514,0.9756097560975612
S3148,Emma,Smith,student2148@university.com,23,82.57,44.17,98.65,83.82,95.33,89.5,72.43,79.598,2,14.3,0,1,3,0,1,7.0,True,False,True,False,False,False,80.64999999999999,5.566293706293706,0.1428571428571428
S3149,Omar,Davis,student2149@university.com,21,76.75,75.75,89.59,87.07,67.06,6.3,60.21,71.9045,2,27.8,0,1,1,1,6,6.3,True,False,False,False,False,True,64.33,2.5864928057553955,0.9523809523809524
S3150,Ali,Johnson,student2150@university.com,20,72.97,40.82,83.72,79.23,70.8,91.6,56.61,67.5805,1,6.4,0,1,1,2,8,4.2,False,True,False,False,False,True,70.46333333333332,10.559453125,1.9047619047619049
S3151,Omar,Brown,student2151@university.com,23,95.38,59.5,51.34,63.8,73.42,41.5,74.61,63.13,1,23.3,1,0,3,1,5,8.2,True,False,False,True,False,False,60.695,2.709442060085837,0.6097560975609757
S3152,Ali,Smith,student2152@university.com,21,58.39,95.94,86.16,75.43,81.35,15.5,78.27,79.6365,2,15.0,1,1,1,1,3,8.5,True,False,False,False,False,True,72.10833333333333,5.3091,0.3529411764705882
S3153,Ali,Johnson,student2153@university.com,23,50.48,58.24,60.85,62.6,99.74,68.3,65.2,66.2875,1,11.7,0,0,1,2,5,6.2,True,False,True,False,False,False,69.155,5.6655982905982905,0.8064516129032258
S3154,Liam,Johnson,student2154@university.com,22,53.67,96.39,71.83,95.15,80.0,79.7,61.02,76.9795,2,17.9,1,0,1,0,3,5.1,True,False,False,False,False,True,80.68166666666666,4.300530726256984,0.5882352941176471
S3155,Maria,Davis,student2155@university.com,19,61.17,55.01,76.55,88.32,96.34,4.699999999999999,54.03,66.715,1,17.1,1,0,2,1,6,7.2,False,True,False,False,True,False,62.491666666666674,3.9014619883040935,0.8333333333333333
S3156,Maria,Williams,student2156@university.com,19,51.66,58.87,76.56,74.65,62.75,98.7,51.31,65.771,1,13.7,0,1,2,0,6,4.6,False,True,True,False,False,False,70.47333333333334,4.80080291970803,1.3043478260869563
S3157,John,Williams,student2157@university.com,23,75.14,77.7,83.59,98.27,69.92,69.7,55.29,74.357,2,21.2,1,1,0,1,5,4.2,True,False,True,False,False,False,75.745,3.5074056603773585,1.1904761904761905
S3158,Sara,Smith,student2158@university.com,19,65.7,85.7,79.7,77.34,75.22,32.1,87.1,79.63799999999999,2,21.5,0,0,2,2,7,5.5,True,False,True,False,False,False,72.86000000000001,3.7040930232558136,1.2727272727272727
S3159,Ahmed,Williams,student2159@university.com,18,59.02,70.08,44.1,66.43,66.15,15.1,67.2,59.03150000000001,0,6.9,0,1,1,2,7,7.4,True,False,False,False,True,False,54.84333333333333,8.555289855072465,0.945945945945946
S3160,Ahmed,Johnson,student2160@university.com,23,87.5,92.93,67.44,54.77,98.84,39.3,51.37,66.275,1,19.9,1,1,1,1,6,8.1,True,False,True,False,False,False,67.44166666666668,3.330402010050252,0.7407407407407408
S3161,Ahmed,Williams,student2161@university.com,22,60.22,42.41,79.84,77.19,86.28,22.1,75.41,70.256,2,22.8,0,1,1,2,6,4.8,False,True,False,False,False,True,63.87166666666667,3.08140350877193,1.25
S3162,John,Jones,student2162@university.com,24,84.38,95.33,57.76,93.02,73.94,49.400000000000006,76.8,75.59649999999999,2,6.9,0,1,0,1,4,8.7,False,True,False,False,True,False,74.37500000000001,10.95601449275362,0.4597701149425288
S3163,Maria,Williams,student2163@university.com,23,67.46,51.78,58.78,93.34,87.57,78.2,71.43,70.559,2,21.5,1,0,1,0,4,6.8,False,True,True,False,False,False,73.51666666666667,3.281813953488372,0.5882352941176471
S3164,Emma,Johnson,student2164@university.com,23,75.59,93.05,47.47,80.23,73.37,66.0,55.53,65.15549999999999,1,25.1,1,1,0,1,3,8.6,False,True,False,False,False,True,69.27499999999999,2.5958366533864536,0.3488372093023256
S3165,Omar,Davis,student2165@university.com,19,96.69,64.05,65.12,69.67,50.86,43.6,87.75,69.929,1,25.8,1,1,2,1,10,4.7,True,False,False,False,False,True,63.50833333333335,2.710426356589147,2.127659574468085
S3167,Omar,Brown,student2167@university.com,23,75.01,80.3,57.12,88.11,81.26,95.7,69.74,73.3745,2,22.4,0,0,0,2,3,6.2,False,True,False,False,False,True,78.705,3.2756473214285715,0.4838709677419354
S3168,Emma,Williams,student2168@university.com,19,92.72,50.56,71.89,70.58,99.06,27.0,69.04,68.1115,1,24.9,1,0,0,2,9,6.1,False,True,False,False,False,True,64.68833333333335,2.7354016064257034,1.475409836065574
S3169,Liam,Johnson,student2169@university.com,20,79.4,95.08,84.59,73.81,52.04,27.8,57.8,70.415,2,14.9,1,1,1,2,9,8.7,True,False,False,True,False,False,65.18666666666668,4.725838926174497,1.0344827586206895
S3170,John,Brown,student2170@university.com,22,63.84,54.73,40.81,84.03,75.6,64.6,87.68,68.1105,1,18.6,1,1,3,1,6,8.2,True,False,False,True,False,False,67.90833333333333,3.661854838709677,0.7317073170731708
S3171,Emma,Brown,student2171@university.com,21,69.88,54.65,94.03,93.83,54.91,77.1,79.98,79.11949999999999,2,11.6,0,0,1,2,7,8.0,True,False,False,False,True,False,75.75,6.8206465517241375,0.875
S3172,Ahmed,Jones,student2172@university.com,18,84.01,88.85,63.19,89.55,57.45,98.4,54.29,69.5095,1,12.8,0,0,3,2,3,5.4,True,False,False,False,False,True,75.28833333333333,5.4304296875,0.5555555555555555
S3173,Sara,Brown,student2173@university.com,21,94.54,46.35,92.15,51.12,80.52,96.9,68.9,71.225,2,17.5,1,0,1,2,3,5.7,True,False,False,False,True,False,72.65666666666665,4.069999999999999,0.5263157894736842
S3174,Ali,Davis,student2174@university.com,24,52.05,53.32,42.34,56.22,61.58,91.4,95.18,66.298,1,8.8,0,0,1,2,1,5.3,False,True,False,False,True,False,66.67333333333333,7.533863636363636,0.1886792452830188
S3175,Omar,Johnson,student2175@university.com,22,53.58,70.22,48.74,92.64,87.46,43.5,72.62,69.321,1,14.3,1,1,3,2,6,8.0,False,True,True,False,False,False,69.19666666666667,4.847622377622377,0.75
S3176,Maria,Johnson,student2176@university.com,23,66.25,89.83,59.35,91.69,75.71,16.7,66.25,70.34649999999999,2,12.5,0,1,3,1,3,6.0,True,False,False,False,True,False,66.58833333333332,5.627719999999999,0.5
S3177,Maria,Williams,student2177@university.com,19,61.64,48.85,60.73,69.44,60.91,58.4,82.19,66.594,1,11.0,0,0,0,1,1,8.9,True,False,False,False,True,False,63.42,6.053999999999999,0.1123595505617977
S3178,John,Williams,student2178@university.com,24,63.25,72.86,90.87,79.21,74.69,1.7000000000000002,60.15,71.12700000000001,2,17.1,0,1,3,2,8,5.8,False,True,False,False,True,False,63.24666666666666,4.159473684210527,1.3793103448275863
S3179,Liam,Williams,student2179@university.com,22,61.06,82.67,40.67,95.29,50.04,19.6,76.19,65.70249999999999,1,26.0,1,0,2,2,8,4.8,True,False,False,False,True,False,60.74333333333334,2.52701923076923,1.6666666666666667
S3180,Maria,Davis,student2180@university.com,18,59.79,91.64,78.47,95.58,93.14,0.3,83.48,82.07350000000001,3,11.1,1,0,0,1,8,8.6,False,True,False,True,False,False,73.76833333333333,7.39400900900901,0.9302325581395348
S3181,Ahmed,Brown,student2181@university.com,22,56.53,96.13,47.88,89.15,50.63,18.1,92.74,73.552,2,21.5,0,1,0,1,8,7.9,False,True,False,False,False,True,65.77166666666668,3.421023255813954,1.0126582278481011
S3182,Omar,Brown,student2182@university.com,24,96.7,87.08,89.39,60.48,50.35,47.5,84.63,77.28049999999999,2,11.4,0,0,1,2,5,6.9,False,True,True,False,False,False,69.905,6.778991228070174,0.7246376811594203
S3183,Emma,Jones,student2183@university.com,19,57.21,79.17,86.71,86.51,80.58,39.3,69.22,77.3185,2,8.6,1,1,0,0,7,8.3,False,True,False,True,False,False,73.58166666666666,8.990523255813955,0.8433734939759036
S3184,Ahmed,Davis,student2184@university.com,21,60.22,66.02,70.0,55.05,98.68,36.9,88.39,73.8905,2,28.6,1,1,0,2,3,8.7,True,False,True,False,False,False,69.17333333333333,2.583583916083916,0.3448275862068966
S3185,John,Williams,student2185@university.com,20,62.31,46.73,52.76,94.7,92.8,83.10000000000001,94.92,76.3155,2,20.8,0,1,2,0,10,8.3,True,False,True,False,False,False,77.50166666666668,3.669014423076923,1.2048192771084336
S3186,Ahmed,Smith,student2186@university.com,21,96.65,82.58,78.07,57.46,62.6,67.5,73.89,72.32549999999999,2,7.6,1,1,0,2,2,8.5,False,True,False,True,False,False,70.35,9.516513157894735,0.2352941176470588
S3187,Emma,Jones,student2187@university.com,19,87.79,99.56,49.38,83.12,59.83,93.6,50.23,65.479,1,20.8,1,1,3,0,6,5.4,True,False,False,False,True,False,72.62,3.148028846153846,1.111111111111111
S3188,Sara,Smith,student2188@university.com,24,89.48,84.21,51.4,80.51,81.31,44.5,94.05,76.129,2,9.4,0,0,1,0,1,6.6,True,False,False,True,False,False,72.66333333333334,8.098829787234044,0.1515151515151515
S3189,John,Brown,student2189@university.com,19,55.24,41.0,77.6,88.84,91.13,27.200000000000003,58.27,66.83,1,27.2,0,1,2,2,2,8.0,True,False,True,False,False,False,64.00666666666666,2.456985294117647,0.25
S3190,Sara,Jones,student2190@university.com,18,91.82,69.78,99.47,77.58,68.1,12.3,56.32,71.2925,2,11.2,1,0,1,1,7,6.6,True,False,True,False,False,False,63.92499999999999,6.365401785714287,1.0606060606060606
S3191,Ali,Jones,student2191@university.com,22,70.41,76.88,93.46,52.98,71.62,67.2,65.38,72.97999999999999,2,25.2,1,1,1,1,9,7.2,False,True,False,False,True,False,71.25333333333332,2.896031746031745,1.25
S3192,Sara,Johnson,student2192@university.com,22,63.14,81.38,75.59,85.29,55.77,84.2,69.0,74.385,2,10.0,0,1,1,1,7,8.6,True,False,False,True,False,False,75.205,7.4385,0.813953488372093
S3193,Ali,Brown,student2193@university.com,21,78.79,83.18,72.31,69.16,57.64,18.4,89.97,74.6035,2,19.0,0,0,2,1,10,5.5,False,True,False,False,False,True,65.11,3.9265,1.818181818181818
S3194,Ali,Brown,student2194@university.com,24,91.11,73.49,99.9,66.01,78.42,87.89999999999999,69.46,78.975,2,27.8,1,1,1,2,8,6.7,False,True,True,False,False,False,79.19666666666666,2.840827338129496,1.1940298507462686
S3195,Sara,Davis,student2195@university.com,20,88.93,53.4,72.84,99.58,55.13,52.6,52.44,65.032,1,12.4,0,1,3,0,8,6.8,True,False,False,True,False,False,64.33166666666666,5.244516129032258,1.1764705882352942
S3196,John,Jones,student2196@university.com,20,94.5,96.53,65.21,79.52,60.1,14.4,81.8,73.97999999999999,2,7.0,0,1,1,1,10,5.8,False,True,False,False,True,False,66.26,10.568571428571428,1.7241379310344829
S3197,Liam,Brown,student2197@university.com,18,96.41,81.8,94.57,85.54,61.73,64.3,83.56,83.1995,3,18.8,0,0,1,2,3,5.8,True,False,False,False,True,False,78.58333333333334,4.425505319148936,0.5172413793103449
S3198,Emma,Jones,student2198@university.com,19,61.91,54.21,54.05,76.32,72.2,52.0,90.71,70.125,2,9.3,1,1,1,2,6,7.8,True,False,False,False,False,True,66.58166666666666,7.540322580645161,0.7692307692307693
S3199,Ahmed,Davis,student2199@university.com,18,71.19,59.34,45.85,88.5,52.28,2.8000000000000003,69.94,59.9885,0,23.2,0,1,1,1,2,8.6,False,True,True,False,False,False,53.11833333333334,2.585711206896552,0.2325581395348837
S3200,Ahmed,Davis,student2200@university.com,22,50.73,95.32,78.05,87.6,74.99,39.900000000000006,54.3,72.7345,2,19.8,1,0,1,1,9,7.2,True,False,False,False,False,True,71.69333333333334,3.673459595959596,1.25
S3201,Emma,Johnson,student2201@university.com,23,93.97,93.25,45.75,82.86,96.43,78.5,77.65,74.717,2,13.7,0,0,0,1,7,6.4,False,True,False,False,False,True,79.07333333333334,5.4537956204379565,1.09375
S3202,Omar,Jones,student2202@university.com,23,57.73,64.31,62.39,99.89,51.22,55.5,56.05,64.9395,1,22.6,0,0,3,1,3,7.8,False,True,False,False,False,True,64.89333333333333,2.8734292035398226,0.3846153846153846
S3203,Omar,Brown,student2203@university.com,23,93.07,42.3,65.41,72.99,81.55,28.2,50.85,58.466,0,11.0,1,1,2,2,6,9.0,True,False,False,False,False,True,56.88333333333333,5.315090909090909,0.6666666666666666
S3204,Ali,Brown,student2204@university.com,19,66.47,42.91,72.85,85.31,91.79,92.9,88.93,77.9485,2,27.9,1,1,1,2,10,4.4,True,False,False,False,True,False,79.115,2.793853046594982,2.2727272727272725
S3205,Ali,Jones,student2205@university.com,18,68.41,57.04,99.5,89.89,65.62,23.8,70.17,75.7175,2,13.7,1,1,2,0,1,7.3,True,False,True,False,False,False,67.67,5.526824817518248,0.136986301369863
S3206,John,Jones,student2206@university.com,24,51.96,77.75,53.26,68.8,56.58,25.3,76.25,65.0955,1,24.1,0,1,1,0,7,6.8,False,True,False,False,False,True,59.656666666666666,2.701058091286307,1.0294117647058825
S3207,Maria,Jones,student2207@university.com,21,66.34,75.05,62.55,72.86,52.17,35.5,83.14,69.758,1,11.5,1,1,0,2,9,7.1,True,False,True,False,False,False,63.545,6.06591304347826,1.267605633802817
S3208,Sara,Williams,student2208@university.com,22,94.42,78.03,47.93,98.46,82.2,89.5,70.05,72.166,2,22.9,0,1,1,0,5,4.1,False,True,False,False,True,False,77.69500000000001,3.151353711790393,1.2195121951219514
S3210,Ahmed,Davis,student2210@university.com,24,70.32,41.14,83.66,66.76,61.46,68.2,62.64,65.44800000000001,1,12.4,1,1,1,1,8,4.4,True,False,False,True,False,False,63.97666666666667,5.2780645161290325,1.818181818181818
S3211,John,Brown,student2211@university.com,20,51.57,46.31,68.92,74.31,91.58,97.6,59.72,67.277,1,7.3,0,1,1,2,8,5.5,True,False,False,True,False,False,73.07333333333334,9.216027397260277,1.4545454545454546
S3212,Sara,Williams,student2212@university.com,18,68.55,61.57,54.75,50.07,86.78,78.3,98.87,72.6875,2,16.3,0,1,2,1,6,5.5,True,False,True,False,False,False,71.72333333333333,4.4593558282208585,1.0909090909090908
S3213,John,Jones,student2213@university.com,22,58.63,49.29,77.25,94.96,63.82,17.3,86.98,74.291,2,15.9,1,1,1,1,3,7.7,False,True,False,True,False,False,64.93333333333334,4.672389937106918,0.3896103896103896
S3214,Sara,Johnson,student2214@university.com,22,62.61,44.52,72.35,64.31,87.67,78.8,72.58,68.893,1,14.0,0,1,2,2,4,7.4,True,False,False,False,False,True,70.03833333333334,4.920928571428571,0.5405405405405405
S3215,Sara,Jones,student2215@university.com,20,93.88,78.46,50.27,62.89,62.25,74.80000000000001,53.17,59.68600000000001,0,29.5,1,1,1,2,1,4.3,False,True,True,False,False,False,63.64000000000001,2.023254237288136,0.2325581395348837
S3216,Emma,Jones,student2216@university.com,20,71.8,88.92,64.34,91.02,83.76,23.3,55.79,69.354,1,11.1,1,0,1,1,6,4.7,True,False,False,False,True,False,67.855,6.2481081081081085,1.276595744680851
S3217,Ali,Williams,student2217@university.com,20,63.69,85.16,66.11,63.9,55.93,32.5,90.64,73.29650000000001,2,24.8,1,1,0,0,7,5.6,True,False,False,False,True,False,65.70666666666666,2.955504032258065,1.25
S3219,John,Jones,student2219@university.com,23,57.11,79.95,90.96,91.08,61.94,23.8,51.57,71.2495,2,13.4,1,1,2,1,9,8.6,False,True,False,True,False,False,66.55,5.317126865671641,1.0465116279069768
S3220,Liam,Brown,student2220@university.com,18,62.97,84.12,84.06,89.62,78.62,20.8,95.52,84.634,3,10.1,1,0,3,0,5,5.6,True,False,True,False,False,False,75.45666666666666,8.37960396039604,0.8928571428571429
S3221,John,Smith,student2221@university.com,20,77.31,56.31,93.33,89.1,58.62,70.3,69.03,75.23,2,20.8,1,0,3,0,2,6.6,True,False,True,False,False,False,72.78166666666665,3.616826923076923,0.303030303030303
S3222,Emma,Davis,student2222@university.com,21,61.88,99.58,84.13,54.43,86.3,88.10000000000001,60.68,75.373,2,13.3,0,0,0,1,7,5.9,True,False,False,False,False,True,78.87,5.667142857142857,1.1864406779661016
S3223,Ahmed,Brown,student2223@university.com,22,83.96,50.99,94.2,53.99,53.04,7.5,55.11,61.509,1,25.3,0,1,3,2,7,6.9,True,False,False,True,False,False,52.47166666666667,2.431185770750988,1.0144927536231882
S3224,Liam,Johnson,student2224@university.com,20,74.57,52.87,43.27,65.34,58.27,44.6,88.59,63.18299999999999,1,29.2,0,0,0,0,5,7.1,True,False,True,False,False,False,58.82333333333335,2.1638013698630134,0.7042253521126761
S3225,Ahmed,Davis,student2225@university.com,22,88.6,57.34,67.36,51.8,59.21,60.7,73.45,64.202,1,10.7,1,0,1,0,2,6.6,False,True,False,False,False,True,61.64333333333334,6.000186915887851,0.303030303030303
S3226,Omar,Johnson,student2226@university.com,19,97.41,98.52,84.81,75.02,52.07,67.6,91.62,83.3065,3,8.2,1,0,3,0,7,5.9,False,True,True,False,False,False,78.27333333333333,10.159329268292684,1.1864406779661016
S3227,Ali,Jones,student2227@university.com,24,55.79,99.3,75.0,69.74,87.25,99.6,61.31,76.204,2,12.9,0,0,3,1,1,8.4,False,True,False,False,True,False,82.03333333333333,5.9072868217054255,0.119047619047619
S3228,Ali,Davis,student2228@university.com,19,66.73,87.69,50.51,77.85,99.05,68.3,83.93,75.95750000000001,2,16.7,1,1,2,0,6,8.0,False,True,True,False,False,False,77.88833333333334,4.548353293413174,0.75
S3229,Maria,Brown,student2229@university.com,20,65.98,77.74,60.43,64.94,88.92,62.0,55.91,65.2745,1,12.5,0,0,0,0,6,9.0,True,False,True,False,False,False,68.32333333333332,5.22196,0.6666666666666666
S3230,Emma,Davis,student2230@university.com,22,57.56,71.2,59.07,74.29,93.03,99.0,54.49,67.191,1,29.3,1,1,2,1,6,6.1,False,True,True,False,False,False,75.18,2.29320819112628,0.9836065573770492
S3231,Ahmed,Jones,student2231@university.com,24,90.52,98.24,55.68,66.74,50.3,6.1,56.67,61.003,1,24.5,0,1,3,0,3,4.2,False,True,False,True,False,False,55.62166666666667,2.489918367346939,0.7142857142857143
S3232,Sara,Williams,student2232@university.com,19,87.99,81.74,60.59,59.76,55.89,7.4,90.45,69.4665,1,29.2,1,0,1,1,3,7.3,False,True,False,True,False,False,59.30499999999999,2.378989726027397,0.4109589041095891
S3233,John,Johnson,student2233@university.com,20,74.22,96.68,70.89,82.47,77.95,56.1,82.78,80.029,3,14.3,1,1,1,0,1,7.9,True,False,False,False,False,True,77.81166666666667,5.596433566433566,0.1265822784810126
S3234,Ali,Jones,student2234@university.com,22,76.89,58.99,91.29,83.67,98.89,35.9,58.3,73.3955,2,12.6,1,0,0,1,4,8.7,False,True,False,True,False,False,71.17333333333333,5.825039682539683,0.4597701149425288
S3235,Liam,Williams,student2235@university.com,20,52.98,60.03,84.52,91.46,83.04,9.7,69.24,73.4145,2,15.2,0,1,0,1,7,4.1,True,False,True,False,False,False,66.33166666666666,4.829901315789474,1.707317073170732
S3236,John,Davis,student2236@university.com,23,77.78,91.28,90.11,93.74,68.71,30.6,88.18,85.13550000000001,3,18.1,0,1,1,2,1,8.4,False,True,True,False,False,False,77.10333333333334,4.703618784530387,0.119047619047619
S3237,John,Davis,student2237@university.com,22,89.57,48.99,93.02,85.22,57.31,67.4,64.28,71.7715,2,23.5,1,1,1,2,10,6.6,True,False,False,True,False,False,69.36999999999999,3.0541063829787234,1.5151515151515151
S3238,Maria,Jones,student2238@university.com,19,78.69,96.76,64.97,84.37,57.64,88.10000000000001,96.06,82.399,3,27.0,1,0,0,1,10,5.9,False,True,False,True,False,False,81.31666666666668,3.051814814814815,1.694915254237288
S3239,Ahmed,Brown,student2239@university.com,20,63.27,70.45,60.76,52.83,68.14,9.4,95.73,69.685,1,16.6,1,1,0,1,2,5.1,True,False,True,False,False,False,59.55166666666667,4.19789156626506,0.3921568627450981
S3240,Ali,Davis,student2240@university.com,19,83.38,95.58,43.46,55.49,85.69,54.0,77.65,68.0895,1,12.2,0,1,1,0,10,8.1,False,True,True,False,False,False,68.645,5.5811065573770495,1.234567901234568
S3241,John,Brown,student2241@university.com,20,68.07,60.21,95.83,90.63,51.59,29.6,81.6,77.70249999999999,2,13.0,0,1,1,0,2,5.8,True,False,False,False,True,False,68.24333333333334,5.977115384615384,0.3448275862068966
S3242,Ali,Brown,student2242@university.com,18,77.24,82.96,43.95,61.65,92.61,66.7,82.66,70.07300000000001,2,22.4,1,0,1,2,5,7.0,True,False,False,False,False,True,71.755,3.1282589285714293,0.7142857142857143
S3243,Sara,Brown,student2243@university.com,19,74.38,68.97,84.47,67.78,97.08,54.900000000000006,62.92,72.959,2,19.2,1,0,3,0,8,6.6,False,True,False,True,False,False,72.68666666666668,3.799947916666667,1.2121212121212122
S3244,Maria,Smith,student2244@university.com,19,69.06,77.61,62.69,57.26,94.44,92.7,68.27,70.463,2,17.2,0,0,0,1,5,5.3,True,False,False,False,False,True,75.49499999999999,4.096686046511628,0.9433962264150944
S3245,Sara,Williams,student2245@university.com,21,85.94,70.26,96.93,59.76,95.65,3.8,56.8,70.53049999999999,2,10.1,0,1,0,1,1,7.9,True,False,True,False,False,False,63.866666666666674,6.983217821782177,0.1265822784810126
S3246,Ali,Williams,student2246@university.com,24,94.19,98.03,65.18,88.77,50.77,47.0,96.24,80.61399999999999,3,26.9,1,0,1,1,1,5.5,False,True,False,False,False,True,74.33166666666666,2.996802973977695,0.1818181818181818
S3247,Omar,Davis,student2247@university.com,23,50.26,81.53,89.0,63.09,98.89,19.3,86.19,80.654,3,24.5,1,1,2,0,5,7.9,False,True,False,True,False,False,73.0,3.292,0.6329113924050632
S3248,Liam,Davis,student2248@university.com,19,96.68,55.08,56.96,72.45,68.32,53.7,52.32,58.5825,0,8.5,1,1,1,0,2,6.0,True,False,False,True,False,False,59.805,6.892058823529412,0.3333333333333333
S3249,Ali,Brown,student2249@university.com,22,75.58,94.58,57.95,57.58,93.46,85.39999999999999,77.47,74.1685,2,14.2,0,1,0,1,3,4.2,False,True,False,False,False,True,77.74,5.223133802816902,0.7142857142857143
S3250,Ahmed,Smith,student2250@university.com,24,85.04,57.64,75.73,83.9,59.34,91.1,67.15,70.7975,2,18.6,1,0,3,0,2,7.8,False,True,False,True,False,False,72.47666666666667,3.806317204301075,0.2564102564102564
S3251,John,Brown,student2251@university.com,20,92.78,62.3,99.88,86.41,72.33,39.8,90.76,83.7275,3,16.4,1,1,1,1,9,8.5,False,True,False,False,True,False,75.24666666666667,5.10533536585366,1.0588235294117647
S3252,John,Smith,student2252@university.com,18,73.36,46.13,71.05,68.08,52.21,81.19999999999999,67.19,64.332,1,14.9,0,0,2,1,5,4.6,True,False,True,False,False,False,64.30999999999999,4.317583892617449,1.0869565217391306
S3253,Sara,Brown,student2253@university.com,22,91.75,94.0,96.18,89.24,52.0,28.1,82.21,82.799,3,23.0,1,0,3,1,1,6.9,True,False,True,False,False,False,73.62166666666667,3.5999565217391307,0.144927536231884
S3254,Liam,Johnson,student2254@university.com,24,58.88,57.17,87.17,62.0,97.16,0.6,58.29,66.901,1,6.4,1,1,1,1,3,4.4,True,False,False,True,False,False,60.39833333333334,10.453281249999998,0.6818181818181818
S3255,Maria,Johnson,student2255@university.com,22,57.96,55.54,87.75,84.6,90.53,85.5,77.94,79.6685,2,16.8,1,1,2,2,8,8.1,True,False,True,False,False,False,80.30999999999999,4.7421726190476186,0.9876543209876544
S3256,Omar,Jones,student2256@university.com,22,82.87,95.22,66.16,86.5,76.49,11.9,64.69,71.449,2,11.6,0,1,1,0,4,8.9,True,False,False,False,True,False,66.82666666666667,6.159396551724138,0.449438202247191
S3257,Emma,Brown,student2257@university.com,22,93.51,88.33,63.19,98.43,76.27,1.7999999999999998,58.24,69.0005,1,7.1,1,1,3,1,8,6.5,True,False,False,True,False,False,64.37666666666667,9.71838028169014,1.2307692307692308
S3258,Liam,Davis,student2258@university.com,24,94.62,48.46,51.52,61.62,87.44,35.4,80.96,64.19399999999999,1,16.6,0,1,3,1,1,5.6,True,False,False,False,True,False,60.9,3.8671084337349386,0.1785714285714285
S3259,John,Williams,student2259@university.com,18,82.19,86.16,97.84,54.69,67.08,37.9,81.93,78.7695,2,9.3,1,0,1,1,8,8.2,False,True,False,False,True,False,70.93333333333332,8.469838709677418,0.9756097560975612
S3260,Ahmed,Jones,student2260@university.com,21,76.27,94.78,97.56,63.15,88.09,7.7,99.17,87.02449999999999,3,11.5,1,0,1,0,10,6.6,True,False,True,False,False,False,75.075,7.567347826086956,1.5151515151515151
S3261,Liam,Davis,student2261@university.com,23,66.57,44.71,84.82,56.14,74.25,81.4,83.46,72.8655,2,17.7,1,0,0,0,9,6.2,True,False,True,False,False,False,70.79666666666667,4.116694915254238,1.4516129032258065
S3262,Sara,Johnson,student2262@university.com,19,99.0,89.51,57.78,58.48,81.9,40.6,75.79,69.60050000000001,1,29.3,0,1,0,2,7,5.1,False,True,False,False,False,True,67.34333333333335,2.375443686006826,1.3725490196078431
S3263,Sara,Brown,student2263@university.com,24,65.98,72.85,54.71,66.71,98.24,49.0,95.63,75.57449999999999,2,22.1,0,1,3,2,3,7.1,False,True,False,False,True,False,72.85666666666667,3.419660633484162,0.4225352112676057
S3264,Emma,Jones,student2264@university.com,22,87.21,80.15,99.32,70.7,73.57,26.5,91.41,83.5625,3,12.0,0,1,2,1,2,7.0,False,True,True,False,False,False,73.60833333333333,6.963541666666667,0.2857142857142857
S3265,Ahmed,Brown,student2265@university.com,19,76.6,69.57,43.99,95.19,70.92,51.2,77.44,68.5955,1,14.6,1,0,1,2,1,5.3,True,False,False,False,True,False,68.05166666666666,4.69832191780822,0.1886792452830188
S3266,Maria,Johnson,student2266@university.com,24,80.43,81.87,90.61,59.78,95.29,76.7,75.57,79.935,2,15.2,1,1,2,0,10,5.1,False,True,False,False,False,True,79.97,5.258881578947369,1.9607843137254903
S3267,Liam,Jones,student2267@university.com,19,69.67,42.05,61.33,98.59,95.13,90.6,97.1,79.60149999999999,2,8.8,1,0,1,1,10,6.2,True,False,False,False,True,False,80.80000000000001,9.045624999999998,1.6129032258064515
S3268,Ahmed,Johnson,student2268@university.com,22,98.24,85.76,65.13,90.51,99.62,97.1,80.86,81.798,3,9.0,0,0,2,0,7,6.3,True,False,False,True,False,False,86.49666666666667,9.088666666666668,1.1111111111111112
S3269,Maria,Smith,student2269@university.com,21,78.58,42.0,89.92,94.07,77.54,42.7,85.69,78.4865,2,8.7,1,1,1,2,1,4.6,True,False,False,False,False,True,71.98666666666666,9.021436781609196,0.2173913043478261
S3270,Ahmed,Johnson,student2270@university.com,24,96.89,67.32,45.44,96.47,67.21,99.0,54.33,63.898500000000006,1,18.0,0,0,3,1,6,5.4,False,True,False,False,False,True,71.62833333333333,3.549916666666667,1.111111111111111
S3271,Ahmed,Brown,student2271@university.com,19,50.38,49.06,61.25,87.66,62.02,29.5,85.92,69.2735,1,21.9,0,1,1,1,1,4.8,False,True,False,False,True,False,62.568333333333335,3.163173515981735,0.2083333333333333
S3272,Ali,Williams,student2272@university.com,20,78.63,89.41,97.12,89.44,51.7,0.7000000000000001,63.23,75.2815,2,19.8,0,1,0,1,10,8.5,True,False,False,False,True,False,65.26666666666667,3.802095959595959,1.1764705882352942
S3273,Sara,Johnson,student2273@university.com,19,85.86,58.82,81.94,71.89,86.34,76.8,55.78,69.2995,1,29.4,0,0,2,0,4,4.4,True,False,True,False,False,False,71.92833333333334,2.357125850340136,0.9090909090909092
S3274,Liam,Davis,student2274@university.com,23,87.25,67.25,85.3,75.52,61.67,17.8,92.48,77.5415,2,8.1,1,1,0,0,5,8.4,True,False,False,True,False,False,66.67,9.573024691358023,0.5952380952380952
S3275,Ahmed,Williams,student2275@university.com,22,95.25,65.73,85.45,96.62,80.33,5.2,84.56,79.376,2,29.7,1,1,2,2,1,6.6,False,True,False,False,False,True,69.64833333333333,2.6725925925925926,0.1515151515151515
S3276,Liam,Smith,student2276@university.com,18,50.22,86.35,43.63,68.91,95.83,92.4,70.38,69.5135,1,16.7,1,1,3,0,8,7.3,True,False,False,False,False,True,76.25,4.16248502994012,1.095890410958904
S3277,Emma,Jones,student2277@university.com,19,50.02,68.87,52.19,52.1,97.51,79.2,71.57,66.375,1,10.5,0,1,3,2,7,8.6,False,True,False,False,False,True,70.24,6.321428571428571,0.813953488372093
S3278,Ahmed,Jones,student2278@university.com,21,73.61,87.34,69.48,88.14,50.22,10.3,59.86,67.18700000000001,1,28.6,0,1,2,1,1,5.8,True,False,True,False,False,False,60.88999999999999,2.3491958041958045,0.1724137931034483
S3279,John,Williams,student2279@university.com,20,51.46,44.41,62.09,78.66,65.85,77.69999999999999,50.48,59.597,0,16.7,1,1,2,0,5,7.5,False,True,False,True,False,False,63.19833333333333,3.568682634730539,0.6666666666666666
S3280,Sara,Jones,student2280@university.com,20,98.73,51.5,64.65,90.74,91.87,84.39999999999999,67.47,71.1465,2,13.7,1,1,2,0,4,7.4,True,False,False,False,False,True,75.105,5.1931751824817525,0.5405405405405405
S3281,John,Johnson,student2281@university.com,18,61.1,73.09,86.89,53.78,76.82,90.5,57.42,70.186,2,10.3,1,0,3,0,1,8.9,False,True,False,False,False,True,73.08333333333334,6.814174757281553,0.1123595505617977
S3282,Liam,Williams,student2282@university.com,23,73.63,96.83,40.88,81.06,90.38,54.400000000000006,71.09,69.9885,1,11.7,0,1,1,0,4,4.2,False,True,True,False,False,False,72.44,5.981923076923078,0.9523809523809524
S3283,Liam,Brown,student2283@university.com,18,53.06,44.49,79.63,62.39,92.67,70.3,91.69,76.2285,2,29.5,1,1,1,0,4,6.3,False,True,False,False,True,False,73.52833333333334,2.5840169491525424,0.6349206349206349
S3284,Sara,Johnson,student2284@university.com,23,76.1,42.59,40.01,95.16,72.13,76.2,55.74,58.41,0,12.6,0,0,2,1,6,8.9,False,True,False,False,False,True,63.63833333333333,4.635714285714285,0.6741573033707865
S3285,Liam,Johnson,student2285@university.com,19,69.0,49.39,43.78,55.5,67.95,68.89999999999999,54.59,53.2955,0,29.4,1,0,1,1,4,5.6,False,True,False,True,False,False,56.685,1.8127721088435371,0.7142857142857143
S3286,John,Johnson,student2286@university.com,22,52.23,78.47,64.5,92.15,72.77,64.7,95.11,80.76299999999999,3,13.3,0,1,1,1,5,8.8,False,True,False,True,False,False,77.95,6.072406015037593,0.5681818181818181
S3287,Ahmed,Brown,student2287@university.com,21,66.76,63.94,90.46,54.43,82.64,54.8,87.26,77.5525,2,10.8,1,1,3,1,10,8.1,True,False,False,True,False,False,72.255,7.180787037037036,1.234567901234568
S3288,Ahmed,Smith,student2288@university.com,20,69.57,89.53,48.7,51.25,68.36,47.9,52.65,58.318,0,9.6,1,1,3,2,3,5.7,True,False,False,True,False,False,59.73166666666666,6.074791666666667,0.5263157894736842
S3289,Ali,Davis,student2289@university.com,18,99.5,44.32,73.28,61.75,88.75,99.6,53.98,64.2795,1,15.3,1,0,3,2,7,4.1,True,False,True,False,False,False,70.28000000000002,4.2012745098039215,1.707317073170732
S3290,Emma,Jones,student2290@university.com,21,60.39,51.78,80.71,66.65,95.2,33.8,84.25,74.42699999999999,2,10.9,0,1,0,2,3,5.4,True,False,False,False,False,True,68.73166666666667,6.828165137614678,0.5555555555555555
S3291,Liam,Williams,student2291@university.com,23,77.24,58.0,53.77,81.33,64.12,8.8,68.52,61.74999999999999,1,22.4,1,1,0,2,5,4.6,False,True,True,False,False,False,55.75666666666667,2.7566964285714284,1.0869565217391306
S3292,John,Smith,student2292@university.com,22,99.37,77.6,70.74,56.59,98.25,76.5,86.21,77.3265,2,11.0,0,0,3,2,2,6.1,True,False,False,True,False,False,77.64833333333333,7.0296818181818175,0.3278688524590164
S3293,Liam,Williams,student2293@university.com,20,89.6,81.11,94.68,71.87,81.14,21.4,70.22,76.867,2,25.9,1,0,1,1,10,8.7,False,True,False,True,False,False,70.07,2.967837837837838,1.149425287356322
S3294,Liam,Jones,student2294@university.com,20,99.67,47.45,70.73,60.21,93.91,53.3,98.39,75.4045,2,25.9,0,0,0,2,10,6.6,False,True,False,True,False,False,70.665,2.9113706563706563,1.5151515151515151
S3295,Maria,Brown,student2295@university.com,23,98.41,96.63,49.44,92.77,55.2,9.6,84.72,72.18599999999999,2,12.1,1,1,1,1,8,6.2,False,True,True,False,False,False,64.72666666666667,5.965785123966942,1.2903225806451613
S3296,Ali,Johnson,student2296@university.com,22,74.48,60.46,77.67,52.25,62.57,61.900000000000006,52.33,61.37499999999999,1,23.8,1,1,2,1,4,5.1,True,False,False,True,False,False,61.196666666666665,2.5787815126050417,0.7843137254901962
S3297,John,Johnson,student2297@university.com,20,84.82,82.79,75.53,67.8,66.05,94.4,66.53,72.75500000000001,2,26.4,1,1,0,0,1,7.1,False,True,False,False,False,True,75.51666666666667,2.755871212121213,0.1408450704225352
S3298,John,Brown,student2298@university.com,22,55.52,71.45,41.62,81.57,65.14,72.30000000000001,78.18,66.941,1,19.8,1,0,0,2,2,6.3,True,False,False,True,False,False,68.37666666666667,3.380858585858586,0.3174603174603174
S3299,Liam,Smith,student2299@university.com,20,72.06,53.37,45.44,95.65,58.59,21.5,57.09,57.774,0,14.2,1,1,1,2,7,7.9,True,False,False,False,False,True,55.27333333333333,4.068591549295775,0.8860759493670886
S3300,Ali,Smith,student2300@university.com,19,90.45,90.77,49.41,93.4,93.41,97.1,50.13,69.213,1,16.0,1,1,1,1,7,6.6,True,False,False,False,False,True,79.03666666666668,4.3258125,1.0606060606060606
S3301,Ahmed,Williams,student2301@university.com,23,75.27,89.09,48.18,94.76,70.93,30.7,53.97,64.4415,1,24.7,1,1,1,1,2,8.4,True,False,False,True,False,False,64.605,2.6089676113360327,0.238095238095238
S3302,John,Brown,student2302@university.com,22,85.13,63.76,55.57,53.14,98.16,43.7,76.21,66.2915,1,12.3,0,0,1,0,8,7.9,True,False,True,False,False,False,65.08999999999999,5.389552845528455,1.0126582278481011
S3303,Ahmed,Smith,student2303@university.com,21,87.29,75.32,67.25,92.05,79.17,49.8,81.61,76.808,2,13.4,0,1,1,0,1,4.7,False,True,False,False,True,False,74.2,5.731940298507463,0.2127659574468085
S3304,Ali,Brown,student2304@university.com,19,62.67,55.47,62.3,89.0,56.92,99.1,54.65,64.2875,1,9.0,0,0,1,1,4,4.7,False,True,False,False,True,False,69.57333333333332,7.143055555555555,0.851063829787234
S3305,Ahmed,Jones,student2305@university.com,24,93.78,81.39,93.44,95.12,77.3,6.9,83.26,82.8895,3,15.0,1,0,0,1,8,4.1,True,False,False,False,False,True,72.90166666666666,5.525966666666666,1.951219512195122
S3306,Sara,Johnson,student2306@university.com,21,72.99,58.54,76.73,65.58,99.68,69.7,80.86,75.5115,2,7.2,0,0,1,1,5,5.8,False,True,True,False,False,False,75.18166666666667,10.487708333333332,0.8620689655172414
S3307,Maria,Johnson,student2307@university.com,23,60.51,90.64,92.57,95.59,78.26,36.2,96.99,89.81,3,13.0,0,0,1,0,8,4.3,True,False,False,False,True,False,81.70833333333333,6.908461538461538,1.8604651162790695
S3308,Omar,Johnson,student2308@university.com,20,93.27,53.04,71.62,70.13,50.09,7.800000000000001,92.03,69.3885,1,14.3,0,0,3,2,8,6.2,False,True,False,True,False,False,57.45166666666668,4.852342657342657,1.2903225806451613
S3309,John,Brown,student2309@university.com,24,70.89,40.89,45.39,81.7,96.65,93.5,97.16,73.22399999999999,2,11.4,0,0,0,0,9,5.2,False,True,False,True,False,False,75.88166666666666,6.423157894736841,1.7307692307692306
S3310,Emma,Brown,student2310@university.com,21,87.52,56.11,67.8,71.21,61.74,59.0,98.31,74.66499999999999,2,7.5,1,1,0,0,1,6.5,False,True,False,False,False,True,69.02833333333334,9.955333333333332,0.1538461538461538
S3311,Maria,Williams,student2311@university.com,19,77.4,51.46,89.32,71.38,84.43,75.4,72.04,74.581,2,18.0,0,0,0,0,1,4.8,False,True,True,False,False,False,74.00500000000001,4.1433888888888895,0.2083333333333333
S3312,Omar,Johnson,student2312@university.com,24,69.09,70.5,51.65,77.33,75.75,24.0,74.4,66.182,1,26.6,0,0,2,1,9,6.7,False,True,True,False,False,False,62.27166666666667,2.488045112781955,1.343283582089552
S3313,Ahmed,Williams,student2313@university.com,24,90.49,52.22,45.47,67.8,66.27,76.2,64.08,59.03150000000001,0,13.4,1,1,1,0,7,8.8,False,True,False,False,True,False,62.00666666666666,4.405335820895523,0.7954545454545454
S3314,John,Johnson,student2314@university.com,22,79.22,85.79,59.77,89.64,64.13,82.8,75.42,74.436,2,10.9,0,0,1,2,9,7.2,False,True,False,False,True,False,76.25833333333334,6.828990825688074,1.25
S3315,Ahmed,Williams,student2315@university.com,18,69.53,54.48,63.33,81.68,96.44,43.1,57.54,65.3175,1,12.1,1,1,1,0,2,6.8,False,True,False,True,False,False,66.09500000000001,5.398140495867769,0.2941176470588235
S3316,Sara,Williams,student2316@university.com,21,55.48,82.42,58.38,84.49,95.6,57.2,83.57,77.1225,2,26.5,0,0,1,2,8,7.9,False,True,False,False,False,True,76.94333333333333,2.9102830188679247,1.0126582278481011
S3317,Ali,Jones,student2317@university.com,18,94.77,74.71,48.11,61.55,75.66,97.2,51.25,60.2675,1,18.2,1,1,1,2,1,4.0,False,True,True,False,False,False,68.08,3.311401098901099,0.25
S3318,John,Williams,student2318@university.com,23,51.77,99.17,55.05,98.48,62.92,84.7,61.78,72.471,2,8.3,1,1,1,1,4,5.4,False,True,False,False,True,False,77.01666666666667,8.73144578313253,0.7407407407407407
S3319,Omar,Brown,student2319@university.com,21,93.16,99.99,80.94,83.01,55.12,44.5,60.4,73.542,2,22.7,0,0,2,1,8,8.9,False,True,False,False,True,False,70.66,3.2397356828193837,0.898876404494382
S3320,Omar,Williams,student2320@university.com,21,68.0,92.17,63.16,59.86,57.83,66.5,96.89,76.7695,2,8.9,1,1,1,1,4,7.9,False,True,False,False,False,True,72.735,8.625786516853932,0.5063291139240506
S3322,Sara,Williams,student2322@university.com,20,96.11,63.19,72.18,58.69,65.39,2.4,94.54,71.348,2,11.4,1,1,0,1,7,5.6,False,True,False,True,False,False,59.39833333333333,6.25859649122807,1.25
S3323,Liam,Smith,student2323@university.com,19,57.59,85.2,72.94,53.17,52.1,58.8,56.22,64.00649999999999,1,9.2,0,0,3,2,5,6.2,False,True,False,False,False,True,63.07166666666668,6.957228260869565,0.8064516129032258
S3324,John,Davis,student2324@university.com,19,78.35,97.4,54.91,76.38,72.76,98.5,82.53,76.75450000000001,2,20.1,1,0,1,1,1,8.7,False,True,False,True,False,False,80.41333333333334,3.81863184079602,0.1149425287356322
S3325,Ahmed,Johnson,student2325@university.com,19,88.22,41.4,71.29,77.68,87.31,94.7,65.99,68.94749999999999,1,17.1,0,1,2,1,4,6.9,False,True,False,True,False,False,73.06166666666667,4.032017543859649,0.5797101449275363
S3326,Emma,Smith,student2326@university.com,23,87.88,72.27,41.42,59.45,94.58,83.2,65.8,63.47099999999999,1,23.1,0,0,3,2,4,4.4,False,True,False,False,False,True,69.45333333333333,2.7476623376623373,0.9090909090909092
S3327,Omar,Johnson,student2327@university.com,24,76.28,53.08,65.9,67.42,79.26,10.6,99.91,72.979,2,17.8,1,1,2,1,1,6.5,False,True,False,False,False,True,62.695000000000014,4.099943820224719,0.1538461538461538
S3328,Omar,Brown,student2328@university.com,20,81.24,73.47,74.36,97.29,86.16,99.4,61.3,76.17999999999999,2,15.5,1,0,0,0,10,5.4,True,False,False,False,False,True,81.99666666666666,4.914838709677419,1.851851851851852
S3329,Sara,Davis,student2329@university.com,18,87.88,67.99,50.92,64.25,68.2,61.0,60.13,60.475,1,18.2,0,1,1,0,5,5.7,True,False,False,False,False,True,62.08166666666667,3.322802197802198,0.8771929824561403
S3330,Maria,Davis,student2330@university.com,19,92.05,74.55,55.39,57.78,74.81,22.3,79.47,66.134,1,15.9,0,1,0,0,2,4.6,True,False,False,False,False,True,60.71666666666666,4.15937106918239,0.4347826086956522
S3332,Emma,Davis,student2332@university.com,20,67.7,97.61,44.23,65.12,86.38,85.7,99.13,78.12899999999999,2,22.0,0,1,1,2,9,7.3,False,True,False,False,True,False,79.69500000000001,3.5513181818181816,1.2328767123287672
S3333,Ahmed,Brown,student2333@university.com,23,99.84,73.13,60.87,84.01,71.23,11.2,85.07,71.9925,2,29.1,0,1,0,1,2,7.8,False,True,True,False,False,False,64.25166666666667,2.4739690721649485,0.2564102564102564
S3334,Ahmed,Smith,student2334@university.com,20,71.73,90.77,98.74,61.58,77.18,91.6,78.09,83.2625,3,15.6,1,1,2,0,10,7.5,True,False,True,False,False,False,82.99333333333334,5.337339743589744,1.3333333333333333
S3335,Maria,Jones,student2335@university.com,22,51.22,59.19,61.23,77.51,96.19,92.0,70.46,71.1695,2,15.6,0,1,1,2,10,7.3,False,True,False,True,False,False,76.09666666666666,4.562147435897436,1.36986301369863
S3337,Sara,Brown,student2337@university.com,19,56.39,68.22,79.19,98.08,82.13,90.0,80.04,81.4675,3,27.3,1,0,3,1,2,5.7,True,False,False,False,True,False,82.94333333333334,2.984157509157509,0.3508771929824561
S3338,Liam,Johnson,student2338@university.com,23,56.07,56.72,78.91,71.64,89.23,94.7,60.89,70.9065,2,28.2,0,0,0,0,5,5.1,True,False,False,False,False,True,75.34833333333333,2.514414893617021,0.9803921568627452
S3339,Ahmed,Smith,student2339@university.com,22,64.08,62.79,96.99,79.21,55.76,3.8,83.56,76.3815,2,25.3,1,1,1,0,7,4.4,False,True,False,True,False,False,63.685,3.01903162055336,1.5909090909090908
S3340,Emma,Jones,student2340@university.com,19,52.67,75.91,91.45,97.24,76.14,29.4,60.22,75.985,2,7.7,1,1,1,2,5,4.8,False,True,True,False,False,False,71.72666666666667,9.868181818181816,1.0416666666666667
S3341,John,Smith,student2341@university.com,20,84.43,74.81,87.64,99.46,97.97,37.3,74.5,82.0625,3,27.5,1,1,1,2,5,4.7,False,True,False,False,False,True,78.61333333333333,2.984090909090909,1.0638297872340423
S3343,Ali,Johnson,student2343@university.com,21,60.16,61.11,53.85,91.72,64.75,75.9,65.64,66.349,1,16.1,1,1,3,1,3,4.9,True,False,False,False,False,True,68.82833333333333,4.121055900621118,0.6122448979591836
S3344,Ali,Jones,student2344@university.com,21,54.64,58.95,77.02,69.11,80.06,35.8,80.69,72.467,2,17.5,1,1,1,2,6,4.5,False,True,True,False,False,False,66.93833333333333,4.1409714285714285,1.3333333333333333
S3345,Liam,Davis,student2345@university.com,20,53.16,76.7,93.23,79.74,61.06,95.7,53.22,73.6305,2,25.9,0,1,2,2,6,6.0,False,True,False,False,False,True,76.60833333333333,2.842876447876448,1.0
S3346,Omar,Jones,student2346@university.com,20,63.39,47.97,77.45,68.75,77.8,99.5,50.6,64.8055,1,23.8,1,0,3,1,1,4.8,True,False,False,True,False,False,70.34500000000001,2.7229201680672266,0.2083333333333333
S3347,Sara,Davis,student2347@university.com,18,78.59,55.18,98.65,70.06,57.78,31.7,56.53,67.7705,1,24.9,0,0,1,1,1,4.7,False,True,False,True,False,False,61.65,2.721706827309237,0.2127659574468085
S3348,Maria,Smith,student2348@university.com,24,98.23,42.53,46.02,57.94,78.99,50.9,58.44,54.5515,0,26.7,0,0,2,2,10,5.8,False,True,True,False,False,False,55.803333333333335,2.04312734082397,1.7241379310344829
S3349,Liam,Brown,student2349@university.com,18,93.78,44.36,66.36,78.64,80.12,55.8,59.89,63.809,1,16.9,0,1,1,2,9,8.6,True,False,False,False,True,False,64.19500000000001,3.775680473372781,1.0465116279069768
S3350,Liam,Johnson,student2350@university.com,24,93.8,54.6,98.64,77.34,70.92,57.9,88.7,81.048,3,24.5,1,1,0,0,2,4.2,True,False,False,False,True,False,74.68333333333332,3.308081632653061,0.4761904761904761
S3351,Ahmed,Williams,student2351@university.com,22,58.8,41.17,62.77,59.47,69.14,37.400000000000006,72.34,61.2745,1,6.7,1,0,2,2,2,5.0,False,True,False,False,False,True,57.04833333333335,9.14544776119403,0.4
S3352,John,Williams,student2352@university.com,21,63.25,54.72,84.37,77.09,62.27,16.599999999999998,73.5,69.97099999999999,1,16.1,1,1,1,2,9,8.1,True,False,False,True,False,False,61.425,4.346024844720496,1.1111111111111112
S3354,Emma,Johnson,student2354@university.com,20,88.92,43.67,81.69,85.72,74.92,10.6,86.46,73.791,2,27.9,1,0,1,0,6,6.2,False,True,True,False,False,False,63.84333333333333,2.6448387096774195,0.9677419354838708
S3355,John,Johnson,student2355@university.com,20,53.49,66.2,96.08,74.05,62.38,90.1,50.18,70.8545,2,29.0,0,0,3,1,3,4.5,True,False,True,False,False,False,73.16499999999999,2.4432586206896554,0.6666666666666666
S3357,Omar,Johnson,student2357@university.com,23,62.39,87.48,41.28,78.77,85.45,7.7,99.42,74.0135,2,18.3,0,0,3,1,2,7.7,False,True,True,False,False,False,66.68333333333332,4.044453551912568,0.2597402597402597
S3358,Sara,Brown,student2358@university.com,23,62.17,58.33,41.67,56.75,63.47,62.400000000000006,56.09,53.9735,0,13.1,1,0,1,2,5,4.6,False,True,False,False,True,False,56.45166666666668,4.120114503816794,1.0869565217391306
S3359,Ali,Smith,student2359@university.com,23,99.54,95.49,93.52,77.38,54.87,7.5,82.55,79.9375,2,13.6,0,1,2,2,4,8.7,False,True,False,False,True,False,68.55166666666666,5.877757352941177,0.4597701149425288
S3360,Liam,Brown,student2360@university.com,21,87.84,59.78,83.35,59.05,50.01,7.0,50.12,59.04899999999999,0,16.3,1,0,0,1,8,7.0,True,False,False,False,False,True,51.55166666666667,3.622638036809816,1.1428571428571428
S3361,Sara,Johnson,student2361@university.com,18,91.85,44.35,46.4,88.38,79.84,62.2,52.45,58.3385,0,8.1,1,0,1,0,2,8.0,False,True,True,False,False,False,62.27,7.202283950617285,0.25
S3362,Omar,Smith,student2362@university.com,23,78.6,99.64,43.28,98.36,60.57,59.1,64.25,68.80699999999999,1,9.5,1,1,1,2,1,7.8,False,True,False,False,False,True,70.86666666666667,7.242842105263157,0.1282051282051282
S3363,Maria,Johnson,student2363@university.com,19,93.55,92.2,88.29,68.04,50.63,4.1,92.32,79.0725,2,19.4,1,1,2,0,2,6.6,False,True,True,False,False,False,65.93,4.075902061855671,0.303030303030303
S3365,Omar,Johnson,student2365@university.com,23,97.31,79.98,47.23,71.07,98.1,43.6,72.29,68.142,1,20.0,1,0,2,2,8,5.2,True,False,False,False,True,False,68.71166666666667,3.4071,1.5384615384615383
S3366,Emma,Brown,student2366@university.com,19,64.07,80.27,58.09,64.26,84.5,54.7,71.93,68.96600000000001,1,13.0,0,1,1,1,1,4.1,True,False,False,True,False,False,68.95833333333333,5.305076923076924,0.2439024390243902
S3367,Ahmed,Brown,student2367@university.com,23,79.77,51.67,86.8,89.71,92.89,73.8,73.3,77.87599999999999,2,25.8,0,0,1,0,1,5.7,True,False,True,False,False,False,78.02833333333334,3.0184496124031,0.175438596491228
S3368,Ahmed,Johnson,student2368@university.com,18,84.51,52.0,71.52,80.89,57.24,28.3,65.55,64.61749999999999,1,20.0,0,1,0,1,10,4.8,False,True,True,False,False,False,59.25,3.230875,2.083333333333333
S3369,Emma,Smith,student2369@university.com,18,69.65,68.17,97.4,53.2,53.66,43.3,93.89,78.2535,2,22.7,1,1,2,2,1,8.9,True,False,True,False,False,False,68.27,3.447290748898679,0.1123595505617977
S3370,Maria,Williams,student2370@university.com,23,93.99,94.69,68.86,91.94,50.58,79.3,78.39,77.7495,2,7.9,1,0,0,0,3,8.6,True,False,False,True,False,False,77.29333333333334,9.841708860759493,0.3488372093023256
S3371,Maria,Brown,student2371@university.com,19,98.99,40.6,80.62,59.35,97.78,92.3,74.2,71.8005,2,11.6,1,0,0,2,5,4.7,False,True,False,False,False,True,74.14166666666667,6.189698275862069,1.0638297872340423
S3372,Liam,Brown,student2372@university.com,22,74.69,86.95,70.59,98.96,65.01,89.1,73.25,78.46499999999999,2,29.9,1,1,1,2,8,5.7,True,False,False,False,False,True,80.64333333333333,2.624247491638796,1.4035087719298245
S3373,Maria,Davis,student2373@university.com,19,69.53,43.45,96.58,68.83,72.98,47.8,96.79,79.712,2,15.8,1,0,1,0,8,6.5,False,True,True,False,False,False,71.07166666666667,5.045063291139241,1.2307692307692308
S3374,Sara,Williams,student2374@university.com,22,73.6,68.69,63.92,80.82,69.73,52.1,86.18,73.8385,2,14.0,0,0,0,0,10,6.0,True,False,True,False,False,False,70.24000000000001,5.274178571428571,1.6666666666666667
S3375,Maria,Johnson,student2375@university.com,23,92.64,78.27,53.79,53.89,86.52,52.9,57.24,61.7405,1,26.8,1,1,0,1,5,7.5,True,False,False,False,False,True,63.76833333333333,2.30375,0.6666666666666666
S3377,Liam,Davis,student2377@university.com,20,52.24,43.51,91.17,90.12,76.77,84.0,64.42,74.04,2,18.4,1,1,1,2,7,6.8,True,False,False,False,True,False,74.99833333333333,4.023913043478261,1.0294117647058825
S3378,Ali,Johnson,student2378@university.com,21,77.11,65.12,69.88,73.86,99.78,31.200000000000003,99.34,79.65700000000001,2,10.3,0,0,0,1,1,7.4,False,True,True,False,False,False,73.19666666666666,7.73368932038835,0.1351351351351351
S3379,Maria,Jones,student2379@university.com,24,50.87,75.03,61.26,95.23,72.2,16.299999999999997,70.77,70.11999999999999,2,14.2,1,0,3,2,1,4.1,False,True,False,False,False,True,65.13166666666666,4.938028169014084,0.2439024390243902
S3380,Emma,Brown,student2380@university.com,21,88.93,43.96,72.66,78.76,77.56,37.9,53.39,62.241,1,10.0,0,1,0,1,1,4.1,True,False,False,False,True,False,60.70499999999999,6.2241,0.2439024390243902
S3381,Ali,Jones,student2381@university.com,18,66.42,48.11,47.99,96.43,75.13,28.8,70.56,63.7995,1,5.9,1,1,3,2,8,4.9,False,True,False,True,False,False,61.17,10.813474576271188,1.6326530612244896
S3382,Sara,Brown,student2382@university.com,20,73.6,79.82,40.32,99.13,90.16,95.1,66.07,70.5145,2,15.4,0,0,0,1,8,7.6,True,False,True,False,False,False,78.43333333333332,4.578863636363637,1.0526315789473684
S3383,Emma,Brown,student2383@university.com,21,89.93,71.3,56.84,72.69,63.34,26.6,79.98,67.4665,1,24.7,1,0,2,0,4,5.2,True,False,False,False,False,True,61.79166666666666,2.7314372469635626,0.7692307692307692
S3384,Ali,Jones,student2384@university.com,23,52.32,49.71,76.3,78.26,58.52,18.1,61.3,63.4175,1,28.8,0,1,1,2,5,8.6,True,False,True,False,False,False,57.031666666666666,2.2019965277777778,0.5813953488372093
S3385,Emma,Jones,student2385@university.com,22,57.93,72.11,82.7,91.75,87.7,89.9,51.8,74.059,2,20.6,1,1,0,2,7,4.4,True,False,False,False,True,False,79.32666666666667,3.5950970873786403,1.5909090909090908
S3386,Sara,Johnson,student2386@university.com,22,69.9,94.76,89.6,61.08,70.78,8.6,54.79,69.721,1,14.7,1,0,1,1,6,6.9,True,False,False,False,False,True,63.26833333333335,4.742925170068028,0.8695652173913043
S3387,Liam,Davis,student2387@university.com,19,61.5,40.94,95.6,93.08,95.69,26.0,64.16,74.12,2,24.2,1,1,1,0,2,4.1,True,False,False,True,False,False,69.245,3.062809917355372,0.4878048780487805
S3388,John,Davis,student2388@university.com,19,66.9,78.56,64.73,79.6,82.21,43.9,67.42,70.54849999999999,2,17.6,0,1,3,0,7,8.9,False,True,False,True,False,False,69.40333333333334,4.008437499999999,0.7865168539325842
S3389,Sara,Jones,student2389@university.com,22,99.91,44.42,84.43,86.28,78.22,59.5,91.72,79.02550000000001,2,14.2,1,1,1,1,2,5.1,False,True,False,False,True,False,74.09500000000001,5.565176056338029,0.3921568627450981
S3390,Sara,Johnson,student2390@university.com,23,91.27,40.39,44.48,53.99,53.52,32.8,63.5,51.319,0,9.5,1,1,3,0,4,6.9,True,False,False,True,False,False,48.11333333333334,5.402,0.5797101449275363
S3391,Emma,Davis,student2391@university.com,22,94.2,49.04,43.45,88.31,86.52,49.6,51.57,58.068,0,24.9,1,1,1,0,4,8.8,False,True,False,True,False,False,61.415,2.3320481927710843,0.4545454545454545
S3392,Liam,Johnson,student2392@university.com,19,96.85,65.37,47.49,65.54,84.3,19.9,89.04,67.646,1,17.5,1,1,1,1,5,4.2,True,False,False,True,False,False,61.940000000000005,3.865485714285714,1.1904761904761905
S3393,Omar,Johnson,student2393@university.com,21,67.05,88.14,66.91,90.26,82.0,57.400000000000006,93.45,82.5925,3,29.1,0,1,1,2,1,6.6,False,True,False,True,False,False,79.69333333333334,2.838230240549828,0.1515151515151515
S3394,Ahmed,Brown,student2394@university.com,18,64.85,56.91,52.68,75.46,63.4,40.8,74.62,63.7915,1,25.0,1,1,3,1,3,6.6,False,True,False,True,False,False,60.645,2.55166,0.4545454545454546
S3395,Maria,Davis,student2395@university.com,19,61.7,77.54,57.22,63.73,97.34,84.9,64.25,68.7495,1,15.5,1,0,2,1,8,5.8,False,True,False,True,False,False,74.16333333333334,4.4354516129032255,1.3793103448275863
S3396,Maria,Davis,student2396@university.com,23,91.51,64.67,78.87,97.64,66.08,41.6,88.61,79.335,2,23.5,1,1,1,1,6,7.3,True,False,False,True,False,False,72.91166666666668,3.3759574468085103,0.8219178082191781
S3397,John,Brown,student2397@university.com,21,83.98,54.06,61.51,88.25,57.61,44.400000000000006,50.44,59.837,0,16.3,0,0,1,0,3,6.7,False,True,False,False,False,True,59.37833333333334,3.670981595092024,0.4477611940298507
S3399,Maria,Brown,student2399@university.com,21,68.85,87.85,64.74,68.22,87.31,12.3,93.28,76.9255,2,17.9,1,1,0,0,6,7.5,True,False,False,False,False,True,68.95,4.297513966480447,0.8
S3400,Ahmed,Davis,student2400@university.com,20,75.34,89.95,50.14,82.46,70.74,15.7,77.24,69.42749999999998,1,26.6,1,0,0,0,3,6.3,True,False,True,False,False,False,64.37166666666667,2.6100563909774426,0.4761904761904762
S3401,Maria,Davis,student2401@university.com,20,76.41,90.79,44.44,80.58,96.8,79.0,63.88,69.6095,1,26.4,0,1,1,0,7,6.4,False,True,False,False,True,False,75.915,2.636723484848485,1.09375
S3402,Omar,Jones,student2402@university.com,24,94.44,60.31,54.17,84.38,54.56,27.3,51.64,57.559,0,19.4,1,0,2,2,7,8.8,False,True,False,True,False,False,55.39333333333334,2.966958762886598,0.7954545454545454
S3403,Ahmed,Brown,student2403@university.com,21,69.03,87.61,43.46,51.92,54.38,68.5,99.99,70.6545,2,14.5,1,0,1,1,2,6.7,False,True,False,False,True,False,67.64333333333333,4.872724137931034,0.2985074626865671
S3405,Ali,Smith,student2405@university.com,22,72.07,84.31,87.74,95.47,58.9,82.2,66.94,78.984,2,12.8,1,1,1,2,3,8.3,True,False,False,False,False,True,79.25999999999999,6.170624999999999,0.36144578313253
S3406,Emma,Jones,student2406@university.com,23,87.32,96.9,60.38,71.19,95.86,98.8,50.96,70.1225,2,29.7,0,0,1,1,8,6.9,False,True,False,True,False,False,79.015,2.3610269360269363,1.1594202898550725
S3407,Omar,Brown,student2407@university.com,20,96.51,40.82,63.23,98.03,92.02,37.400000000000006,81.96,72.29499999999999,2,23.2,0,0,1,2,8,7.9,True,False,True,False,False,False,68.91,3.116163793103448,1.0126582278481011
S3408,Omar,Brown,student2408@university.com,19,95.38,66.42,88.97,60.68,65.32,50.6,99.35,80.1745,3,22.9,1,0,1,0,4,5.5,False,True,False,False,True,False,71.89,3.501069868995633,0.7272727272727273
S3409,Liam,Johnson,student2409@university.com,24,52.85,78.87,53.36,99.87,94.44,44.3,85.35,77.41499999999999,2,24.0,1,0,1,1,4,4.9,False,True,False,False,True,False,76.03166666666668,3.2256249999999995,0.8163265306122448
S3410,John,Davis,student2410@university.com,20,60.29,82.11,47.15,84.88,52.14,89.39999999999999,54.19,62.777,1,20.5,0,0,1,2,6,7.5,False,True,True,False,False,False,68.31166666666665,3.062292682926829,0.8
S3411,John,Williams,student2411@university.com,22,73.85,50.57,70.07,88.82,77.43,1.0,70.11,67.252,1,19.6,1,1,2,2,6,8.6,False,True,False,False,False,True,59.66666666666666,3.431224489795918,0.6976744186046512
S3412,Sara,Jones,student2412@university.com,18,71.58,98.33,78.77,69.84,96.78,65.3,55.46,74.499,2,16.3,0,0,3,2,6,4.2,True,False,False,False,False,True,77.41333333333334,4.570490797546012,1.4285714285714286
S3413,Omar,Williams,student2413@university.com,24,82.04,76.92,75.98,95.35,92.77,65.19999999999999,95.61,86.0555,3,16.1,1,1,1,2,2,7.8,False,True,True,False,False,False,83.63833333333334,5.345062111801242,0.2564102564102564
S3414,Sara,Williams,student2414@university.com,20,97.24,49.86,82.83,77.27,67.8,38.2,66.52,68.423,1,26.8,0,1,2,1,8,4.1,False,True,False,False,True,False,63.74666666666666,2.553097014925373,1.951219512195122
S3415,Sara,Jones,student2415@university.com,23,55.62,41.23,43.41,84.05,59.14,21.9,86.67,62.6545,1,14.8,0,1,0,0,7,6.3,False,True,False,True,False,False,56.06666666666666,4.233412162162162,1.1111111111111112
S3416,Emma,Brown,student2416@university.com,24,72.59,87.0,65.69,54.74,60.53,24.0,54.23,61.2055,1,26.0,1,1,0,1,2,7.4,False,True,False,False,False,True,57.69833333333335,2.354057692307692,0.2702702702702702
S3417,Sara,Jones,student2417@university.com,23,59.62,44.78,54.31,81.58,75.73,80.0,56.42,61.0305,1,25.9,1,1,1,1,8,6.0,False,True,False,True,False,False,65.47000000000001,2.356389961389961,1.3333333333333333
S3418,Ahmed,Williams,student2418@university.com,21,94.71,48.46,85.55,93.95,79.84,6.6000000000000005,83.97,76.254,2,24.3,0,0,3,2,1,5.5,False,True,False,False,True,False,66.395,3.1380246913580248,0.1818181818181818
S3420,Ali,Davis,student2420@university.com,21,73.94,76.21,56.88,86.89,70.68,30.7,60.07,65.309,1,8.7,1,0,1,2,7,8.9,True,False,True,False,False,False,63.571666666666665,7.506781609195403,0.7865168539325842
S3421,John,Davis,student2421@university.com,24,55.2,81.21,45.71,51.27,91.52,26.5,70.92,63.0525,1,12.9,1,0,1,1,6,6.9,True,False,False,False,False,True,61.18833333333333,4.8877906976744185,0.8695652173913043
S3422,Ahmed,Brown,student2422@university.com,18,89.26,63.61,55.21,96.31,72.22,50.6,80.97,71.8335,2,26.2,1,1,1,0,9,4.6,True,False,False,False,False,True,69.82000000000001,2.741736641221374,1.956521739130435
S3423,Ali,Smith,student2423@university.com,22,84.86,86.43,46.24,99.15,58.46,89.80000000000001,89.81,76.67600000000002,2,26.8,1,1,0,1,3,4.2,True,False,True,False,False,False,78.31500000000001,2.861044776119404,0.7142857142857143
S3425,Omar,Davis,student2425@university.com,19,94.37,56.27,72.29,55.35,63.31,78.89999999999999,54.77,61.52250000000001,1,13.1,0,0,1,0,5,6.7,True,False,False,False,False,True,63.48166666666666,4.696374045801528,0.7462686567164178
S3426,Omar,Jones,student2426@university.com,23,98.79,82.18,98.42,82.93,89.92,60.1,77.14,84.51050000000001,3,26.3,1,0,1,2,5,7.8,True,False,False,False,False,True,81.78166666666668,3.213326996197719,0.6410256410256411
S3427,Ahmed,Davis,student2427@university.com,23,77.89,95.71,63.96,51.49,59.69,69.80000000000001,94.23,75.798,2,11.2,0,1,0,2,6,8.9,True,False,False,False,False,True,72.48,6.767678571428572,0.6741573033707865
S3428,Ahmed,Brown,student2428@university.com,24,78.29,81.18,53.2,74.12,71.16,43.2,93.4,73.891,2,29.4,1,1,1,2,3,8.2,False,True,False,False,True,False,69.37666666666667,2.513299319727892,0.3658536585365854
S3429,John,Smith,student2429@university.com,24,64.88,80.87,50.01,63.59,74.52,92.6,79.25,70.02850000000001,2,17.2,1,0,0,1,4,7.1,True,False,False,False,True,False,73.47333333333334,4.071424418604652,0.5633802816901409
S3430,Maria,Smith,student2430@university.com,22,79.23,53.43,50.38,73.67,75.03,50.2,99.78,71.607,2,28.4,0,1,0,0,10,7.3,True,False,False,False,True,False,67.08166666666666,2.52137323943662,1.36986301369863
S3431,Liam,Davis,student2431@university.com,18,71.98,72.11,51.56,50.91,75.82,55.2,55.26,58.26299999999999,0,15.7,0,1,1,2,6,6.6,False,True,False,True,False,False,60.14333333333333,3.7110191082802544,0.9090909090909092
S3432,Sara,Brown,student2432@university.com,24,65.11,73.75,85.74,52.58,61.25,52.5,73.93,71.3135,2,13.1,0,0,1,2,5,6.2,True,False,False,False,True,False,66.625,5.443778625954199,0.8064516129032258
S3433,Omar,Johnson,student2433@university.com,21,53.36,82.01,43.66,50.8,75.8,31.6,88.76,66.6245,1,14.1,0,1,2,2,10,7.9,False,True,False,False,False,True,62.105,4.725141843971631,1.2658227848101264
S3434,Emma,Jones,student2434@university.com,22,62.64,99.81,99.84,80.96,74.09,23.1,57.05,77.7545,2,27.1,0,1,1,2,8,4.9,True,False,False,False,True,False,72.47500000000001,2.8691697416974167,1.6326530612244896
S3435,Maria,Jones,student2435@university.com,19,59.89,42.02,71.36,78.0,60.44,7.4,98.64,71.84899999999999,2,13.3,1,1,0,0,7,5.7,False,True,False,False,False,True,59.64333333333333,5.402180451127818,1.2280701754385963
S3436,Emma,Williams,student2436@university.com,21,77.1,43.91,72.66,61.66,99.41,71.8,67.7,67.84150000000001,1,21.7,0,1,2,0,1,8.9,True,False,True,False,False,False,69.52333333333333,3.1263364055299543,0.1123595505617977
S3437,John,Brown,student2437@university.com,19,80.08,44.68,61.45,82.33,93.28,28.9,67.51,65.44,1,16.7,0,1,1,1,6,6.9,True,False,False,True,False,False,63.025,3.918562874251497,0.8695652173913043
S3438,John,Williams,student2438@university.com,20,80.43,84.58,81.42,94.21,94.38,38.9,60.66,76.75450000000001,2,28.5,0,1,3,2,5,6.5,True,False,False,True,False,False,75.69166666666666,2.693140350877193,0.7692307692307693
S3439,John,Davis,student2439@university.com,19,69.41,48.18,68.29,63.87,84.28,92.0,64.4,66.22800000000001,1,9.0,0,1,0,0,10,8.3,False,True,True,False,False,False,70.17,7.358666666666668,1.2048192771084336
S3440,Ali,Williams,student2440@university.com,21,71.06,77.35,59.74,91.6,57.99,56.6,78.88,72.5705,2,15.7,0,0,3,0,9,7.8,True,False,False,False,False,True,70.36,4.622324840764331,1.153846153846154
S3441,Emma,Smith,student2441@university.com,20,91.71,59.48,55.91,83.13,78.4,9.7,71.47,65.13499999999999,1,8.1,1,0,3,1,3,5.6,False,True,False,True,False,False,59.68166666666665,8.041358024691357,0.5357142857142857
S3442,Maria,Jones,student2442@university.com,21,73.81,67.44,95.54,51.69,91.07,80.0,59.67,72.7625,2,19.5,1,0,0,2,4,7.1,False,True,False,False,True,False,74.235,3.731410256410257,0.5633802816901409
S3443,Liam,Williams,student2443@university.com,23,99.39,52.94,57.46,68.76,51.94,25.6,90.46,66.232,1,15.1,0,0,2,1,4,4.9,False,True,False,False,False,True,57.86000000000001,4.386225165562914,0.8163265306122448
S3444,Maria,Smith,student2444@university.com,21,71.98,91.97,66.18,75.39,74.79,55.3,53.11,67.826,1,6.5,1,0,2,2,4,4.3,False,True,False,True,False,False,69.45666666666668,10.43476923076923,0.9302325581395348
S3445,Ahmed,Brown,student2445@university.com,20,82.48,75.17,61.02,86.58,69.81,51.0,91.73,76.5675,2,26.2,1,0,0,0,9,8.9,True,False,True,False,False,False,72.55166666666666,2.922423664122137,1.0112359550561798
S3446,Ahmed,Williams,student2446@university.com,19,52.52,96.67,45.17,64.36,60.61,23.8,63.75,61.823,1,14.4,1,1,1,0,8,7.7,True,False,False,False,False,True,59.06,4.293263888888889,1.0389610389610389
S3447,Omar,Davis,student2447@university.com,23,82.67,74.48,51.16,99.14,68.91,11.6,74.8,68.744,1,17.3,1,0,3,2,9,8.7,True,False,False,True,False,False,63.348333333333336,3.9736416184971097,1.0344827586206895
S3448,Liam,Davis,student2448@university.com,18,92.57,47.43,51.37,84.23,99.17,21.1,69.05,64.27850000000001,1,15.2,0,1,2,2,4,8.2,False,True,True,False,False,False,62.05833333333334,4.228848684210527,0.4878048780487805
S3449,Ahmed,Davis,student2449@university.com,18,97.12,50.25,81.62,68.64,86.16,9.7,78.53,70.8985,2,17.2,0,0,0,0,3,6.1,True,False,False,False,False,True,62.48333333333333,4.122005813953488,0.4918032786885246
S3451,Maria,Williams,student2451@university.com,18,64.11,83.53,86.92,59.07,80.27,99.7,99.47,85.973,3,25.4,1,1,1,0,2,7.9,False,True,False,False,False,True,84.82666666666665,3.38476377952756,0.2531645569620253
S3452,Emma,Brown,student2452@university.com,22,78.77,42.96,82.54,74.38,62.33,40.2,65.3,66.06899999999999,1,13.3,1,0,0,1,5,5.3,False,True,False,False,True,False,61.285,4.967593984962405,0.9433962264150944
S3453,John,Williams,student2453@university.com,18,72.54,82.23,51.52,74.73,80.54,86.4,77.69,72.105,2,23.1,0,0,1,1,2,7.1,True,False,False,False,False,True,75.51833333333335,3.1214285714285714,0.2816901408450704
S3455,Ahmed,Smith,student2455@university.com,24,57.87,58.43,84.57,86.31,77.84,66.7,99.95,83.9575,3,18.1,0,1,1,1,2,5.2,False,True,False,False,True,False,78.96666666666665,4.63853591160221,0.3846153846153846
S3456,John,Jones,student2456@university.com,18,92.81,49.24,77.98,60.06,86.67,15.6,90.45,72.47200000000001,2,27.7,0,0,0,2,7,4.4,True,False,False,False,True,False,63.333333333333336,2.6163176895306863,1.5909090909090908
S3457,John,Davis,student2457@university.com,21,95.48,90.39,76.0,79.75,72.67,27.5,69.85,74.118,2,15.0,1,0,0,2,10,6.7,True,False,False,False,False,True,69.36,4.941199999999999,1.4925373134328357
S3458,Ali,Smith,student2458@university.com,24,72.48,43.83,84.38,51.03,76.21,51.0,73.84,67.64699999999999,1,9.9,0,1,3,0,4,6.0,False,True,False,True,False,False,63.38166666666666,6.833030303030302,0.6666666666666666
S3459,Sara,Davis,student2459@university.com,18,64.02,57.39,43.41,69.93,84.75,88.10000000000001,62.3,61.5205,1,7.5,0,0,0,2,6,4.4,False,True,False,False,True,False,67.64666666666668,8.202733333333333,1.3636363636363635
S3460,Maria,Johnson,student2460@university.com,24,57.04,58.38,83.89,88.21,90.62,4.3,87.76,78.566,2,26.5,1,0,1,2,9,7.6,True,False,False,False,False,True,68.86,2.9647547169811324,1.1842105263157896
S3461,Emma,Jones,student2461@university.com,19,84.19,49.65,56.36,69.98,82.97,50.7,92.26,70.5445,2,11.0,1,1,2,2,10,7.6,False,True,True,False,False,False,66.98666666666666,6.413136363636363,1.3157894736842106
S3462,Omar,Jones,student2462@university.com,20,65.61,70.49,74.31,91.78,98.87,5.1,98.25,82.535,3,29.4,1,1,1,1,3,5.2,False,True,False,False,False,True,73.13333333333334,2.807312925170068,0.5769230769230769
S3463,Sara,Brown,student2463@university.com,20,95.48,40.7,54.54,98.81,90.99,45.7,78.29,69.4325,1,11.2,0,0,1,2,1,8.8,True,False,False,False,False,True,68.17166666666667,6.199330357142858,0.1136363636363636
S3464,Ahmed,Williams,student2464@university.com,24,83.55,58.06,90.33,80.36,88.86,62.9,83.53,80.4355,3,17.0,1,0,3,2,3,7.9,True,False,False,False,True,False,77.33999999999999,4.7315000000000005,0.3797468354430379
S3465,John,Smith,student2465@university.com,23,82.28,96.02,68.83,57.25,92.26,74.5,72.3,74.839,2,16.4,0,0,2,0,3,8.0,False,True,False,True,False,False,76.86,4.5633536585365855,0.375
S3466,Liam,Smith,student2466@university.com,22,77.97,58.63,78.58,68.98,64.06,13.9,80.46,70.0255,2,6.6,0,0,1,1,3,4.0,True,False,True,False,False,False,60.76833333333333,10.609924242424242,0.75
S3467,Ali,Brown,student2467@university.com,21,52.29,61.63,87.64,50.47,71.6,16.7,67.44,66.952,1,18.3,1,0,1,0,4,8.9,False,True,False,False,True,False,59.24666666666667,3.658579234972677,0.449438202247191
S3468,Ali,Brown,student2468@university.com,24,96.6,68.39,93.72,80.14,78.22,47.0,86.88,81.9455,3,21.8,0,0,3,0,3,9.0,False,True,False,False,True,False,75.72500000000001,3.7589678899082566,0.3333333333333333
S3469,Liam,Williams,student2469@university.com,20,81.4,73.7,83.92,91.08,73.12,99.8,51.14,73.34100000000001,2,23.6,0,1,0,1,5,6.5,True,False,False,False,True,False,78.79333333333334,3.107669491525424,0.7692307692307693
S3470,Maria,Davis,student2470@university.com,19,99.7,88.52,48.93,81.5,92.37,35.6,51.42,64.1785,1,18.1,0,0,2,1,8,8.9,False,True,True,False,False,False,66.39,3.5457734806629837,0.898876404494382
S3471,Sara,Williams,student2471@university.com,18,76.87,51.42,91.27,89.3,51.35,42.8,85.81,76.9435,2,25.3,0,1,1,1,3,7.1,False,True,False,True,False,False,68.65833333333335,3.0412450592885376,0.4225352112676057
S3472,Omar,Jones,student2472@university.com,20,85.51,92.3,77.11,90.0,60.46,43.2,96.53,83.78750000000001,3,23.8,0,0,2,0,10,4.7,False,True,True,False,False,False,76.59999999999998,3.520483193277311,2.127659574468085
S3473,Maria,Davis,student2473@university.com,19,52.81,85.45,76.57,92.55,94.09,8.100000000000001,81.61,80.1395,3,9.8,0,1,3,0,6,8.1,True,False,True,False,False,False,73.06166666666667,8.177499999999998,0.7407407407407408
S3474,Liam,Johnson,student2474@university.com,18,81.59,83.36,95.28,63.33,52.96,77.4,86.33,80.8885,3,15.0,0,1,0,1,1,6.8,True,False,False,True,False,False,76.44333333333331,5.392566666666666,0.1470588235294117
S3475,John,Williams,student2475@university.com,22,88.23,45.21,54.93,93.56,61.35,25.3,91.2,69.30799999999999,1,8.6,0,0,2,0,4,5.7,True,False,True,False,False,False,61.92499999999999,8.05906976744186,0.7017543859649122
S3476,Liam,Brown,student2476@university.com,20,88.93,41.3,54.38,82.7,67.56,70.4,68.08,62.895,1,8.3,1,0,0,2,1,5.2,False,True,False,False,False,True,64.07000000000001,7.577710843373493,0.1923076923076923
S3477,Maria,Davis,student2477@university.com,20,88.51,75.64,70.79,64.49,87.54,47.5,55.41,66.469,1,22.8,1,0,2,0,2,6.6,False,True,True,False,False,False,66.895,2.915307017543859,0.303030303030303
S3478,Emma,Williams,student2478@university.com,24,61.31,91.79,85.05,99.36,78.01,61.2,96.65,89.79100000000001,3,18.3,1,1,1,1,3,7.5,True,False,False,False,True,False,85.34333333333332,4.906612021857924,0.4
S3479,Ali,Smith,student2479@university.com,24,98.77,75.07,66.83,97.51,97.73,5.4,96.93,81.7165,3,20.0,0,0,1,0,5,8.4,True,False,True,False,False,False,73.24499999999999,4.085825,0.5952380952380952
S3480,Ali,Johnson,student2480@university.com,19,99.76,52.79,78.03,78.72,61.39,89.0,72.09,71.45,2,23.3,1,1,2,0,9,7.0,True,False,False,False,True,False,72.00333333333333,3.0665236051502145,1.2857142857142858
S3481,Ahmed,Jones,student2481@university.com,23,53.78,45.43,67.15,92.16,93.61,24.4,60.86,66.265,1,11.9,1,1,1,1,9,6.1,False,True,True,False,False,False,63.935,5.568487394957983,1.475409836065574
S3482,Ahmed,Smith,student2482@university.com,24,96.82,81.98,76.62,63.07,64.15,67.0,94.62,79.0635,2,15.0,0,1,1,2,3,7.2,True,False,False,False,True,False,74.57333333333334,5.2709,0.4166666666666666
S3483,Liam,Smith,student2483@university.com,21,64.47,83.31,89.34,70.8,62.27,79.80000000000001,85.42,81.2945,3,20.2,1,1,1,1,8,6.5,False,True,False,False,True,False,78.49,4.024480198019802,1.2307692307692308
S3484,Omar,Johnson,student2484@university.com,22,84.46,50.35,50.83,59.2,74.92,54.0,50.41,54.455000000000005,0,7.4,1,0,3,0,2,7.3,True,False,False,False,True,False,56.61833333333334,7.358783783783784,0.273972602739726
S3485,John,Jones,student2485@university.com,21,66.91,41.69,81.72,76.01,53.56,33.7,55.39,61.74300000000001,1,25.8,1,1,1,2,9,7.0,False,True,False,True,False,False,57.01166666666666,2.393139534883721,1.2857142857142858
S3486,Emma,Brown,student2486@university.com,20,98.39,64.5,87.25,74.8,69.22,97.8,99.16,84.26749999999998,3,13.6,0,1,1,2,4,8.9,False,True,True,False,False,False,82.12166666666667,6.196139705882352,0.449438202247191
S3487,Sara,Davis,student2487@university.com,21,55.08,74.96,66.83,60.64,67.78,27.8,51.91,60.7885,1,21.5,0,0,1,0,2,7.1,True,False,True,False,False,False,58.320000000000014,2.827372093023256,0.2816901408450704
S3488,Maria,Jones,student2488@university.com,18,74.89,82.36,59.39,83.64,58.01,94.9,64.13,69.5325,1,29.9,0,1,2,1,5,7.5,False,True,False,False,False,True,73.73833333333333,2.3255016722408026,0.6666666666666666
S3489,Omar,Williams,student2489@university.com,22,71.4,88.6,40.81,55.89,93.04,15.6,77.42,65.186,1,16.9,0,0,1,2,7,8.5,True,False,False,False,False,True,61.89333333333335,3.8571597633136094,0.8235294117647058
S3490,John,Smith,student2490@university.com,21,66.3,76.63,87.83,53.08,69.29,38.9,59.22,68.054,1,10.4,0,1,0,1,6,8.6,False,True,False,False,False,True,64.15833333333332,6.543653846153847,0.6976744186046512
S3491,Ahmed,Williams,student2491@university.com,18,82.28,46.65,59.68,69.25,99.1,13.8,61.6,61.385000000000005,1,10.4,0,1,1,0,9,4.7,False,True,True,False,False,False,58.34666666666666,5.902403846153846,1.9148936170212765
S3492,Liam,Brown,student2492@university.com,19,56.55,80.95,61.44,70.49,94.99,0.2,67.65,67.88,1,6.5,0,1,2,1,7,6.3,True,False,False,True,False,False,62.620000000000005,10.443076923076925,1.1111111111111112
S3493,Maria,Williams,student2493@university.com,21,85.83,99.05,60.16,65.99,59.74,26.0,63.48,66.11399999999999,1,24.2,0,0,1,1,6,8.7,False,True,False,False,True,False,62.403333333333336,2.73198347107438,0.6896551724137931
S3494,Ahmed,Jones,student2494@university.com,22,99.03,94.34,69.92,62.9,75.26,8.7,90.17,76.078,2,12.3,1,0,1,1,8,8.8,True,False,True,False,False,False,66.88166666666667,6.185203252032521,0.9090909090909092
S3495,Liam,Williams,student2495@university.com,18,90.23,92.3,82.15,66.94,80.09,98.6,75.01,79.8655,2,9.3,1,0,2,2,7,5.0,True,False,False,True,False,False,82.515,8.58768817204301,1.4
S3496,Maria,Brown,student2496@university.com,21,93.0,58.13,86.31,58.17,90.95,76.2,63.93,71.1065,2,22.8,1,0,2,0,7,6.2,True,False,False,True,False,False,72.28166666666667,3.118706140350877,1.129032258064516
S3497,Sara,Brown,student2497@university.com,19,67.98,85.05,63.55,70.17,94.28,0.4,65.65,68.3135,1,12.7,1,0,3,2,8,5.4,False,True,True,False,False,False,63.18333333333332,5.379015748031497,1.4814814814814814
S3498,John,Brown,student2498@university.com,21,66.24,91.07,79.79,95.23,81.2,22.4,51.99,72.7295,2,20.0,1,1,3,2,6,8.0,False,True,False,False,True,False,70.28,3.636475,0.75
S3499,Maria,Jones,student2499@university.com,18,75.85,80.7,83.24,61.22,51.76,67.0,52.47,66.36500000000001,1,15.4,1,1,3,0,10,8.3,False,True,False,True,False,False,66.065,4.309415584415585,1.2048192771084336
S3500,Emma,Brown,student2500@university.com,21,52.29,55.03,57.82,84.22,74.06,39.900000000000006,85.9,70.5135,2,13.4,0,0,1,2,5,6.3,True,False,True,False,False,False,66.15499999999999,5.262201492537312,0.7936507936507937
S3501,Omar,Smith,student2501@university.com,22,97.27,97.23,45.8,57.09,94.24,83.2,55.65,64.87700000000001,1,17.2,1,1,0,2,4,7.4,True,False,False,False,True,False,72.20166666666667,3.771918604651164,0.5405405405405405
S3502,Ali,Brown,student2502@university.com,20,57.19,67.05,93.68,67.7,85.7,50.5,73.79,76.86449999999999,2,12.8,0,0,0,1,8,8.3,False,True,False,False,False,True,73.07000000000001,6.005039062499999,0.9638554216867468
S3503,Emma,Williams,student2503@university.com,18,95.15,47.79,80.63,66.06,93.51,65.4,92.12,77.492,2,26.8,1,1,1,2,9,7.5,False,True,False,True,False,False,74.25166666666667,2.891492537313433,1.2
S3504,Emma,Davis,student2504@university.com,18,54.18,46.59,78.89,96.85,83.7,59.7,68.42,73.11949999999999,2,6.8,1,1,3,0,9,4.8,True,False,False,True,False,False,72.35833333333333,10.752867647058824,1.875
S3505,Omar,Williams,student2505@university.com,18,91.13,78.85,43.53,71.4,52.2,63.8,67.29,62.017,1,5.8,0,0,0,0,4,7.6,False,True,True,False,False,False,62.845000000000006,10.692586206896552,0.5263157894736842
S3506,Ali,Davis,student2506@university.com,18,57.6,66.26,89.07,84.52,98.4,23.0,93.65,83.9695,3,15.2,1,1,3,2,9,4.8,True,False,True,False,False,False,75.81666666666666,5.524309210526316,1.875
S3507,Emma,Williams,student2507@university.com,21,51.91,45.67,73.96,80.12,95.9,37.3,93.24,76.7855,2,9.3,1,0,2,2,2,7.3,False,True,False,False,True,False,71.03166666666667,8.256505376344085,0.273972602739726
S3508,Maria,Jones,student2508@university.com,22,85.97,84.42,90.87,57.05,56.33,5.1,94.01,78.029,2,23.6,0,1,1,1,7,5.7,True,False,False,False,False,True,64.63000000000001,3.3063135593220334,1.2280701754385963
S3509,Maria,Williams,student2509@university.com,19,64.01,87.96,98.47,96.98,55.63,58.8,78.6,84.44149999999999,3,13.8,0,0,3,2,4,4.3,False,True,False,False,False,True,79.40666666666668,6.118949275362318,0.9302325581395348
S3510,Maria,Jones,student2510@university.com,22,85.72,83.52,97.43,67.29,76.95,45.9,97.62,86.255,3,11.5,0,1,1,1,4,5.1,False,True,True,False,False,False,78.11833333333333,7.500434782608695,0.7843137254901962
S3511,Ali,Jones,student2511@university.com,18,77.75,52.14,91.37,52.24,87.85,76.10000000000001,90.95,78.3745,2,14.0,0,0,1,1,8,6.3,True,False,True,False,False,False,75.10833333333333,5.598178571428571,1.2698412698412698
S3512,Emma,Brown,student2512@university.com,23,55.44,81.39,40.66,65.02,69.11,20.6,70.78,61.3015,1,10.5,1,1,1,2,3,9.0,True,False,False,False,True,False,57.92666666666668,5.838238095238095,0.3333333333333333
S3513,Liam,Smith,student2513@university.com,21,96.61,40.64,93.14,66.78,56.82,43.7,81.48,71.709,2,12.5,0,1,1,2,5,5.3,True,False,True,False,False,False,63.76,5.73672,0.9433962264150944
S3514,Ali,Davis,student2514@university.com,23,72.62,58.31,44.5,54.64,75.53,18.1,56.09,53.35249999999999,0,19.2,1,1,3,0,5,8.9,False,True,False,False,True,False,51.19499999999999,2.7787760416666663,0.5617977528089887
S3515,Maria,Brown,student2515@university.com,21,86.72,63.93,91.07,81.0,66.88,61.4,77.57,77.536,2,26.6,1,0,1,2,3,5.8,True,False,False,False,True,False,73.64166666666667,2.914887218045113,0.5172413793103449
S3516,Omar,Brown,student2516@university.com,18,75.05,90.11,56.81,67.34,67.59,84.80000000000001,63.16,67.767,1,14.3,0,0,1,0,4,8.8,True,False,False,False,False,True,71.635,4.738951048951049,0.4545454545454545
S3517,Emma,Jones,student2517@university.com,21,80.22,63.42,76.6,81.46,82.25,76.5,64.18,72.186,2,13.0,0,1,2,1,9,8.8,False,True,False,False,True,False,74.06833333333333,5.552769230769231,1.0227272727272727
S3518,Emma,Jones,student2518@university.com,18,65.14,40.68,42.28,50.34,94.28,94.4,56.29,55.258,0,24.5,0,1,0,1,3,4.7,True,False,False,False,False,True,63.04500000000001,2.255428571428572,0.6382978723404255
S3520,Ahmed,Williams,student2520@university.com,24,77.13,69.94,46.7,58.53,84.38,77.2,74.07,65.4645,1,12.6,1,1,1,0,9,6.6,True,False,False,False,False,True,68.47,5.195595238095239,1.3636363636363638
S3521,Sara,Williams,student2521@university.com,20,72.01,96.94,64.64,82.97,83.0,28.700000000000003,80.02,76.8875,2,16.3,1,0,1,0,10,7.4,False,True,True,False,False,False,72.71166666666666,4.7170245398773005,1.351351351351351
S3522,Liam,Brown,student2522@university.com,21,69.51,96.46,89.05,85.79,77.56,21.9,65.24,78.023,2,20.0,1,0,1,0,1,7.9,False,True,False,False,False,True,72.66666666666667,3.90115,0.1265822784810126
S3523,Liam,Johnson,student2523@university.com,18,83.63,50.85,81.72,58.58,65.54,44.8,89.61,72.5215,2,8.9,0,1,2,1,5,4.6,False,True,False,False,True,False,65.18333333333334,8.148483146067417,1.0869565217391306
S3524,John,Johnson,student2524@university.com,23,84.53,51.11,40.36,55.59,68.89,99.4,76.05,60.769,1,15.8,0,1,3,0,5,8.0,True,False,True,False,False,False,65.23333333333333,3.846139240506329,0.625
S3525,Liam,Williams,student2525@university.com,18,52.3,49.8,64.18,57.63,65.79,41.3,81.9,65.3735,1,19.2,1,1,0,1,9,5.5,False,True,False,False,True,False,60.1,3.404869791666667,1.6363636363636365
S3526,Ahmed,Johnson,student2526@university.com,23,66.94,87.34,42.52,62.34,95.87,19.9,63.91,62.837,1,17.8,1,0,1,1,8,7.7,True,False,True,False,False,False,61.98,3.530168539325843,1.0389610389610389
S3527,Ali,Williams,student2527@university.com,21,70.59,40.36,80.41,58.41,91.33,94.4,90.71,75.984,2,19.4,0,0,1,2,7,6.9,True,False,False,False,True,False,75.93666666666665,3.916701030927835,1.0144927536231882
S3528,Liam,Jones,student2528@university.com,19,54.84,47.63,98.14,83.7,78.97,38.6,81.21,78.4245,2,21.6,1,0,2,2,1,7.4,True,False,False,True,False,False,71.37500000000001,3.630763888888888,0.1351351351351351
S3529,Ahmed,Brown,student2529@university.com,23,61.8,72.28,79.32,71.04,95.61,69.1,93.12,82.28,3,14.5,0,1,1,1,7,7.1,False,True,False,True,False,False,80.07833333333333,5.67448275862069,0.9859154929577464
S3530,Sara,Smith,student2530@university.com,18,52.58,54.85,53.46,76.89,94.32,78.8,58.0,63.898,1,6.6,0,1,1,2,2,8.1,False,True,False,True,False,False,69.38666666666667,9.681515151515152,0.2469135802469136
S3531,Emma,Brown,student2531@university.com,21,99.81,45.54,61.31,52.37,96.38,84.3,69.03,64.57600000000001,1,6.4,0,1,3,2,9,8.5,True,False,False,False,True,False,68.15499999999999,10.09,1.0588235294117647
S3532,Liam,Williams,student2532@university.com,18,86.83,61.59,98.6,93.06,61.09,82.10000000000001,55.65,74.75649999999999,2,26.5,0,0,0,1,3,6.2,True,False,True,False,False,False,75.34833333333334,2.821,0.4838709677419354
S3533,Sara,Williams,student2533@university.com,19,54.37,56.45,53.44,58.53,85.88,83.6,60.78,61.609,1,21.9,1,0,1,1,9,6.0,False,True,False,False,False,True,66.44666666666666,2.813196347031964,1.5
S3534,Emma,Brown,student2534@university.com,20,51.01,70.67,73.69,68.01,80.46,66.8,69.73,71.5295,2,24.1,0,0,2,0,5,5.2,False,True,False,False,False,True,71.56,2.9680290456431533,0.9615384615384616
S3535,Omar,Davis,student2535@university.com,24,85.96,98.75,64.03,53.6,86.69,40.4,94.73,77.968,2,28.2,1,0,3,0,4,8.1,False,True,False,False,True,False,73.03333333333333,2.7648226950354613,0.4938271604938272
S3536,Omar,Williams,student2536@university.com,24,71.96,47.46,86.1,56.84,63.17,66.7,77.85,70.17699999999999,2,23.8,1,0,0,2,5,8.8,True,False,False,False,True,False,66.35333333333334,2.9486134453781507,0.5681818181818181
S3537,Emma,Johnson,student2537@university.com,19,89.34,62.36,92.04,83.29,84.74,83.69999999999999,66.52,77.47250000000001,2,22.3,1,0,1,2,2,5.0,False,True,False,False,True,False,78.77499999999999,3.474103139013453,0.4
S3538,Liam,Johnson,student2538@university.com,22,96.17,95.92,60.45,84.63,70.49,35.099999999999994,87.34,77.20100000000001,2,21.4,1,0,0,1,8,6.3,False,True,False,False,True,False,72.32166666666667,3.607523364485982,1.2698412698412698
S3539,John,Williams,student2539@university.com,21,79.97,92.61,79.62,83.85,91.7,29.700000000000003,50.98,72.32300000000001,2,11.5,1,0,1,0,8,7.9,False,True,False,False,False,True,71.41000000000001,6.288956521739131,1.0126582278481011
S3540,Ahmed,Williams,student2540@university.com,19,59.36,63.66,72.94,77.61,89.77,34.4,68.5,70.6725,2,28.9,0,1,0,0,8,7.2,True,False,True,False,False,False,67.81333333333332,2.445415224913495,1.1111111111111112
S3541,Ali,Davis,student2541@university.com,20,89.11,81.94,56.71,97.63,60.57,55.1,80.04,73.93700000000001,2,18.6,1,1,0,1,8,8.1,False,True,False,False,False,True,71.99833333333335,3.975107526881721,0.9876543209876544
S3542,Ali,Johnson,student2542@university.com,18,97.79,45.27,56.32,75.36,59.19,5.2,79.16,62.1015,1,10.6,1,0,2,1,7,4.1,True,False,False,False,True,False,53.41666666666666,5.858632075471698,1.707317073170732
S3543,Maria,Williams,student2543@university.com,21,79.01,82.75,72.32,72.47,85.89,77.9,80.38,77.961,2,10.2,1,0,3,1,2,8.6,True,False,False,True,False,False,78.61833333333334,7.643235294117647,0.2325581395348837
S3544,Emma,Williams,student2544@university.com,23,84.1,98.37,49.24,62.38,77.52,13.9,60.58,63.0435,1,25.4,1,0,1,0,8,4.3,True,False,False,False,False,True,60.331666666666656,2.482027559055118,1.8604651162790695
S3545,Ali,Davis,student2545@university.com,19,66.87,72.25,88.65,54.94,77.86,13.3,66.85,69.747,1,11.3,0,0,0,1,6,6.2,False,True,False,True,False,False,62.30833333333334,6.172300884955752,0.9677419354838708
S3547,John,Brown,student2547@university.com,19,86.73,51.24,45.67,65.74,92.75,57.7,98.7,70.7345,2,15.7,0,1,1,0,2,8.6,False,True,False,False,True,False,68.63333333333333,4.505382165605096,0.2325581395348837
S3548,Emma,Davis,student2548@university.com,22,96.39,78.03,60.53,76.2,61.95,28.6,65.6,65.57199999999999,1,25.4,1,1,3,1,3,5.4,True,False,False,False,False,True,61.81833333333333,2.581574803149606,0.5555555555555555
S3549,John,Smith,student2549@university.com,24,81.45,75.43,47.09,60.31,77.78,36.8,82.23,66.4205,1,15.4,0,0,3,2,4,5.9,False,True,True,False,False,False,63.27333333333334,4.313019480519481,0.6779661016949152
S3550,Liam,Johnson,student2550@university.com,24,89.49,79.12,68.54,91.91,91.45,93.2,62.06,75.21249999999999,2,25.1,1,0,0,0,4,8.4,True,False,False,False,False,True,81.04666666666667,2.996513944223107,0.4761904761904761
S3551,Ali,Brown,student2551@university.com,21,58.58,41.56,63.98,99.98,93.64,84.7,68.43,71.354,2,25.7,1,0,1,1,5,6.7,False,True,True,False,False,False,75.38166666666666,2.776420233463035,0.7462686567164178
S3552,Ali,Smith,student2552@university.com,18,60.6,72.92,83.31,66.12,64.37,85.19999999999999,89.62,79.26650000000001,2,26.4,0,1,3,2,2,8.5,False,True,True,False,False,False,76.92333333333333,3.00251893939394,0.2352941176470588
S3553,Maria,Williams,student2553@university.com,20,76.6,75.7,97.18,92.12,55.21,57.8,75.06,80.397,3,19.7,0,1,2,1,9,7.3,False,True,False,False,True,False,75.51166666666667,4.081065989847716,1.2328767123287672
S3554,Ali,Williams,student2554@university.com,19,58.83,52.45,85.21,93.65,61.64,86.6,92.48,81.4555,3,22.5,0,1,0,2,9,4.4,False,True,True,False,False,False,78.67166666666667,3.620244444444445,2.0454545454545454
S3555,Emma,Brown,student2555@university.com,21,81.75,52.5,50.77,99.8,97.27,77.9,81.44,73.5915,2,11.5,0,0,3,0,9,6.2,True,False,False,False,False,True,76.61333333333333,6.399260869565217,1.4516129032258065
S3556,Liam,Davis,student2556@university.com,19,64.58,56.57,96.13,67.14,73.12,95.3,81.45,79.101,2,7.5,1,0,0,0,5,4.9,True,False,False,False,False,True,78.285,10.5468,1.020408163265306
S3557,Omar,Williams,student2557@university.com,21,89.58,82.7,63.53,87.8,70.93,6.4,51.69,64.3775,1,18.3,1,1,1,0,4,4.3,True,False,False,True,False,False,60.50833333333333,3.517896174863388,0.9302325581395348
S3559,Emma,Brown,student2559@university.com,22,73.19,90.75,65.29,81.24,52.55,17.5,98.89,77.918,2,16.6,0,1,0,0,8,8.5,False,True,False,False,True,False,67.70333333333333,4.693855421686747,0.9411764705882352
S3560,Emma,Smith,student2560@university.com,19,59.04,57.74,56.83,85.24,83.43,92.9,73.65,70.73750000000001,2,7.6,1,0,2,2,7,4.6,True,False,False,False,True,False,74.96499999999999,9.307565789473689,1.5217391304347827
S3561,Maria,Brown,student2561@university.com,22,82.34,94.72,93.7,87.06,79.49,60.6,57.93,79.05,2,7.7,0,0,3,1,5,4.0,True,False,False,False,False,True,78.91666666666667,10.266233766233766,1.25
S3562,Maria,Johnson,student2562@university.com,23,99.64,84.62,59.93,60.36,78.78,42.6,98.85,76.3925,2,26.8,0,1,1,2,8,8.7,True,False,True,False,False,False,70.85666666666668,2.8504664179104475,0.9195402298850576
S3563,Ali,Davis,student2563@university.com,23,81.13,63.7,74.72,92.44,55.52,51.3,64.51,69.571,1,21.0,1,1,1,2,5,6.7,False,True,False,False,True,False,67.03166666666667,3.312904761904762,0.7462686567164178
S3564,Sara,Davis,student2564@university.com,24,51.79,45.72,54.4,71.05,67.6,83.0,70.46,63.16349999999999,1,21.1,1,0,1,2,2,6.8,True,False,True,False,False,False,65.37166666666666,2.9935308056872034,0.2941176470588235
S3565,Liam,Brown,student2565@university.com,20,50.86,55.42,87.84,60.82,90.62,92.9,53.87,69.264,1,15.1,0,1,0,1,6,8.6,True,False,True,False,False,False,73.57833333333333,4.587019867549668,0.6976744186046512
S3566,Liam,Williams,student2566@university.com,22,66.02,97.41,86.45,77.13,58.75,73.0,55.54,73.9805,2,15.3,1,0,3,2,2,7.5,False,True,False,True,False,False,74.71333333333334,4.835326797385621,0.2666666666666666
S3567,Sara,Williams,student2567@university.com,21,59.79,58.62,57.78,93.17,94.13,76.0,60.83,68.67549999999999,1,12.6,0,0,3,2,10,8.1,False,True,False,False,True,False,73.42166666666667,5.450436507936507,1.234567901234568
S3568,Maria,Jones,student2568@university.com,20,90.65,59.79,80.89,98.35,56.07,32.0,77.42,74.3765,2,15.9,0,1,1,0,9,7.9,True,False,False,True,False,False,67.42,4.677767295597484,1.1392405063291138
S3569,Ali,Jones,student2569@university.com,19,92.24,51.38,82.23,87.41,58.46,46.7,77.89,72.924,2,19.7,1,0,1,1,7,7.1,True,False,False,False,True,False,67.345,3.701725888324874,0.9859154929577464
S3570,Sara,Davis,student2570@university.com,19,62.93,88.41,73.75,50.28,73.89,88.5,80.31,75.148,2,9.7,0,1,2,0,3,7.4,False,True,True,False,False,False,75.85666666666667,7.747216494845361,0.4054054054054054
S3571,Ali,Jones,student2571@university.com,21,66.28,56.54,76.04,56.74,97.26,78.60000000000001,79.19,73.41499999999999,2,11.5,0,0,1,2,10,6.8,True,False,False,False,True,False,74.06166666666668,6.38391304347826,1.4705882352941178
S3572,Ali,Smith,student2572@university.com,18,61.81,59.82,74.47,53.81,66.48,68.4,74.76,68.158,1,17.4,1,0,3,2,8,5.8,False,True,False,False,False,True,66.29,3.9171264367816097,1.3793103448275863
S3573,Ali,Jones,student2573@university.com,18,95.42,64.86,44.91,55.06,82.91,6.5,90.1,64.8615,1,14.6,1,0,2,1,1,5.4,True,False,True,False,False,False,57.38999999999999,4.442568493150685,0.1851851851851851
S3574,Ahmed,Smith,student2574@university.com,19,75.13,66.02,80.22,69.15,79.43,4.0,96.69,77.4805,2,25.5,1,0,2,2,9,4.9,True,False,False,False,True,False,65.91833333333334,3.0384509803921573,1.8367346938775508
S3575,Emma,Jones,student2575@university.com,24,82.81,64.68,68.19,66.92,57.48,13.0,63.49,62.23249999999999,1,25.5,0,0,1,1,7,5.8,True,False,False,True,False,False,55.62666666666667,2.440490196078431,1.206896551724138
S3576,Ali,Davis,student2576@university.com,24,70.77,70.22,66.31,55.68,62.41,58.1,56.51,61.56150000000001,1,13.4,0,0,0,2,10,6.9,True,False,False,True,False,False,61.53833333333333,4.594141791044777,1.4492753623188406
S3577,Ahmed,Davis,student2577@university.com,21,81.55,88.87,91.6,94.11,96.51,53.6,71.25,84.053,3,16.3,0,0,0,2,2,6.9,True,False,True,False,False,False,82.65666666666667,5.156625766871166,0.2898550724637681
S3578,Maria,Smith,student2578@university.com,18,69.29,89.16,41.39,80.77,59.24,94.3,51.32,61.872,1,29.4,0,0,1,0,8,7.4,False,True,False,True,False,False,69.36333333333333,2.1044897959183677,1.081081081081081
S3579,Sara,Brown,student2579@university.com,22,66.98,87.9,55.08,89.82,84.75,69.5,94.17,80.629,3,25.7,0,0,3,2,6,8.4,False,True,True,False,False,False,80.20333333333333,3.1373151750972768,0.7142857142857143
S3580,Emma,Davis,student2580@university.com,19,81.72,46.07,47.28,68.58,98.23,29.4,61.99,58.9075,0,10.4,0,0,3,0,6,7.3,True,False,True,False,False,False,58.59166666666667,5.664182692307692,0.8219178082191781
S3581,Omar,Brown,student2581@university.com,23,79.55,87.98,42.12,70.51,55.98,16.1,77.46,63.94449999999999,1,12.0,0,1,0,0,4,4.9,True,False,True,False,False,False,58.35833333333334,5.328708333333332,0.8163265306122448
S3582,Sara,Williams,student2582@university.com,22,64.68,47.22,56.54,65.88,69.96,85.0,55.75,59.071,0,7.1,1,0,1,2,5,4.1,True,False,False,False,True,False,63.39166666666666,8.319859154929578,1.2195121951219514
S3583,Emma,Smith,student2583@university.com,21,57.47,47.48,99.31,71.92,61.2,46.0,77.66,74.4555,2,21.9,1,0,1,0,9,5.0,False,True,True,False,False,False,67.26166666666666,3.3997945205479456,1.8
S3584,Omar,Davis,student2584@university.com,23,68.43,96.87,56.21,80.52,61.08,65.3,51.95,65.619,1,12.9,0,1,1,1,7,8.5,False,True,False,True,False,False,68.655,5.086744186046512,0.8235294117647058
S3585,Sara,Johnson,student2585@university.com,22,70.76,89.16,79.82,74.65,55.95,56.5,88.44,79.4785,2,18.4,1,1,1,0,1,6.8,False,True,False,False,False,True,74.08666666666666,4.319483695652174,0.1470588235294117
S3586,Emma,Williams,student2586@university.com,18,81.43,73.14,47.1,91.9,82.48,10.7,97.77,74.64500000000001,2,24.2,1,1,1,1,2,8.2,False,True,False,False,True,False,67.18166666666666,3.0845041322314053,0.2439024390243902
S3587,Sara,Brown,student2587@university.com,24,95.73,92.5,76.11,95.01,87.32,5.699999999999999,65.35,75.776,2,25.9,0,1,0,0,1,5.2,False,True,False,True,False,False,70.33166666666666,2.9257142857142857,0.1923076923076923
S3588,Sara,Davis,student2588@university.com,18,51.81,99.36,99.07,73.48,83.84,37.7,62.91,79.8355,2,13.1,0,1,0,0,9,7.5,False,True,True,False,False,False,76.06,6.094312977099237,1.2
S3589,Omar,Smith,student2589@university.com,23,62.18,76.64,57.51,61.99,96.23,36.2,72.4,68.325,1,10.9,1,1,1,0,10,7.7,False,True,True,False,False,False,66.82833333333333,6.268348623853211,1.2987012987012987
S3590,Sara,Jones,student2590@university.com,20,59.69,76.77,90.88,97.26,57.28,67.4,81.0,82.2225,3,26.2,0,0,3,2,1,8.0,False,True,False,False,False,True,78.43166666666666,3.1382633587786257,0.125
S3591,Sara,Johnson,student2591@university.com,24,75.11,85.27,99.85,86.75,65.99,63.2,59.45,78.3595,2,14.5,0,0,2,2,3,6.7,True,False,False,True,False,False,76.75166666666667,5.404103448275862,0.4477611940298507
S3592,Omar,Brown,student2592@university.com,19,71.49,53.93,75.31,82.01,67.23,96.9,90.17,77.8375,2,25.5,0,1,1,2,6,8.0,False,True,False,False,True,False,77.59166666666667,3.052450980392157,0.75
S3593,Maria,Williams,student2593@university.com,23,86.45,50.03,58.56,87.27,61.6,85.8,59.93,63.664,1,8.7,1,1,1,2,6,8.7,False,True,False,True,False,False,67.19833333333334,7.317701149425288,0.6896551724137931
S3594,Ali,Smith,student2594@university.com,21,62.12,85.57,80.41,53.8,57.11,49.7,50.27,64.285,1,27.8,1,1,2,1,9,8.8,False,True,True,False,False,False,62.81,2.312410071942446,1.0227272727272727
S3595,Liam,Johnson,student2595@university.com,19,79.72,60.69,90.69,53.38,74.34,50.0,76.21,72.58,2,17.1,0,1,2,0,9,4.6,False,True,False,False,True,False,67.55166666666666,4.244444444444444,1.956521739130435
S3596,John,Smith,student2596@university.com,22,94.19,48.1,50.28,57.66,91.72,67.4,55.76,57.70399999999999,0,9.3,1,1,2,2,4,7.1,True,False,True,False,False,False,61.81999999999999,6.2047311827956975,0.5633802816901409
S3597,Ahmed,Davis,student2597@university.com,24,95.53,58.89,67.15,57.37,97.73,11.4,84.91,70.0425,2,18.4,1,0,2,0,1,4.6,False,True,True,False,False,False,62.90833333333333,3.806657608695653,0.2173913043478261
S3598,John,Jones,student2598@university.com,21,97.94,61.52,59.15,71.03,56.47,100.0,58.37,62.828,1,26.8,1,0,2,2,10,8.6,True,False,False,True,False,False,67.75666666666666,2.344328358208956,1.162790697674419
S3599,John,Williams,student2599@university.com,21,88.66,97.91,57.0,57.87,91.16,51.900000000000006,90.87,76.589,2,14.7,0,1,1,1,9,8.8,True,False,False,False,False,True,74.45166666666667,5.210136054421769,1.0227272727272727
S3600,Emma,Smith,student2600@university.com,18,95.3,81.88,91.65,92.73,91.23,91.0,73.52,84.833,3,9.5,0,1,0,0,2,6.5,True,False,True,False,False,False,87.00166666666667,8.92978947368421,0.3076923076923077
S3601,Ali,Brown,student2601@university.com,22,61.73,71.85,65.3,78.9,69.45,96.7,78.31,74.2105,2,19.4,0,1,0,1,10,8.8,False,True,False,True,False,False,76.75166666666667,3.825283505154639,1.1363636363636362
S3602,Emma,Davis,student2602@university.com,18,59.88,98.13,60.34,68.41,55.5,58.2,59.33,66.32499999999999,1,25.9,0,1,1,2,10,7.8,False,True,False,False,True,False,66.65166666666666,2.5608108108108105,1.2820512820512822
S3603,Ali,Davis,student2603@university.com,18,50.32,94.19,76.21,53.48,99.5,10.3,57.33,68.86699999999999,1,8.0,0,0,3,0,4,7.5,False,True,False,False,False,True,65.16833333333334,8.608374999999999,0.5333333333333333
S3605,Omar,Davis,student2605@university.com,20,96.87,94.34,53.79,55.83,99.11,59.8,62.77,67.705,1,6.4,0,0,2,2,2,6.0,True,False,True,False,False,False,70.94,10.57890625,0.3333333333333333
S3606,Liam,Brown,student2606@university.com,18,59.35,64.26,71.22,87.16,74.18,78.89999999999999,69.3,72.67099999999999,2,10.8,0,0,0,1,9,8.8,True,False,False,False,True,False,74.17,6.728796296296295,1.0227272727272727
S3608,Sara,Williams,student2608@university.com,21,87.32,53.96,57.7,77.2,62.36,46.6,61.48,61.109,1,15.7,0,0,2,0,10,8.0,False,True,True,False,False,False,59.88333333333335,3.8922929936305737,1.25
S3609,Maria,Davis,student2609@university.com,24,96.38,79.74,43.24,57.48,99.18,92.3,89.77,72.857,2,22.4,1,0,1,2,9,5.8,False,True,False,False,True,False,76.95166666666667,3.252544642857143,1.5517241379310345
S3610,Liam,Davis,student2610@university.com,18,82.34,70.06,71.25,89.34,62.66,99.1,96.97,82.0345,3,22.8,1,0,2,0,9,7.8,False,True,True,False,False,False,81.56333333333333,3.598004385964912,1.153846153846154
S3611,Liam,Brown,student2611@university.com,23,98.51,79.54,89.0,65.39,51.19,19.1,71.59,71.5405,2,20.9,0,0,2,0,8,4.8,True,False,False,True,False,False,62.63500000000001,3.4229904306220096,1.6666666666666667
S3612,Sara,Jones,student2612@university.com,19,67.23,81.16,91.08,61.13,75.62,87.10000000000001,95.88,84.7945,3,12.4,1,0,0,2,3,5.9,True,False,False,False,False,True,81.995,6.838266129032258,0.5084745762711864
S3613,Maria,Jones,student2613@university.com,22,67.5,41.34,54.13,73.53,68.85,14.6,94.13,66.61699999999999,1,23.4,0,0,0,1,9,8.7,False,True,False,True,False,False,57.76333333333333,2.846880341880341,1.0344827586206895
S3614,Emma,Davis,student2614@university.com,21,77.15,43.24,75.98,96.13,63.07,84.1,58.3,67.9025,1,19.4,0,0,2,0,3,6.8,False,True,False,True,False,False,70.13666666666667,3.5001288659793817,0.4411764705882353
S3615,Maria,Smith,student2615@university.com,24,69.18,71.96,91.35,64.87,81.73,27.7,58.67,70.52099999999999,2,26.5,1,1,0,0,9,6.5,True,False,False,True,False,False,66.04666666666667,2.6611698113207543,1.3846153846153846
S3616,Emma,Williams,student2616@university.com,23,50.07,51.46,64.52,95.28,68.21,96.0,73.87,71.923,2,17.0,0,1,1,0,2,7.8,False,True,False,False,True,False,74.89,4.230764705882353,0.2564102564102564
S3617,Omar,Davis,student2617@university.com,24,86.59,77.95,95.93,52.68,70.11,69.5,76.29,76.95000000000002,2,9.5,1,0,2,2,7,6.1,False,True,True,False,False,False,73.74333333333334,8.100000000000001,1.1475409836065575
S3618,John,Johnson,student2618@university.com,24,87.59,73.13,94.18,54.18,51.15,39.900000000000006,67.06,69.86949999999999,1,20.9,1,1,0,0,2,6.5,True,False,False,False,False,True,63.26666666666666,3.3430382775119614,0.3076923076923077
S3619,Omar,Williams,student2619@university.com,23,87.35,75.15,52.49,84.93,79.45,28.1,65.65,66.1795,1,8.8,1,1,1,1,5,6.8,True,False,False,False,True,False,64.29500000000002,7.520397727272727,0.7352941176470589
S3620,Omar,Jones,student2620@university.com,22,67.25,58.15,55.54,59.53,56.1,23.5,71.57,59.79299999999999,0,29.1,1,1,1,1,2,8.9,True,False,False,True,False,False,54.065,2.054742268041237,0.2247191011235955
S3621,John,Davis,student2621@university.com,23,76.11,78.39,50.83,65.83,60.69,68.1,84.52,69.1705,1,22.6,0,1,1,2,8,8.0,False,True,False,False,False,True,68.06,3.060641592920354,1.0
S3622,Maria,Brown,student2622@university.com,19,68.0,89.77,51.76,56.82,85.86,89.60000000000001,54.22,64.26050000000001,1,23.9,0,0,3,2,2,4.2,True,False,False,True,False,False,71.33833333333332,2.6887238493723853,0.4761904761904761
S3623,Liam,Johnson,student2623@university.com,24,50.8,99.88,94.47,66.61,65.66,75.5,85.53,84.59100000000001,3,22.0,0,0,1,2,9,7.9,False,True,False,True,False,False,81.27499999999999,3.845045454545455,1.1392405063291138
S3625,Emma,Smith,student2625@university.com,24,56.19,73.45,43.11,86.82,78.87,78.1,88.18,73.064,2,16.6,1,1,1,1,4,5.2,True,False,False,False,False,True,74.75500000000001,4.401445783132529,0.7692307692307692
S3626,Sara,Johnson,student2626@university.com,23,54.0,51.61,75.62,85.1,60.75,97.9,59.58,68.2555,1,21.3,1,1,1,2,7,8.3,False,True,True,False,False,False,71.76,3.2044835680751174,0.8433734939759036
S3627,Emma,Davis,student2627@university.com,22,87.77,80.89,73.85,97.75,63.55,75.8,54.37,71.7145,2,10.7,1,1,3,0,9,5.4,True,False,False,True,False,False,74.36833333333334,6.702289719626169,1.6666666666666663
S3628,Sara,Smith,student2628@university.com,22,50.48,96.26,63.43,86.22,81.07,21.0,74.52,74.74249999999999,2,22.0,0,0,1,1,3,5.6,True,False,True,False,False,False,70.41666666666667,3.3973863636363637,0.5357142857142857
S3629,Omar,Johnson,student2629@university.com,18,97.95,52.71,77.9,84.74,86.99,79.2,97.82,82.0975,3,25.5,0,0,0,2,2,4.3,False,True,False,False,False,True,79.89333333333333,3.2195098039215684,0.4651162790697674
S3630,John,Smith,student2630@university.com,18,75.76,55.36,96.84,84.71,86.98,32.2,90.95,82.8135,3,11.9,1,1,1,2,6,8.9,False,True,False,False,False,True,74.50666666666666,6.959117647058823,0.6741573033707865
S3631,Omar,Smith,student2631@university.com,18,99.15,48.94,50.22,94.15,74.11,99.6,78.14,69.85150000000002,1,10.0,0,0,0,0,1,8.0,True,False,False,True,False,False,74.19333333333333,6.985150000000002,0.125
S3632,Ali,Johnson,student2632@university.com,23,52.9,84.2,47.22,64.81,72.71,37.7,57.15,60.4575,1,27.1,0,0,3,1,5,4.7,True,False,True,False,False,False,60.63166666666666,2.2309040590405904,1.0638297872340423
S3634,Sara,Smith,student2634@university.com,19,67.47,43.76,61.83,87.06,59.65,23.9,90.65,69.4355,1,11.4,0,1,0,0,3,5.7,True,False,False,True,False,False,61.14166666666667,6.090833333333333,0.5263157894736842
S3635,Emma,Jones,student2635@university.com,23,92.17,92.5,60.26,61.44,57.61,65.9,96.75,76.237,2,15.2,1,0,0,0,5,4.2,True,False,False,False,True,False,72.41000000000001,5.015592105263158,1.1904761904761905
S3636,John,Johnson,student2636@university.com,24,68.06,73.46,65.85,95.6,83.23,10.9,80.61,74.8725,2,21.8,0,1,1,2,9,8.6,True,False,False,False,True,False,68.27499999999999,3.434518348623853,1.0465116279069768
S3637,Sara,Davis,student2637@university.com,18,63.02,59.87,70.2,76.74,70.48,95.4,75.72,72.5755,2,29.9,1,0,1,0,1,8.2,False,True,False,False,False,True,74.73500000000001,2.427274247491639,0.1219512195121951
S3638,Emma,Williams,student2638@university.com,22,92.88,60.64,85.47,65.01,85.5,29.4,80.96,74.523,2,14.3,0,0,0,0,9,8.9,False,True,False,False,False,True,67.83,5.211398601398601,1.0112359550561798
S3639,Maria,Brown,student2639@university.com,23,68.73,57.42,63.53,88.8,62.83,29.5,97.16,74.72149999999999,2,28.7,0,0,2,0,1,5.2,False,True,False,False,True,False,66.54,2.6035365853658536,0.1923076923076923
S3640,Omar,Smith,student2640@university.com,22,50.84,67.33,59.84,65.62,66.24,4.6000000000000005,81.41,66.1795,1,14.2,1,1,1,1,4,7.5,False,True,False,False,True,False,57.50666666666668,4.660528169014085,0.5333333333333333
S3641,Maria,Smith,student2641@university.com,24,69.51,60.22,89.61,98.16,94.83,24.6,62.88,75.73649999999999,2,22.4,1,1,1,1,1,4.6,True,False,False,False,True,False,71.71666666666667,3.38109375,0.2173913043478261
S3642,Ahmed,Brown,student2642@university.com,22,82.73,72.88,90.99,99.15,71.08,41.900000000000006,81.81,82.298,3,9.1,0,1,2,0,8,6.2,False,True,False,True,False,False,76.30166666666666,9.043736263736264,1.2903225806451613
S3643,Ali,Jones,student2643@university.com,22,62.72,86.41,53.97,83.34,79.55,37.0,93.99,76.957,2,16.5,0,0,3,0,7,8.2,False,True,False,True,False,False,72.37666666666667,4.664060606060605,0.853658536585366
S3644,Ahmed,Brown,student2644@university.com,20,71.6,80.47,58.88,55.68,55.33,27.3,78.35,65.5455,1,26.8,1,1,3,1,3,4.0,True,False,False,True,False,False,59.335,2.445727611940298,0.75
S3645,John,Johnson,student2645@university.com,21,52.84,57.67,89.51,63.16,58.94,4.1,75.13,69.13999999999999,1,13.0,0,1,1,0,5,6.4,False,True,False,True,False,False,58.085,5.318461538461538,0.78125
S3646,Sara,Brown,student2646@university.com,19,79.4,71.72,44.76,75.77,51.79,30.1,86.67,65.9985,1,7.6,0,1,1,0,2,6.2,True,False,False,True,False,False,60.135,8.684013157894737,0.3225806451612903
S3647,John,Smith,student2647@university.com,19,87.81,90.41,59.55,92.57,71.22,77.8,83.05,78.2615,2,18.1,1,0,3,1,10,7.5,True,False,False,True,False,False,79.10000000000001,4.3238397790055245,1.3333333333333333
S3648,Omar,Brown,student2648@university.com,18,70.67,44.09,66.9,59.24,99.45,43.9,52.83,60.2135,1,16.0,1,0,3,0,5,5.2,True,False,False,False,False,True,61.06833333333333,3.76334375,0.9615384615384616
S3649,Emma,Williams,student2649@university.com,20,71.01,44.7,51.22,55.22,93.69,29.1,86.27,64.49799999999999,1,10.7,0,1,0,0,5,4.9,True,False,True,False,False,False,60.03333333333333,6.027850467289719,1.020408163265306
S3650,Maria,Davis,student2650@university.com,23,54.41,73.37,50.79,53.72,81.65,30.5,70.38,62.565,1,27.6,1,1,0,1,9,7.3,True,False,False,False,False,True,60.06833333333333,2.2668478260869565,1.2328767123287672
S3651,Ahmed,Johnson,student2651@university.com,23,60.1,78.35,65.49,75.35,93.05,55.4,97.04,80.61449999999999,3,20.0,1,0,3,2,5,7.2,False,True,True,False,False,False,77.44666666666666,4.030725,0.6944444444444444
S3652,Liam,Brown,student2652@university.com,19,57.73,52.68,85.27,94.24,79.71,30.2,98.54,82.3985,3,13.7,1,1,1,0,2,7.8,False,True,False,False,False,True,73.44,6.01448905109489,0.2564102564102564
S3653,Ahmed,Smith,student2653@university.com,21,74.08,84.71,90.41,52.12,68.44,63.1,72.44,74.858,2,29.9,0,0,0,0,3,5.2,False,True,False,False,False,True,71.87,2.50361204013378,0.5769230769230769
S3654,Omar,Davis,student2654@university.com,22,76.46,78.78,98.75,60.62,58.68,98.9,98.44,85.9425,3,8.4,0,0,1,0,6,4.1,True,False,False,True,False,False,82.36166666666666,10.23125,1.4634146341463417
S3655,Ahmed,Johnson,student2655@university.com,24,97.45,95.4,44.44,84.66,82.65,4.1,65.54,66.251,1,26.2,0,1,1,2,1,8.4,False,True,False,True,False,False,62.79833333333334,2.5286641221374047,0.119047619047619
S3656,Omar,Smith,student2656@university.com,18,53.66,50.14,53.0,91.29,59.65,16.9,84.13,66.5135,1,10.8,1,1,1,1,6,5.0,False,True,True,False,False,False,59.185,6.158657407407406,1.2
S3657,Liam,Jones,student2657@university.com,21,79.99,85.08,85.4,90.37,70.87,17.9,53.75,71.77450000000002,2,11.0,1,1,0,1,5,6.1,False,True,True,False,False,False,67.22833333333334,6.5249545454545474,0.819672131147541
S3658,John,Williams,student2658@university.com,19,76.32,45.02,72.44,89.25,91.29,44.7,57.25,66.7895,1,17.5,1,0,2,1,2,6.3,False,True,False,True,False,False,66.65833333333333,3.816542857142857,0.3174603174603174
S3659,Maria,Jones,student2659@university.com,20,75.81,73.92,59.66,56.49,56.46,4.1,93.23,68.29650000000001,1,21.5,0,0,1,1,2,4.9,True,False,False,False,False,True,57.31,3.1765813953488378,0.4081632653061224
S3660,Sara,Williams,student2660@university.com,18,93.66,73.11,52.34,69.86,56.45,47.8,94.69,70.97250000000001,2,22.3,1,1,3,0,2,6.6,False,True,True,False,False,False,65.70833333333333,3.1826233183856507,0.303030303030303
S3662,Sara,Johnson,student2662@university.com,23,52.04,90.67,65.76,99.44,77.6,1.2,66.99,72.87349999999999,2,12.2,1,1,1,2,10,5.4,True,False,False,False,True,False,66.94333333333334,5.9732377049180325,1.851851851851852
S3663,John,Brown,student2663@university.com,18,83.61,40.26,50.63,80.12,62.59,36.5,72.55,60.563500000000005,1,21.5,0,0,1,1,2,6.6,False,True,False,False,True,False,57.10833333333334,2.8169069767441863,0.303030303030303
S3664,Emma,Williams,student2664@university.com,19,67.26,71.21,97.85,85.46,75.16,76.10000000000001,93.48,87.32799999999999,3,27.2,1,1,3,1,3,5.5,True,False,True,False,False,False,83.21,3.210588235294117,0.5454545454545454
S3665,Ahmed,Williams,student2665@university.com,23,50.88,53.03,46.46,97.56,65.1,15.4,60.55,59.6485,0,21.7,0,1,1,0,9,8.9,True,False,False,True,False,False,56.35,2.748778801843318,1.0112359550561798
S3666,Liam,Williams,student2666@university.com,24,62.57,84.61,99.13,72.5,75.31,7.800000000000001,64.74,75.692,2,11.6,0,0,2,1,3,5.1,True,False,False,True,False,False,67.34833333333334,6.525172413793103,0.5882352941176471
S3667,Liam,Davis,student2667@university.com,23,65.47,42.58,90.51,56.84,63.88,63.1,89.27,73.86449999999999,2,17.7,1,1,3,1,7,4.5,True,False,False,True,False,False,67.69666666666667,4.173135593220339,1.5555555555555556
S3668,Ali,Smith,student2668@university.com,22,80.84,89.89,65.39,83.45,99.0,1.0,96.76,81.3265,3,21.2,0,1,2,1,3,4.7,True,False,True,False,False,False,72.58166666666666,3.8361556603773583,0.6382978723404255
S3669,John,Johnson,student2669@university.com,20,58.63,90.29,84.39,98.01,74.64,80.19999999999999,54.65,77.2115,2,8.4,0,1,2,1,6,5.8,True,False,True,False,False,False,80.36333333333333,9.191845238095238,1.0344827586206895
S3670,John,Brown,student2670@university.com,22,70.65,89.97,80.29,84.86,87.18,6.7,90.19,82.407,3,18.6,0,1,2,2,9,6.8,True,False,False,False,True,False,73.19833333333334,4.430483870967741,1.3235294117647058
S3671,Maria,Brown,student2671@university.com,19,74.12,49.15,52.8,90.17,85.03,52.400000000000006,82.25,69.896,1,16.8,0,0,3,1,6,7.3,False,True,True,False,False,False,68.63333333333333,4.16047619047619,0.8219178082191781
S3672,Sara,Jones,student2672@university.com,24,72.96,77.82,60.34,71.14,74.53,74.0,61.54,67.04400000000001,1,13.4,0,1,0,1,4,6.8,False,True,False,False,True,False,69.89500000000001,5.003283582089553,0.5882352941176471
S3673,John,Williams,student2673@university.com,21,98.7,40.86,70.79,54.82,61.94,24.2,87.79,65.79050000000001,1,20.6,0,0,3,0,5,8.5,True,False,False,False,True,False,56.73333333333333,3.19371359223301,0.5882352941176471
S3674,John,Williams,student2674@university.com,24,52.28,90.88,78.27,58.44,75.54,10.4,86.4,75.9595,2,20.9,0,1,1,1,8,5.8,True,False,False,True,False,False,66.65499999999999,3.634425837320575,1.3793103448275863
S3675,Ahmed,Williams,student2675@university.com,24,97.55,83.38,72.57,99.13,84.05,17.6,57.1,71.934,2,29.3,1,1,2,1,8,7.6,False,True,True,False,False,False,68.97166666666668,2.4550853242320816,1.0526315789473684
S3676,Ahmed,Brown,student2676@university.com,24,79.1,71.87,68.38,74.66,73.0,85.5,75.11,73.18249999999999,2,15.7,0,1,1,0,7,5.3,False,True,False,True,False,False,74.75333333333333,4.661305732484076,1.3207547169811322
S3677,Emma,Jones,student2677@university.com,22,89.79,83.84,66.59,50.6,54.1,70.6,87.91,72.1265,2,18.3,1,1,2,0,5,7.4,False,True,False,True,False,False,68.94,3.941338797814207,0.6756756756756757
S3678,Omar,Smith,student2678@university.com,21,71.52,45.66,69.9,97.77,50.9,19.8,59.58,62.9435,1,8.9,0,1,2,1,9,8.6,False,True,True,False,False,False,57.26833333333333,7.072303370786517,1.0465116279069768
S3679,Omar,Davis,student2679@university.com,23,72.69,71.72,66.06,74.89,66.39,71.6,73.14,70.6675,2,18.7,0,0,1,0,1,8.9,True,False,True,False,False,False,70.63333333333333,3.779010695187166,0.1123595505617977
S3681,Omar,Smith,student2681@university.com,20,94.8,98.36,93.28,77.42,95.31,99.8,65.34,83.81,3,8.7,1,0,2,1,10,8.7,False,True,False,False,True,False,88.25166666666667,9.633333333333336,1.149425287356322
S3682,Maria,Brown,student2682@university.com,21,61.93,91.43,77.97,55.09,58.79,39.2,60.9,67.5795,1,9.3,0,1,1,2,7,7.4,False,True,False,False,False,True,63.89666666666667,7.266612903225805,0.945945945945946
S3683,Ali,Davis,student2683@university.com,19,59.96,84.0,83.36,80.78,69.71,86.5,75.25,79.428,2,20.8,1,0,3,0,5,8.8,False,True,False,False,True,False,79.93333333333334,3.818653846153846,0.5681818181818181
S3684,Emma,Davis,student2684@university.com,21,74.81,96.02,75.85,99.87,85.6,44.6,57.06,76.25399999999999,2,19.2,0,0,2,1,4,8.5,False,True,False,False,True,False,76.50000000000001,3.9715625,0.4705882352941176
S3685,Ahmed,Davis,student2685@university.com,22,95.01,60.81,78.58,51.74,90.77,89.80000000000001,69.16,70.8425,2,25.0,0,1,2,0,5,4.5,True,False,False,False,True,False,73.47666666666667,2.8337,1.1111111111111112
S3686,Omar,Williams,student2686@university.com,19,66.12,94.05,74.7,92.09,73.89,9.2,63.76,73.57300000000001,2,16.6,0,1,3,2,1,6.4,False,True,False,True,False,False,67.94833333333334,4.43210843373494,0.15625
S3687,Sara,Johnson,student2687@university.com,22,82.6,59.51,41.61,61.77,59.06,17.5,87.3,61.5655,1,16.9,1,1,1,2,4,5.7,False,True,False,True,False,False,54.458333333333336,3.64292899408284,0.7017543859649122
S3688,Ahmed,Brown,student2688@university.com,18,85.41,83.97,99.98,69.69,63.54,85.0,84.98,84.142,3,9.0,0,1,1,1,1,4.1,False,True,True,False,False,False,81.19333333333334,9.34911111111111,0.2439024390243902
S3689,Liam,Brown,student2689@university.com,19,88.93,84.19,42.02,68.64,70.95,81.89999999999999,54.75,61.0445,1,23.6,0,0,1,2,2,6.3,True,False,False,False,True,False,67.075,2.5866313559322034,0.3174603174603174
S3691,Ahmed,Brown,student2691@university.com,18,70.12,61.66,46.31,75.22,67.43,59.7,87.23,68.0065,1,15.6,0,1,2,1,5,4.2,True,False,False,False,True,False,66.25833333333334,4.359391025641026,1.1904761904761905
S3692,Maria,Johnson,student2692@university.com,22,98.35,41.17,45.82,72.36,56.59,38.3,80.8,60.2985,1,9.7,0,0,1,0,9,6.2,False,True,False,True,False,False,55.84,6.216340206185567,1.4516129032258065
S3693,Maria,Johnson,student2693@university.com,22,80.57,99.83,87.61,90.9,95.67,1.0,73.89,82.29599999999999,3,24.3,1,0,1,1,9,5.2,False,True,True,False,False,False,74.81666666666668,3.3866666666666663,1.7307692307692306
S3695,Emma,Jones,student2695@university.com,18,67.25,72.57,88.07,54.32,72.0,5.4,98.1,77.95100000000001,2,22.7,0,0,1,0,5,8.1,True,False,False,False,False,True,65.07666666666665,3.433964757709252,0.617283950617284
S3696,Maria,Smith,student2696@university.com,24,83.5,87.43,56.37,51.08,99.02,59.400000000000006,50.39,62.858,1,8.7,1,1,1,0,3,8.8,True,False,False,False,False,True,67.28166666666665,7.225057471264368,0.3409090909090909
S3697,Maria,Johnson,student2697@university.com,23,62.89,52.08,55.39,84.4,82.99,27.9,84.62,69.3995,1,21.7,0,0,1,0,4,8.4,False,True,False,False,False,True,64.56333333333333,3.1981336405529954,0.4761904761904761
S3698,Liam,Johnson,student2698@university.com,20,62.25,69.1,55.07,76.28,67.77,14.4,75.37,65.6825,1,22.3,1,0,1,1,5,7.6,False,True,True,False,False,False,59.66499999999999,2.945403587443946,0.6578947368421053
S3700,Ali,Jones,student2700@university.com,22,76.07,49.61,88.9,74.93,98.19,12.1,69.03,72.039,2,12.9,0,0,1,1,6,4.3,False,True,True,False,False,False,65.46,5.584418604651162,1.3953488372093024
S3701,John,Davis,student2701@university.com,19,84.16,86.71,67.14,61.09,50.7,67.4,75.93,70.17399999999999,2,7.2,0,0,2,2,8,5.3,False,True,False,True,False,False,68.16166666666666,9.746388888888887,1.509433962264151
S3702,Liam,Davis,student2702@university.com,18,63.47,57.96,62.75,90.26,84.07,89.39999999999999,87.12,76.9335,2,22.0,1,0,1,1,8,7.6,False,True,False,True,False,False,78.59333333333333,3.4969772727272725,1.0526315789473684
S3703,Ali,Brown,student2703@university.com,23,79.94,52.66,98.41,64.72,94.01,16.4,52.38,68.14450000000001,1,10.3,0,1,1,0,8,6.0,True,False,True,False,False,False,63.09666666666666,6.6159708737864085,1.3333333333333333
S3704,Maria,Davis,student2704@university.com,20,72.2,73.5,47.01,96.78,51.26,21.5,52.72,59.3115,0,11.6,0,0,0,0,3,5.6,False,True,False,True,False,False,57.12833333333333,5.113060344827587,0.5357142857142857
S3705,Sara,Williams,student2705@university.com,19,79.85,64.62,69.2,62.52,86.26,57.400000000000006,60.58,66.041,1,7.0,1,1,1,1,4,4.5,False,True,False,True,False,False,66.76333333333334,9.43442857142857,0.8888888888888888
S3706,Ahmed,Jones,student2706@university.com,18,64.54,95.22,64.51,58.39,99.94,50.8,57.32,68.899,1,17.1,1,1,1,2,4,4.4,False,True,True,False,False,False,71.03,4.029181286549707,0.9090909090909092
S3707,Sara,Johnson,student2707@university.com,23,85.77,92.8,45.89,74.67,81.98,52.1,50.32,62.492,1,5.8,0,0,2,1,7,5.0,False,True,False,False,False,True,66.29333333333334,10.774482758620689,1.4
S3708,Liam,Davis,student2708@university.com,21,90.3,69.0,56.09,52.53,70.73,55.5,81.15,66.44500000000001,1,26.1,1,0,3,1,5,8.2,True,False,True,False,False,False,64.16666666666667,2.545785440613027,0.6097560975609757
S3711,Omar,Smith,student2711@university.com,24,83.06,56.05,76.47,60.76,87.47,76.0,72.05,70.80099999999999,2,21.0,0,1,1,0,5,4.3,False,True,True,False,False,False,71.46666666666667,3.37147619047619,1.162790697674419
S3712,Sara,Johnson,student2712@university.com,18,84.78,72.67,88.9,50.47,79.39,23.3,63.99,68.997,1,27.9,0,1,3,0,1,4.9,True,False,False,True,False,False,63.120000000000005,2.473010752688172,0.2040816326530612
S3713,Maria,Smith,student2713@university.com,23,85.2,88.3,71.29,64.8,51.91,37.400000000000006,93.2,75.80850000000001,2,27.3,0,0,3,2,4,6.2,False,True,False,False,False,True,67.81666666666665,2.7768681318681323,0.6451612903225806
S3714,Emma,Johnson,student2714@university.com,20,84.13,58.65,75.97,73.87,60.66,8.9,92.22,73.0475,2,7.1,1,1,1,0,7,4.8,True,False,False,True,False,False,61.711666666666666,10.288380281690142,1.4583333333333337
S3715,Omar,Jones,student2715@university.com,23,69.64,51.41,82.05,69.71,53.94,44.6,81.24,70.67649999999999,2,12.2,0,1,1,0,3,7.8,False,True,True,False,False,False,63.825,5.793155737704917,0.3846153846153846
S3716,Sara,Brown,student2716@university.com,18,69.74,68.53,94.48,56.77,55.33,80.39999999999999,63.66,71.066,2,18.0,1,0,2,0,7,7.9,True,False,False,False,False,True,69.86166666666666,3.9481111111111113,0.8860759493670886
S3718,John,Davis,student2718@university.com,19,57.84,82.08,59.86,85.52,71.06,27.6,58.92,66.26700000000001,1,18.2,1,0,1,2,1,7.6,True,False,False,False,False,True,64.17333333333333,3.6410439560439567,0.131578947368421
S3719,Sara,Williams,student2719@university.com,23,84.63,71.1,82.54,83.78,58.93,37.3,52.18,67.27900000000001,1,16.2,1,0,1,0,4,6.6,False,True,False,False,True,False,64.30499999999999,4.153024691358025,0.6060606060606061
S3720,Emma,Smith,student2720@university.com,23,54.66,69.78,97.5,69.69,92.78,10.4,89.83,82.04249999999999,3,19.7,0,0,2,1,10,8.8,False,True,True,False,False,False,71.66333333333333,4.164593908629441,1.1363636363636362
S3721,Ahmed,Davis,student2721@university.com,21,96.89,58.03,98.85,56.88,87.5,76.2,78.18,77.963,2,28.0,1,1,1,1,3,7.9,False,True,True,False,False,False,75.94,2.784392857142857,0.3797468354430379
S3722,Maria,Jones,student2722@university.com,18,91.33,94.28,78.29,74.97,78.66,78.7,62.32,75.457,2,11.9,1,0,2,0,4,6.9,True,False,False,False,False,True,77.86999999999999,6.340924369747898,0.5797101449275363
S3723,John,Brown,student2723@university.com,21,92.88,45.43,51.62,94.52,74.45,83.6,83.54,70.5845,2,21.0,0,0,1,2,6,7.0,False,True,False,True,False,False,72.19333333333334,3.361166666666667,0.8571428571428571
S3724,Ahmed,Jones,student2724@university.com,20,95.33,92.19,47.15,73.44,62.79,58.4,88.34,72.333,2,15.7,0,0,1,0,10,4.9,False,True,False,False,False,True,70.38499999999999,4.6071974522293,2.0408163265306123
S3725,Sara,Smith,student2725@university.com,24,70.43,62.6,96.76,59.78,73.75,50.7,92.23,80.12599999999999,3,15.9,0,1,1,0,4,8.5,False,True,False,False,True,False,72.63666666666667,5.03937106918239,0.4705882352941176
S3726,Liam,Williams,student2726@university.com,19,92.34,92.84,66.04,54.65,82.06,26.3,64.11,67.3875,1,21.2,1,1,0,1,7,6.8,False,True,False,False,False,True,64.33333333333334,3.1786556603773586,1.0294117647058825
S3727,Ahmed,Davis,student2727@university.com,22,57.9,83.73,51.69,97.2,89.11,65.5,51.28,67.632,1,28.8,1,0,3,1,8,6.9,False,True,True,False,False,False,73.085,2.3483333333333336,1.1594202898550725
S3728,Omar,Jones,student2728@university.com,22,51.08,46.25,96.03,87.15,54.08,44.5,75.5,74.3005,2,26.6,1,1,2,0,3,6.9,False,True,False,False,False,True,67.25166666666667,2.793251879699248,0.4347826086956521
S3729,Ali,Johnson,student2729@university.com,18,89.24,89.89,46.27,65.65,85.42,97.1,92.8,76.13550000000001,2,21.0,1,1,0,0,3,5.4,True,False,False,True,False,False,79.52166666666668,3.6255,0.5555555555555555
S3730,John,Brown,student2730@university.com,18,53.74,80.93,83.77,64.77,87.14,96.8,60.39,74.4685,2,16.5,1,1,2,2,2,8.1,True,False,True,False,False,False,78.96666666666665,4.513242424242424,0.2469135802469136
S3731,Sara,Jones,student2731@university.com,22,99.43,41.94,77.52,94.76,77.95,90.5,71.06,73.523,2,15.6,1,1,0,1,6,8.3,False,True,False,True,False,False,75.62166666666667,4.71301282051282,0.7228915662650601
S3732,Liam,Brown,student2732@university.com,18,83.74,48.02,45.26,58.88,60.72,36.0,62.82,54.068,0,24.7,0,1,2,0,6,5.4,True,False,False,False,False,True,51.95,2.188987854251012,1.111111111111111
S3733,Maria,Davis,student2733@university.com,19,87.67,78.14,60.32,76.75,76.96,36.8,50.67,63.05050000000001,1,10.5,0,1,2,1,1,6.2,True,False,True,False,False,False,63.27333333333334,6.0048095238095245,0.1612903225806451
S3734,Liam,Johnson,student2734@university.com,20,62.29,79.76,49.0,85.68,75.14,85.3,94.93,77.32400000000001,2,19.7,1,0,3,1,9,4.9,False,True,False,False,True,False,78.30166666666666,3.9250761421319806,1.8367346938775508
S3735,Emma,Williams,student2735@university.com,20,83.69,84.8,76.27,69.82,73.79,72.9,56.75,70.3095,2,17.6,0,0,1,0,2,5.2,False,True,True,False,False,False,72.38833333333334,3.9948579545454543,0.3846153846153846
S3736,Omar,Williams,student2736@university.com,21,52.16,83.21,68.63,52.0,73.03,70.4,88.34,74.764,2,21.2,0,0,2,1,4,5.7,True,False,False,True,False,False,72.60166666666667,3.5266037735849056,0.7017543859649122
S3737,Sara,Johnson,student2737@university.com,19,91.89,79.57,40.26,61.39,55.54,28.0,67.33,58.362,0,9.7,0,1,2,0,9,8.5,False,True,True,False,False,False,55.34833333333333,6.016701030927836,1.0588235294117647
S3738,Maria,Brown,student2738@university.com,24,58.48,85.97,98.54,95.09,59.14,83.3,63.88,81.037,3,22.4,1,0,3,0,7,7.1,True,False,False,False,True,False,80.98666666666666,3.6177232142857143,0.9859154929577464
S3739,Emma,Davis,student2739@university.com,18,84.87,74.51,60.98,76.16,54.87,57.9,97.05,75.3425,2,20.7,1,0,2,2,3,6.9,True,False,False,False,True,False,70.24499999999999,3.639734299516909,0.4347826086956521
S3740,Emma,Jones,student2740@university.com,18,61.22,55.65,55.49,90.77,62.12,44.7,82.86,69.1405,1,9.5,1,0,2,1,10,8.7,True,False,False,False,True,False,65.265,7.277947368421053,1.149425287356322
S3741,Sara,Johnson,student2741@university.com,24,53.42,94.74,53.35,77.78,63.17,86.5,84.35,75.1625,2,16.2,0,0,1,2,2,8.0,False,True,False,False,True,False,76.64833333333333,4.639660493827161,0.25
S3742,Omar,Smith,student2742@university.com,21,74.07,41.09,49.53,97.18,62.25,39.4,87.98,67.712,1,22.0,0,0,1,1,9,4.1,True,False,False,True,False,False,62.905,3.077818181818182,2.1951219512195124
S3743,Ahmed,Brown,student2743@university.com,21,58.46,61.99,99.95,95.46,60.55,65.4,67.05,78.045,2,27.5,1,1,1,2,2,4.6,False,True,True,False,False,False,75.06666666666668,2.838,0.4347826086956522
S3744,Ahmed,Williams,student2744@university.com,18,86.47,83.73,57.71,74.14,86.77,46.6,78.18,72.569,2,8.1,0,0,3,0,4,5.2,False,True,False,False,False,True,71.18833333333333,8.959135802469136,0.7692307692307692
S3746,Ahmed,Williams,student2746@university.com,24,67.12,41.49,92.28,80.08,66.36,4.1,91.73,75.66550000000001,2,9.1,1,1,3,2,7,8.2,False,True,False,False,False,True,62.67333333333335,8.314890109890111,0.853658536585366
S3747,Ali,Brown,student2747@university.com,19,78.37,43.96,78.51,83.74,65.26,46.1,79.97,71.6045,2,29.7,0,1,3,0,6,7.8,False,True,False,False,False,True,66.25666666666666,2.410925925925926,0.7692307692307693
S3748,Emma,Williams,student2748@university.com,24,64.25,78.92,62.12,74.92,92.2,55.6,62.17,69.25699999999999,1,24.2,0,1,0,0,8,4.7,True,False,True,False,False,False,70.98833333333333,2.861859504132231,1.702127659574468
S3750,Maria,Brown,student2750@university.com,24,90.78,73.11,84.98,59.17,64.67,84.7,79.04,75.501,2,8.3,1,0,0,1,7,4.5,False,True,False,False,False,True,74.27833333333334,9.096506024096383,1.5555555555555556
S3751,Ahmed,Smith,student2751@university.com,24,58.96,70.41,53.67,66.72,85.68,31.1,74.75,66.535,1,15.4,0,0,1,2,8,4.9,False,True,False,True,False,False,63.72166666666667,4.320454545454545,1.6326530612244896
S3752,Omar,Johnson,student2752@university.com,24,54.11,59.1,78.62,84.32,67.23,88.4,51.72,67.827,1,22.9,0,0,0,0,1,5.2,False,True,False,False,False,True,71.565,2.961877729257642,0.1923076923076923
S3753,Emma,Jones,student2753@university.com,19,66.42,55.4,95.34,62.33,79.33,40.3,95.49,80.08949999999999,3,27.4,0,1,2,0,8,8.5,False,True,True,False,False,False,71.365,2.9229744525547443,0.9411764705882352
S3754,Liam,Davis,student2754@university.com,23,71.22,41.26,69.79,71.99,99.63,69.5,97.61,77.156,2,14.5,0,1,3,1,1,5.8,True,False,False,False,False,True,74.96333333333334,5.321103448275863,0.1724137931034483
S3755,Omar,Johnson,student2755@university.com,18,77.13,56.38,84.02,98.19,65.08,8.7,78.13,74.5725,2,30.0,1,1,0,0,6,8.6,False,True,True,False,False,False,65.08333333333333,2.4857500000000003,0.6976744186046512
S3756,Ali,Brown,student2756@university.com,22,68.62,66.95,98.27,81.29,96.53,20.0,72.13,79.0955,2,8.5,0,1,0,2,2,7.8,False,True,False,False,True,False,72.52833333333332,9.305352941176473,0.2564102564102564
S3757,Maria,Davis,student2757@university.com,24,89.5,51.88,81.42,97.45,66.03,76.10000000000001,67.98,73.5565,2,14.7,1,0,2,0,9,7.7,True,False,False,False,False,True,73.47666666666667,5.003843537414967,1.1688311688311688
S3758,Sara,Johnson,student2758@university.com,22,51.97,45.24,46.15,86.12,77.01,1.2,63.4,58.02250000000001,0,26.9,1,0,3,0,10,8.0,False,True,False,False,False,True,53.18666666666666,2.1569702602230487,1.25
S3759,Omar,Smith,student2759@university.com,23,71.59,83.06,54.67,86.23,73.0,96.9,78.73,74.825,2,21.2,0,1,1,0,10,4.5,True,False,False,False,False,True,78.765,3.529481132075472,2.2222222222222223
S3760,Emma,Smith,student2760@university.com,18,69.11,93.68,75.71,79.59,89.16,19.1,56.4,71.709,2,25.3,0,1,0,2,10,8.1,True,False,False,False,True,False,68.94,2.834347826086957,1.234567901234568
S3761,Ali,Jones,student2761@university.com,21,82.38,96.21,56.53,57.11,53.05,90.1,95.96,75.7285,2,27.7,1,1,1,1,3,5.3,True,False,False,True,False,False,74.82666666666667,2.733880866425993,0.5660377358490566
S3762,John,Williams,student2762@university.com,22,98.31,77.08,97.45,75.99,81.36,51.6,58.8,75.679,2,17.7,1,1,1,1,4,8.9,True,False,False,False,False,True,73.71333333333334,4.275649717514124,0.449438202247191
S3763,Ali,Davis,student2763@university.com,21,75.52,43.17,64.32,62.63,88.03,56.5,87.28,69.762,1,10.9,0,1,0,0,10,8.2,False,True,True,False,False,False,66.98833333333333,6.400183486238532,1.2195121951219514
S3764,Ali,Brown,student2764@university.com,22,99.34,84.45,67.43,99.93,73.61,8.4,65.34,71.89750000000001,2,22.3,0,0,3,0,5,9.0,False,True,False,True,False,False,66.52666666666666,3.224103139013453,0.5555555555555556
S3765,Maria,Brown,student2765@university.com,21,65.11,46.61,82.1,63.35,55.26,36.5,61.3,62.760000000000005,1,19.1,1,1,1,2,3,8.7,True,False,False,True,False,False,57.51999999999999,3.2858638743455497,0.3448275862068966
S3766,Sara,Williams,student2766@university.com,24,51.54,80.18,71.45,61.53,62.24,15.6,77.89,69.49000000000001,1,24.3,0,1,1,2,7,5.8,True,False,False,True,False,False,61.48166666666666,2.8596707818930045,1.206896551724138
S3767,John,Smith,student2767@university.com,22,58.28,86.76,62.93,81.19,83.98,52.6,88.26,78.43100000000001,2,17.8,1,0,0,2,2,8.7,False,True,False,False,False,True,75.95333333333333,4.4062359550561805,0.2298850574712644
S3768,Ahmed,Smith,student2768@university.com,21,69.76,83.55,44.6,75.55,94.77,55.1,86.34,73.149,2,25.3,0,0,0,0,7,5.7,True,False,False,False,True,False,73.31833333333333,2.8912648221343877,1.2280701754385963
S3769,Ahmed,Johnson,student2769@university.com,23,65.82,97.11,75.79,51.07,71.08,71.0,61.69,70.33949999999999,2,27.6,0,1,1,1,5,7.3,True,False,False,False,True,False,71.29,2.5485326086956515,0.684931506849315
S3770,Omar,Jones,student2770@university.com,19,54.85,84.29,92.05,56.48,78.02,87.8,66.53,76.279,2,23.7,1,0,0,1,9,8.1,True,False,False,False,False,True,77.52833333333332,3.2185232067510547,1.1111111111111112
S3771,Ali,Davis,student2771@university.com,21,71.63,81.59,81.15,90.55,61.42,46.8,93.44,82.6225,3,23.6,1,0,3,0,2,5.9,False,True,True,False,False,False,75.825,3.5009533898305083,0.3389830508474576
S3772,Liam,Jones,student2772@university.com,19,66.91,55.7,62.89,74.18,70.61,23.3,86.16,69.27850000000001,1,19.7,1,0,3,0,9,5.0,True,False,True,False,False,False,62.14000000000001,3.5166751269035537,1.8
S3773,Maria,Jones,student2773@university.com,19,56.13,95.49,47.66,57.3,66.84,33.4,85.63,68.8765,1,16.8,1,1,1,2,9,8.5,False,True,True,False,False,False,64.38666666666666,4.0997916666666665,1.0588235294117647
S3774,Liam,Johnson,student2774@university.com,18,64.81,50.77,88.98,73.26,82.78,84.7,63.45,72.39750000000001,2,29.3,1,0,0,1,8,4.5,False,True,False,False,False,True,73.99,2.470904436860069,1.7777777777777777
S3775,Maria,Jones,student2775@university.com,24,94.32,94.29,96.5,62.66,99.23,14.6,89.6,85.2005,3,21.1,1,1,1,1,5,5.8,False,True,False,False,True,False,76.14666666666666,4.037938388625593,0.8620689655172414
S3776,Ahmed,Williams,student2776@university.com,23,65.1,58.76,63.3,61.18,90.67,62.7,67.92,66.394,1,26.0,0,0,3,0,3,6.7,True,False,False,False,False,True,67.42166666666667,2.5536153846153846,0.4477611940298507
S3777,Omar,Johnson,student2777@university.com,19,85.7,47.81,83.72,97.89,59.61,1.3,70.07,69.832,1,17.6,0,1,0,0,10,8.0,True,False,False,False,True,False,60.06666666666667,3.967727272727272,1.25
S3778,Omar,Williams,student2778@university.com,20,80.6,89.6,64.65,68.1,78.88,24.6,64.38,68.24949999999998,1,18.9,0,1,3,0,1,8.3,False,True,False,True,False,False,65.03500000000001,3.611084656084656,0.1204819277108433
S3779,Omar,Johnson,student2779@university.com,24,71.36,40.15,70.14,52.32,53.32,59.1,56.07,56.51349999999999,0,21.6,0,0,0,2,10,6.6,False,True,False,False,False,True,55.18333333333333,2.6163657407407404,1.5151515151515151
S3780,John,Jones,student2780@university.com,19,61.95,89.93,90.19,98.52,62.35,45.6,71.02,80.636,3,23.2,1,0,2,1,3,6.9,False,True,False,False,True,False,76.26833333333333,3.4756896551724137,0.4347826086956521
S3781,Sara,Williams,student2781@university.com,21,68.45,55.74,45.01,89.74,58.61,49.400000000000006,50.85,56.6605,0,16.2,1,0,3,1,6,8.3,True,False,False,True,False,False,58.225,3.4975617283950617,0.7228915662650601
S3782,John,Williams,student2782@university.com,19,79.61,93.08,71.82,62.72,66.78,66.10000000000001,72.8,73.148,2,13.9,1,1,1,0,4,6.3,True,False,False,True,False,False,72.21666666666667,5.262446043165467,0.6349206349206349
S3783,Emma,Williams,student2783@university.com,21,67.54,81.49,52.88,70.44,83.94,23.5,86.25,71.45349999999999,2,11.0,1,1,0,2,6,6.8,False,True,False,False,False,True,66.41666666666667,6.495772727272726,0.8823529411764706
S3784,Emma,Johnson,student2784@university.com,21,60.74,79.97,60.39,93.11,74.97,28.1,98.04,79.3735,2,15.6,0,0,2,1,4,4.1,False,True,False,False,True,False,72.43000000000002,5.088044871794873,0.9756097560975612
S3785,Liam,Brown,student2785@university.com,20,55.82,61.92,78.67,67.87,96.65,68.4,53.93,68.4,1,10.3,0,0,2,0,9,8.8,True,False,False,True,False,False,71.24,6.640776699029126,1.0227272727272727
S3786,Sara,Jones,student2786@university.com,19,93.99,43.56,41.63,78.37,60.64,53.8,64.06,56.669,0,15.4,0,0,2,0,8,6.8,False,True,False,False,False,True,57.01,3.679805194805194,1.1764705882352942
S3787,Ahmed,Williams,student2787@university.com,19,72.02,89.8,75.63,76.74,68.21,1.5,74.71,73.19749999999999,2,26.9,0,1,3,0,10,7.6,True,False,False,True,False,False,64.43166666666666,2.721096654275093,1.3157894736842106
S3788,Sara,Davis,student2788@university.com,22,81.26,50.25,57.01,70.06,66.49,67.0,58.52,59.854,0,29.4,1,1,1,1,6,5.2,True,False,True,False,False,False,61.555,2.0358503401360544,1.1538461538461535
S3789,Maria,Brown,student2789@university.com,24,74.52,62.34,80.17,81.98,61.8,62.0,55.84,67.7225,1,19.4,0,0,2,2,10,7.3,False,True,False,False,False,True,67.355,3.490850515463918,1.36986301369863
S3790,Emma,Davis,student2790@university.com,22,93.63,76.02,48.49,73.66,99.66,7.9,72.62,66.7215,1,8.7,1,1,1,2,8,6.3,False,True,False,True,False,False,63.05833333333333,7.669137931034484,1.2698412698412698
S3791,Ali,Jones,student2791@university.com,18,77.35,68.94,84.15,51.06,69.36,74.80000000000001,79.04,73.4255,2,15.7,0,0,0,0,7,4.6,True,False,False,False,False,True,71.22500000000001,4.676783439490446,1.5217391304347827
S3792,Ali,Jones,student2792@university.com,21,74.04,51.92,78.74,90.72,97.03,52.2,91.01,80.697,3,20.1,0,0,0,2,5,8.2,True,False,False,False,False,True,76.93666666666665,4.014776119402985,0.6097560975609757
S3793,Ahmed,Williams,student2793@university.com,20,96.23,48.44,98.27,55.66,69.52,20.5,99.89,78.1265,2,14.3,1,1,1,2,9,8.2,True,False,False,False,True,False,65.38,5.463391608391608,1.0975609756097562
S3794,Maria,Williams,student2794@university.com,22,85.98,47.39,94.67,73.2,60.2,55.9,88.71,77.184,2,10.1,0,0,1,0,4,4.3,True,False,False,False,True,False,70.01166666666666,7.641980198019802,0.9302325581395348
S3795,Liam,Johnson,student2795@university.com,19,55.58,91.78,57.0,79.0,55.96,59.5,61.07,66.75899999999999,1,10.7,1,0,3,1,4,6.0,True,False,False,True,False,False,67.385,6.239158878504672,0.6666666666666666
S3796,John,Brown,student2796@university.com,18,58.89,41.89,41.64,85.28,92.78,92.0,87.4,69.5835,1,16.8,0,0,1,2,10,5.4,False,True,False,False,False,True,73.49833333333333,4.141875,1.851851851851852
S3797,Maria,Brown,student2797@university.com,20,89.36,98.62,79.32,70.54,51.6,74.2,76.86,77.132,2,10.4,1,0,0,1,9,6.6,True,False,False,False,False,True,75.19000000000001,7.416538461538462,1.3636363636363638
S3798,Ali,Williams,student2798@university.com,23,91.79,51.91,76.17,86.78,98.22,30.2,72.54,72.94,2,11.2,0,0,2,2,4,6.4,True,False,True,False,False,False,69.30333333333333,6.5125,0.625
S3799,Ali,Jones,student2799@university.com,19,77.26,46.62,41.65,56.57,70.91,11.8,96.79,62.609,1,26.8,1,1,2,0,4,7.3,True,False,False,False,False,True,54.05666666666667,2.3361567164179107,0.547945205479452
S3800,Liam,Williams,student2800@university.com,19,77.72,74.62,47.36,82.67,62.37,85.3,85.1,71.4655,2,24.5,0,0,0,1,8,5.2,False,True,False,False,True,False,72.90333333333332,2.9169591836734696,1.5384615384615383
S3802,Maria,Jones,student2802@university.com,21,71.96,76.15,94.71,94.47,56.65,17.5,50.59,70.9875,2,13.0,1,1,1,2,7,7.6,True,False,False,False,True,False,65.01166666666667,5.460576923076923,0.9210526315789476
S3803,Maria,Williams,student2803@university.com,21,84.01,91.04,94.39,78.98,53.61,6.2,93.25,82.7465,3,18.3,0,0,2,1,4,8.9,True,False,True,False,False,False,69.57833333333333,4.5216666666666665,0.449438202247191
S3804,Ali,Smith,student2804@university.com,22,55.42,42.87,49.09,65.64,91.39,71.2,89.67,68.149,1,6.5,1,1,0,2,1,8.7,False,True,False,True,False,False,68.31,10.484461538461538,0.1149425287356322
S3805,John,Brown,student2805@university.com,22,98.06,87.99,63.07,58.17,71.23,72.30000000000001,64.95,67.9145,1,22.1,0,0,2,1,4,8.0,False,True,False,False,True,False,69.61833333333334,3.0730542986425338,0.5
S3806,Ahmed,Davis,student2806@university.com,19,87.51,63.67,42.59,67.28,75.91,17.7,64.61,58.149,0,14.6,1,1,3,2,4,4.3,False,True,False,True,False,False,55.293333333333344,3.982808219178082,0.9302325581395348
S3807,Omar,Jones,student2807@university.com,24,81.56,49.57,68.16,77.0,58.83,66.8,52.67,61.0495,1,14.9,1,1,0,2,2,5.2,False,True,False,True,False,False,62.171666666666674,4.097281879194631,0.3846153846153846
S3808,Ahmed,Jones,student2808@university.com,19,65.82,50.57,85.19,59.82,53.07,27.9,52.54,60.32,1,11.6,0,1,1,0,8,7.4,True,False,False,True,False,False,54.84833333333333,5.2,1.081081081081081
S3809,Maria,Smith,student2809@university.com,22,58.05,95.13,87.4,97.63,68.39,26.1,83.43,83.937,3,13.3,0,0,2,0,5,5.5,False,True,False,True,False,False,76.34666666666666,6.311052631578947,0.9090909090909092
S3810,Ahmed,Davis,student2810@university.com,23,70.47,46.64,69.94,94.86,75.31,32.5,59.31,65.65899999999999,1,26.5,0,1,1,2,9,6.0,True,False,False,False,True,False,63.09333333333333,2.477698113207547,1.5
S3811,Ali,Johnson,student2811@university.com,22,83.08,92.01,45.75,51.65,88.27,52.0,96.18,73.2675,2,24.7,0,1,1,2,5,8.8,True,False,True,False,False,False,70.97666666666667,2.9662955465587046,0.5681818181818181
S3812,Ali,Smith,student2812@university.com,19,81.69,72.65,62.88,78.1,75.05,80.39999999999999,92.12,77.4935,2,28.4,0,1,3,2,4,4.4,False,True,False,False,False,True,76.86666666666666,2.7286443661971838,0.9090909090909092
S3813,Liam,Davis,student2813@university.com,20,69.13,42.34,95.93,89.47,89.13,49.900000000000006,67.44,75.394,2,22.5,1,1,1,0,3,8.3,False,True,False,False,True,False,72.36833333333333,3.3508444444444447,0.36144578313253
S3814,Maria,Smith,student2814@university.com,19,80.66,67.87,53.78,62.27,55.77,29.8,69.0,60.733,1,19.4,0,1,3,0,10,4.3,False,True,True,False,False,False,56.415,3.1305670103092784,2.3255813953488373
S3815,Liam,Jones,student2815@university.com,20,90.69,89.05,59.19,76.19,53.2,88.4,66.36,69.2315,1,11.5,0,0,3,1,10,5.7,False,True,False,False,False,True,72.065,6.020130434782608,1.7543859649122806
S3816,Maria,Brown,student2816@university.com,20,51.31,83.57,84.81,70.3,57.94,5.5,54.62,66.738,1,21.7,1,1,1,2,1,6.8,True,False,False,True,False,False,59.45666666666667,3.075483870967742,0.1470588235294117
S3817,Omar,Smith,student2817@university.com,19,72.53,69.33,84.01,59.83,88.6,79.7,51.57,68.6925,1,27.7,1,0,1,1,7,5.8,True,False,False,False,False,True,72.17333333333333,2.479873646209386,1.206896551724138
S3819,Emma,Williams,student2819@university.com,24,77.31,47.22,63.29,99.68,57.07,25.4,97.15,73.9795,2,16.1,1,1,2,2,2,6.5,False,True,True,False,False,False,64.96833333333332,4.595,0.3076923076923077
S3820,Maria,Davis,student2820@university.com,18,82.57,94.6,70.88,68.26,51.55,19.8,95.86,77.052,2,8.7,1,0,1,1,4,7.7,True,False,False,False,False,True,66.825,8.856551724137933,0.5194805194805194
S3821,John,Smith,student2821@university.com,22,75.83,90.79,68.04,77.62,84.26,87.5,90.49,82.21950000000001,3,25.3,1,0,2,1,8,7.5,False,True,False,True,False,False,83.11666666666667,3.2497826086956527,1.0666666666666669
S3822,Ahmed,Smith,student2822@university.com,24,99.59,82.5,95.67,66.39,92.76,55.9,81.43,82.751,3,20.4,0,0,2,2,9,8.2,True,False,False,False,True,False,79.10833333333333,4.056421568627451,1.0975609756097562
S3823,Maria,Johnson,student2823@university.com,21,52.73,89.07,86.16,93.85,87.71,4.6000000000000005,92.81,85.82199999999999,3,27.0,0,0,3,1,9,8.3,False,True,False,False,True,False,75.7,3.178592592592592,1.0843373493975903
S3825,Emma,Smith,student2825@university.com,20,54.57,80.51,47.99,58.94,79.19,34.900000000000006,59.01,60.282,1,27.6,0,0,1,0,2,8.3,True,False,False,True,False,False,60.09,2.1841304347826083,0.2409638554216867
S3827,Ali,Brown,student2827@university.com,22,69.15,61.33,65.98,57.58,62.79,64.3,96.03,72.6345,2,12.2,1,0,3,1,4,7.4,True,False,False,False,False,True,68.00166666666667,5.953647540983607,0.5405405405405405
S3828,Omar,Johnson,student2828@university.com,23,57.78,74.13,41.4,54.77,76.39,66.10000000000001,50.98,55.923,0,8.9,1,0,1,1,6,4.9,True,False,True,False,False,False,60.62833333333334,6.283483146067415,1.2244897959183672
S3829,Ahmed,Davis,student2829@university.com,24,98.18,55.45,43.61,82.65,65.72,35.3,62.57,58.7255,0,8.6,1,0,3,2,2,5.2,False,True,False,True,False,False,57.55,6.8285465116279065,0.3846153846153846
S3830,Maria,Davis,student2830@university.com,24,97.34,66.42,80.67,69.3,61.28,14.3,63.27,66.3495,1,9.3,0,1,2,0,6,7.4,False,True,False,True,False,False,59.206666666666656,7.134354838709678,0.8108108108108107
S3831,Sara,Smith,student2831@university.com,24,66.81,56.85,62.32,76.54,98.48,55.2,54.95,64.6815,1,17.0,0,0,2,2,1,5.3,False,True,False,True,False,False,67.39,3.804794117647059,0.1886792452830188
S3832,Ahmed,Brown,student2832@university.com,20,81.99,47.37,92.09,82.63,95.63,62.5,61.27,73.5915,2,24.6,1,1,2,2,6,6.5,False,True,False,False,True,False,73.58166666666666,2.991524390243902,0.9230769230769232
S3833,Ali,Smith,student2833@university.com,21,76.69,59.31,84.06,52.64,72.28,86.0,69.2,70.0955,2,27.5,1,1,1,0,5,6.4,False,True,False,False,True,False,70.58166666666666,2.5489272727272727,0.78125
S3834,Omar,Williams,student2834@university.com,21,90.78,91.12,41.3,64.65,56.84,48.4,96.99,70.8915,2,19.2,0,0,1,1,2,5.2,True,False,False,False,True,False,66.55,3.692265625,0.3846153846153846
S3835,John,Davis,student2835@university.com,24,81.37,62.86,81.21,73.05,86.4,64.6,93.01,80.46199999999999,3,8.9,1,0,2,1,4,6.8,False,True,False,False,False,True,76.855,9.04067415730337,0.5882352941176471
S3836,Emma,Jones,student2836@university.com,21,50.01,84.88,51.54,63.33,62.79,5.4,97.3,70.8555,2,7.0,1,0,1,2,9,6.8,True,False,False,False,False,True,60.873333333333335,10.122214285714287,1.3235294117647058
S3837,Ahmed,Williams,student2837@university.com,23,88.16,50.51,65.35,52.45,58.43,89.5,56.03,58.9085,0,17.4,1,1,3,2,2,4.6,True,False,False,False,False,True,62.045,3.3855459770114944,0.4347826086956522
S3838,Ahmed,Smith,student2838@university.com,24,87.34,65.47,77.48,54.33,69.08,32.7,51.4,61.303,1,24.1,1,0,3,1,5,5.9,False,True,False,True,False,False,58.40999999999999,2.543692946058091,0.847457627118644
S3839,John,Johnson,student2839@university.com,18,75.49,46.89,92.36,90.09,76.49,63.2,55.49,71.09299999999999,2,20.5,1,0,0,2,3,5.8,True,False,False,False,True,False,70.75333333333333,3.4679512195121944,0.5172413793103449
S3840,Ahmed,Davis,student2840@university.com,20,95.15,48.32,67.37,95.57,54.87,91.6,95.71,77.20599999999999,2,19.6,0,1,1,1,2,6.8,True,False,False,True,False,False,75.57333333333334,3.939081632653061,0.2941176470588235
S3842,Ali,Williams,student2842@university.com,20,76.2,76.45,86.98,62.46,50.77,63.8,78.63,74.4375,2,15.3,0,0,1,0,8,4.1,True,False,True,False,False,False,69.84833333333334,4.865196078431373,1.951219512195122
S3843,John,Davis,student2843@university.com,24,80.4,52.8,64.87,82.61,94.59,70.4,61.38,67.922,1,18.8,1,0,0,1,10,4.7,False,True,False,True,False,False,71.10833333333333,3.612872340425532,2.127659574468085
S3844,Emma,Brown,student2844@university.com,23,99.83,68.47,70.06,97.71,96.04,92.1,51.03,71.96,2,20.0,0,1,0,2,9,5.5,False,True,False,False,False,True,79.235,3.598,1.6363636363636365
S3846,Sara,Williams,student2846@university.com,23,66.23,50.45,41.87,92.76,73.33,61.0,85.49,67.97899999999998,1,10.0,1,0,2,1,5,6.4,True,False,False,False,True,False,67.48333333333333,6.797899999999999,0.78125
S3847,Maria,Brown,student2847@university.com,24,59.14,41.15,93.45,75.3,62.74,65.9,59.12,68.13499999999999,1,28.7,0,1,1,1,7,6.6,True,False,False,True,False,False,66.27666666666666,2.374041811846689,1.0606060606060606
S3848,Ahmed,Smith,student2848@university.com,18,94.79,79.12,86.19,97.83,87.21,14.7,61.46,75.98400000000001,2,17.7,1,1,3,2,3,6.0,True,False,False,False,False,True,71.085,4.292881355932204,0.5
S3849,Sara,Brown,student2849@university.com,20,87.22,43.21,54.96,56.81,96.59,47.0,68.86,61.41,1,22.6,0,1,1,2,6,6.1,True,False,False,False,False,True,61.238333333333344,2.7172566371681413,0.9836065573770492
S3850,Liam,Williams,student2850@university.com,23,55.28,98.8,98.87,98.68,57.93,30.1,82.86,86.4955,3,12.7,0,0,3,2,7,8.9,False,True,False,False,False,True,77.87333333333335,6.810669291338583,0.7865168539325842
S3851,John,Williams,student2851@university.com,18,99.09,76.58,50.76,72.05,73.29,43.2,73.47,66.5145,1,19.6,1,0,3,0,1,8.5,True,False,False,False,True,False,64.89166666666667,3.39359693877551,0.1176470588235294
S3852,John,Smith,student2852@university.com,19,86.55,68.22,94.85,97.65,65.76,66.2,97.23,87.648,3,13.9,0,0,3,0,4,7.6,False,True,False,False,False,True,81.65166666666667,6.305611510791366,0.5263157894736842
S3853,Emma,Brown,student2853@university.com,24,92.53,65.8,59.47,72.93,67.84,14.9,71.71,64.719,1,12.4,0,0,2,0,7,5.6,True,False,False,False,False,True,58.774999999999984,5.219274193548387,1.25
S3854,Sara,Brown,student2854@university.com,22,52.41,74.38,85.79,76.5,70.29,1.7000000000000002,59.96,69.1815,1,15.3,1,0,2,1,10,6.6,True,False,False,True,False,False,61.43666666666667,4.5216666666666665,1.5151515151515151
S3855,Ali,Smith,student2855@university.com,23,75.25,45.44,67.38,90.24,97.59,39.7,76.81,71.984,2,16.5,1,0,0,1,6,7.4,True,False,True,False,False,False,69.52666666666666,4.362666666666667,0.8108108108108107
S3856,Sara,Brown,student2856@university.com,21,84.93,95.8,84.19,86.13,62.93,32.2,72.54,78.002,2,13.3,1,1,1,1,10,6.0,True,False,False,False,False,True,72.29833333333333,5.864812030075187,1.6666666666666667
S3857,Ahmed,Davis,student2857@university.com,18,77.15,77.54,49.35,80.98,74.63,42.0,89.36,72.4865,2,11.4,0,0,2,0,2,6.6,True,False,False,True,False,False,68.97666666666667,6.358464912280702,0.303030303030303
S3858,Ali,Smith,student2858@university.com,18,83.33,51.04,56.17,70.85,97.57,93.1,96.76,75.76599999999999,2,20.6,0,1,2,1,8,4.7,False,True,False,True,False,False,77.58166666666666,3.677961165048543,1.702127659574468
S3859,Omar,Johnson,student2859@university.com,23,90.89,73.75,45.99,89.62,73.8,70.7,91.81,74.46100000000001,2,14.5,0,1,0,1,7,4.5,True,False,False,False,False,True,74.27833333333334,5.1352413793103455,1.5555555555555556
S3860,Omar,Williams,student2860@university.com,18,68.72,48.0,91.91,97.41,93.18,32.7,69.45,76.577,2,10.0,0,0,0,0,2,4.8,True,False,True,False,False,False,72.10833333333333,7.6577,0.4166666666666667
S3862,Omar,Davis,student2862@university.com,18,58.15,77.83,81.67,79.39,97.65,61.8,95.72,85.5715,3,23.1,1,1,1,0,6,4.9,True,False,True,False,False,False,82.34333333333332,3.704393939393939,1.2244897959183672
S3863,John,Davis,student2863@university.com,22,63.54,78.91,89.21,93.3,59.38,65.8,69.3,78.15199999999999,2,27.2,0,1,3,1,2,8.6,False,True,False,False,False,True,75.98333333333333,2.8732352941176464,0.2325581395348837
S3864,Sara,Jones,student2864@university.com,22,52.17,75.02,94.09,82.66,99.0,48.4,88.51,86.0475,3,18.9,0,1,2,2,5,5.8,True,False,True,False,False,False,81.27999999999999,4.552777777777778,0.8620689655172414
S3865,Omar,Jones,student2865@university.com,24,68.22,51.01,46.38,90.04,58.78,21.3,99.48,69.5395,1,12.0,1,0,3,0,1,4.8,False,True,False,True,False,False,61.165,5.794958333333334,0.2083333333333333
S3866,Maria,Jones,student2866@university.com,24,69.0,76.21,93.58,94.75,72.22,2.9,78.87,80.06700000000001,3,26.6,0,1,1,1,2,8.1,True,False,False,True,False,False,69.755,3.010037593984962,0.2469135802469136
S3867,Emma,Smith,student2867@university.com,21,90.26,43.39,51.84,87.55,65.43,26.6,73.99,62.67099999999999,1,12.0,1,0,0,1,9,6.3,False,True,True,False,False,False,58.13333333333333,5.222583333333333,1.4285714285714286
S3868,Maria,Brown,student2868@university.com,19,82.66,76.55,84.21,85.85,71.66,45.7,84.99,80.36049999999999,3,21.4,1,1,1,2,10,5.9,False,True,False,False,True,False,74.82666666666667,3.7551635514018686,1.694915254237288
S3869,Omar,Davis,student2869@university.com,22,71.84,73.24,83.73,98.24,62.53,78.8,59.7,74.7575,2,9.8,1,0,0,2,1,5.6,False,True,True,False,False,False,76.04,7.628316326530611,0.1785714285714285
S3870,Liam,Johnson,student2870@university.com,23,82.61,79.32,40.51,93.18,98.27,85.39999999999999,74.41,72.42249999999999,2,20.7,0,0,0,1,4,5.7,False,True,False,False,False,True,78.51499999999999,3.4986714975845405,0.7017543859649122
S3871,Emma,Johnson,student2871@university.com,20,52.64,93.73,53.24,90.77,65.29,41.3,65.62,69.265,1,26.0,1,0,1,2,9,7.3,False,True,False,False,True,False,68.325,2.6640384615384614,1.2328767123287672
S3872,Ahmed,Johnson,student2872@university.com,20,59.01,91.02,69.51,54.32,82.66,79.6,58.21,68.88749999999999,1,18.5,0,0,3,2,4,6.7,True,False,True,False,False,False,72.55333333333333,3.723648648648648,0.5970149253731343
S3873,Maria,Johnson,student2873@university.com,20,81.35,98.84,65.2,61.95,56.87,99.3,80.51,75.2235,2,16.8,1,1,1,2,10,6.3,False,True,True,False,False,False,77.11166666666666,4.477589285714286,1.5873015873015874
S3874,Liam,Jones,student2874@university.com,24,82.07,98.57,95.11,77.84,91.22,71.7,78.79,86.583,3,29.8,0,1,1,2,1,6.2,True,False,False,False,True,False,85.53833333333334,2.905469798657718,0.1612903225806451
S3877,Maria,Jones,student2877@university.com,23,86.13,92.04,67.57,54.67,71.17,33.8,61.02,66.012,1,28.0,0,1,3,2,1,8.6,True,False,False,True,False,False,63.37833333333334,2.3575714285714287,0.1162790697674418
S3878,Omar,Johnson,student2878@university.com,18,84.2,83.65,97.86,65.55,59.77,1.1,88.99,79.574,2,21.1,1,1,3,0,8,8.0,False,True,False,False,False,True,66.15333333333334,3.77127962085308,1.0
S3879,Liam,Smith,student2879@university.com,20,98.17,44.52,84.24,88.55,67.3,98.7,68.37,73.1965,2,18.6,1,0,3,2,1,6.3,False,True,True,False,False,False,75.28,3.935295698924731,0.1587301587301587
S3880,Sara,Williams,student2880@university.com,21,60.76,42.94,89.76,93.87,86.85,49.0,81.44,78.52850000000001,2,20.9,1,0,1,1,6,8.9,False,True,False,True,False,False,73.97666666666666,3.757344497607656,0.6741573033707865
S3881,Ahmed,Williams,student2881@university.com,21,77.58,90.26,46.29,95.65,82.96,78.60000000000001,92.51,79.438,2,13.0,1,1,1,0,9,7.1,False,True,False,False,True,False,81.045,6.110615384615385,1.267605633802817
S3882,Ali,Williams,student2882@university.com,18,80.09,69.38,75.17,68.94,88.92,81.19999999999999,62.81,71.33550000000001,2,6.8,1,1,1,2,3,7.9,True,False,False,False,False,True,74.40333333333334,10.490514705882354,0.3797468354430379
S3883,Omar,Jones,student2883@university.com,20,99.93,88.88,48.56,68.63,53.67,39.8,80.05,67.1385,1,11.9,0,1,0,0,5,7.7,False,True,False,False,True,False,63.26500000000001,5.64189075630252,0.6493506493506493
S3884,Liam,Johnson,student2884@university.com,23,60.06,58.78,57.86,70.34,79.02,54.1,74.02,66.646,1,13.4,0,0,1,0,1,7.5,False,True,False,True,False,False,65.68666666666667,4.973582089552239,0.1333333333333333
S3885,Ahmed,Davis,student2885@university.com,21,76.16,63.86,77.41,68.79,96.61,54.0,89.53,78.47,2,17.0,0,1,2,1,1,7.2,True,False,True,False,False,False,75.03333333333335,4.615882352941177,0.1388888888888889
S3886,Liam,Davis,student2886@university.com,18,67.31,82.01,83.57,83.31,55.4,22.0,84.86,77.7885,2,14.8,0,1,2,1,2,5.1,True,False,False,True,False,False,68.52499999999999,5.255979729729729,0.3921568627450981
S3887,Emma,Davis,student2887@university.com,23,76.29,94.92,42.35,67.92,54.72,11.8,88.48,67.6195,1,18.0,1,1,0,2,6,5.5,False,True,False,True,False,False,60.031666666666666,3.756638888888889,1.0909090909090908
S3888,Ahmed,Jones,student2888@university.com,20,61.61,45.27,71.86,51.02,85.83,54.400000000000006,64.4,63.0315,1,9.9,1,1,1,0,7,8.4,False,True,False,False,True,False,62.13,6.366818181818182,0.8333333333333333
S3889,Omar,Brown,student2889@university.com,19,52.38,91.69,73.92,71.95,65.76,12.0,85.22,75.768,2,9.6,1,1,1,0,5,4.9,True,False,False,False,False,True,66.75666666666666,7.8925,1.020408163265306
S3890,Emma,Smith,student2890@university.com,20,78.63,87.58,44.73,61.21,82.93,34.6,80.29,67.61099999999999,1,13.8,1,1,1,0,1,4.8,False,True,False,True,False,False,65.22333333333334,4.899347826086956,0.2083333333333333
S3891,Omar,Smith,student2891@university.com,24,66.79,58.93,70.04,51.44,77.27,18.6,72.83,64.5715,1,16.8,1,1,1,1,1,5.4,True,False,True,False,False,False,58.185,3.8435416666666655,0.1851851851851851
S3892,Sara,Williams,student2892@university.com,20,59.1,61.31,82.83,73.54,99.3,70.7,68.92,75.07600000000001,2,13.5,0,0,2,1,1,5.8,False,True,False,True,False,False,76.10000000000001,5.5611851851851855,0.1724137931034483
S3893,Ali,Williams,student2893@university.com,23,66.2,42.79,43.19,60.3,94.45,87.2,66.58,60.040000000000006,1,19.4,1,1,3,1,3,6.8,True,False,False,False,True,False,65.75166666666665,3.094845360824743,0.4411764705882353
S3894,Omar,Davis,student2894@university.com,23,52.46,40.94,85.62,72.64,83.9,57.8,50.48,64.866,1,12.8,0,0,2,1,4,7.0,True,False,False,False,False,True,65.23,5.06765625,0.5714285714285714
S3895,Omar,Davis,student2895@university.com,22,97.52,68.62,74.59,63.89,63.08,41.0,58.48,64.42599999999999,1,9.4,0,1,0,2,8,8.0,True,False,True,False,False,False,61.61000000000001,6.853829787234041,1.0
S3896,Sara,Williams,student2896@university.com,22,79.06,45.73,89.99,80.19,63.1,99.7,52.95,68.5655,1,26.6,1,1,1,2,9,4.4,False,True,False,False,True,False,71.94333333333333,2.5776503759398497,2.0454545454545454
S3897,John,Johnson,student2897@university.com,23,90.74,51.64,53.08,99.54,94.11,2.1,92.42,73.189,2,10.0,1,0,1,0,5,5.0,False,True,False,True,False,False,65.48166666666667,7.318899999999999,1.0
S3898,Sara,Brown,student2898@university.com,23,71.16,90.81,90.0,77.36,79.27,30.4,93.0,85.07249999999999,3,29.2,0,0,2,2,4,6.5,False,True,False,True,False,False,76.80666666666666,2.913441780821917,0.6153846153846154
S3899,Emma,Brown,student2899@university.com,19,95.17,74.26,45.67,82.34,89.46,27.9,92.31,72.9415,2,29.7,0,1,0,0,10,5.3,False,True,False,False,False,True,68.65666666666667,2.455942760942761,1.8867924528301887
S3900,Sara,Brown,student2900@university.com,19,74.17,78.02,64.23,95.96,72.49,35.6,90.9,78.4535,2,22.4,0,0,3,0,9,8.4,True,False,False,False,True,False,72.86666666666667,3.5023883928571435,1.0714285714285714
S3901,Sara,Brown,student2901@university.com,20,78.7,51.25,51.97,68.7,55.15,23.1,61.07,55.976,0,17.6,1,0,2,1,6,7.2,True,False,False,False,True,False,51.873333333333335,3.180454545454545,0.8333333333333333
S3902,Ali,Williams,student2902@university.com,24,74.59,89.72,92.56,58.33,66.63,26.4,74.59,75.7075,2,24.9,1,1,1,1,3,6.5,True,False,False,False,False,True,68.03833333333334,3.040461847389558,0.4615384615384615
S3903,Sara,Smith,student2903@university.com,21,86.66,92.08,82.3,64.14,58.06,25.8,95.39,79.721,2,26.8,1,0,1,2,7,4.0,False,True,True,False,False,False,69.62833333333333,2.9746641791044777,1.75
S3904,Liam,Williams,student2904@university.com,24,78.33,71.4,41.52,70.14,89.09,50.6,87.99,69.447,1,22.7,0,0,1,2,9,8.3,False,True,False,False,True,False,68.45666666666666,3.0593392070484584,1.0843373493975903
S3905,Omar,Brown,student2905@university.com,19,63.58,94.75,40.57,82.25,85.03,39.1,50.09,62.1775,1,7.6,0,1,0,2,10,6.3,False,True,False,False,False,True,65.29833333333335,8.18125,1.5873015873015874
S3907,Ali,Brown,student2907@university.com,24,80.31,83.88,48.6,92.67,81.07,51.4,50.53,64.4685,1,9.8,1,1,3,0,9,7.5,False,True,False,False,False,True,68.02499999999999,6.578418367346939,1.2
S3908,Maria,Jones,student2908@university.com,18,74.46,84.04,77.82,53.8,93.71,18.3,64.03,69.626,1,9.7,0,0,0,1,2,8.7,False,True,False,True,False,False,65.28333333333335,7.1779381443298975,0.2298850574712644
S3909,John,Davis,student2909@university.com,22,54.8,46.32,79.83,95.03,84.87,81.0,71.79,75.234,2,9.6,1,1,1,2,5,4.8,True,False,False,True,False,False,76.47333333333334,7.836875,1.0416666666666667
S3910,Liam,Smith,student2910@university.com,24,69.78,56.25,96.52,97.47,75.56,47.2,94.64,85.496,3,17.7,1,1,1,1,1,4.4,True,False,False,False,True,False,77.93999999999998,4.830282485875706,0.2272727272727272
S3911,Ali,Jones,student2911@university.com,21,75.74,44.01,97.12,99.51,65.59,15.3,82.72,77.94800000000001,2,18.0,1,0,3,2,2,4.6,False,True,False,False,True,False,67.375,4.330444444444445,0.4347826086956522
S3912,Emma,Johnson,student2912@university.com,20,91.34,40.52,79.53,90.48,94.35,16.7,68.12,70.2385,2,23.1,1,1,0,2,7,7.7,True,False,False,True,False,False,64.95,3.0406277056277053,0.9090909090909092
S3913,Maria,Williams,student2913@university.com,24,53.81,49.5,40.34,57.09,71.14,79.7,74.53,59.5315,0,10.0,1,0,1,1,4,4.6,False,True,True,False,False,False,62.04999999999999,5.95315,0.8695652173913044
S3915,Ali,Williams,student2915@university.com,18,91.13,54.39,70.79,60.17,89.15,50.7,64.98,65.8255,1,21.7,1,0,0,2,4,7.5,True,False,True,False,False,False,65.03,3.033433179723503,0.5333333333333333
S3916,John,Davis,student2916@university.com,22,82.42,98.21,69.95,94.86,90.81,30.6,80.75,81.284,3,17.1,1,0,1,1,1,7.6,True,False,True,False,False,False,77.53,4.753450292397661,0.131578947368421
S3917,Omar,Jones,student2917@university.com,18,64.5,75.84,76.2,65.83,99.49,46.1,63.11,71.4875,2,21.7,0,0,2,2,6,6.0,False,True,True,False,False,False,71.09500000000001,3.294354838709677,1.0
S3918,Liam,Davis,student2918@university.com,20,92.27,54.24,97.63,66.34,87.44,63.6,74.0,76.6185,2,14.5,0,0,0,0,9,7.5,False,True,False,True,False,False,73.875,5.284034482758621,1.2
S3919,Emma,Brown,student2919@university.com,19,74.66,69.83,93.11,95.88,51.7,87.89999999999999,51.23,73.068,2,23.8,0,0,3,1,6,8.8,False,True,False,False,True,False,74.94166666666666,3.0700840336134454,0.6818181818181818
S3920,Ahmed,Davis,student2920@university.com,22,74.92,53.15,46.53,50.66,60.27,55.6,92.61,63.794,1,22.1,1,1,0,0,7,4.1,True,False,True,False,False,False,59.80333333333334,2.8866063348416287,1.707317073170732
S3921,Liam,Davis,student2921@university.com,18,98.83,99.04,55.96,59.7,51.76,27.7,52.42,60.088,1,21.3,1,0,1,2,7,7.4,True,False,False,True,False,False,57.76333333333333,2.8210328638497653,0.945945945945946
S3923,Ali,Williams,student2923@university.com,21,67.93,41.57,89.46,85.04,53.07,17.5,66.68,67.5425,1,26.5,0,0,1,2,2,5.1,True,False,False,False,True,False,58.88666666666666,2.5487735849056605,0.3921568627450981
S3924,Sara,Brown,student2924@university.com,20,57.03,96.87,56.52,82.38,75.08,65.0,81.26,76.15350000000001,2,14.4,1,1,1,2,1,5.5,False,True,False,False,False,True,76.185,5.288437500000001,0.1818181818181818
S3925,Emma,Jones,student2925@university.com,20,66.28,83.26,83.84,83.47,51.41,16.0,86.0,77.7105,2,8.4,0,0,2,2,1,8.2,False,True,True,False,False,False,67.33,9.25125,0.1219512195121951
S3926,Maria,Davis,student2926@university.com,22,51.52,44.94,80.32,94.0,73.63,48.2,54.02,66.9,1,23.9,0,1,1,1,8,6.9,False,True,False,False,True,False,65.85166666666666,2.7991631799163184,1.1594202898550725
S3927,Sara,Brown,student2927@university.com,18,51.04,80.24,68.41,56.05,94.94,69.9,52.17,66.18599999999999,1,17.2,1,1,1,0,4,4.1,True,False,True,False,False,False,70.285,3.848023255813953,0.9756097560975612
S3929,Liam,Jones,student2929@university.com,23,97.05,53.13,93.32,86.27,97.2,66.9,85.61,82.988,3,24.5,0,1,2,1,8,7.3,False,True,True,False,False,False,80.40499999999999,3.387265306122449,1.095890410958904
S3930,Emma,Johnson,student2930@university.com,22,93.57,85.51,80.67,81.81,61.33,58.1,91.58,81.7775,3,15.9,1,0,3,1,5,6.2,True,False,False,False,False,True,76.5,5.143238993710692,0.8064516129032258
S3931,Omar,Jones,student2931@university.com,23,75.57,45.22,50.14,72.42,76.55,43.9,83.83,65.17999999999999,1,23.9,1,0,3,0,1,7.6,False,True,False,False,False,True,62.00999999999999,2.727196652719665,0.131578947368421
S3932,Ali,Smith,student2932@university.com,22,78.26,69.37,82.29,50.86,65.93,89.7,87.55,75.95,2,23.9,1,0,0,2,9,5.0,True,False,True,False,False,False,74.28333333333335,3.177824267782427,1.8
S3933,Ali,Smith,student2933@university.com,18,50.3,40.6,84.49,53.02,74.69,69.2,68.95,66.7795,1,7.5,1,1,3,0,3,5.3,True,False,False,False,True,False,65.15833333333333,8.903933333333333,0.5660377358490566
S3934,Ali,Smith,student2934@university.com,21,60.78,98.12,93.21,55.95,77.85,36.1,79.51,79.856,2,20.3,1,1,0,2,7,4.8,False,True,False,False,False,True,73.45666666666666,3.9337931034482754,1.4583333333333337
S3935,Ali,Davis,student2935@university.com,18,51.24,85.09,53.37,67.16,51.81,80.39999999999999,90.27,72.462,2,14.0,1,0,1,2,7,6.0,False,True,False,False,True,False,71.35,5.175857142857143,1.1666666666666667
S3936,Liam,Williams,student2936@university.com,20,87.73,49.53,99.33,55.88,61.66,73.8,58.61,68.083,1,18.7,1,1,1,0,10,8.5,True,False,False,False,True,False,66.46833333333333,3.640802139037433,1.1764705882352942
S3937,Ahmed,Williams,student2937@university.com,23,57.28,60.5,49.2,71.3,85.24,79.2,71.14,65.896,1,7.2,0,0,0,1,10,5.9,False,True,False,False,False,True,69.42999999999999,9.152222222222225,1.694915254237288
S3938,Ali,Williams,student2938@university.com,19,93.45,49.63,76.04,58.93,88.65,64.1,87.02,73.47,2,19.7,0,1,2,1,4,5.4,False,True,False,True,False,False,70.72833333333334,3.7294416243654815,0.7407407407407407
S3939,Ahmed,Davis,student2939@university.com,24,82.17,86.0,79.43,88.96,78.47,37.9,76.63,78.83250000000001,2,24.4,0,0,2,2,8,7.5,True,False,False,True,False,False,74.565,3.230840163934426,1.0666666666666669
S3940,Ahmed,Jones,student2940@university.com,20,61.47,43.53,65.14,93.57,63.54,34.900000000000006,84.08,70.17299999999999,2,29.7,1,0,3,0,8,8.3,True,False,False,False,True,False,64.12666666666668,2.3627272727272723,0.9638554216867468
S3941,Omar,Williams,student2941@university.com,20,57.89,90.42,68.5,69.48,70.25,65.4,64.64,70.797,2,13.0,1,0,1,0,2,5.2,True,False,False,False,False,True,71.44833333333334,5.445923076923076,0.3846153846153846
S3942,Ali,Johnson,student2942@university.com,23,81.38,96.53,93.45,75.57,54.8,13.1,51.62,70.7985,2,8.9,0,1,1,1,8,8.0,False,True,False,True,False,False,64.17833333333334,7.954887640449439,1.0
S3943,John,Smith,student2943@university.com,22,95.04,80.6,78.72,97.67,97.66,82.0,51.46,75.72449999999999,2,14.1,1,1,2,0,5,5.5,True,False,True,False,False,False,81.35166666666666,5.370531914893617,0.9090909090909092
S3945,Sara,Smith,student2945@university.com,24,67.43,61.61,47.7,99.75,53.28,63.0,97.23,73.776,2,15.2,1,0,2,2,6,6.4,True,False,False,True,False,False,70.42833333333334,4.853684210526316,0.9375
S3946,Ahmed,Williams,student2946@university.com,21,79.37,68.63,40.44,57.11,58.32,49.900000000000006,60.56,55.466,0,27.9,1,1,2,0,8,4.3,True,False,False,False,False,True,55.82666666666666,1.9880286738351256,1.8604651162790695
S3947,Emma,Jones,student2947@university.com,20,65.54,76.28,47.5,93.11,79.05,51.900000000000006,57.37,64.9945,1,9.9,1,1,1,0,4,8.3,True,False,False,False,False,True,67.53500000000001,6.56510101010101,0.4819277108433734
S3948,Emma,Brown,student2948@university.com,21,99.96,80.12,97.37,74.86,61.62,73.8,50.91,72.7145,2,16.9,1,1,3,1,10,8.4,False,True,False,False,True,False,73.11333333333334,4.302633136094675,1.1904761904761905
S3949,Maria,Johnson,student2949@university.com,18,87.44,73.25,85.85,51.14,96.72,62.7,61.56,71.39599999999999,2,19.3,1,1,0,2,9,7.4,True,False,False,False,False,True,71.87,3.699274611398963,1.2162162162162162
S3950,Emma,Williams,student2950@university.com,22,80.72,61.08,98.03,98.61,87.78,25.0,66.72,78.505,2,9.5,0,1,3,2,8,5.5,True,False,True,False,False,False,72.87,8.263684210526316,1.4545454545454546
S3951,John,Williams,student2951@university.com,21,71.16,93.46,42.14,98.25,63.66,7.4,62.06,64.6455,1,13.3,0,0,1,1,7,4.8,False,True,True,False,False,False,61.16166666666666,4.860563909774435,1.4583333333333337
S3952,Emma,Johnson,student2952@university.com,20,80.91,44.88,80.81,69.16,50.31,84.0,89.87,73.5005,2,27.8,0,1,1,2,7,7.5,True,False,False,True,False,False,69.83833333333332,2.6439028776978417,0.9333333333333332
S3953,Sara,Johnson,student2953@university.com,22,67.08,67.98,42.66,97.71,89.97,88.5,87.47,75.1815,2,12.4,0,1,3,0,8,4.5,True,False,False,False,False,True,79.04833333333333,6.063024193548387,1.7777777777777777
S3954,Sara,Brown,student2954@university.com,24,51.44,86.53,86.92,57.05,71.2,16.4,54.05,67.422,1,20.9,0,0,0,0,7,6.1,False,True,True,False,False,False,62.025,3.225933014354067,1.1475409836065575
S3955,Ahmed,Williams,student2955@university.com,22,69.75,43.65,62.86,84.01,82.12,30.9,84.87,70.08200000000001,2,8.4,0,0,3,1,1,4.4,True,False,False,False,True,False,64.735,8.34309523809524,0.2272727272727272
S3956,Ali,Davis,student2956@university.com,21,96.52,82.32,45.75,59.6,64.35,28.2,76.03,63.37949999999999,1,21.7,1,0,1,2,5,6.1,False,True,False,False,False,True,59.375,2.9207142857142854,0.819672131147541
S3957,Omar,Williams,student2957@university.com,21,81.32,89.18,74.08,62.33,57.14,93.7,56.61,68.6285,1,12.0,1,1,1,2,2,4.7,True,False,False,True,False,False,72.17333333333333,5.719041666666667,0.425531914893617
S3958,John,Smith,student2958@university.com,19,54.2,79.65,56.81,88.97,83.77,20.5,86.98,74.9915,2,10.8,1,0,1,0,5,4.2,False,True,False,False,True,False,69.44666666666667,6.943657407407407,1.1904761904761905
S3959,Ahmed,Jones,student2959@university.com,19,94.25,40.78,79.57,68.87,72.52,16.7,54.3,60.717000000000006,1,8.1,1,1,0,1,5,6.2,False,True,False,False,True,False,55.45666666666667,7.495925925925927,0.8064516129032258
S3960,John,Jones,student2960@university.com,22,63.44,50.81,79.49,50.36,61.76,18.2,58.86,59.792,0,6.2,0,0,0,1,6,6.8,True,False,False,False,True,False,53.24666666666667,9.643870967741936,0.8823529411764706
S3961,Ali,Smith,student2961@university.com,23,62.19,60.53,82.3,70.71,56.88,73.0,57.46,66.83699999999999,1,29.2,1,1,1,0,6,6.2,False,True,True,False,False,False,66.81333333333332,2.2889383561643832,0.9677419354838708
S3962,Liam,Jones,student2962@university.com,23,64.85,54.02,99.55,61.4,79.02,88.80000000000001,96.95,83.6275,3,15.3,1,0,2,0,6,4.9,False,True,False,False,True,False,79.95666666666666,5.465849673202614,1.2244897959183672
S3963,Emma,Johnson,student2963@university.com,19,78.86,97.76,63.2,84.17,86.28,39.3,84.91,79.1555,2,24.4,1,1,0,2,7,4.4,True,False,True,False,False,False,75.93666666666667,3.244077868852459,1.5909090909090908
S3964,Emma,Jones,student2964@university.com,20,77.23,79.1,67.92,59.72,64.19,13.6,70.56,66.07,1,28.0,0,0,2,1,2,4.6,True,False,False,False,True,False,59.181666666666665,2.3596428571428567,0.4347826086956522
S3965,Omar,Jones,student2965@university.com,18,74.57,57.82,88.28,92.11,86.76,58.6,91.11,83.4985,3,10.1,0,0,1,0,4,7.6,False,True,True,False,False,False,79.11333333333333,8.267178217821783,0.5263157894736842
S3966,Ali,Smith,student2966@university.com,22,85.88,95.78,74.7,63.35,59.16,21.0,60.8,67.75049999999999,1,26.7,1,1,1,1,5,4.1,True,False,False,False,False,True,62.465,2.5374719101123597,1.2195121951219514
S3967,Ahmed,Brown,student2967@university.com,18,65.83,84.44,42.24,69.65,66.92,6.4,96.55,69.6505,1,22.7,0,1,2,1,10,8.3,False,True,True,False,False,False,61.03333333333333,3.068303964757709,1.2048192771084336
S3968,Omar,Jones,student2968@university.com,19,89.1,57.08,90.58,64.9,87.24,88.6,84.85,79.55099999999999,2,19.4,0,1,3,2,7,8.2,False,True,True,False,False,False,78.875,4.100567010309278,0.853658536585366
S3969,Ali,Davis,student2969@university.com,21,58.77,62.73,43.09,82.2,83.01,87.10000000000001,77.98,68.56200000000001,1,25.2,0,0,1,0,2,8.4,True,False,False,False,False,True,72.685,2.720714285714286,0.238095238095238
S3970,Maria,Jones,student2970@university.com,24,89.13,51.97,50.25,55.06,63.53,97.6,89.73,66.769,1,7.8,1,1,1,2,8,8.4,True,False,False,False,True,False,68.02333333333333,8.560128205128207,0.9523809523809524
S3971,Sara,Brown,student2971@university.com,22,83.19,98.26,46.12,73.9,56.11,47.400000000000006,82.24,70.007,2,11.6,0,0,3,0,2,7.3,False,True,False,False,False,True,67.33833333333332,6.035086206896552,0.273972602739726
S3972,Omar,Smith,student2972@university.com,19,84.16,71.04,44.68,66.72,52.12,29.4,94.36,66.824,1,8.3,1,1,2,0,5,8.2,True,False,False,False,True,False,59.72,8.051084337349396,0.6097560975609757
S3973,Omar,Brown,student2973@university.com,20,74.08,93.76,41.54,94.21,91.9,77.0,91.46,79.0585,2,27.4,0,1,2,1,9,7.7,True,False,True,False,False,False,81.645,2.8853467153284678,1.1688311688311688
S3974,Ahmed,Smith,student2974@university.com,24,83.35,60.79,43.3,53.67,53.76,18.0,59.89,52.237,0,7.5,0,0,0,0,2,5.5,False,True,False,False,True,False,48.23499999999999,6.964933333333334,0.3636363636363636
S3975,John,Johnson,student2975@university.com,22,53.99,91.65,66.55,91.48,55.74,24.3,61.98,69.49,1,29.5,0,1,1,1,2,7.8,False,True,True,False,False,False,65.28333333333335,2.355593220338983,0.2564102564102564
S3976,Maria,Smith,student2976@university.com,22,92.58,43.23,55.17,58.38,61.89,25.6,53.25,52.478,0,7.7,1,0,1,0,2,7.1,False,True,False,False,True,False,49.586666666666666,6.815324675324676,0.2816901408450704
S3977,Ahmed,Johnson,student2977@university.com,23,52.78,98.93,47.59,54.43,72.28,95.2,61.01,65.1925,1,21.5,0,1,2,0,7,4.1,False,True,True,False,False,False,71.57333333333334,3.0322093023255814,1.707317073170732
S3978,Ali,Johnson,student2978@university.com,21,57.44,94.72,79.52,60.12,89.49,73.0,67.17,75.856,2,21.5,1,1,0,1,5,7.9,False,True,True,False,False,False,77.33666666666667,3.528186046511628,0.6329113924050632
S3979,Ali,Smith,student2979@university.com,22,78.84,61.79,53.57,55.13,62.37,13.4,51.44,53.26950000000001,0,28.3,1,1,0,2,9,8.4,False,True,False,True,False,False,49.616666666666674,1.882314487632509,1.0714285714285714
S3980,Ali,Davis,student2980@university.com,21,86.97,86.48,41.14,76.05,77.18,9.3,65.75,62.572500000000005,1,13.1,0,0,1,1,4,6.6,True,False,False,False,True,False,59.31666666666667,4.776526717557252,0.6060606060606061
S3981,Liam,Williams,student2981@university.com,19,53.81,85.14,65.11,99.41,54.52,84.3,88.58,80.201,3,13.3,1,1,1,0,1,6.4,False,True,False,False,True,False,79.51,6.030150375939849,0.15625
S3982,Ali,Smith,student2982@university.com,20,96.04,94.08,58.63,51.72,73.23,80.19999999999999,92.02,75.4665,2,26.2,1,1,2,2,8,6.1,True,False,False,True,False,False,74.98,2.8804007633587787,1.3114754098360657
S3983,John,Jones,student2983@university.com,24,98.68,58.44,59.12,73.06,58.88,67.1,50.44,58.87999999999999,0,29.5,1,0,1,0,6,7.6,True,False,True,False,False,False,61.17333333333334,1.99593220338983,0.7894736842105263
S3984,Maria,Davis,student2984@university.com,24,80.3,67.93,66.72,69.3,60.56,19.6,50.36,59.40849999999999,0,5.8,1,1,0,2,9,5.1,False,True,True,False,False,False,55.745000000000005,10.242844827586206,1.7647058823529411
S3985,Emma,Davis,student2985@university.com,20,74.06,91.9,80.13,66.98,68.34,48.0,57.32,70.2945,2,20.9,0,1,3,2,3,7.9,True,False,False,True,False,False,68.77833333333334,3.363373205741627,0.3797468354430379
S3986,Sara,Jones,student2986@university.com,22,87.07,86.71,76.99,66.59,88.07,60.3,93.63,82.15350000000001,3,11.1,1,0,1,0,10,5.5,False,True,False,True,False,False,78.715,7.401216216216217,1.818181818181818
S3987,John,Williams,student2987@university.com,22,66.42,63.61,96.24,94.75,87.2,93.2,73.46,83.232,3,23.2,0,0,2,0,7,5.3,True,False,False,False,False,True,84.74333333333333,3.587586206896552,1.3207547169811322
S3988,John,Davis,student2988@university.com,19,74.66,90.74,71.06,50.95,70.75,16.9,99.15,76.6835,2,24.3,1,1,1,2,1,8.0,False,True,True,False,False,False,66.59166666666665,3.1556995884773658,0.125
S3989,Liam,Johnson,student2989@university.com,23,95.81,42.82,68.35,88.75,55.93,51.5,94.37,73.30199999999999,2,24.1,1,0,1,2,2,4.9,False,True,False,False,False,True,66.95333333333333,3.0415767634854767,0.4081632653061224
S3990,Emma,Williams,student2990@university.com,23,97.78,86.92,52.8,62.65,64.03,15.8,94.51,71.1815,2,15.9,0,0,0,0,5,8.3,False,True,False,False,True,False,62.785,4.476823899371069,0.6024096385542168
S3991,Emma,Jones,student2991@university.com,23,96.35,52.41,85.32,69.16,75.27,44.400000000000006,56.42,66.2385,1,8.9,1,0,1,0,10,8.9,False,True,False,False,False,True,63.82999999999999,7.442528089887641,1.1235955056179774
S3992,Sara,Williams,student2992@university.com,21,63.12,57.17,48.45,71.01,93.47,20.0,73.76,63.8145,1,19.6,0,1,1,1,2,5.6,True,False,False,True,False,False,60.64333333333334,3.2558418367346937,0.3571428571428571
S3993,Sara,Smith,student2993@university.com,23,61.62,69.59,69.47,65.24,98.41,83.6,99.68,81.517,3,24.7,1,1,2,0,8,8.6,True,False,False,True,False,False,80.99833333333335,3.3002834008097164,0.9302325581395348
S3994,Emma,Williams,student2994@university.com,20,64.88,66.98,65.28,54.68,81.87,25.5,57.45,61.266,1,27.8,0,0,1,1,5,6.8,True,False,False,True,False,False,58.626666666666665,2.203812949640288,0.7352941176470589
S3995,Ali,Johnson,student2995@university.com,24,72.07,71.23,79.5,55.72,67.53,41.7,78.71,71.3685,2,16.3,0,1,3,0,9,5.3,True,False,False,True,False,False,65.73166666666667,4.378435582822085,1.69811320754717
S3996,John,Smith,student2996@university.com,24,65.71,72.69,95.06,64.91,84.67,40.8,67.21,75.07499999999999,2,11.1,1,0,3,1,3,6.3,True,False,False,False,False,True,70.89,6.763513513513512,0.4761904761904762
S3997,Ahmed,Brown,student2997@university.com,21,68.71,59.89,96.8,91.09,66.81,86.6,69.39,78.67499999999998,2,8.0,1,0,2,0,6,8.0,False,True,False,False,False,True,78.43,9.834374999999998,0.75
S3998,Sara,Jones,student2998@university.com,19,81.03,50.51,50.07,56.73,81.27,75.8,94.54,68.8825,1,24.9,0,0,3,2,4,7.3,False,True,False,False,False,True,68.15333333333334,2.7663654618473896,0.547945205479452
S3999,Liam,Jones,student2999@university.com,20,88.13,86.11,55.71,87.13,62.19,5.8,79.4,70.2425,2,18.4,1,1,3,1,7,6.5,False,True,False,True,False,False,62.723333333333336,3.817527173913044,1.0769230769230769
S4000,Liam,Williams,student3000@university.com,24,86.78,64.0,88.7,64.44,63.35,6.7,87.94,74.493,2,21.9,0,0,1,0,7,5.3,False,True,False,True,False,False,62.52166666666667,3.4015068493150684,1.3207547169811322
S4001,Sara,Davis,student3001@university.com,20,90.72,70.35,71.1,94.17,53.76,55.1,83.66,75.68199999999999,2,9.0,1,0,3,1,5,7.6,False,True,True,False,False,False,71.35666666666667,8.409111111111109,0.6578947368421053
S4003,Maria,Brown,student3003@university.com,18,52.39,94.58,82.64,58.59,80.91,27.6,89.59,79.9835,2,29.2,1,0,1,1,5,5.7,False,True,False,True,False,False,72.31833333333334,2.73916095890411,0.8771929824561403
S4004,Ahmed,Smith,student3004@university.com,19,89.47,82.45,76.12,99.29,89.44,79.3,98.54,88.762,3,25.3,0,0,0,1,4,7.7,False,True,True,False,False,False,87.52333333333333,3.508379446640316,0.5194805194805194
S4005,Ahmed,Jones,student3005@university.com,19,76.65,42.73,98.24,58.83,90.52,12.9,98.34,78.993,2,15.0,0,0,1,0,9,6.8,True,False,False,False,True,False,66.92666666666666,5.2662,1.3235294117647058
S4006,Sara,Smith,student3006@university.com,18,78.91,90.31,75.04,78.38,99.62,97.4,89.47,85.73649999999999,3,16.4,1,0,0,1,7,4.9,True,False,False,False,True,False,88.37,5.227835365853658,1.4285714285714284
S4007,Ali,Brown,student3007@university.com,21,52.63,99.36,67.96,78.46,54.39,2.4,74.37,71.53299999999999,2,28.2,1,1,1,0,6,7.4,False,True,False,True,False,False,62.82333333333332,2.5366312056737583,0.8108108108108107
S4008,Maria,Davis,student3008@university.com,24,62.77,68.35,72.57,68.64,74.66,11.8,58.16,64.195,1,10.2,1,1,1,1,3,5.3,False,True,False,False,False,True,59.03000000000001,6.293627450980392,0.5660377358490566
S4009,Ahmed,Williams,student3009@university.com,24,81.92,98.18,88.51,97.57,76.07,31.1,52.22,76.318,2,25.1,0,0,2,2,5,7.8,True,False,False,False,True,False,73.94166666666666,3.040557768924302,0.6410256410256411
S4011,Liam,Smith,student3011@university.com,23,95.85,67.58,78.82,91.49,63.32,21.6,67.01,71.0805,2,26.9,0,0,3,0,5,7.0,False,True,False,False,False,True,64.97,2.642397769516729,0.7142857142857143
S4012,Ahmed,Johnson,student3012@university.com,23,75.02,59.88,98.29,98.71,53.47,73.60000000000001,56.49,74.33500000000001,2,19.7,0,0,3,0,2,7.0,False,True,True,False,False,False,73.40666666666668,3.773350253807107,0.2857142857142857
S4013,Omar,Jones,student3013@university.com,23,77.27,79.45,77.1,72.86,65.69,35.8,61.24,68.85249999999999,1,16.9,0,1,1,0,5,4.7,True,False,False,False,False,True,65.35666666666667,4.074112426035502,1.0638297872340423
S4014,Maria,Williams,student3014@university.com,23,91.65,53.79,62.82,54.86,99.2,3.9,54.18,58.3715,0,22.7,0,0,1,1,7,7.3,False,True,True,False,False,False,54.79166666666666,2.571431718061674,0.9589041095890412
S4016,Omar,Smith,student3016@university.com,18,75.84,41.63,79.57,69.04,69.76,94.4,56.32,65.08500000000001,1,9.9,0,1,0,2,10,8.5,True,False,False,False,False,True,68.45333333333333,6.574242424242425,1.1764705882352942
S4017,John,Davis,student3017@university.com,19,95.25,57.54,40.83,59.52,93.81,61.900000000000006,87.14,66.3845,1,15.2,0,0,1,2,3,7.4,True,False,True,False,False,False,66.79,4.367401315789474,0.4054054054054054
S4018,Liam,Williams,student3018@university.com,21,89.5,63.75,68.04,74.16,51.64,80.7,66.63,66.8845,1,20.4,0,0,0,2,4,8.8,True,False,False,False,True,False,67.48666666666666,3.278651960784314,0.4545454545454545
S4019,Omar,Smith,student3019@university.com,20,95.45,73.12,84.57,96.29,65.71,12.1,83.6,78.81,2,8.6,1,0,1,0,1,7.0,False,True,False,True,False,False,69.23166666666667,9.163953488372094,0.1428571428571428
S4020,Emma,Smith,student3020@university.com,23,60.91,57.56,69.94,58.57,86.34,26.9,94.13,73.1225,2,14.5,1,1,1,2,9,5.3,True,False,True,False,False,False,65.57333333333332,5.042931034482759,1.69811320754717
S4021,Emma,Johnson,student3021@university.com,18,76.22,99.04,86.78,92.43,61.07,32.5,54.3,74.4375,2,11.5,1,1,1,2,3,7.3,False,True,False,False,True,False,71.02,6.4728260869565215,0.4109589041095891
S4022,Sara,Williams,student3022@university.com,24,92.12,57.5,67.05,70.91,59.92,96.1,99.45,76.656,2,21.1,1,1,3,2,10,8.5,True,False,False,False,False,True,75.155,3.632985781990522,1.1764705882352942
S4023,Maria,Smith,student3023@university.com,21,55.56,66.46,99.0,56.84,93.09,51.2,82.26,79.792,2,28.0,1,1,1,0,6,5.8,False,True,True,False,False,False,74.80833333333332,2.8497142857142856,1.0344827586206895
S4024,John,Johnson,student3024@university.com,21,89.73,46.2,57.57,92.42,80.8,0.7000000000000001,52.67,59.1015,0,9.1,1,0,0,0,1,5.3,True,False,False,False,True,False,55.06,6.49467032967033,0.1886792452830188
S4025,John,Brown,student3025@university.com,21,59.15,55.64,45.53,98.48,99.45,38.0,65.7,66.0555,1,9.7,1,0,2,1,5,8.8,False,True,True,False,False,False,67.13333333333334,6.809845360824743,0.5681818181818181
S4026,Ahmed,Johnson,student3026@university.com,18,90.41,42.9,65.8,64.56,56.73,0.8,94.31,66.57499999999999,1,20.0,1,0,1,1,10,7.8,False,True,False,False,False,True,54.18333333333334,3.3287499999999994,1.2820512820512822
S4027,Ahmed,Johnson,student3027@university.com,20,80.6,73.57,72.5,65.18,67.81,23.8,79.81,70.8515,2,16.3,0,0,0,2,5,4.2,True,False,False,True,False,False,63.778333333333336,4.346717791411042,1.1904761904761905
S4028,Omar,Smith,student3028@university.com,23,59.66,85.06,60.95,69.53,65.56,45.5,64.36,66.565,1,23.0,1,1,2,0,5,6.8,True,False,True,False,False,False,65.16000000000001,2.8941304347826087,0.7352941176470589
S4029,John,Jones,student3029@university.com,21,73.67,51.74,54.54,90.71,94.01,32.3,97.02,75.1245,2,12.2,0,0,1,0,1,5.2,False,True,False,True,False,False,70.05333333333333,6.157745901639345,0.1923076923076923
S4030,Omar,Jones,student3030@university.com,18,84.1,62.07,80.32,50.52,62.76,3.3000000000000003,89.36,70.2175,2,18.6,1,1,1,1,7,5.4,True,False,True,False,False,False,58.055,3.7751344086021503,1.2962962962962965
S4031,Liam,Davis,student3031@university.com,24,81.69,41.0,62.63,61.2,67.67,11.6,86.78,64.3685,1,14.7,0,0,1,2,5,4.4,False,True,True,False,False,False,55.14666666666667,4.378809523809524,1.1363636363636362
S4032,Omar,Jones,student3032@university.com,19,71.36,90.37,77.88,85.29,57.14,55.1,94.42,82.614,3,12.0,0,0,1,0,1,5.2,True,False,False,False,False,True,76.7,6.8845,0.1923076923076923
S4033,Ahmed,Johnson,student3033@university.com,24,94.97,86.8,86.74,70.28,88.77,69.6,88.49,84.151,3,23.2,0,1,0,1,8,6.5,True,False,True,False,False,False,81.77999999999999,3.627198275862069,1.2307692307692308
S4034,Maria,Davis,student3034@university.com,18,75.96,43.8,85.66,66.51,61.89,40.5,64.34,65.47749999999999,1,24.9,0,1,1,1,6,4.4,False,True,False,False,True,False,60.44999999999999,2.629618473895582,1.3636363636363635
S4035,Omar,Smith,student3035@university.com,18,75.29,61.89,62.52,93.61,53.42,73.1,79.19,71.709,2,13.2,1,1,1,2,7,8.4,True,False,False,False,True,False,70.62166666666666,5.4325,0.8333333333333333
S4036,Ali,Williams,student3036@university.com,18,53.11,97.32,74.07,95.87,71.76,16.299999999999997,92.11,83.11999999999999,3,20.6,1,0,1,2,4,7.9,True,False,False,True,False,False,74.57166666666667,4.034951456310679,0.5063291139240506
S4037,Maria,Johnson,student3037@university.com,21,96.11,63.52,66.98,97.4,69.57,12.2,59.04,66.162,1,9.5,0,1,2,0,1,5.9,False,True,False,True,False,False,61.45166666666668,6.96442105263158,0.1694915254237288
S4038,John,Johnson,student3038@university.com,18,58.86,71.57,92.25,63.63,58.88,83.9,58.15,70.87049999999999,2,24.8,0,0,0,0,8,4.7,False,True,False,False,True,False,71.39666666666666,2.857681451612903,1.702127659574468
S4039,John,Davis,student3039@university.com,19,76.42,61.31,92.73,95.63,56.68,33.9,57.95,71.4715,2,12.0,1,0,2,1,1,9.0,True,False,False,True,False,False,66.36666666666666,5.955958333333334,0.1111111111111111
S4040,Omar,Smith,student3040@university.com,21,90.18,75.77,60.62,86.85,94.83,43.2,59.71,69.10399999999998,1,9.3,0,0,0,0,9,6.8,False,True,False,True,False,False,70.16333333333333,7.4305376344086,1.3235294117647058
S4041,Maria,Brown,student3041@university.com,24,60.77,98.69,45.5,57.71,53.39,94.8,55.16,61.462,1,28.5,0,0,3,2,6,6.1,True,False,False,False,True,False,67.54166666666667,2.156561403508772,0.9836065573770492
S4042,Ahmed,Johnson,student3042@university.com,19,76.37,99.85,50.05,80.51,54.97,42.400000000000006,91.88,74.74749999999999,2,15.6,1,1,2,0,5,5.0,True,False,False,False,True,False,69.94333333333333,4.791506410256409,1.0
S4043,Ahmed,Brown,student3043@university.com,22,62.03,86.48,62.02,51.32,62.25,0.3,90.92,69.691,1,21.1,1,1,3,0,2,5.0,False,True,False,False,True,False,58.88166666666667,3.3028909952606638,0.4
S4044,Emma,Brown,student3044@university.com,24,87.98,64.26,73.85,85.42,97.64,93.8,57.57,72.6395,2,25.2,1,1,1,0,8,8.0,False,True,False,False,False,True,78.75666666666667,2.882519841269841,1.0
S4045,John,Jones,student3045@university.com,18,78.22,69.67,79.41,86.68,54.27,1.4,85.28,74.386,2,22.2,0,0,2,2,9,6.6,False,True,False,False,False,True,62.78499999999999,3.350720720720721,1.3636363636363638
S4046,Sara,Smith,student3046@university.com,23,92.8,61.4,59.88,89.47,90.8,66.2,81.35,74.3955,2,19.1,0,0,1,0,3,8.9,False,True,False,False,True,False,74.85000000000001,3.8950523560209422,0.3370786516853932
S4047,Emma,Brown,student3047@university.com,23,94.73,99.13,80.05,58.63,94.6,32.3,63.81,73.8945,2,14.3,0,1,0,0,10,8.8,False,True,True,False,False,False,71.42,5.167447552447552,1.1363636363636362
S4048,Ahmed,Smith,student3048@university.com,21,82.44,82.47,96.26,81.41,68.89,47.0,61.37,76.29700000000001,2,28.0,1,0,1,2,8,5.0,False,True,False,False,True,False,72.89999999999999,2.7248928571428577,1.6
S4049,Maria,Jones,student3049@university.com,23,86.27,66.94,79.12,58.94,64.69,54.7,62.53,66.625,1,8.3,1,0,1,2,10,9.0,True,False,False,False,False,True,64.48666666666666,8.02710843373494,1.1111111111111112
S4050,Liam,Smith,student3050@university.com,24,77.46,40.73,49.51,97.33,83.87,40.8,86.53,69.4725,1,27.1,0,1,1,0,5,8.9,True,False,False,True,False,False,66.46166666666666,2.563560885608856,0.5617977528089887
S4051,Ahmed,Johnson,student3051@university.com,21,69.22,71.23,74.78,83.75,85.13,77.4,65.97,74.116,2,22.7,1,0,1,0,10,8.0,False,True,True,False,False,False,76.37666666666667,3.2650220264317182,1.25
S4052,Maria,Brown,student3052@university.com,24,82.41,99.04,72.51,54.77,89.0,93.1,63.9,73.92399999999999,2,19.3,1,1,1,2,4,6.0,True,False,True,False,False,False,78.72000000000001,3.830259067357512,0.6666666666666666
S4053,Emma,Smith,student3053@university.com,18,95.41,71.38,92.24,59.35,91.53,8.6,51.12,67.5885,1,13.1,1,0,1,1,10,5.1,True,False,False,True,False,False,62.370000000000005,5.159427480916031,1.9607843137254903
S4054,John,Williams,student3054@university.com,20,70.83,50.95,61.02,83.17,63.42,80.0,95.41,74.338,2,8.7,0,1,1,1,9,4.5,True,False,True,False,False,False,72.32833333333333,8.544597701149426,2.0
S4055,Ahmed,Smith,student3055@university.com,20,65.72,41.33,65.38,73.83,84.35,12.9,87.64,68.991,1,16.1,0,1,0,2,7,4.3,True,False,False,True,False,False,60.905,4.285155279503106,1.627906976744186
S4056,Omar,Brown,student3056@university.com,19,69.42,61.28,75.92,86.81,56.75,8.0,73.64,69.3605,1,24.6,1,1,1,1,4,8.1,False,True,False,False,False,True,60.4,2.819532520325203,0.4938271604938272
S4057,Maria,Jones,student3057@university.com,18,71.77,95.09,71.47,64.04,75.54,95.6,97.15,83.21600000000001,3,23.6,0,0,2,1,5,8.7,True,False,True,False,False,False,83.14833333333333,3.5261016949152544,0.574712643678161
S4058,John,Jones,student3058@university.com,23,53.68,99.79,83.14,82.9,80.64,48.9,64.68,78.1015,2,21.1,1,1,1,2,5,7.9,True,False,True,False,False,False,76.675,3.7014928909952607,0.6329113924050632
S4059,Liam,Brown,student3059@university.com,18,74.92,96.72,42.42,58.85,58.09,15.3,83.74,65.6365,1,29.8,1,0,1,1,2,7.8,False,True,False,True,False,False,59.18666666666667,2.20256711409396,0.2564102564102564
S4060,Liam,Johnson,student3060@university.com,22,74.72,83.77,73.81,77.19,53.83,57.0,65.26,70.4075,2,29.3,0,0,2,2,5,6.1,False,True,False,True,False,False,68.47666666666666,2.402986348122867,0.819672131147541
S4061,Sara,Johnson,student3061@university.com,20,79.42,73.49,47.3,97.89,59.74,26.3,65.73,64.53999999999999,1,15.0,1,1,2,1,3,7.2,False,True,False,False,False,True,61.741666666666674,4.302666666666666,0.4166666666666666
S4062,Maria,Jones,student3062@university.com,23,68.14,75.44,58.91,81.41,71.03,46.4,92.24,75.35,2,9.8,0,1,2,0,5,7.4,False,True,False,True,False,False,70.90499999999999,7.68877551020408,0.6756756756756757
S4063,Emma,Jones,student3063@university.com,24,80.66,72.34,79.7,52.5,94.39,62.5,89.35,78.02,2,16.6,0,0,1,0,1,5.3,True,False,False,True,False,False,75.13,4.699999999999999,0.1886792452830188
S4064,Sara,Brown,student3064@university.com,24,93.91,82.42,49.44,99.44,76.6,86.89999999999999,64.71,71.05699999999999,2,26.1,0,1,1,2,8,7.7,False,True,False,False,False,True,76.585,2.7224904214559382,1.0389610389610389
S4065,Sara,Johnson,student3065@university.com,20,97.77,65.13,58.53,57.84,87.42,0.3,54.07,58.05600000000001,0,16.5,0,1,1,2,9,4.7,True,False,False,False,True,False,53.88166666666667,3.518545454545455,1.9148936170212765
S4066,Ali,Jones,student3066@university.com,18,79.18,80.15,82.18,85.9,58.71,21.4,67.88,72.7575,2,13.4,0,1,3,1,9,5.5,True,False,False,False,True,False,66.03666666666666,5.429664179104477,1.6363636363636365
S4067,Ahmed,Johnson,student3067@university.com,23,52.13,47.3,79.05,76.63,55.3,9.6,88.0,70.762,2,23.5,0,0,0,2,8,6.9,False,True,False,True,False,False,59.31333333333333,3.011148936170213,1.1594202898550725
S4068,Maria,Jones,student3068@university.com,19,98.46,55.94,45.46,64.72,61.98,9.7,55.03,52.656,0,21.3,1,0,1,1,2,6.7,False,True,False,False,False,True,48.805,2.472112676056338,0.2985074626865671
S4069,Sara,Smith,student3069@university.com,24,85.29,90.16,74.64,58.87,65.69,94.6,83.61,77.3965,2,29.2,0,1,3,2,2,7.5,False,True,False,False,True,False,77.92833333333334,2.650565068493151,0.2666666666666666
S4070,Ali,Williams,student3070@university.com,18,66.8,94.22,48.84,58.89,77.41,93.6,94.49,75.94449999999999,2,18.7,0,0,3,2,10,6.9,False,True,False,False,False,True,77.90833333333335,4.061203208556149,1.4492753623188406
S4071,Emma,Davis,student3071@university.com,19,57.36,72.34,55.14,92.92,94.06,74.9,58.96,69.413,1,29.2,0,1,3,2,5,4.2,False,True,False,True,False,False,74.72,2.3771575342465754,1.1904761904761905
S4072,John,Smith,student3072@university.com,23,57.17,41.9,67.55,93.65,71.3,64.3,93.11,75.49799999999999,2,12.3,1,1,1,0,6,8.9,False,True,False,True,False,False,71.96833333333333,6.138048780487804,0.6741573033707865
S4073,Omar,Davis,student3073@university.com,20,58.39,95.62,46.56,73.26,75.94,84.80000000000001,52.57,64.577,1,26.6,1,1,0,0,5,7.8,True,False,False,False,False,True,71.45833333333333,2.427706766917293,0.6410256410256411
S4074,Omar,Jones,student3074@university.com,22,52.28,82.12,99.62,55.18,50.23,5.8,83.34,75.815,2,13.8,1,1,2,1,1,8.4,True,False,True,False,False,False,62.71500000000001,5.493840579710144,0.119047619047619
S4075,Maria,Williams,student3075@university.com,21,95.11,64.84,49.92,94.21,51.67,11.9,89.55,68.9645,1,25.2,1,0,0,2,1,8.0,True,False,False,True,False,False,60.34833333333333,2.736686507936508,0.125
S4076,Sara,Williams,student3076@university.com,20,77.04,75.9,86.88,74.35,54.19,31.7,72.24,72.93349999999998,2,28.1,1,1,0,2,8,5.1,True,False,False,True,False,False,65.87666666666667,2.595498220640569,1.5686274509803924
S4077,Omar,Jones,student3077@university.com,19,85.0,65.79,89.79,71.94,84.95,83.2,60.19,73.819,2,20.6,1,0,1,0,5,8.7,False,True,False,True,False,False,75.97666666666667,3.5834466019417475,0.574712643678161
S4078,Ahmed,Jones,student3078@university.com,18,91.41,67.92,99.67,70.37,74.31,47.2,96.24,84.324,3,23.2,1,1,3,0,8,8.9,False,True,False,True,False,False,75.95166666666667,3.634655172413793,0.898876404494382
S4079,Omar,Johnson,student3079@university.com,24,89.58,93.21,65.72,68.25,59.65,50.4,51.0,64.434,1,29.0,0,0,3,0,3,4.4,True,False,False,False,False,True,64.705,2.221862068965517,0.6818181818181818
S4080,Omar,Jones,student3080@university.com,23,94.13,49.67,92.45,76.3,79.63,22.9,77.75,74.441,2,14.4,1,1,2,1,5,4.8,True,False,False,False,False,True,66.45,5.169513888888889,1.0416666666666667
S4081,Omar,Brown,student3081@university.com,20,98.36,46.22,97.45,80.23,77.23,64.80000000000001,68.64,74.88499999999999,2,17.8,1,0,1,2,2,9.0,True,False,False,False,False,True,72.42833333333334,4.207022471910111,0.2222222222222222
S4082,Liam,Jones,student3082@university.com,24,71.95,40.16,50.37,73.32,54.44,88.80000000000001,73.05,61.4135,1,27.5,0,0,2,1,8,5.5,False,True,False,False,False,True,63.35666666666668,2.2332181818181818,1.4545454545454546
S4083,Ali,Brown,student3083@university.com,24,97.52,58.84,68.77,94.83,82.02,33.0,76.83,73.14399999999999,2,21.8,0,1,1,0,1,8.1,False,True,True,False,False,False,69.04833333333333,3.3552293577981644,0.1234567901234568
S4084,Sara,Jones,student3084@university.com,22,86.16,48.84,43.6,65.88,88.36,61.900000000000006,76.74,63.06099999999999,1,26.8,0,1,1,0,5,4.4,False,True,False,False,False,True,64.22000000000001,2.353022388059701,1.1363636363636362
S4085,Ahmed,Johnson,student3085@university.com,23,53.53,53.2,77.24,78.92,64.33,33.2,60.18,65.275,1,20.5,1,0,3,1,7,7.7,True,False,False,False,False,True,61.178333333333335,3.184146341463415,0.9090909090909092
S4086,Sara,Brown,student3086@university.com,19,84.09,40.67,74.88,65.0,84.37,79.3,83.99,72.1695,2,23.5,0,1,2,0,10,7.5,True,False,False,True,False,False,71.36833333333334,3.0710425531914893,1.3333333333333333
S4087,Liam,Smith,student3087@university.com,23,84.34,53.63,52.25,87.67,59.99,47.5,50.96,57.9195,0,5.3,1,0,1,2,5,8.7,False,True,True,False,False,False,58.66666666666666,10.928207547169812,0.574712643678161
S4088,Maria,Brown,student3088@university.com,23,95.29,59.96,87.87,55.11,87.84,33.9,51.06,65.025,1,13.5,0,1,1,2,3,7.6,False,True,False,True,False,False,62.62333333333333,4.816666666666667,0.3947368421052631
S4089,Maria,Johnson,student3089@university.com,18,68.65,41.89,42.24,59.43,95.59,42.0,73.92,59.593,0,24.3,0,1,0,2,4,4.2,True,False,True,False,False,False,59.178333333333335,2.4523868312757204,0.9523809523809524
S4090,Maria,Davis,student3090@university.com,21,79.25,76.47,88.37,90.06,72.09,9.1,77.1,77.866,2,15.1,1,1,1,0,9,6.3,True,False,False,False,True,False,68.86500000000001,5.156688741721855,1.4285714285714286
S4091,Emma,Brown,student3091@university.com,24,50.61,74.13,41.6,59.16,62.23,86.6,63.74,60.0685,1,14.1,0,1,1,0,5,5.7,False,True,True,False,False,False,64.57666666666667,4.26017730496454,0.8771929824561403
S4092,Omar,Jones,student3092@university.com,19,66.6,45.82,79.41,81.29,69.96,95.8,77.58,73.979,2,28.8,0,1,3,1,3,6.9,True,False,True,False,False,False,74.97666666666666,2.5687152777777778,0.4347826086956521
S4093,Emma,Jones,student3093@university.com,18,53.11,75.7,44.73,98.51,62.5,47.7,75.81,68.692,1,18.8,1,1,1,0,7,6.1,False,True,False,True,False,False,67.49166666666666,3.653829787234042,1.1475409836065575
S4094,Ali,Davis,student3094@university.com,24,76.09,99.92,55.07,76.14,50.06,22.1,67.46,66.5255,1,9.8,0,0,2,0,6,5.4,False,True,True,False,False,False,61.79166666666666,6.788316326530612,1.111111111111111
S4095,Maria,Johnson,student3095@university.com,21,90.87,96.67,83.31,59.37,82.52,66.5,82.59,80.5875,3,16.8,0,0,1,2,3,7.3,True,False,True,False,False,False,78.49333333333334,4.796875,0.4109589041095891
S4096,Liam,Williams,student3096@university.com,18,60.32,40.16,56.82,66.03,52.13,45.2,97.9,66.9765,1,18.0,0,0,1,0,10,5.6,True,False,False,True,False,False,59.70666666666667,3.720916666666666,1.7857142857142858
S4097,Ahmed,Jones,student3097@university.com,21,76.37,87.72,70.67,91.17,60.52,25.2,74.54,74.175,2,29.7,0,0,3,0,3,8.3,True,False,False,False,True,False,68.30333333333333,2.4974747474747474,0.36144578313253
S4098,Sara,Smith,student3098@university.com,21,60.2,61.22,94.91,67.58,86.12,3.8,89.3,78.6395,2,23.0,1,0,3,2,4,5.6,False,True,False,False,True,False,67.155,3.4191086956521737,0.7142857142857143
S4099,Omar,Johnson,student3099@university.com,21,56.03,43.82,42.98,86.18,83.29,89.0,62.38,61.738,1,18.0,0,1,3,1,10,6.6,True,False,False,False,True,False,67.94166666666668,3.4298888888888888,1.5151515151515151
S4100,John,Brown,student3100@university.com,18,75.55,57.76,88.66,88.87,53.67,79.7,88.1,79.94149999999999,2,15.8,1,1,3,2,3,8.1,True,False,True,False,False,False,76.12666666666667,5.059588607594936,0.3703703703703704
S4101,Ahmed,Brown,student3101@university.com,23,53.96,59.3,43.92,75.06,83.0,82.89999999999999,82.45,68.314,1,27.9,1,0,0,0,6,8.1,False,True,False,True,False,False,71.10499999999999,2.448530465949821,0.7407407407407408
S4102,Omar,Smith,student3102@university.com,21,79.37,71.39,47.61,89.16,96.53,44.0,81.98,72.432,2,21.1,1,1,1,0,1,6.9,False,True,False,False,True,False,71.77833333333334,3.4327962085308057,0.144927536231884
S4103,Emma,Jones,student3103@university.com,23,51.57,79.67,47.16,65.85,53.73,75.3,94.65,71.151,2,13.9,0,0,0,1,1,5.9,True,False,False,False,True,False,69.39333333333333,5.118776978417266,0.1694915254237288
S4104,Emma,Johnson,student3104@university.com,24,55.34,84.94,99.65,75.81,70.78,58.1,61.67,77.509,2,16.6,0,1,0,1,7,6.8,False,True,False,False,True,False,75.15833333333333,4.66921686746988,1.0294117647058825
S4105,Ahmed,Smith,student3105@university.com,24,77.5,54.75,50.81,84.33,86.47,37.5,68.42,64.6125,1,12.0,0,0,1,2,8,8.2,False,True,False,False,True,False,63.71333333333334,5.384375,0.9756097560975612
S4106,Emma,Jones,student3106@university.com,19,79.57,59.31,93.81,58.4,83.39,84.3,54.15,69.90799999999999,1,29.0,1,0,3,2,4,5.1,False,True,False,True,False,False,72.22666666666667,2.410620689655172,0.7843137254901962
S4107,Maria,Johnson,student3107@university.com,22,51.45,58.5,99.46,63.68,61.33,99.9,86.31,80.21300000000001,3,22.5,0,0,2,1,7,4.6,True,False,False,False,True,False,78.19666666666667,3.5650222222222228,1.5217391304347827
S4108,Ali,Brown,student3108@university.com,23,78.67,61.76,63.03,82.6,58.15,89.9,92.19,75.37849999999999,2,14.8,1,1,3,2,2,6.9,True,False,True,False,False,False,74.60499999999999,5.093141891891891,0.2898550724637681
S4109,Sara,Johnson,student3109@university.com,24,91.93,99.98,77.86,82.77,89.21,77.6,70.29,80.7655,3,9.6,1,1,3,2,9,6.9,False,True,True,False,False,False,82.95166666666667,8.413072916666668,1.3043478260869563
S4110,Ali,Davis,student3110@university.com,22,86.12,86.68,86.75,74.67,97.81,74.80000000000001,67.84,79.763,2,9.4,0,0,0,0,9,5.5,False,True,False,True,False,False,81.42500000000001,8.485425531914894,1.6363636363636365
S4111,Omar,Williams,student3111@university.com,21,56.56,98.5,63.56,89.78,88.38,65.0,82.93,81.099,3,16.9,1,0,1,1,7,6.2,False,True,False,False,False,True,81.35833333333333,4.798757396449704,1.129032258064516
S4112,Sara,Johnson,student3112@university.com,22,79.62,81.59,49.71,74.1,98.16,85.39999999999999,53.78,66.001,1,16.7,0,1,3,2,5,4.4,True,False,False,False,True,False,73.79,3.952155688622755,1.1363636363636362
S4113,Liam,Williams,student3113@university.com,22,83.61,64.38,66.03,94.07,80.25,49.3,64.69,70.17199999999998,2,15.4,0,1,1,1,7,4.7,False,True,False,False,True,False,69.78666666666668,4.556623376623375,1.4893617021276595
S4114,Sara,Johnson,student3114@university.com,21,51.86,63.38,86.31,86.8,96.45,18.2,68.31,75.1525,2,26.3,0,0,1,1,7,8.1,False,True,True,False,False,False,69.90833333333333,2.857509505703422,0.8641975308641976
S4115,Ali,Williams,student3115@university.com,23,92.77,69.31,86.85,65.73,84.52,76.8,75.93,77.03949999999999,2,29.5,0,1,1,0,3,6.3,True,False,False,True,False,False,76.52333333333333,2.611508474576271,0.4761904761904762
S4116,Ahmed,Davis,student3116@university.com,21,95.31,65.01,53.83,69.76,95.44,92.0,73.83,69.966,1,13.9,0,1,0,1,7,4.5,False,True,False,False,False,True,74.97833333333334,5.033525179856115,1.5555555555555556
S4117,Sara,Brown,student3117@university.com,19,92.52,89.7,50.5,83.38,58.08,34.1,60.43,64.22899999999998,1,12.4,0,0,2,1,3,8.8,True,False,True,False,False,False,62.69833333333333,5.179758064516128,0.3409090909090909
S4118,Liam,Jones,student3118@university.com,20,91.23,67.9,95.23,94.72,90.78,78.3,77.04,84.3055,3,24.3,0,1,2,1,3,5.0,True,False,False,False,False,True,83.995,3.469362139917695,0.6
S4119,Liam,Williams,student3119@university.com,18,87.25,57.74,42.64,58.94,59.84,27.4,96.29,64.40299999999999,1,16.2,1,0,2,1,7,5.6,True,False,False,True,False,False,57.14166666666667,3.9754938271604936,1.25
S4120,Liam,Davis,student3120@university.com,21,81.67,86.49,84.08,75.73,51.37,94.3,51.35,70.61,2,10.4,1,0,3,1,7,8.9,False,True,False,True,False,False,73.88666666666667,6.789423076923077,0.7865168539325842
S4121,Ali,Williams,student3121@university.com,21,83.93,91.27,42.79,55.94,75.88,68.3,84.02,68.988,1,9.5,1,1,3,0,6,4.9,False,True,False,True,False,False,69.7,7.261894736842105,1.2244897959183672
S4122,Sara,Brown,student3122@university.com,22,90.32,65.23,90.27,63.97,65.91,56.900000000000006,81.24,75.7555,2,12.0,1,0,1,1,7,8.8,True,False,True,False,False,False,70.58666666666666,6.312958333333333,0.7954545454545454
S4124,Ahmed,Davis,student3124@university.com,24,66.39,43.53,57.85,53.89,99.02,81.30000000000001,82.27,67.7235,1,28.5,1,1,1,0,10,6.1,True,False,True,False,False,False,69.64333333333333,2.376263157894737,1.639344262295082
S4125,Maria,Davis,student3125@university.com,24,68.8,71.77,44.44,83.12,83.32,89.2,81.24,71.5075,2,15.8,0,1,0,1,5,7.0,False,True,True,False,False,False,75.515,4.525791139240506,0.7142857142857143
S4126,Sara,Smith,student3126@university.com,22,94.85,42.7,68.84,95.04,95.09,90.1,88.49,78.432,2,7.1,0,1,2,0,9,6.5,True,False,False,False,True,False,80.04333333333334,11.046760563380282,1.3846153846153846
S4127,Liam,Brown,student3127@university.com,23,50.86,41.75,57.91,98.47,99.95,5.300000000000001,63.39,64.7875,1,9.1,0,1,3,2,1,8.0,True,False,True,False,False,False,61.12833333333333,7.119505494505495,0.125
S4128,John,Smith,student3128@university.com,21,84.94,76.78,65.03,60.83,69.6,12.3,79.79,68.411,1,13.1,1,0,1,0,5,4.3,False,True,True,False,False,False,60.72166666666667,5.222213740458016,1.162790697674419
S4129,Maria,Brown,student3129@university.com,21,97.74,58.2,79.9,87.44,62.74,82.6,75.97,75.016,2,18.8,0,1,0,1,3,8.1,False,True,False,False,True,False,74.47500000000001,3.990212765957447,0.3703703703703704
S4130,Maria,Williams,student3130@university.com,22,85.31,84.55,52.59,96.32,59.19,94.6,71.92,72.503,2,22.6,0,0,1,2,8,8.9,False,True,False,False,False,True,76.52833333333334,3.2080973451327432,0.898876404494382
S4131,Omar,Davis,student3131@university.com,21,99.7,93.76,61.42,54.57,75.76,30.8,53.97,62.9115,1,12.7,1,0,3,0,7,6.1,False,True,False,False,True,False,61.71333333333333,4.953661417322834,1.1475409836065575
S4132,Sara,Smith,student3132@university.com,23,84.38,48.36,86.95,70.7,80.3,0.8999999999999999,64.63,67.0605,1,28.9,1,0,1,1,1,5.0,True,False,False,False,True,False,58.63999999999999,2.320432525951557,0.2
S4133,Ali,Williams,student3133@university.com,20,51.72,83.47,78.63,95.97,73.62,32.3,64.0,74.7505,2,24.0,0,0,0,2,9,4.5,True,False,False,True,False,False,71.33166666666666,3.1146041666666666,2.0
S4134,Sara,Davis,student3134@university.com,18,91.35,70.87,59.58,60.14,69.36,38.3,86.21,69.2605,1,25.6,0,1,0,1,5,5.7,False,True,False,True,False,False,64.07666666666667,2.70548828125,0.8771929824561403
S4135,John,Brown,student3135@university.com,18,64.23,46.73,79.86,96.69,58.41,76.10000000000001,96.03,79.93299999999999,2,13.1,1,0,1,1,1,4.7,False,True,False,False,True,False,75.63666666666667,6.10175572519084,0.2127659574468085
S4136,Maria,Davis,student3136@university.com,18,72.3,79.1,85.92,76.36,72.09,4.8,61.54,70.71000000000001,2,14.5,0,1,3,1,1,5.1,True,False,False,True,False,False,63.30166666666668,4.876551724137932,0.196078431372549
S4137,Sara,Williams,student3137@university.com,20,65.6,76.57,75.55,54.99,54.26,21.3,53.73,61.2315,1,18.5,0,0,0,2,8,7.3,False,True,False,False,True,False,56.06666666666667,3.30981081081081,1.095890410958904
S4138,Ali,Smith,student3138@university.com,21,63.43,70.94,54.37,72.49,93.25,89.39999999999999,100.0,78.902,2,16.3,1,0,2,2,3,6.1,False,True,False,True,False,False,80.075,4.840613496932515,0.4918032786885246
S4139,Omar,Smith,student3139@university.com,22,71.57,95.59,40.01,66.31,52.35,15.5,84.56,65.6655,1,11.5,1,1,0,2,9,8.5,False,True,True,False,False,False,59.053333333333335,5.710043478260869,1.0588235294117647
S4140,Sara,Davis,student3140@university.com,24,68.94,71.26,88.17,64.11,69.03,75.9,94.32,81.342,3,29.9,1,1,1,1,8,6.3,False,True,False,True,False,False,77.13166666666667,2.720468227424749,1.2698412698412698
S4141,Ahmed,Williams,student3141@university.com,19,81.67,99.43,89.36,77.07,55.01,36.1,57.19,73.27799999999999,2,26.2,1,1,1,2,6,4.8,True,False,False,True,False,False,69.02666666666667,2.796870229007633,1.25
S4142,Omar,Johnson,student3142@university.com,21,90.66,70.55,81.86,74.18,88.75,66.3,90.04,81.3765,3,10.9,1,0,2,0,6,4.7,True,False,True,False,False,False,78.61333333333334,7.465733944954128,1.276595744680851
S4143,Ali,Brown,student3143@university.com,20,64.85,46.95,44.59,74.1,65.64,7.4,90.67,63.44,1,27.3,1,1,3,0,5,7.5,False,True,False,False,True,False,54.89166666666666,2.3238095238095235,0.6666666666666666
S4144,John,Brown,student3144@university.com,23,60.69,68.23,75.11,54.41,55.66,28.700000000000003,57.57,61.4455,1,19.7,0,1,2,1,2,7.2,True,False,False,True,False,False,56.61333333333334,3.119060913705584,0.2777777777777778
S4146,Sara,Johnson,student3146@university.com,24,83.52,75.83,63.38,74.07,95.81,85.7,64.77,71.627,2,13.7,0,0,0,1,8,5.7,False,True,True,False,False,False,76.59333333333333,5.228248175182482,1.4035087719298245
S4148,Omar,Jones,student3148@university.com,21,50.8,68.11,75.26,91.23,62.48,4.5,98.77,78.82,2,7.2,1,0,2,2,7,4.6,True,False,True,False,False,False,66.72500000000001,10.94722222222222,1.5217391304347827
S4149,Ahmed,Jones,student3149@university.com,24,92.65,45.86,89.58,65.86,85.98,80.19999999999999,68.15,72.20599999999999,2,9.5,0,1,0,1,2,4.2,True,False,False,False,False,True,72.605,7.600631578947367,0.4761904761904761
S4150,Ali,Williams,student3150@university.com,18,76.05,68.12,42.93,50.22,51.51,5.5,88.07,60.3305,1,17.1,1,0,3,2,2,7.7,True,False,True,False,False,False,51.05833333333334,3.5280994152046783,0.2597402597402597
S4151,Emma,Johnson,student3151@university.com,19,81.07,44.89,75.82,95.56,56.59,93.4,90.25,77.42649999999999,2,14.5,1,0,3,1,3,7.4,True,False,False,False,True,False,76.085,5.339758620689654,0.4054054054054054
S4152,Liam,Johnson,student3152@university.com,23,54.57,80.93,78.59,88.03,74.97,21.200000000000003,69.3,74.33850000000001,2,8.7,1,1,2,2,10,6.5,True,False,False,True,False,False,68.83666666666666,8.544655172413796,1.5384615384615383
S4153,Ahmed,Brown,student3153@university.com,18,71.63,87.42,76.14,55.36,61.44,48.8,84.13,74.27499999999999,2,14.9,0,1,2,1,7,4.2,False,True,False,True,False,False,68.88166666666667,4.98489932885906,1.6666666666666663
S4154,Omar,Smith,student3154@university.com,19,61.37,97.74,79.0,85.09,89.91,7.199999999999999,55.39,73.1425,2,12.6,0,1,1,0,8,4.6,False,True,False,False,False,True,69.05499999999999,5.804960317460318,1.7391304347826089
S4155,John,Davis,student3155@university.com,20,62.71,48.93,77.88,51.0,96.55,56.2,69.85,67.87950000000001,1,15.3,1,1,2,0,4,5.0,True,False,False,True,False,False,66.735,4.43656862745098,0.8
S4156,Maria,Johnson,student3156@university.com,18,75.2,71.95,47.82,51.39,50.22,49.7,98.37,67.474,1,9.3,1,0,3,1,10,7.2,True,False,False,True,False,False,61.57500000000001,7.255268817204301,1.3888888888888888
S4157,Omar,Davis,student3157@university.com,18,90.62,74.05,54.1,76.29,61.65,41.0,58.43,61.81999999999999,1,20.2,0,1,2,1,6,7.3,True,False,False,False,True,False,60.92,3.06039603960396,0.8219178082191781
S4159,John,Davis,student3159@university.com,23,79.55,77.64,41.06,98.22,78.15,87.89999999999999,89.53,75.713,2,14.7,1,1,0,0,7,8.0,True,False,False,False,True,False,78.75,5.150544217687075,0.875
S4160,Sara,Smith,student3160@university.com,23,76.97,48.73,78.08,94.69,95.8,80.3,83.27,79.609,2,27.4,0,0,2,0,4,4.1,False,True,False,False,False,True,80.145,2.90543795620438,0.9756097560975612
S4161,Ali,Smith,student3161@university.com,24,71.37,66.18,79.92,82.49,94.59,63.3,81.58,79.3785,2,15.5,1,0,1,1,8,7.2,False,True,False,False,True,False,78.01,5.1211935483870965,1.1111111111111112
S4162,Emma,Davis,student3162@university.com,20,98.64,79.29,54.35,53.19,81.86,57.2,92.66,72.3035,2,16.0,1,1,2,0,8,5.3,True,False,True,False,False,False,69.75833333333333,4.51896875,1.509433962264151
S4163,Ahmed,Williams,student3163@university.com,22,78.01,82.02,75.89,66.24,62.87,69.5,51.45,66.4085,1,6.7,1,1,1,1,7,6.9,False,True,True,False,False,False,67.99499999999999,9.911716417910448,1.0144927536231882
S4164,Ahmed,Johnson,student3164@university.com,24,62.7,91.78,72.05,68.59,89.16,14.4,88.56,78.27199999999999,2,20.1,0,0,3,2,5,7.7,False,True,False,False,False,True,70.75666666666666,3.89412935323383,0.6493506493506493
S4165,Ali,Williams,student3165@university.com,19,61.5,50.83,55.64,74.04,60.13,93.3,94.13,71.5575,2,28.4,0,1,3,1,10,7.6,True,False,False,True,False,False,71.345,2.519630281690141,1.3157894736842106
S4166,Emma,Davis,student3166@university.com,24,80.57,97.09,67.78,58.45,98.26,28.5,50.81,66.77,1,12.3,1,1,2,1,10,5.4,False,True,False,False,True,False,66.815,5.428455284552845,1.851851851851852
S4167,Ali,Johnson,student3167@university.com,19,76.14,43.55,94.58,78.88,50.29,65.6,77.95,73.7035,2,14.8,0,1,1,1,6,5.8,True,False,True,False,False,False,68.475,4.979966216216217,1.0344827586206895
S4168,Sara,Brown,student3168@university.com,20,50.38,99.03,65.6,71.79,78.49,60.7,67.43,73.136,2,19.7,1,1,3,0,10,8.6,False,True,False,False,True,False,73.84,3.7124873096446698,1.162790697674419
S4169,Liam,Williams,student3169@university.com,23,91.5,91.47,77.79,97.36,54.42,63.7,52.54,72.161,2,7.3,0,1,1,1,3,8.2,True,False,True,False,False,False,72.88000000000001,9.885068493150683,0.3658536585365854
S4170,John,Williams,student3170@university.com,19,85.21,79.62,42.12,96.81,70.38,87.89999999999999,70.89,69.69449999999999,1,28.8,1,0,3,2,3,5.3,True,False,False,False,True,False,74.61999999999999,2.419947916666666,0.5660377358490566
S4171,Omar,Davis,student3171@university.com,20,83.09,84.1,44.67,78.27,81.75,29.6,82.2,69.838,1,16.7,1,0,0,1,4,6.9,False,True,False,True,False,False,66.765,4.181916167664671,0.5797101449275363
S4172,Ahmed,Jones,student3172@university.com,24,53.44,44.36,44.88,82.22,84.48,74.9,95.95,71.185,2,7.9,0,0,1,2,2,4.5,True,False,False,False,False,True,71.13166666666667,9.010759493670886,0.4444444444444444
S4173,Sara,Davis,student3173@university.com,19,68.1,42.49,86.69,56.89,89.28,59.8,81.03,72.8065,2,13.4,1,0,3,1,6,7.3,False,True,False,True,False,False,69.36333333333334,5.433320895522388,0.8219178082191781
S4174,John,Williams,student3174@university.com,21,96.77,46.11,61.02,61.17,79.67,7.6,92.84,67.546,1,14.3,1,1,2,2,3,7.1,False,True,False,False,True,False,58.068333333333335,4.723496503496504,0.4225352112676057
S4175,Sara,Johnson,student3175@university.com,18,93.13,45.24,53.66,95.04,62.57,41.4,56.08,59.608,0,13.6,1,0,0,2,2,5.3,True,False,True,False,False,False,58.99833333333333,4.382941176470588,0.3773584905660377
S4176,Emma,Jones,student3176@university.com,24,64.28,72.84,84.84,84.96,94.46,83.80000000000001,60.53,76.675,2,22.3,0,0,1,0,9,6.1,False,True,True,False,False,False,80.23833333333333,3.4383408071748875,1.475409836065574
S4177,Ahmed,Davis,student3177@university.com,23,57.85,52.93,50.2,59.47,90.56,31.5,98.51,69.594,1,13.6,1,0,1,2,1,7.9,True,False,False,False,False,True,63.86166666666666,5.117205882352941,0.1265822784810126
S4178,Omar,Davis,student3178@university.com,24,72.45,91.61,54.79,78.51,58.0,48.2,94.37,75.7365,2,13.1,0,1,1,1,4,5.3,False,True,False,True,False,False,70.91333333333334,5.781412213740459,0.7547169811320755
S4179,Ali,Williams,student3179@university.com,21,67.79,66.74,65.86,96.74,91.33,48.9,61.76,71.09299999999999,2,13.1,1,0,1,2,9,7.8,False,True,False,True,False,False,71.88833333333332,5.426946564885496,1.153846153846154
S4180,Ali,Williams,student3180@university.com,20,84.11,81.73,59.89,67.26,98.63,61.8,81.05,74.589,2,24.4,1,1,3,2,5,5.6,True,False,False,True,False,False,75.06,3.0569262295081967,0.8928571428571429
S4181,John,Brown,student3181@university.com,20,98.32,79.17,75.12,59.29,81.86,88.4,68.13,72.59400000000001,2,12.7,0,1,0,2,6,8.2,False,True,True,False,False,False,75.32833333333333,5.716062992125985,0.7317073170731708
S4183,Liam,Williams,student3183@university.com,21,53.11,54.59,63.58,73.06,80.33,50.5,93.04,73.5125,2,14.1,1,0,0,1,10,5.3,False,True,True,False,False,False,69.18333333333334,5.213652482269504,1.8867924528301887
S4184,Maria,Smith,student3184@university.com,24,94.88,60.55,91.77,70.86,67.13,42.400000000000006,86.79,77.524,2,12.0,1,1,0,2,6,4.9,False,True,False,True,False,False,69.91666666666667,6.460333333333334,1.2244897959183672
S4185,Emma,Jones,student3185@university.com,18,51.9,87.8,93.07,63.38,83.8,29.6,61.92,74.3805,2,27.7,1,0,3,1,7,8.5,False,True,False,False,True,False,69.92833333333334,2.685216606498195,0.8235294117647058
S4186,John,Smith,student3186@university.com,18,97.64,75.18,89.66,94.58,77.24,92.0,65.8,79.943,2,16.9,1,0,1,1,6,6.1,False,True,True,False,False,False,82.41000000000001,4.730355029585799,0.9836065573770492
S4187,Maria,Jones,student3187@university.com,22,83.23,55.21,91.89,92.28,96.47,0.8,64.49,74.13,2,10.9,0,1,0,2,6,6.7,False,True,False,False,False,True,66.85666666666667,6.80091743119266,0.8955223880597015
S4188,Sara,Davis,student3188@university.com,19,97.08,89.07,74.18,70.15,80.9,12.2,89.03,77.837,2,29.5,0,0,1,0,3,5.2,False,True,False,True,False,False,69.255,2.638542372881356,0.5769230769230769
S4189,Emma,Brown,student3189@university.com,22,59.98,43.29,78.77,51.53,60.7,73.3,74.5,66.0005,1,11.2,0,0,0,0,8,4.6,True,False,False,False,True,False,63.68166666666667,5.892901785714287,1.7391304347826089
S4190,Sara,Williams,student3190@university.com,18,52.03,81.95,73.43,72.33,86.26,26.3,97.54,80.7025,3,24.1,1,1,1,1,8,7.0,False,True,True,False,False,False,72.96833333333333,3.3486514522821573,1.1428571428571428
S4191,Liam,Williams,student3191@university.com,21,74.41,66.35,87.14,59.04,65.04,72.30000000000001,90.83,77.9615,2,21.2,1,0,2,0,4,5.4,False,True,False,False,True,False,73.45,3.677429245283019,0.7407407407407407
S4192,Omar,Williams,student3192@university.com,19,72.53,83.88,73.06,57.14,63.62,83.2,60.56,68.108,1,16.6,1,0,2,0,8,8.6,True,False,False,False,True,False,70.24333333333333,4.10289156626506,0.9302325581395348
S4193,Ahmed,Davis,student3193@university.com,21,66.57,95.65,46.66,69.65,69.59,25.5,89.3,71.48400000000001,2,15.1,1,0,2,2,9,6.4,True,False,False,False,False,True,66.05833333333334,4.734039735099339,1.40625
S4194,Emma,Jones,student3194@university.com,22,97.88,85.0,88.57,54.95,50.6,19.2,75.3,71.745,2,26.8,0,0,3,0,5,4.7,True,False,True,False,False,False,62.27,2.6770522388059703,1.0638297872340423
S4195,Maria,Williams,student3195@university.com,20,91.13,66.52,85.64,97.87,98.46,14.5,62.69,75.4465,2,16.9,1,1,3,2,3,4.1,False,True,False,False,False,True,70.94666666666667,4.464289940828403,0.7317073170731708
S4196,Liam,Smith,student3196@university.com,21,83.08,49.06,89.22,52.38,76.62,20.0,68.17,66.634,1,14.4,0,1,1,0,7,5.2,True,False,False,True,False,False,59.24166666666667,4.627361111111111,1.346153846153846
S4197,Ahmed,Williams,student3197@university.com,22,58.14,88.38,51.43,70.07,88.67,26.7,98.61,76.41,2,13.9,1,0,3,2,4,5.6,True,False,False,False,True,False,70.64333333333333,5.497122302158273,0.7142857142857143
S4198,Ali,Davis,student3198@university.com,22,86.72,67.64,56.3,58.14,62.89,86.89999999999999,74.2,65.836,1,11.9,0,0,2,1,8,5.0,False,True,False,False,False,True,67.67833333333333,5.532436974789916,1.6
S4199,Maria,Brown,student3199@university.com,22,86.35,44.52,57.75,84.44,87.33,77.0,85.98,72.1585,2,15.2,0,1,3,1,3,5.8,False,True,False,False,False,True,72.83666666666667,4.747269736842106,0.5172413793103449
S4200,John,Smith,student3200@university.com,20,71.25,83.14,70.48,53.94,78.36,0.2,73.85,68.18299999999999,1,8.0,1,0,2,2,1,8.4,True,False,False,True,False,False,59.995000000000005,8.522874999999999,0.119047619047619
S4201,Ali,Williams,student3201@university.com,20,96.24,57.51,48.03,77.34,71.21,87.4,68.58,64.3,1,6.6,1,0,0,0,5,4.2,True,False,True,False,False,False,68.345,9.742424242424242,1.1904761904761905
S4202,Liam,Williams,student3202@university.com,24,58.35,42.93,63.12,88.66,98.53,7.9,89.82,72.7125,2,18.5,1,0,2,2,6,8.0,False,True,False,False,False,True,65.16,3.9304054054054056,0.75
S4203,Ali,Johnson,student3203@university.com,20,63.37,94.17,50.93,97.5,74.69,65.5,92.42,79.953,2,16.4,0,0,2,0,9,6.1,False,True,False,False,True,False,79.20166666666667,4.875182926829269,1.475409836065574
S4204,John,Jones,student3204@university.com,19,53.16,68.99,55.89,84.93,82.87,15.1,53.59,62.1795,1,9.3,0,0,1,0,3,8.5,False,True,False,False,True,False,60.22833333333333,6.685967741935484,0.3529411764705882
S4205,Emma,Smith,student3205@university.com,20,89.77,56.86,82.38,54.97,50.77,6.2,63.95,61.941500000000005,1,7.7,0,0,1,1,6,7.3,False,True,False,False,True,False,52.52166666666667,8.04435064935065,0.8219178082191781
S4206,Ali,Johnson,student3206@university.com,20,81.09,82.98,91.29,54.43,65.07,76.0,75.39,76.35799999999999,2,8.6,1,1,1,1,8,4.8,False,True,False,False,True,False,74.19333333333333,8.878837209302326,1.6666666666666667
S4207,Omar,Brown,student3207@university.com,20,65.75,93.15,41.37,86.58,94.43,46.7,65.82,68.82600000000001,1,12.9,1,0,1,0,10,8.8,True,False,False,False,False,True,71.34166666666667,5.335348837209303,1.1363636363636362
S4208,Maria,Jones,student3208@university.com,21,58.19,40.02,73.95,60.77,87.95,59.900000000000006,89.18,72.15,2,16.3,1,1,2,2,4,4.8,False,True,False,False,True,False,68.62833333333334,4.42638036809816,0.8333333333333334
S4209,Ahmed,Smith,student3209@university.com,20,52.01,81.27,42.16,72.36,76.84,42.5,55.74,60.1155,1,9.8,0,0,1,2,10,5.7,False,True,False,False,False,True,61.81166666666667,6.13423469387755,1.7543859649122806
S4210,Ali,Williams,student3210@university.com,19,58.34,86.02,45.11,98.83,95.01,6.7,89.89,75.80799999999999,2,23.9,0,1,1,0,10,8.9,False,True,True,False,False,False,70.25999999999999,3.1718828451882843,1.1235955056179774
S4211,Maria,Smith,student3211@university.com,22,72.66,52.6,82.31,91.0,74.31,74.0,80.89,77.5155,2,9.8,0,0,3,2,6,5.1,False,True,False,False,True,False,75.85166666666667,7.909744897959183,1.1764705882352942
S4212,Sara,Williams,student3212@university.com,21,62.36,69.38,84.14,92.33,78.33,82.0,64.47,76.5655,2,8.1,0,1,3,1,3,7.2,False,True,True,False,False,False,78.44166666666666,9.45253086419753,0.4166666666666666
S4213,Maria,Jones,student3213@university.com,18,62.95,45.36,88.84,93.04,69.11,4.1,67.22,70.252,2,29.9,1,0,3,0,10,8.9,True,False,False,False,False,True,61.27833333333334,2.349565217391304,1.1235955056179774
S4214,Ahmed,Williams,student3214@university.com,20,93.78,84.8,68.45,80.98,81.0,37.6,59.14,69.70150000000001,1,16.2,1,0,2,2,9,7.4,False,True,False,True,False,False,68.66166666666668,4.302561728395062,1.2162162162162162
S4215,Maria,Brown,student3215@university.com,24,75.76,90.85,91.59,87.2,65.95,55.7,62.63,77.774,2,9.3,1,0,0,0,6,7.3,True,False,True,False,False,False,75.65333333333332,8.36279569892473,0.8219178082191781
S4216,John,Davis,student3216@university.com,24,86.46,46.49,50.01,67.95,69.27,60.5,85.86,65.3785,1,27.4,1,0,0,0,2,7.1,False,True,False,False,True,False,63.34666666666666,2.3860766423357664,0.2816901408450704
S4217,Liam,Williams,student3217@university.com,22,51.79,88.99,54.98,99.92,98.32,57.8,68.79,75.4405,2,10.8,0,0,1,1,7,6.8,True,False,False,True,False,False,78.13333333333334,6.985231481481481,1.0294117647058825
S4218,Ahmed,Brown,student3218@university.com,22,68.26,86.29,48.07,63.98,55.57,69.3,84.37,68.89099999999999,1,28.1,0,1,3,2,7,8.7,True,False,True,False,False,False,67.92999999999999,2.451637010676156,0.8045977011494253
S4219,Liam,Davis,student3219@university.com,21,73.96,60.81,87.85,79.5,55.26,96.7,75.71,76.083,2,8.0,0,0,1,0,1,6.7,False,True,False,False,False,True,75.97166666666666,9.510375,0.1492537313432835
S4220,Emma,Jones,student3220@university.com,24,59.32,81.42,53.72,64.1,52.17,39.1,57.26,59.60799999999999,0,26.0,0,1,2,0,4,7.3,False,True,False,False,False,True,57.961666666666666,2.292615384615384,0.547945205479452
S4221,Liam,Jones,student3221@university.com,18,56.01,40.0,49.33,55.6,66.0,55.7,74.95,58.5425,0,9.6,0,0,3,2,1,7.7,False,True,False,False,False,True,56.93,6.098177083333333,0.1298701298701298
S4222,Sara,Smith,student3222@university.com,23,93.52,95.91,77.39,78.38,69.91,69.9,87.82,82.323,3,28.5,0,0,1,2,6,6.6,False,True,True,False,False,False,79.885,2.8885263157894734,0.9090909090909092
S4223,John,Brown,student3223@university.com,24,96.97,73.02,44.62,67.67,54.73,59.2,64.88,60.1555,1,19.4,1,1,1,2,5,8.4,False,True,False,False,False,True,60.68666666666667,3.1007989690721653,0.5952380952380952
S4224,Emma,Brown,student3224@university.com,24,53.94,77.22,42.69,79.16,77.46,38.7,82.4,68.5305,1,9.7,1,0,2,2,3,4.1,True,False,True,False,False,False,66.27166666666666,7.065000000000001,0.7317073170731708
S4225,Maria,Johnson,student3225@university.com,19,67.45,79.88,46.4,77.93,79.17,62.400000000000006,59.95,64.2935,1,26.1,0,1,2,0,9,6.0,False,True,False,False,True,False,67.62166666666666,2.4633524904214554,1.5
S4226,Ahmed,Johnson,student3226@university.com,23,97.91,73.68,40.01,77.11,87.55,65.0,56.78,61.66,1,14.8,0,1,2,2,9,7.1,False,True,False,False,True,False,66.68833333333333,4.166216216216216,1.267605633802817
S4227,Sara,Davis,student3227@university.com,22,54.16,91.41,81.82,56.17,98.8,58.5,68.01,75.8,2,23.3,1,0,1,0,6,4.1,True,False,True,False,False,False,75.785,3.2532188841201712,1.4634146341463417
S4228,John,Davis,student3228@university.com,23,82.18,76.58,73.73,72.01,80.97,20.5,69.46,70.681,2,21.1,0,1,0,0,6,8.7,False,True,True,False,False,False,65.54166666666666,3.349810426540284,0.6896551724137931
S4229,Emma,Johnson,student3229@university.com,24,98.61,94.47,52.59,90.6,55.58,50.6,88.05,75.411,2,22.9,0,1,0,2,9,8.1,True,False,False,True,False,False,71.98166666666667,3.293056768558952,1.1111111111111112
S4230,Emma,Davis,student3230@university.com,22,98.91,74.94,53.98,65.76,54.43,88.4,73.0,66.363,1,13.6,1,1,1,1,2,5.1,False,True,False,False,False,True,68.41833333333334,4.879632352941177,0.3921568627450981
S4231,Sara,Williams,student3231@university.com,23,73.56,50.27,88.66,72.19,88.88,86.89999999999999,54.06,69.985,1,28.5,0,1,0,1,1,5.7,True,False,False,False,True,False,73.49333333333333,2.455614035087719,0.175438596491228
S4232,Omar,Johnson,student3232@university.com,22,58.14,94.81,70.11,74.69,82.52,75.1,81.7,79.46950000000001,2,19.0,1,0,1,1,10,7.4,False,True,False,False,True,False,79.82166666666667,4.182605263157895,1.351351351351351
S4234,Sara,Williams,student3234@university.com,21,94.48,81.95,67.17,82.78,62.67,15.3,66.58,68.50800000000001,1,6.7,0,0,1,0,8,8.3,True,False,True,False,False,False,62.74166666666667,10.225074626865672,0.9638554216867468
S4235,Emma,Davis,student3235@university.com,18,95.58,99.13,54.26,55.01,87.51,45.9,90.11,74.765,2,23.5,1,1,0,1,2,5.2,False,True,True,False,False,False,71.98666666666666,3.181489361702128,0.3846153846153846
S4236,Ali,Jones,student3236@university.com,22,80.39,44.51,98.22,93.26,78.31,11.1,57.72,70.9225,2,26.2,1,1,1,2,8,8.1,False,True,False,True,False,False,63.85333333333333,2.706965648854962,0.9876543209876544
S4237,John,Smith,student3237@university.com,19,88.31,65.72,73.94,91.6,79.25,81.7,95.66,82.791,3,22.4,0,0,1,0,10,6.3,False,True,False,False,False,True,81.31166666666667,3.696026785714286,1.5873015873015874
S4238,Sara,Johnson,student3238@university.com,24,87.0,54.35,47.86,87.68,60.5,29.1,66.7,60.78450000000001,1,11.9,0,0,3,2,6,6.3,True,False,True,False,False,False,57.69833333333333,5.107941176470589,0.9523809523809524
S4239,Omar,Jones,student3239@university.com,24,83.09,77.83,64.37,73.3,81.45,76.7,73.05,72.65700000000001,2,10.6,1,1,1,0,4,4.8,True,False,True,False,False,False,74.45,6.854433962264152,0.8333333333333334
S4240,Emma,Davis,student3240@university.com,19,91.36,88.41,59.76,87.88,88.53,81.5,96.46,83.2495,3,19.1,1,0,0,1,4,8.9,True,False,False,False,False,True,83.75666666666666,4.358612565445026,0.449438202247191
S4241,Maria,Brown,student3241@university.com,20,84.27,97.98,52.85,73.94,94.26,89.2,88.06,79.3045,2,9.9,1,1,2,1,7,5.7,False,True,False,False,False,True,82.715,8.010555555555555,1.2280701754385963
S4242,Liam,Smith,student3242@university.com,22,76.7,67.28,96.01,86.83,86.84,75.4,53.72,75.689,2,14.5,1,0,1,2,7,5.0,False,True,False,True,False,False,77.68,5.219931034482758,1.4
S4243,Emma,Jones,student3243@university.com,22,61.85,87.17,92.86,94.01,78.82,56.5,78.91,84.772,3,20.7,0,0,1,2,9,4.2,True,False,False,True,False,False,81.37833333333333,4.095265700483092,2.142857142857143
S4244,Maria,Smith,student3244@university.com,22,87.19,95.02,51.95,94.53,83.66,59.8,65.52,72.43199999999999,2,12.1,1,0,0,0,4,6.5,False,True,False,True,False,False,75.08,5.986115702479338,0.6153846153846154
S4245,Sara,Johnson,student3245@university.com,23,73.67,81.0,61.13,72.73,74.26,32.1,75.42,69.999,1,14.4,1,0,0,0,9,4.2,True,False,True,False,False,False,66.10666666666667,4.861041666666666,2.142857142857143
S4246,Maria,Davis,student3246@university.com,22,64.74,54.56,85.74,92.97,61.34,17.7,87.15,76.7285,2,14.0,1,1,3,0,4,6.3,False,True,False,True,False,False,66.57666666666667,5.480607142857143,0.6349206349206349
S4247,Ahmed,Brown,student3247@university.com,22,90.1,76.47,52.51,55.07,94.11,13.1,74.81,65.3675,1,16.5,0,1,0,0,2,8.5,False,True,True,False,False,False,61.01166666666666,3.961666666666667,0.2352941176470588
S4248,Ahmed,Davis,student3248@university.com,19,84.84,98.2,75.49,55.09,76.63,18.2,53.55,66.50399999999999,1,21.9,0,0,2,2,7,6.5,True,False,False,False,True,False,62.85999999999999,3.036712328767123,1.0769230769230769
S4249,Ahmed,Smith,student3249@university.com,18,96.87,99.25,81.99,77.41,79.72,93.4,76.5,82.5885,3,24.6,1,1,0,1,9,4.2,False,True,False,False,False,True,84.71166666666666,3.3572560975609758,2.142857142857143
S4250,Omar,Jones,student3250@university.com,18,58.27,78.54,79.24,82.59,99.51,16.4,51.21,70.1135,2,21.6,1,1,2,2,10,5.3,False,True,False,False,False,True,67.91499999999999,3.24599537037037,1.8867924528301887
S4252,Ali,Johnson,student3252@university.com,19,62.21,52.02,82.4,73.61,79.32,18.5,73.9,70.4715,2,27.4,1,1,1,1,6,8.4,False,True,False,True,False,False,63.29166666666666,2.571952554744526,0.7142857142857143
S4253,Omar,Davis,student3253@university.com,22,95.18,54.76,97.89,54.72,51.7,97.5,82.23,75.60849999999999,2,19.5,0,0,1,2,6,5.2,False,True,True,False,False,False,73.13333333333334,3.877358974358974,1.1538461538461535
S4254,Liam,Jones,student3254@university.com,18,54.97,97.17,60.79,80.1,69.81,36.7,75.31,73.197,2,28.0,0,1,1,2,10,4.3,True,False,True,False,False,False,69.98,2.6141785714285715,2.3255813953488373
S4255,Sara,Jones,student3255@university.com,21,82.81,48.11,92.72,92.75,96.86,41.2,57.6,73.33500000000001,2,29.1,1,0,1,0,3,8.8,False,True,True,False,False,False,71.54,2.520103092783505,0.3409090909090909
S4256,Emma,Smith,student3256@university.com,21,89.55,51.47,41.31,86.88,64.42,40.5,96.61,68.53,1,16.7,1,0,2,2,8,6.4,True,False,False,False,False,True,63.531666666666666,4.1035928143712574,1.25
S4257,Emma,Davis,student3257@university.com,21,67.75,65.23,57.29,68.91,99.96,81.6,82.51,73.27250000000001,2,27.9,1,1,1,2,5,6.0,False,True,False,True,False,False,75.91666666666667,2.6262544802867387,0.8333333333333334
S4258,Ali,Davis,student3258@university.com,22,97.71,75.38,42.92,99.69,54.22,21.8,65.85,63.25749999999999,1,14.1,1,0,1,2,4,8.6,False,True,True,False,False,False,59.97666666666667,4.486347517730496,0.4651162790697674
S4259,Omar,Williams,student3259@university.com,22,92.54,76.23,79.07,83.15,78.41,83.10000000000001,98.3,85.1605,3,11.5,1,0,1,2,4,6.7,True,False,True,False,False,False,83.04333333333334,7.405260869565217,0.5970149253731343
S4260,Liam,Davis,student3260@university.com,20,64.73,57.52,46.05,90.76,75.77,65.7,94.13,72.8555,2,6.8,0,0,3,2,5,5.4,True,False,True,False,False,False,71.65499999999999,10.71404411764706,0.9259259259259258
S4261,Maria,Johnson,student3261@university.com,24,50.38,95.24,90.74,83.48,62.77,22.0,57.17,74.021,2,16.3,1,0,3,0,10,8.0,False,True,False,False,True,False,68.56666666666666,4.541165644171779,1.25
S4262,Ali,Smith,student3262@university.com,20,64.83,94.91,78.8,99.47,97.43,6.5,82.77,83.756,3,22.2,0,1,1,0,4,5.4,False,True,True,False,False,False,76.64666666666666,3.772792792792793,0.7407407407407407
S4263,Liam,Jones,student3263@university.com,20,64.07,63.52,41.73,91.07,80.96,77.5,78.0,68.99199999999999,1,29.4,1,0,0,1,6,6.2,True,False,False,False,True,False,72.13,2.3466666666666662,0.9677419354838708
S4264,Maria,Davis,student3264@university.com,23,94.5,66.06,82.89,75.97,61.51,21.9,59.64,67.16499999999999,1,18.0,1,1,1,2,8,8.0,True,False,True,False,False,False,61.328333333333326,3.7313888888888886,1.0
S4265,Liam,Smith,student3265@university.com,21,98.36,82.15,91.72,68.34,69.2,88.9,61.67,75.3695,2,23.4,1,1,2,2,2,8.7,True,False,True,False,False,False,76.99666666666668,3.220918803418804,0.2298850574712644
S4266,Maria,Davis,student3266@university.com,22,53.52,79.78,79.67,84.11,86.06,13.0,78.19,77.214,2,27.4,0,0,2,0,7,7.0,True,False,True,False,False,False,70.135,2.818029197080292,1.0
S4267,John,Jones,student3267@university.com,21,73.56,62.94,41.83,79.51,64.88,61.6,66.06,61.211,1,18.6,0,0,0,1,6,6.5,False,True,False,False,True,False,62.803333333333335,3.2909139784946237,0.9230769230769232
S4268,Liam,Brown,student3268@university.com,20,77.42,64.85,91.48,81.47,93.98,69.2,91.74,85.19800000000001,3,9.2,0,1,3,2,4,4.4,False,True,True,False,False,False,82.11999999999999,9.260652173913044,0.9090909090909092
S4269,Emma,Jones,student3269@university.com,22,54.65,60.88,83.95,67.15,58.28,65.8,54.89,65.777,1,26.2,1,1,2,0,2,7.1,False,True,False,True,False,False,65.15833333333333,2.5105725190839694,0.2816901408450704
S4270,Ahmed,Jones,student3270@university.com,19,68.87,54.12,62.71,71.44,63.23,31.6,95.7,71.1245,2,19.4,0,0,2,0,1,5.6,False,True,True,False,False,False,63.133333333333326,3.6662113402061856,0.1785714285714285
S4271,Omar,Jones,student3271@university.com,18,65.85,67.49,59.72,77.9,57.24,87.6,92.03,74.45150000000001,2,24.0,0,1,1,2,8,6.6,False,True,False,False,True,False,73.66333333333334,3.1021458333333336,1.2121212121212122
S4272,Maria,Davis,student3272@university.com,18,76.8,81.19,68.79,91.96,55.21,77.0,86.93,78.62,2,21.5,0,0,1,2,8,7.7,True,False,False,False,True,False,76.84666666666666,3.656744186046512,1.0389610389610389
S4274,Liam,Jones,student3274@university.com,24,85.17,86.73,55.12,55.93,99.96,60.3,85.75,73.915,2,9.2,0,1,2,0,5,4.5,True,False,False,False,False,True,73.965,8.034239130434784,1.1111111111111112
S4275,Emma,Johnson,student3275@university.com,21,56.84,62.48,46.06,62.28,54.72,56.6,71.94,60.113,1,12.2,0,0,1,0,9,6.0,False,True,False,True,False,False,59.01333333333333,4.927295081967213,1.5
S4276,Ahmed,Johnson,student3276@university.com,19,90.65,85.88,91.88,51.33,60.65,94.7,81.69,78.85849999999999,2,12.1,1,1,3,2,4,5.0,True,False,False,True,False,False,77.68833333333332,6.517231404958677,0.8
S4277,Maria,Smith,student3277@university.com,22,83.93,40.39,41.58,50.4,63.58,89.60000000000001,65.63,54.5405,0,26.0,0,1,0,2,10,4.8,False,True,False,False,True,False,58.53,2.0977115384615383,2.083333333333333
S4278,Liam,Williams,student3278@university.com,24,94.45,68.62,94.66,61.22,80.96,23.5,91.79,79.949,2,20.0,1,1,1,0,4,5.1,False,True,True,False,False,False,70.125,3.99745,0.7843137254901962
S4279,Liam,Smith,student3279@university.com,21,72.47,87.63,58.34,89.97,87.27,26.3,52.03,66.87599999999999,1,7.1,0,0,1,1,5,8.6,False,True,True,False,False,False,66.92333333333333,9.419154929577465,0.5813953488372093
S4280,Maria,Johnson,student3280@university.com,20,94.69,77.8,70.49,95.24,87.6,98.1,84.57,82.61449999999999,3,14.7,0,0,0,0,3,7.6,True,False,False,False,False,True,85.63333333333333,5.620034013605442,0.3947368421052631
S4281,Ali,Johnson,student3281@university.com,21,93.29,68.44,47.94,69.59,50.43,23.700000000000003,91.43,66.34649999999999,1,18.9,1,1,0,1,5,8.5,False,True,False,False,False,True,58.58833333333334,3.510396825396825,0.5882352941176471
S4282,Ali,Brown,student3282@university.com,20,71.92,78.68,94.14,78.16,82.59,95.3,82.32,84.781,3,11.3,0,1,2,1,5,6.5,False,True,False,False,False,True,85.19833333333334,7.502743362831858,0.7692307692307693
S4284,Ahmed,Johnson,student3284@university.com,18,96.64,73.98,95.45,97.65,75.88,5.0,64.25,76.72,2,14.5,0,0,2,0,4,4.2,False,True,False,True,False,False,68.70166666666667,5.29103448275862,0.9523809523809524
S4285,Maria,Davis,student3285@university.com,24,85.76,87.99,80.99,95.65,68.96,33.6,75.75,79.0945,2,16.5,1,1,1,2,5,4.7,True,False,False,True,False,False,73.82333333333334,4.79360606060606,1.0638297872340423
S4286,Emma,Davis,student3286@university.com,18,96.41,98.84,51.08,52.86,89.87,47.6,66.47,66.833,1,27.6,0,0,2,2,5,7.9,False,True,True,False,False,False,67.78666666666668,2.421485507246377,0.6329113924050632
S4287,Emma,Smith,student3287@university.com,21,89.85,82.33,58.5,62.41,67.19,83.3,50.25,62.295,1,27.7,0,1,2,0,9,5.0,True,False,False,True,False,False,67.33,2.2489169675090253,1.8
S4288,Sara,Smith,student3288@university.com,19,80.46,74.4,69.21,52.46,61.5,32.9,52.03,59.7355,0,17.5,1,0,3,1,1,4.5,False,True,True,False,False,False,57.083333333333336,3.4134571428571427,0.2222222222222222
S4289,Liam,Jones,student3289@university.com,22,55.79,42.25,76.44,80.83,65.5,31.1,88.39,72.194,2,16.8,1,0,1,0,7,8.3,False,True,True,False,False,False,64.085,4.297261904761905,0.8433734939759036
S4290,Omar,Jones,student3290@university.com,20,64.57,62.47,95.59,85.52,71.98,92.0,54.19,74.15100000000001,2,21.0,0,0,3,2,1,5.1,True,False,True,False,False,False,76.95833333333333,3.5310000000000006,0.196078431372549
S4291,Liam,Brown,student3291@university.com,22,98.44,73.93,63.04,65.41,60.7,7.9,96.4,72.046,2,11.5,1,1,2,1,1,6.5,False,True,True,False,False,False,61.23,6.264869565217392,0.1538461538461538
S4292,Ali,Williams,student3292@university.com,18,65.97,87.83,82.18,92.69,80.38,55.2,72.14,80.063,3,12.1,0,0,1,0,3,5.7,True,False,False,False,True,False,78.40333333333332,6.6167768595041325,0.5263157894736842
S4294,Liam,Jones,student3294@university.com,19,85.38,97.6,49.14,99.92,79.77,5.699999999999999,56.28,67.059,1,7.0,1,1,3,0,9,7.5,True,False,False,True,False,False,64.735,9.579857142857142,1.2
S4295,Maria,Smith,student3295@university.com,22,86.7,56.31,91.76,50.02,72.33,8.8,96.33,75.4615,2,9.5,1,1,0,1,9,6.3,False,True,False,True,False,False,62.59166666666667,7.943315789473684,1.4285714285714286
S4296,Emma,Jones,student3296@university.com,18,64.27,84.67,65.24,55.47,89.84,38.2,51.69,63.732000000000006,1,21.0,1,1,1,1,1,8.3,False,True,False,True,False,False,64.185,3.034857142857143,0.1204819277108433
S4297,Maria,Johnson,student3297@university.com,22,64.88,65.14,83.95,65.09,87.4,13.4,52.11,65.565,1,10.3,0,0,1,0,3,7.6,False,True,False,True,False,False,61.18166666666667,6.365533980582524,0.3947368421052631
S4298,Sara,Smith,student3298@university.com,21,73.44,69.16,57.61,51.28,68.35,47.8,52.73,57.5125,0,8.1,1,0,1,2,1,8.0,True,False,False,False,True,False,57.821666666666665,7.100308641975309,0.125
S4299,Ahmed,Johnson,student3299@university.com,19,51.09,88.15,60.04,89.12,80.21,60.9,55.17,69.2175,1,20.4,0,0,0,2,1,8.9,True,False,False,False,False,True,72.265,3.393014705882353,0.1123595505617977
S4300,Emma,Smith,student3300@university.com,19,89.47,57.77,41.63,52.64,86.49,69.1,74.34,61.375,1,21.3,0,0,0,1,9,5.0,True,False,False,False,False,True,63.66166666666667,2.881455399061033,1.8
S4302,Ali,Brown,student3302@university.com,18,92.69,71.22,88.81,52.63,68.31,38.0,64.25,68.786,1,24.3,0,0,3,0,1,6.8,True,False,True,False,False,False,63.870000000000005,2.830699588477366,0.1470588235294117
S4303,Omar,Davis,student3303@university.com,19,90.13,71.73,45.64,62.64,55.29,13.0,87.29,63.9315,1,20.2,0,0,2,1,6,6.7,False,True,False,True,False,False,55.931666666666665,3.1649257425742574,0.8955223880597015
S4304,Sara,Davis,student3304@university.com,24,83.07,87.83,99.97,92.06,99.38,24.700000000000003,88.7,89.759,3,14.9,0,1,2,0,2,8.3,False,True,False,True,False,False,82.10666666666667,6.024093959731544,0.2409638554216867
S4305,Ahmed,Davis,student3305@university.com,23,66.24,98.1,76.3,97.55,54.29,41.900000000000006,95.41,84.5695,3,29.6,0,1,1,0,5,4.8,False,True,False,False,False,True,77.25833333333333,2.8570777027027026,1.0416666666666667
S4307,Ali,Jones,student3307@university.com,23,72.24,75.5,44.0,98.5,73.99,20.3,56.78,62.548,1,18.6,0,1,1,0,10,6.6,False,True,False,True,False,False,61.51166666666668,3.362795698924731,1.5151515151515151
S4308,Ahmed,Davis,student3308@university.com,20,66.94,80.88,63.37,81.34,93.26,41.3,56.1,68.3965,1,9.0,0,1,1,2,5,6.3,True,False,True,False,False,False,69.37500000000001,7.599611111111112,0.7936507936507937
S4309,Sara,Williams,student3309@university.com,24,92.41,99.15,80.18,70.79,67.79,73.2,67.97,76.36600000000001,2,13.2,0,0,1,0,8,4.3,False,True,False,False,True,False,76.51333333333334,5.785303030303032,1.8604651162790695
S4310,John,Davis,student3310@university.com,20,74.18,96.56,46.39,90.14,88.43,70.5,74.47,74.3115,2,8.3,0,1,2,0,6,4.7,True,False,False,False,True,False,77.74833333333333,8.953192771084336,1.276595744680851
S4311,Ali,Smith,student3311@university.com,18,91.64,82.75,69.33,64.77,83.8,96.6,73.08,74.5945,2,21.7,0,0,1,2,8,4.8,False,True,False,False,False,True,78.38833333333334,3.4375345622119817,1.6666666666666667
S4312,Ali,Johnson,student3312@university.com,21,55.26,71.31,66.56,63.29,81.93,19.1,62.85,64.833,1,15.0,1,1,1,1,6,7.0,True,False,False,False,False,True,60.84000000000001,4.3222,0.8571428571428571
S4313,Ali,Smith,student3313@university.com,22,57.05,49.69,52.96,82.83,92.25,1.7000000000000002,81.1,66.75800000000001,1,29.7,1,0,2,1,4,6.1,True,False,False,False,False,True,60.08833333333333,2.2477441077441083,0.6557377049180328
S4314,John,Smith,student3314@university.com,24,98.87,63.05,58.02,69.52,50.71,32.2,66.91,61.1445,1,21.3,0,1,1,2,4,4.9,True,False,False,False,True,False,56.73499999999999,2.870633802816901,0.8163265306122448
S4315,John,Smith,student3315@university.com,18,79.39,75.11,98.03,56.8,96.46,15.0,68.3,75.17999999999999,2,27.9,1,0,0,0,10,7.7,False,True,False,False,True,False,68.28333333333333,2.6946236559139782,1.2987012987012987
S4316,Maria,Brown,student3316@university.com,22,75.49,83.51,57.32,53.35,91.46,54.8,55.28,63.32900000000001,1,11.0,0,0,1,2,10,8.0,False,True,False,True,False,False,65.95333333333333,5.757181818181819,1.25
S4317,Emma,Brown,student3317@university.com,18,76.16,78.12,52.81,89.39,96.89,89.9,79.61,76.396,2,13.0,1,1,1,1,3,5.1,False,True,True,False,False,False,81.12,5.876615384615385,0.5882352941176471
S4318,Omar,Jones,student3318@university.com,20,60.76,82.85,72.17,83.8,89.68,68.8,82.76,80.276,3,14.1,0,1,0,1,8,7.6,False,True,False,False,False,True,80.01,5.693333333333333,1.0526315789473684
S4319,Sara,Johnson,student3319@university.com,23,85.94,65.75,80.26,70.59,93.93,13.6,87.9,76.959,2,26.0,0,0,2,0,10,4.3,True,False,False,True,False,False,68.67166666666667,2.9599615384615388,2.3255813953488373
S4320,Maria,Williams,student3320@university.com,21,54.24,83.66,83.51,94.81,60.15,11.6,95.2,82.803,3,10.3,1,1,1,2,9,8.3,True,False,False,False,True,False,71.48833333333333,8.039126213592231,1.0843373493975903
S4321,Sara,Williams,student3321@university.com,20,78.67,48.62,85.25,70.54,65.96,91.1,88.3,76.8275,2,28.7,0,1,0,0,8,8.8,True,False,False,True,False,False,74.96166666666667,2.6769163763066204,0.9090909090909092
S4322,Omar,Williams,student3322@university.com,21,78.54,49.76,42.21,85.51,65.76,48.8,61.79,58.396,0,6.1,1,0,2,1,9,4.8,True,False,False,False,True,False,58.97166666666667,9.57311475409836,1.875
S4323,Emma,Smith,student3323@university.com,24,95.71,49.77,63.63,95.46,55.46,92.4,61.78,66.392,1,27.2,1,0,3,1,10,7.9,False,True,True,False,False,False,69.75,2.4408823529411765,1.2658227848101264
S4325,Emma,Johnson,student3325@university.com,18,56.85,44.56,94.29,75.56,56.81,99.3,89.51,79.08950000000002,2,18.1,0,0,1,0,3,8.8,False,True,False,True,False,False,76.67166666666667,4.369585635359116,0.3409090909090909
S4326,John,Smith,student3326@university.com,19,78.64,88.09,76.13,84.03,52.63,87.10000000000001,89.11,81.2015,3,29.9,0,0,2,1,4,6.3,True,False,True,False,False,False,79.515,2.7157692307692307,0.6349206349206349
S4327,Omar,Brown,student3327@university.com,19,54.57,54.01,43.14,70.68,88.77,41.4,85.99,66.23249999999999,1,26.8,0,1,1,2,3,6.7,True,False,False,False,True,False,63.998333333333335,2.471361940298507,0.4477611940298507
S4328,Emma,Brown,student3328@university.com,21,60.19,68.11,63.8,82.36,95.23,75.8,63.36,70.8415,2,27.6,0,1,2,1,5,7.8,True,False,False,False,False,True,74.77666666666667,2.566721014492753,0.6410256410256411
S4329,Maria,Davis,student3329@university.com,23,51.56,94.96,44.45,62.88,88.21,47.1,92.37,73.6755,2,19.6,1,1,3,0,9,5.2,False,True,False,False,True,False,71.66166666666668,3.7589540816326528,1.7307692307692306
S4330,Ahmed,Davis,student3330@university.com,23,75.66,75.16,84.91,71.74,91.27,23.3,57.14,70.6965,2,28.9,1,1,2,2,3,6.0,False,True,True,False,False,False,67.25333333333333,2.4462456747404846,0.5
S4331,Maria,Johnson,student3331@university.com,21,54.23,52.61,43.81,60.48,79.78,24.1,67.5,57.349,0,22.2,1,1,3,0,6,4.4,True,False,False,True,False,False,54.71333333333334,2.5832882882882884,1.3636363636363635
S4332,Sara,Johnson,student3332@university.com,20,73.47,57.05,51.14,51.91,94.39,39.7,67.32,60.749,1,25.5,1,1,1,0,4,7.1,True,False,True,False,False,False,60.251666666666665,2.3823137254901963,0.5633802816901409
S4333,Maria,Johnson,student3333@university.com,19,96.65,95.23,65.02,79.43,74.84,11.1,78.01,73.896,2,23.0,1,1,2,2,1,8.0,True,False,False,True,False,False,67.27166666666666,3.2128695652173915,0.125
S4334,Omar,Smith,student3334@university.com,20,85.99,65.63,67.76,93.22,99.42,17.8,73.17,73.5505,2,24.5,1,1,0,1,8,8.3,False,True,False,False,True,False,69.5,3.002061224489796,0.9638554216867468
S4335,Ali,Jones,student3335@university.com,22,53.87,75.22,64.39,51.28,55.17,50.1,72.99,64.9915,1,20.9,0,1,3,0,3,6.7,False,True,False,False,True,False,61.525000000000006,3.109641148325359,0.4477611940298507
S4336,Sara,Johnson,student3336@university.com,19,61.21,67.6,67.8,59.8,90.46,95.4,77.68,73.18,2,23.2,0,0,1,0,8,7.8,False,True,True,False,False,False,76.45666666666666,3.1543103448275867,1.0256410256410258
S4337,Emma,Davis,student3337@university.com,22,83.68,62.71,82.79,73.01,82.07,57.8,70.77,73.3835,2,15.9,1,0,3,1,5,4.7,True,False,False,False,False,True,71.52499999999999,4.6153144654088045,1.0638297872340423
S4338,Sara,Jones,student3338@university.com,18,94.74,53.4,62.16,83.29,79.03,40.8,62.5,64.73649999999999,1,22.7,0,0,2,1,8,7.7,False,True,False,False,True,False,63.53,2.8518281938325987,1.0389610389610389
S4339,Ahmed,Smith,student3339@university.com,20,51.65,81.17,72.87,58.56,86.29,24.3,83.21,73.984,2,11.9,1,1,3,2,1,4.0,True,False,False,False,False,True,67.73333333333333,6.217142857142856,0.25
S4340,John,Jones,student3340@university.com,21,90.62,83.09,58.2,52.83,92.01,19.6,89.53,71.978,2,20.9,1,0,2,1,6,5.0,False,True,False,False,False,True,65.87666666666667,3.4439234449760767,1.2
S4341,Emma,Williams,student3341@university.com,19,78.09,56.49,61.22,75.95,93.14,65.8,73.95,69.96,1,18.1,0,0,1,1,3,7.2,True,False,True,False,False,False,71.09166666666667,3.865193370165745,0.4166666666666666
S4342,Liam,Jones,student3342@university.com,20,77.3,87.34,76.83,90.94,58.77,84.80000000000001,82.47,80.8075,3,27.5,0,1,1,0,5,5.6,True,False,False,False,True,False,80.19166666666666,2.9384545454545457,0.8928571428571429
S4343,Sara,Johnson,student3343@university.com,21,97.89,91.27,69.43,51.76,59.85,39.900000000000006,76.77,69.823,1,21.8,0,1,0,0,4,6.1,False,True,False,False,False,True,64.83,3.20288990825688,0.6557377049180328
S4344,Emma,Smith,student3344@university.com,18,87.38,95.24,83.38,67.47,50.81,55.1,52.95,68.97250000000001,1,19.9,0,0,1,1,9,8.1,True,False,False,False,True,False,67.49166666666666,3.465954773869348,1.1111111111111112
S4345,Emma,Johnson,student3345@university.com,19,92.51,49.67,73.63,83.18,56.59,70.7,71.15,68.874,1,12.8,0,1,1,2,3,6.9,True,False,False,True,False,False,67.48666666666668,5.380781249999999,0.4347826086956521
S4346,Emma,Davis,student3346@university.com,22,67.7,58.24,88.21,56.54,63.19,5.8,50.49,61.0255,1,26.6,0,1,0,2,7,6.0,True,False,False,False,False,True,53.745,2.294191729323308,1.1666666666666667
S4348,Liam,Davis,student3348@university.com,23,80.77,51.91,69.46,76.77,73.79,73.0,75.41,70.319,2,27.5,0,1,0,2,3,8.2,True,False,True,False,False,False,70.05666666666667,2.557054545454545,0.3658536585365854
S4349,Omar,Johnson,student3349@university.com,21,66.08,40.21,80.2,97.66,87.9,68.5,56.34,69.8475,1,21.3,0,0,1,2,10,6.4,False,True,False,False,False,True,71.80166666666668,3.279225352112676,1.5625
S4350,Maria,Johnson,student3350@university.com,19,78.51,92.25,53.27,64.37,74.33,5.300000000000001,77.11,67.64150000000001,1,9.7,0,0,1,0,3,8.4,False,True,False,False,True,False,61.10500000000001,6.973350515463919,0.3571428571428571
S4351,Emma,Johnson,student3351@university.com,19,61.83,59.59,63.16,74.38,77.78,23.8,94.92,73.3295,2,27.6,1,1,1,1,4,5.2,True,False,False,True,False,False,65.605,2.6568659420289853,0.7692307692307692
S4352,Ali,Brown,student3352@university.com,24,57.17,64.87,77.49,70.0,55.55,68.0,67.02,68.664,1,13.2,0,1,2,1,7,6.7,False,True,False,True,False,False,67.155,5.201818181818182,1.044776119402985
S4353,Omar,Williams,student3353@university.com,24,68.7,66.78,41.73,94.87,88.83,27.1,99.12,74.654,2,9.2,0,0,1,0,9,5.8,True,False,True,False,False,False,69.73833333333333,8.114565217391304,1.5517241379310345
S4354,Ahmed,Johnson,student3354@university.com,18,86.96,90.9,66.22,53.59,87.91,81.4,97.97,80.48049999999999,3,13.0,1,0,0,0,6,7.0,False,True,True,False,False,False,79.665,6.190807692307692,0.8571428571428571
S4355,John,Johnson,student3355@university.com,19,95.81,60.27,75.93,78.31,65.38,3.0,89.27,73.2385,2,29.0,0,1,2,0,1,6.9,True,False,False,False,True,False,62.02666666666666,2.52546551724138,0.144927536231884
S4356,Sara,Davis,student3356@university.com,21,72.89,93.54,98.04,92.31,66.43,19.0,90.69,87.1875,3,23.8,0,0,0,1,8,6.9,False,True,True,False,False,False,76.66833333333334,3.663340336134454,1.1594202898550725
S4357,John,Davis,student3357@university.com,18,82.14,77.02,92.62,99.41,60.98,28.1,70.53,78.2815,2,27.9,1,1,1,2,2,6.6,True,False,False,False,True,False,71.44333333333333,2.8057885304659496,0.303030303030303
S4358,Sara,Johnson,student3358@university.com,22,55.15,71.64,56.84,84.94,90.69,92.5,70.13,72.43,2,12.5,0,0,1,1,9,6.3,True,False,False,False,False,True,77.79,5.7944,1.4285714285714286
S4359,John,Smith,student3359@university.com,18,95.22,59.54,70.43,69.0,87.35,79.6,97.72,78.9195,2,7.1,1,1,2,1,3,8.6,True,False,False,True,False,False,77.27333333333333,11.115422535211268,0.3488372093023256
S4360,Sara,Brown,student3360@university.com,18,78.43,54.62,43.38,70.59,80.46,88.4,68.31,62.5855,1,19.1,1,0,2,0,10,5.3,True,False,False,False,False,True,67.62666666666668,3.2767277486910995,1.8867924528301887
S4361,Emma,Davis,student3361@university.com,22,89.02,77.44,54.45,67.58,61.94,44.0,54.84,60.2115,1,17.1,1,1,1,2,7,6.2,False,True,True,False,False,False,60.04166666666666,3.521140350877193,1.129032258064516
S4362,Maria,Smith,student3362@university.com,23,89.72,66.81,86.49,80.18,58.59,82.30000000000001,57.64,70.937,2,23.0,1,1,0,1,6,5.1,False,True,False,True,False,False,72.00166666666668,3.084217391304348,1.1764705882352942
S4363,Sara,Brown,student3363@university.com,24,62.82,94.63,47.4,86.97,52.51,85.3,85.52,74.262,2,18.6,0,1,3,2,9,5.7,True,False,False,True,False,False,75.38833333333334,3.99258064516129,1.5789473684210529
S4364,Liam,Johnson,student3364@university.com,21,76.46,69.5,55.46,90.97,52.28,40.0,69.15,65.9085,1,14.9,0,0,1,2,3,5.2,False,True,False,False,False,True,62.89333333333334,4.423389261744966,0.5769230769230769
S4366,Ali,Jones,student3366@university.com,23,54.48,65.0,89.43,85.84,55.03,85.1,90.69,81.9485,3,16.7,0,0,3,2,3,7.5,True,False,False,True,False,False,78.515,4.907095808383233,0.4
S4367,Sara,Jones,student3367@university.com,23,84.15,87.36,86.91,95.81,77.81,97.4,74.43,84.18299999999999,3,8.0,1,0,2,1,4,5.4,False,True,False,False,True,False,86.62,10.522875,0.7407407407407407
S4368,Ali,Johnson,student3368@university.com,24,98.11,65.49,91.87,96.04,67.9,86.6,78.38,81.83099999999999,3,28.1,1,1,0,2,5,8.9,False,True,False,False,False,True,81.04666666666668,2.912135231316725,0.5617977528089887
S4369,Ahmed,Davis,student3369@university.com,20,65.03,56.16,84.98,85.2,72.25,77.6,57.7,70.864,2,28.0,1,1,3,0,6,5.4,True,False,False,False,False,True,72.31499999999998,2.530857142857143,1.111111111111111
S4370,Emma,Smith,student3370@university.com,24,93.07,91.72,47.24,81.85,79.7,94.4,59.64,68.4275,1,25.1,0,0,0,1,7,8.1,False,True,False,False,True,False,75.75833333333333,2.7261952191235057,0.8641975308641976
S4371,Ali,Williams,student3371@university.com,23,96.68,75.81,70.99,76.58,82.96,42.0,56.29,67.88900000000001,1,8.9,1,0,2,2,10,5.5,True,False,False,False,False,True,67.43833333333333,7.627977528089889,1.818181818181818
S4372,Maria,Brown,student3372@university.com,20,87.35,75.49,66.65,59.16,82.41,78.3,75.73,71.735,2,8.7,1,0,3,1,3,6.1,False,True,False,True,False,False,72.95666666666666,8.245402298850575,0.4918032786885246
S4373,Omar,Johnson,student3373@university.com,22,61.57,76.65,58.67,56.18,63.04,21.3,88.78,68.595,1,19.1,1,0,3,1,9,7.3,False,True,False,False,False,True,60.77,3.591361256544502,1.2328767123287672
S4374,Emma,Williams,student3374@university.com,24,66.7,83.13,90.04,74.29,90.48,73.3,86.61,84.819,3,23.2,1,1,1,0,3,6.8,False,True,False,False,False,True,82.97500000000001,3.655991379310345,0.4411764705882353
S4375,Ali,Williams,student3375@university.com,21,51.79,58.78,67.85,57.97,95.89,78.5,63.06,66.90699999999998,1,27.6,0,0,3,1,3,6.5,False,True,False,True,False,False,70.34166666666667,2.424166666666666,0.4615384615384615
S4376,Emma,Davis,student3376@university.com,23,91.57,42.03,43.62,78.85,65.8,71.7,92.58,66.976,1,27.4,0,1,1,0,8,8.0,False,True,False,False,True,False,65.76333333333334,2.444379562043796,1.0
S4377,Liam,Brown,student3377@university.com,19,92.48,88.64,56.5,82.29,50.85,85.0,55.28,65.6835,1,8.9,0,1,2,0,10,7.5,True,False,False,False,False,True,69.76,7.380168539325842,1.3333333333333333
S4378,Emma,Williams,student3378@university.com,22,81.64,47.73,53.72,76.28,94.96,41.3,55.7,60.3025,1,29.9,1,0,1,2,3,8.6,False,True,False,False,True,False,61.615,2.01680602006689,0.3488372093023256
S4379,Emma,Davis,student3379@university.com,20,67.63,83.31,93.25,51.82,96.18,54.5,92.47,83.666,3,8.9,1,0,3,0,7,5.2,False,True,False,True,False,False,78.58833333333332,9.40067415730337,1.346153846153846
S4380,Ahmed,Smith,student3380@university.com,24,53.84,44.94,78.85,52.89,52.55,1.1,62.22,58.363,0,26.0,0,0,3,2,1,4.1,True,False,False,False,True,False,48.75833333333333,2.2447307692307694,0.2439024390243902
S4381,Maria,Davis,student3381@university.com,21,87.65,62.52,73.62,55.67,50.25,14.6,85.41,67.51149999999998,1,19.7,1,0,1,1,1,9.0,True,False,False,False,True,False,57.01166666666668,3.4269796954314717,0.1111111111111111
S4382,John,Smith,student3382@university.com,18,86.33,43.78,70.4,57.68,90.82,64.4,50.45,60.256,1,22.0,1,0,1,1,5,5.4,True,False,True,False,False,False,62.921666666666674,2.738909090909091,0.9259259259259258
S4383,John,Smith,student3383@university.com,21,95.63,71.33,79.01,99.49,65.07,56.2,54.68,71.09649999999999,2,20.1,0,0,1,0,9,4.2,False,True,True,False,False,False,70.96333333333332,3.5371393034825864,2.142857142857143
S4384,Ali,Williams,student3384@university.com,21,86.53,79.19,85.29,67.22,95.73,19.7,80.46,77.97999999999999,2,26.7,0,1,1,2,8,5.2,False,True,False,False,False,True,71.265,2.920599250936329,1.5384615384615383
S4385,Emma,Davis,student3385@university.com,23,91.43,50.29,73.26,64.6,60.84,24.3,59.12,60.5835,1,20.9,0,1,1,1,2,7.3,True,False,True,False,False,False,55.40166666666667,2.898732057416268,0.273972602739726
S4386,Ali,Smith,student3386@university.com,23,87.3,62.3,96.3,52.61,93.06,34.4,51.41,67.76050000000001,1,26.2,0,0,2,2,8,6.9,True,False,True,False,False,False,65.01333333333332,2.5862786259541988,1.1594202898550725
S4387,Ahmed,Brown,student3387@university.com,24,81.53,95.81,98.61,81.77,53.43,71.6,73.35,82.2175,3,8.9,0,0,1,1,10,5.0,True,False,True,False,False,False,79.09500000000001,9.237921348314606,2.0
S4388,Ahmed,Williams,student3388@university.com,24,71.35,66.54,99.72,82.61,63.03,61.0,66.53,76.6145,2,26.7,1,0,0,2,9,4.9,True,False,False,False,True,False,73.23833333333333,2.8694569288389515,1.8367346938775508
S4389,Sara,Davis,student3389@university.com,20,95.11,88.15,80.16,58.77,98.66,7.0,90.11,79.327,2,29.8,0,0,3,0,4,6.2,False,True,False,False,True,False,70.47500000000001,2.661979865771812,0.6451612903225806
S4390,Liam,Davis,student3390@university.com,24,82.55,95.63,95.96,95.96,61.56,76.0,90.94,89.9665,3,21.5,0,0,3,1,9,4.1,False,True,True,False,False,False,86.00833333333333,4.184488372093023,2.1951219512195124
S4391,Ahmed,Jones,student3391@university.com,20,69.92,98.46,64.27,90.02,56.65,26.3,80.72,75.53549999999998,2,29.4,0,1,1,0,4,4.0,False,True,False,True,False,False,69.40333333333332,2.5692346938775508,1.0
S4392,Sara,Davis,student3392@university.com,23,54.17,93.9,91.58,61.52,92.85,67.2,64.65,78.248,2,10.5,0,1,0,0,8,7.1,False,True,True,False,False,False,78.61666666666667,7.452190476190476,1.1267605633802815
S4393,Maria,Williams,student3393@university.com,23,64.54,59.04,94.55,74.29,55.89,12.3,73.08,71.765,2,25.7,1,1,1,2,7,5.6,False,True,False,True,False,False,61.525,2.792412451361868,1.25
S4394,Ali,Brown,student3394@university.com,19,77.19,97.75,94.25,72.92,54.87,99.8,85.11,85.173,3,9.2,1,0,1,0,7,4.1,True,False,False,False,True,False,84.11666666666667,9.257934782608697,1.707317073170732
S4395,Omar,Davis,student3395@university.com,19,63.78,88.74,89.85,67.43,66.17,8.0,53.47,68.946,1,17.9,0,0,1,0,9,6.3,False,True,False,True,False,False,62.27666666666666,3.8517318435754193,1.4285714285714286
S4396,Maria,Jones,student3396@university.com,22,61.06,90.23,64.4,90.88,81.77,74.2,66.62,75.1395,2,21.6,1,0,1,0,8,8.7,True,False,False,False,True,False,78.01666666666667,3.478680555555555,0.9195402298850576
S4397,Ahmed,Williams,student3397@university.com,23,76.37,40.91,49.53,55.46,85.54,54.1,91.12,65.43299999999999,1,21.5,1,1,1,0,10,5.3,True,False,False,True,False,False,62.77666666666667,3.0433953488372087,1.8867924528301887
S4398,Maria,Smith,student3398@university.com,18,58.49,97.25,60.04,70.77,94.06,8.6,70.3,71.139,2,21.8,0,0,3,2,10,5.3,True,False,False,False,True,False,66.83666666666667,3.2632568807339446,1.8867924528301887
S4399,Maria,Johnson,student3399@university.com,19,90.02,86.69,86.04,71.4,77.05,2.7,81.23,77.4325,2,13.0,1,0,3,2,6,6.3,False,True,False,False,True,False,67.51833333333333,5.956346153846154,0.9523809523809524
S4400,Liam,Johnson,student3400@university.com,20,74.22,86.08,53.97,73.44,69.67,36.3,54.82,62.64849999999999,1,29.3,0,1,1,0,4,4.7,True,False,True,False,False,False,62.38,2.1381740614334466,0.851063829787234
S4402,Liam,Davis,student3402@university.com,24,57.37,53.95,73.92,60.91,92.35,4.1,55.02,61.655,1,20.5,0,1,3,0,4,8.2,True,False,False,False,False,True,56.708333333333336,3.0075609756097563,0.4878048780487805
S4403,Maria,Johnson,student3403@university.com,24,66.23,97.74,76.23,55.15,86.19,70.4,93.08,82.054,3,26.7,1,1,1,0,1,5.0,False,True,False,False,True,False,79.79833333333333,3.073183520599251,0.2
S4404,Ahmed,Johnson,student3404@university.com,22,70.5,70.04,96.14,80.89,95.27,65.5,55.33,76.07549999999999,2,27.3,0,0,1,1,6,7.3,True,False,True,False,False,False,77.195,2.786648351648352,0.8219178082191781
S4405,Omar,Smith,student3405@university.com,19,90.41,63.87,79.69,58.69,98.2,26.6,94.54,77.8185,2,23.0,1,0,3,1,9,8.4,False,True,False,False,False,True,70.265,3.383413043478261,1.0714285714285714
S4406,Emma,Davis,student3406@university.com,21,88.51,90.4,87.18,53.75,65.0,7.7,68.19,70.7595,2,19.4,1,0,1,0,7,8.5,True,False,False,False,False,True,62.03666666666667,3.6473969072164953,0.8235294117647058
S4407,Maria,Davis,student3407@university.com,21,61.15,45.24,74.91,71.33,76.48,91.5,81.23,72.805,2,16.4,1,1,0,2,10,6.8,True,False,True,False,False,False,73.44833333333334,4.439329268292684,1.4705882352941178
S4408,Sara,Smith,student3408@university.com,19,80.81,65.02,90.01,60.98,81.59,30.0,92.33,78.7605,2,16.2,0,1,1,2,4,4.8,True,False,True,False,False,False,69.98833333333333,4.861759259259259,0.8333333333333334
S4409,Ahmed,Davis,student3409@university.com,18,62.17,62.54,55.82,68.06,58.19,11.1,50.51,55.072,0,15.6,1,1,2,1,1,7.3,True,False,False,False,False,True,51.03666666666667,3.5302564102564107,0.136986301369863
S4410,Maria,Davis,student3410@university.com,18,99.41,60.99,52.59,62.99,52.67,68.2,63.28,59.40549999999999,0,22.5,1,0,2,0,8,7.7,False,True,False,False,False,True,60.120000000000005,2.640244444444444,1.0389610389610389
S4411,Omar,Williams,student3411@university.com,22,97.61,58.46,95.58,54.63,93.39,21.7,95.42,79.9085,2,23.3,0,1,1,0,2,7.8,False,True,False,True,False,False,69.86333333333333,3.429549356223176,0.2564102564102564
S4412,Emma,Williams,student3412@university.com,18,78.16,52.6,81.61,78.02,76.78,47.6,69.41,70.87650000000001,2,17.9,1,0,2,0,2,8.7,False,True,False,True,False,False,67.67,3.959581005586593,0.2298850574712644
S4413,Liam,Smith,student3413@university.com,22,84.95,50.37,80.29,51.35,78.54,5.0,85.32,69.03049999999999,1,23.5,1,1,0,0,7,7.1,True,False,False,False,True,False,58.47833333333333,2.9374680851063824,0.9859154929577464
S4414,Ahmed,Brown,student3414@university.com,20,90.07,78.42,68.04,98.32,77.75,99.3,57.0,73.36099999999999,2,18.2,0,1,1,0,8,6.3,True,False,False,False,False,True,79.80499999999999,4.030824175824176,1.2698412698412698
S4415,John,Johnson,student3415@university.com,19,86.05,95.16,62.6,67.07,87.75,44.8,83.92,76.1755,2,7.4,1,1,1,1,2,6.5,True,False,True,False,False,False,73.55,10.293986486486483,0.3076923076923077
S4416,Emma,Williams,student3416@university.com,21,84.99,70.53,73.34,84.76,57.28,99.9,53.66,68.4495,1,26.3,0,0,3,2,2,5.6,True,False,True,False,False,False,73.24499999999999,2.602642585551331,0.3571428571428571
S4417,Sara,Johnson,student3417@university.com,22,97.93,57.88,47.23,90.52,80.7,38.6,85.87,69.82849999999999,1,26.8,0,0,3,1,4,4.3,True,False,False,False,False,True,66.8,2.605541044776119,0.9302325581395348
S4418,Maria,Jones,student3418@university.com,24,79.82,49.55,67.28,63.96,73.47,34.8,66.19,62.7905,1,11.7,0,1,3,1,9,7.6,True,False,False,False,True,False,59.208333333333336,5.366709401709402,1.1842105263157896
S4419,Omar,Smith,student3419@university.com,18,81.82,89.81,67.32,87.44,94.85,91.5,73.29,79.4645,2,24.7,0,0,1,0,9,4.1,False,True,True,False,False,False,84.035,3.217186234817814,2.1951219512195124
S4420,John,Brown,student3420@university.com,24,92.46,98.29,72.3,91.62,75.98,32.9,58.31,73.2975,2,17.8,0,0,1,1,8,4.3,False,True,False,False,False,True,71.56666666666668,4.117837078651685,1.8604651162790695
S4421,Omar,Jones,student3421@university.com,22,83.49,60.95,78.08,62.07,97.15,43.2,81.39,74.265,2,8.1,0,0,3,0,7,5.7,False,True,False,False,False,True,70.47333333333333,9.16851851851852,1.2280701754385963
S4422,John,Jones,student3422@university.com,23,86.65,57.46,97.44,99.62,67.66,7.800000000000001,66.88,75.142,2,14.9,1,1,1,1,8,8.7,False,True,False,False,True,False,66.14333333333333,5.043087248322148,0.9195402298850576
S4423,Ahmed,Davis,student3423@university.com,22,61.71,76.09,79.13,51.03,98.34,95.5,69.17,74.2105,2,6.9,0,1,0,0,7,6.4,False,True,False,False,False,True,78.21000000000001,10.75514492753623,1.09375
S4424,John,Jones,student3424@university.com,18,68.56,86.52,93.02,60.85,93.76,8.5,82.61,79.94449999999999,2,24.7,0,0,3,2,3,5.1,False,True,True,False,False,False,70.87666666666667,3.2366194331983804,0.5882352941176471
S4425,Sara,Smith,student3425@university.com,23,57.37,67.32,73.38,89.0,79.21,77.1,58.94,71.25099999999999,2,9.9,0,1,2,0,4,8.5,False,True,False,True,False,False,74.15833333333333,7.197070707070706,0.4705882352941176
S4426,Sara,Williams,student3426@university.com,23,75.29,77.8,77.62,59.71,67.69,53.9,92.6,77.2755,2,9.1,1,0,3,0,2,6.9,False,True,False,False,True,False,71.55333333333334,8.491813186813186,0.2898550724637681
S4427,Ali,Smith,student3427@university.com,18,72.79,82.99,44.19,84.91,68.8,6.1,86.96,69.5055,1,10.2,0,1,2,2,8,5.8,True,False,False,False,False,True,62.325,6.814264705882353,1.3793103448275863
S4428,Sara,Williams,student3428@university.com,23,99.86,97.64,48.0,92.78,88.64,0.2,78.89,73.104,2,10.7,1,0,1,0,8,7.6,True,False,False,False,True,False,67.69166666666666,6.832149532710281,1.0526315789473684
S4429,Emma,Jones,student3429@university.com,19,80.56,49.9,74.78,97.96,79.03,93.6,56.42,70.383,2,21.8,0,0,2,0,7,6.2,True,False,False,False,False,True,75.28166666666667,3.228577981651376,1.129032258064516
S4430,John,Jones,student3430@university.com,21,89.32,99.84,63.74,73.71,70.08,74.2,84.36,77.99350000000001,2,21.0,0,1,0,2,9,7.6,True,False,False,True,False,False,77.655,3.713976190476191,1.1842105263157896
S4431,Sara,Brown,student3431@university.com,24,66.7,63.53,87.93,98.56,81.8,68.60000000000001,50.9,73.176,2,8.2,0,0,1,0,7,5.1,True,False,False,False,True,False,75.22,8.923902439024392,1.3725490196078431
S4432,Ahmed,Williams,student3432@university.com,19,91.58,83.39,72.59,70.58,86.66,43.9,90.22,79.16999999999999,2,23.1,1,0,0,1,3,4.8,True,False,False,False,False,True,74.55666666666667,3.4272727272727264,0.625
S4433,Omar,Jones,student3433@university.com,19,80.75,74.34,92.94,60.91,51.15,23.9,65.19,69.3895,1,13.7,0,0,1,0,8,6.3,True,False,False,True,False,False,61.405,5.064927007299271,1.2698412698412698
S4434,Liam,Davis,student3434@university.com,18,84.85,69.2,98.34,75.7,54.49,68.0,55.86,71.927,2,16.4,1,0,0,1,3,5.6,False,True,True,False,False,False,70.265,4.38579268292683,0.5357142857142857
S4435,Omar,Johnson,student3435@university.com,18,64.72,81.88,48.86,82.49,54.72,60.8,58.22,62.8485,1,8.1,1,0,0,2,1,7.0,False,True,False,False,False,True,64.495,7.759074074074075,0.1428571428571428
S4436,Ali,Brown,student3436@university.com,24,77.43,63.75,63.69,72.9,61.6,72.6,98.16,75.658,2,22.7,1,0,1,1,1,7.9,True,False,False,True,False,False,72.11666666666666,3.33295154185022,0.1265822784810126
S4437,Omar,Smith,student3437@university.com,21,81.7,47.57,79.9,78.35,71.35,36.6,88.69,74.435,2,14.4,1,1,0,2,4,8.5,False,True,False,True,False,False,67.07666666666667,5.169097222222223,0.4705882352941176
S4438,John,Brown,student3438@university.com,22,79.45,69.33,58.33,70.82,90.18,98.7,61.89,68.125,1,20.8,0,1,1,0,2,7.8,False,True,False,False,True,False,74.87499999999999,3.2752403846153846,0.2564102564102564
S4439,Ali,Johnson,student3439@university.com,19,95.76,71.31,56.02,76.24,67.55,6.7,98.17,72.67850000000001,2,15.7,1,1,1,0,10,5.7,False,True,False,False,False,True,62.665,4.629203821656052,1.7543859649122806
S4440,John,Williams,student3440@university.com,23,94.91,52.11,88.82,97.63,50.87,8.0,57.01,67.256,1,6.2,0,0,3,2,8,7.6,False,True,True,False,False,False,59.07333333333333,10.847741935483873,1.0526315789473684
S4441,Ahmed,Smith,student3441@university.com,21,98.55,96.14,98.82,74.99,74.17,91.7,86.68,88.3805,3,22.6,0,1,1,1,1,6.6,False,True,False,False,False,True,87.08333333333333,3.9106415929203537,0.1515151515151515
S4442,Ali,Smith,student3442@university.com,19,83.37,53.65,86.43,62.66,99.83,64.80000000000001,82.84,77.129,2,18.8,1,0,1,1,6,8.5,True,False,False,True,False,False,75.03500000000001,4.102606382978723,0.7058823529411765
S4443,Maria,Williams,student3443@university.com,22,98.6,64.55,71.42,87.94,67.45,32.599999999999994,91.07,76.4245,2,15.9,0,0,1,1,4,7.5,False,True,True,False,False,False,69.17166666666667,4.806572327044025,0.5333333333333333
S4444,Emma,Brown,student3444@university.com,23,91.62,49.3,66.55,66.88,98.06,76.2,69.08,68.4045,1,10.0,0,0,0,1,8,4.8,True,False,False,True,False,False,71.01166666666666,6.84045,1.6666666666666667
S4445,Emma,Jones,student3445@university.com,19,63.54,72.15,72.38,90.81,55.07,45.3,70.09,71.338,2,20.6,1,1,1,0,3,4.4,True,False,False,False,True,False,67.63333333333334,3.4630097087378635,0.6818181818181818
S4446,John,Brown,student3446@university.com,20,71.37,58.46,67.77,52.84,58.65,2.1,81.23,63.9765,1,11.9,0,0,1,1,5,6.7,True,False,False,False,False,True,53.50833333333333,5.376176470588235,0.7462686567164178
S4447,Omar,Johnson,student3447@university.com,24,61.92,69.36,70.17,66.61,86.21,65.1,69.91,70.787,2,15.7,0,1,1,2,7,5.8,False,True,False,True,False,False,71.22666666666665,4.508726114649682,1.206896551724138
S4448,Liam,Davis,student3448@university.com,21,50.21,53.48,52.21,54.72,75.06,24.3,52.07,53.6245,0,6.4,1,0,1,1,1,4.8,True,False,False,True,False,False,51.97333333333333,8.378828124999998,0.2083333333333333
S4449,Liam,Jones,student3449@university.com,24,59.4,43.23,94.22,54.27,88.26,11.5,86.49,73.528,2,24.4,1,1,1,2,4,8.0,True,False,False,False,False,True,62.995000000000005,3.01344262295082,0.5
S4451,Ali,Davis,student3451@university.com,19,85.99,78.47,80.86,69.27,62.55,47.6,71.19,72.36800000000001,2,27.3,0,0,2,0,4,4.4,True,False,False,True,False,False,68.32333333333334,2.650842490842491,0.9090909090909092
S4452,Maria,Davis,student3452@university.com,23,71.28,60.44,97.0,93.57,84.14,5.0,65.14,75.5575,2,26.7,1,1,3,2,2,5.3,False,True,False,False,False,True,67.54833333333333,2.8298689138576782,0.3773584905660377
S4453,Maria,Williams,student3453@university.com,23,65.63,42.85,57.06,75.82,80.38,88.3,66.04,64.3305,1,29.3,1,0,2,1,2,7.4,True,False,False,False,True,False,68.40833333333335,2.195580204778157,0.2702702702702702
S4454,Omar,Johnson,student3454@university.com,21,88.09,91.93,44.87,64.77,93.08,56.0,87.05,72.9455,2,27.7,1,1,0,1,10,7.2,True,False,False,False,True,False,72.95,2.6334115523465704,1.3888888888888888
S4455,Liam,Johnson,student3455@university.com,21,91.62,50.19,89.57,86.04,71.51,29.3,86.46,77.381,2,29.3,0,1,1,0,7,5.3,True,False,False,False,False,True,68.845,2.64098976109215,1.3207547169811322
S4456,Ali,Johnson,student3456@university.com,24,98.76,95.84,99.91,81.2,52.59,68.7,90.95,87.5125,3,27.2,1,0,2,1,8,5.7,True,False,False,True,False,False,81.53166666666665,3.217371323529412,1.4035087719298245
S4457,Ahmed,Jones,student3457@university.com,23,82.1,68.72,74.71,89.98,78.71,80.39999999999999,88.11,80.8065,3,7.8,0,1,1,2,7,4.2,False,True,False,False,False,True,80.105,10.359807692307692,1.6666666666666663
S4458,Omar,Smith,student3458@university.com,23,73.08,60.42,43.53,82.18,97.94,61.4,87.9,71.5065,2,15.9,0,1,1,1,9,8.8,True,False,False,False,False,True,72.22833333333334,4.497264150943396,1.0227272727272727
S4459,Maria,Jones,student3459@university.com,23,65.26,84.51,86.83,58.35,50.73,20.2,62.59,67.9965,1,6.9,1,0,0,2,8,5.6,True,False,False,True,False,False,60.535,9.854565217391304,1.4285714285714286
S4460,Maria,Brown,student3460@university.com,19,61.12,92.61,44.42,83.52,62.01,11.0,55.08,60.7995,1,18.6,0,0,2,1,8,8.6,True,False,True,False,False,False,58.10666666666666,3.268790322580645,0.9302325581395348
S4461,Ahmed,Davis,student3461@university.com,23,60.65,62.24,72.4,69.58,65.8,86.0,88.09,75.17999999999999,2,18.2,0,1,3,1,6,8.1,True,False,True,False,False,False,74.01833333333333,4.13076923076923,0.7407407407407408
S4462,Maria,Davis,student3462@university.com,18,70.46,64.44,56.65,73.16,88.29,23.5,54.93,61.28549999999999,1,28.1,0,0,1,1,5,5.7,True,False,False,False,True,False,60.16166666666667,2.1809786476868323,0.8771929824561403
S4463,Maria,Smith,student3463@university.com,23,99.59,65.99,94.9,96.08,66.16,2.0,99.11,84.4845,3,29.2,1,0,1,2,1,7.5,True,False,True,False,False,False,70.70666666666666,2.893304794520548,0.1333333333333333
S4464,Maria,Brown,student3464@university.com,18,50.04,95.34,67.08,68.0,61.95,64.3,93.75,78.806,2,11.5,0,0,0,2,2,6.4,False,True,False,False,False,True,75.07000000000001,6.852695652173913,0.3125
S4465,Emma,Smith,student3465@university.com,19,59.86,81.55,93.91,80.6,82.43,15.3,76.67,79.809,2,19.6,0,0,1,0,10,8.9,True,False,False,True,False,False,71.74333333333333,4.071887755102041,1.1235955056179774
S4466,Omar,Davis,student3466@university.com,21,59.42,54.86,57.94,68.17,52.32,99.1,67.61,63.4095,1,16.6,1,1,1,2,1,7.2,False,True,False,False,True,False,66.66666666666667,3.819849397590361,0.1388888888888889
S4467,Sara,Jones,student3467@university.com,18,85.86,51.1,63.24,54.74,58.53,87.0,76.34,64.791,1,18.7,0,0,2,2,9,6.6,False,True,True,False,False,False,65.15833333333335,3.46475935828877,1.3636363636363638
S4468,Omar,Johnson,student3468@university.com,19,67.62,53.82,96.83,72.68,70.4,60.8,86.72,79.27850000000001,2,18.3,1,0,1,1,4,7.2,True,False,False,False,False,True,73.54166666666667,4.332158469945355,0.5555555555555556
S4469,Ahmed,Davis,student3469@university.com,23,72.86,55.81,52.08,79.85,67.78,83.4,87.82,70.663,2,27.9,0,1,0,1,3,5.1,False,True,False,False,True,False,71.12333333333333,2.5327240143369174,0.5882352941176471
S4470,Maria,Williams,student3470@university.com,19,57.43,53.81,74.71,70.38,67.36,47.1,53.68,62.501,1,27.4,1,1,1,0,10,5.5,True,False,False,True,False,False,61.17333333333334,2.281058394160584,1.818181818181818
S4471,Omar,Johnson,student3471@university.com,23,70.25,79.51,63.31,69.53,55.43,78.8,90.24,74.7385,2,8.1,1,1,0,0,2,7.6,False,True,True,False,False,False,72.80333333333333,9.226975308641975,0.2631578947368421
S4472,Emma,Davis,student3472@university.com,24,55.16,46.96,86.45,91.02,68.04,64.7,82.07,76.9695,2,13.6,0,1,0,0,7,4.4,True,False,False,False,False,True,73.20666666666666,5.659522058823529,1.5909090909090908
S4473,Liam,Jones,student3473@university.com,19,76.65,63.24,47.76,51.48,89.9,2.9,52.03,53.89200000000001,0,23.8,1,1,1,1,6,5.5,False,True,False,True,False,False,51.21833333333333,2.26436974789916,1.0909090909090908
S4474,Ahmed,Smith,student3474@university.com,21,54.9,77.5,66.23,64.78,70.69,94.9,65.66,69.4115,1,22.1,0,1,2,0,10,7.1,False,True,False,False,False,True,73.29333333333334,3.14079185520362,1.4084507042253522
S4475,John,Johnson,student3475@university.com,18,89.53,57.45,81.94,90.59,79.31,86.1,75.53,77.586,2,20.8,0,1,3,1,10,9.0,True,False,False,False,False,True,78.48666666666666,3.7300961538461537,1.1111111111111112
S4476,Omar,Jones,student3476@university.com,24,78.33,43.92,64.42,96.03,58.18,95.3,59.42,65.50649999999999,1,29.8,1,1,3,1,7,8.6,False,True,False,False,False,True,69.545,2.1982046979865766,0.813953488372093
S4477,John,Brown,student3477@university.com,21,86.2,44.91,43.51,70.61,53.49,73.1,57.76,54.5375,0,13.4,0,0,0,0,1,8.2,False,True,False,True,False,False,57.23,4.069962686567164,0.1219512195121951
S4478,Maria,Williams,student3478@university.com,20,70.93,47.56,82.31,94.44,94.0,41.2,50.71,68.5505,1,17.9,0,0,2,2,1,6.5,False,True,False,False,True,False,68.36999999999999,3.82963687150838,0.1538461538461538
S4479,Emma,Johnson,student3479@university.com,23,69.07,90.15,70.19,59.95,66.57,20.7,95.58,76.42849999999999,2,29.5,0,0,2,0,10,8.0,False,True,False,False,False,True,67.19,2.590796610169491,1.25
S4480,Emma,Smith,student3480@university.com,18,54.91,79.47,40.68,61.07,67.52,18.0,52.81,54.746,0,22.4,0,0,2,0,4,6.8,False,True,False,False,True,False,53.25833333333333,2.444017857142857,0.5882352941176471
S4481,Omar,Brown,student3481@university.com,21,76.19,43.87,76.76,92.31,93.88,14.5,68.3,70.22,2,21.2,0,1,2,1,5,6.3,True,False,False,False,True,False,64.93666666666667,3.3122641509433963,0.7936507936507937
S4482,Ahmed,Jones,student3482@university.com,18,75.73,63.46,95.19,95.16,85.39,22.1,60.29,75.3215,2,8.9,1,1,0,1,2,5.1,False,True,True,False,False,False,70.265,8.463089887640448,0.3921568627450981
S4483,Ahmed,Williams,student3483@university.com,20,73.41,56.72,46.66,61.14,87.81,55.1,87.05,66.995,1,11.2,0,1,1,2,10,8.8,False,True,True,False,False,False,65.74666666666667,5.981696428571429,1.1363636363636362
S4484,Emma,Smith,student3484@university.com,22,87.03,74.68,75.44,52.97,84.1,68.4,85.36,75.4455,2,14.4,0,0,3,1,6,7.0,True,False,False,False,True,False,73.49166666666667,5.239270833333333,0.8571428571428571
S4485,Ahmed,Jones,student3485@university.com,23,91.63,71.37,83.72,54.52,55.29,31.4,90.31,74.0055,2,16.6,0,1,3,2,2,7.4,True,False,True,False,False,False,64.435,4.458162650602409,0.2702702702702702
S4486,Emma,Jones,student3486@university.com,23,87.54,68.87,44.25,63.07,97.9,54.900000000000006,80.84,67.6405,1,17.4,1,1,1,2,7,4.7,True,False,True,False,False,False,68.305,3.8873850574712647,1.4893617021276595
S4487,Omar,Johnson,student3487@university.com,19,57.19,58.87,41.36,88.07,95.46,34.1,79.58,67.50599999999999,1,27.6,1,0,0,2,10,6.2,False,True,False,False,True,False,66.24,2.4458695652173907,1.6129032258064515
S4488,Sara,Johnson,student3488@university.com,23,81.1,48.27,67.85,75.5,61.81,69.7,70.36,66.302,1,7.7,1,0,3,2,2,8.8,False,True,False,True,False,False,65.58166666666666,8.610649350649352,0.2272727272727272
S4489,Emma,Smith,student3489@university.com,23,54.02,84.54,87.47,72.78,90.2,98.8,81.82,83.9715,3,11.2,1,1,0,0,1,7.8,False,True,True,False,False,False,85.935,7.497455357142858,0.1282051282051282
S4490,John,Davis,student3490@university.com,21,84.73,92.79,49.64,79.21,70.47,68.89999999999999,55.76,65.42999999999999,1,8.6,0,0,0,0,9,8.4,False,True,True,False,False,False,69.46166666666666,7.60813953488372,1.0714285714285714
S4491,Ahmed,Davis,student3491@university.com,24,69.09,96.65,90.2,94.51,84.19,5.9,84.23,85.20700000000001,3,23.4,1,0,2,0,4,6.0,True,False,False,True,False,False,75.94666666666667,3.641324786324787,0.6666666666666666
S4492,Emma,Jones,student3492@university.com,23,56.62,43.52,79.39,54.52,58.28,47.7,55.19,59.3235,0,29.3,1,0,1,0,1,4.3,True,False,False,True,False,False,56.43333333333334,2.0246928327645053,0.2325581395348837
S4493,Emma,Johnson,student3493@university.com,23,93.1,84.39,59.93,84.74,76.93,77.0,93.09,79.822,2,27.3,0,1,0,1,8,5.8,False,True,False,True,False,False,79.34666666666668,2.923882783882784,1.3793103448275863
S4494,Omar,Williams,student3494@university.com,20,80.7,83.59,70.95,96.34,56.33,54.2,75.28,75.65400000000001,2,23.1,0,1,3,2,9,5.9,False,True,False,False,True,False,72.78166666666668,3.2750649350649352,1.5254237288135593
S4496,Sara,Jones,student3496@university.com,20,51.54,55.17,52.99,91.89,62.18,5.5,79.24,65.5715,1,13.7,1,1,1,0,10,6.6,False,True,False,False,True,False,57.82833333333334,4.786240875912409,1.5151515151515151
S4497,Omar,Johnson,student3497@university.com,18,76.87,84.53,69.97,84.9,72.62,29.1,88.8,78.264,2,26.6,0,0,0,2,10,5.0,True,False,False,False,False,True,71.65333333333334,2.942255639097744,2.0
S4498,Sara,Smith,student3498@university.com,18,96.16,43.28,77.47,50.72,83.4,22.1,73.92,65.0885,1,21.3,1,1,2,2,4,8.7,True,False,False,False,False,True,58.48166666666668,3.0557981220657275,0.4597701149425288
S4499,Liam,Smith,student3499@university.com,23,79.82,77.87,48.28,61.58,93.85,76.8,71.38,67.62650000000001,1,10.2,1,0,1,1,2,8.5,False,True,False,True,False,False,71.62666666666668,6.630049019607844,0.2352941176470588
S4500,Omar,Smith,student3500@university.com,23,98.58,61.05,42.61,80.29,58.26,52.400000000000006,64.42,59.6255,0,16.7,1,0,0,0,8,5.3,True,False,False,True,False,False,59.83833333333334,3.570389221556886,1.509433962264151
S4501,Ahmed,Williams,student3501@university.com,19,56.82,86.13,40.81,75.12,94.66,13.8,56.4,61.466,1,7.2,0,1,1,1,3,7.3,False,True,False,False,False,True,61.153333333333336,8.536944444444444,0.4109589041095891
S4502,Ali,Johnson,student3502@university.com,18,78.42,91.8,59.48,76.4,69.5,28.6,59.52,66.33600000000001,1,18.0,0,0,2,2,6,6.5,False,True,False,False,True,False,64.21666666666667,3.6853333333333342,0.9230769230769232
S4503,Ahmed,Johnson,student3503@university.com,21,89.91,61.89,44.44,61.6,92.19,52.3,50.03,56.4765,0,27.5,0,1,1,0,6,5.3,True,False,False,False,True,False,60.40833333333334,2.053690909090909,1.1320754716981132
S4505,Sara,Smith,student3505@university.com,21,54.55,47.04,99.84,63.32,93.11,36.4,88.25,79.11999999999999,2,20.3,1,0,1,1,7,5.2,True,False,False,True,False,False,71.32666666666667,3.8975369458128073,1.346153846153846
S4506,Sara,Smith,student3506@university.com,23,79.14,65.01,43.68,69.47,83.14,15.7,60.93,58.47,0,10.8,1,1,2,1,7,7.1,False,True,False,True,False,False,56.321666666666665,5.413888888888889,0.9859154929577464
S4507,Ahmed,Jones,student3507@university.com,21,80.59,61.65,65.96,68.45,75.44,49.7,50.12,61.06999999999999,1,29.8,0,0,2,1,5,5.7,True,False,False,False,False,True,61.88666666666666,2.0493288590604024,0.8771929824561403
S4508,Ahmed,Davis,student3508@university.com,22,86.44,50.99,41.54,83.6,65.63,31.0,74.61,61.06949999999999,1,6.6,1,1,1,0,2,8.1,False,True,True,False,False,False,57.895,9.252954545454545,0.2469135802469136
S4509,Ahmed,Brown,student3509@university.com,21,88.06,93.67,48.04,54.51,98.45,56.6,70.63,68.10099999999998,1,20.4,1,1,3,2,4,7.1,True,False,False,True,False,False,70.31666666666668,3.33828431372549,0.5633802816901409
S4510,Sara,Davis,student3510@university.com,24,88.54,48.89,59.38,60.28,90.04,46.7,88.8,69.1995,1,11.4,1,0,2,0,7,8.2,False,True,False,False,True,False,65.68166666666667,6.070131578947368,0.853658536585366
S4511,Ahmed,Johnson,student3511@university.com,18,83.17,78.14,63.62,60.02,69.06,68.89999999999999,70.14,68.02199999999999,1,27.1,0,0,2,0,6,5.7,False,True,True,False,False,False,68.31333333333333,2.5100369003690037,1.0526315789473684
S4512,Ahmed,Johnson,student3512@university.com,23,60.79,93.41,96.39,55.42,58.34,91.4,93.21,84.789,3,8.0,1,1,1,0,9,4.1,True,False,False,False,True,False,81.36166666666666,10.598625,2.1951219512195124
S4513,Liam,Johnson,student3513@university.com,18,70.21,94.72,63.75,60.38,88.98,20.1,54.79,65.5425,1,15.7,0,0,1,0,8,5.1,False,True,True,False,False,False,63.78666666666667,4.174681528662421,1.5686274509803924
S4514,Maria,Davis,student3514@university.com,24,88.81,87.59,69.78,80.35,99.5,82.10000000000001,68.29,77.178,2,9.6,1,1,1,1,5,8.1,True,False,False,False,False,True,81.26833333333335,8.039375,0.617283950617284
S4515,Ali,Brown,student3515@university.com,24,97.67,50.57,54.74,86.61,63.95,94.9,96.7,74.412,2,25.0,1,1,3,1,7,5.6,True,False,True,False,False,False,74.57833333333333,2.9764800000000005,1.25
S4516,John,Jones,student3516@university.com,21,53.95,89.05,40.01,83.02,95.79,37.400000000000006,50.59,62.439,1,13.8,1,0,1,2,3,5.6,False,True,False,False,True,False,65.97666666666667,4.524565217391304,0.5357142857142857
S4517,Ali,Davis,student3517@university.com,20,76.78,56.59,93.96,73.76,56.27,11.4,69.54,70.1015,2,9.7,1,0,1,0,4,6.2,False,True,True,False,False,False,60.25333333333333,7.226958762886599,0.6451612903225806
S4518,Maria,Brown,student3518@university.com,20,65.63,95.34,44.9,52.62,97.61,82.2,62.99,66.187,1,23.1,0,1,3,0,7,5.4,False,True,False,False,False,True,72.61,2.865238095238095,1.2962962962962965
S4519,John,Smith,student3519@university.com,24,61.27,82.55,97.85,97.95,87.27,70.1,76.59,86.7465,3,25.4,0,1,1,2,1,8.0,False,True,False,False,True,False,85.38499999999999,3.415216535433071,0.125
S4520,Omar,Smith,student3520@university.com,20,75.29,87.12,47.85,58.4,67.33,21.3,63.94,60.7705,1,16.6,0,1,1,0,9,5.6,True,False,False,True,False,False,57.656666666666666,3.6608734939759033,1.6071428571428572
S4521,Ahmed,Johnson,student3521@university.com,23,80.3,45.1,76.29,83.42,65.23,44.5,93.5,75.14850000000001,2,14.5,1,0,1,0,7,7.0,False,True,True,False,False,False,68.00666666666667,5.182655172413794,1.0
S4523,Liam,Johnson,student3523@university.com,22,89.01,89.27,48.31,84.89,79.68,17.0,92.46,74.7575,2,21.3,0,1,1,2,7,5.4,False,True,True,False,False,False,68.60166666666666,3.5097417840375584,1.2962962962962965
S4524,Omar,Williams,student3524@university.com,21,90.99,91.7,65.44,60.9,95.95,71.5,69.93,73.399,2,21.5,0,1,3,2,5,5.3,True,False,False,False,False,True,75.90333333333334,3.4139069767441863,0.9433962264150944
S4525,Ahmed,Brown,student3525@university.com,19,98.28,41.72,86.83,65.79,88.31,69.0,99.5,79.965,2,11.9,0,0,1,2,1,6.5,False,True,False,False,True,False,75.19166666666668,6.719747899159664,0.1538461538461538
S4526,Sara,Smith,student3526@university.com,20,59.03,96.35,41.93,51.51,77.02,88.69999999999999,86.75,70.8235,2,28.5,1,0,0,0,7,5.1,True,False,False,True,False,False,73.71,2.485035087719298,1.3725490196078431
S4527,Emma,Davis,student3527@university.com,21,79.73,42.6,81.39,80.64,96.38,56.7,67.78,71.6405,2,10.3,1,0,2,2,10,5.7,False,True,False,True,False,False,70.915,6.955388349514563,1.7543859649122806
S4528,Maria,Williams,student3528@university.com,19,71.33,76.87,44.82,80.65,79.64,57.400000000000006,54.68,62.071,1,14.4,1,1,2,2,9,4.2,True,False,True,False,False,False,65.67666666666666,4.310486111111111,2.142857142857143
S4529,Sara,Brown,student3529@university.com,18,66.74,81.6,54.19,86.28,92.48,61.900000000000006,83.35,76.0775,2,12.1,1,1,1,1,3,8.0,False,True,False,False,False,True,76.63333333333334,6.287396694214876,0.375
S4530,Maria,Smith,student3530@university.com,20,78.28,46.44,49.6,50.55,92.05,27.4,86.43,63.4525,1,28.3,0,0,0,1,5,4.2,False,True,False,False,False,True,58.745,2.242137809187279,1.1904761904761905
S4531,Liam,Davis,student3531@university.com,19,89.12,42.88,94.44,90.89,95.96,75.9,56.12,73.9025,2,25.7,1,1,2,2,10,8.4,True,False,True,False,False,False,76.03166666666665,2.8755836575875486,1.1904761904761905
S4532,Maria,Williams,student3532@university.com,23,51.15,87.09,50.83,86.94,53.38,66.2,77.49,70.707,2,25.3,1,1,2,2,3,4.2,False,True,False,False,True,False,70.32166666666667,2.794743083003952,0.7142857142857143
S4534,Liam,Johnson,student3534@university.com,20,90.49,46.43,75.26,67.38,73.42,76.9,66.31,66.9665,1,22.1,0,0,1,2,8,7.2,False,True,True,False,False,False,67.61666666666666,3.030158371040724,1.1111111111111112
S4535,John,Johnson,student3535@university.com,22,87.56,85.76,60.77,81.93,74.53,63.9,65.09,70.52100000000002,2,10.8,1,0,1,1,7,6.5,True,False,False,False,True,False,71.99666666666667,6.529722222222223,1.0769230769230769
S4536,Ali,Brown,student3536@university.com,24,88.02,90.95,64.34,74.79,73.0,16.1,95.17,77.60199999999999,2,29.2,0,1,0,1,10,4.7,False,True,False,False,True,False,69.05833333333335,2.657602739726027,2.127659574468085
S4537,Ahmed,Johnson,student3537@university.com,20,69.45,75.24,47.14,55.75,91.87,91.9,55.87,61.97649999999999,1,18.3,1,0,1,1,8,5.3,True,False,False,False,True,False,69.62833333333333,3.386693989071037,1.509433962264151
S4538,Maria,Jones,student3538@university.com,23,87.58,49.67,84.89,54.37,65.92,36.7,96.68,74.2595,2,19.1,0,0,1,0,3,7.5,True,False,True,False,False,False,64.705,3.8879319371727754,0.4
S4539,Ahmed,Smith,student3539@university.com,22,69.34,40.91,76.09,89.07,73.14,96.4,88.97,77.3445,2,13.9,1,0,3,1,5,6.6,True,False,False,True,False,False,77.43,5.564352517985611,0.7575757575757576
S4540,Emma,Brown,student3540@university.com,22,94.94,82.05,61.85,57.8,60.03,40.2,69.54,65.315,1,18.4,1,0,1,2,7,6.6,False,True,False,False,False,True,61.91166666666667,3.549728260869565,1.0606060606060606
S4541,Sara,Davis,student3541@university.com,22,58.86,73.01,50.29,58.6,62.59,14.6,54.18,55.557,0,23.7,1,1,0,2,9,4.7,True,False,False,True,False,False,52.21166666666667,2.3441772151898737,1.9148936170212765
S4542,Ahmed,Johnson,student3542@university.com,21,64.62,79.05,75.61,91.55,83.02,88.5,50.96,72.5075,2,19.0,1,1,1,1,6,6.4,True,False,False,False,True,False,78.115,3.8161842105263153,0.9375
S4543,Sara,Smith,student3543@university.com,21,77.57,88.79,86.72,80.61,55.85,79.5,68.79,77.287,2,21.0,0,1,1,0,3,7.0,False,True,True,False,False,False,76.71000000000001,3.6803333333333335,0.4285714285714285
S4544,Ahmed,Williams,student3544@university.com,24,65.96,66.05,58.74,80.24,59.39,78.60000000000001,85.27,72.0785,2,16.8,0,1,3,2,7,4.6,True,False,False,False,False,True,71.38166666666666,4.290386904761905,1.5217391304347827
S4545,Ali,Johnson,student3545@university.com,22,71.21,47.47,41.55,73.97,76.4,8.9,74.38,59.0025,0,22.9,0,0,0,1,7,8.9,True,False,False,False,True,False,53.778333333333336,2.576528384279476,0.7865168539325842
S4546,Ali,Smith,student3546@university.com,24,74.62,96.4,52.86,78.45,52.19,87.89999999999999,86.93,75.13550000000001,2,27.5,0,1,2,2,3,8.2,False,True,False,False,False,True,75.78833333333333,2.7322,0.3658536585365854
S4549,Liam,Jones,student3549@university.com,19,68.12,96.0,40.8,61.15,92.31,91.3,98.37,77.0795,2,22.1,0,0,1,0,1,6.8,False,True,False,False,True,False,79.98833333333333,3.487760180995475,0.1470588235294117
S4550,Ali,Davis,student3550@university.com,22,62.39,95.9,58.37,60.73,67.39,66.6,86.42,74.082,2,14.4,0,1,3,0,1,4.5,False,True,False,False,False,True,72.56833333333334,5.144583333333332,0.2222222222222222
S4551,Ali,Smith,student3551@university.com,21,70.43,74.33,43.72,52.86,67.4,13.3,95.73,66.1325,1,12.0,1,0,3,0,4,6.2,False,True,False,True,False,False,57.89000000000001,5.511041666666666,0.6451612903225806
S4552,Ali,Jones,student3552@university.com,21,75.79,57.86,58.98,82.91,96.83,52.0,62.11,66.7765,1,9.5,1,1,0,0,10,5.0,True,False,True,False,False,False,68.44833333333334,7.029105263157895,2.0
S4553,Sara,Davis,student3553@university.com,19,87.31,99.83,64.35,77.45,51.29,63.7,85.68,76.69749999999999,2,19.3,1,1,2,2,7,5.7,True,False,False,False,False,True,73.71666666666667,3.973963730569948,1.2280701754385963
S4554,Maria,Smith,student3554@university.com,19,56.05,80.85,95.25,55.56,79.01,89.9,79.89,80.637,3,13.7,1,0,2,2,7,8.7,False,True,False,False,True,False,80.07666666666667,5.885912408759125,0.8045977011494253
S4555,Liam,Smith,student3555@university.com,20,61.08,64.51,44.83,68.23,79.87,28.0,96.21,69.3685,1,17.7,0,0,2,0,8,6.8,True,False,True,False,False,False,63.60833333333333,3.919124293785311,1.1764705882352942
S4556,Ahmed,Jones,student3556@university.com,18,68.98,73.59,86.63,58.93,89.39,79.4,75.52,77.1005,2,29.0,1,1,3,2,6,4.3,False,True,False,False,False,True,77.24333333333334,2.6586379310344825,1.3953488372093024
S4557,Ali,Smith,student3557@university.com,18,68.02,64.95,63.73,66.57,97.59,80.0,63.98,68.6135,1,24.0,1,1,1,1,7,7.4,False,True,False,False,False,True,72.80333333333334,2.8588958333333334,0.945945945945946
S4558,Sara,Johnson,student3558@university.com,18,69.59,93.3,88.68,97.56,67.79,12.8,69.24,78.99000000000001,2,24.9,1,0,0,0,6,9.0,False,True,False,False,True,False,71.56166666666668,3.1722891566265066,0.6666666666666666
S4559,Sara,Smith,student3559@university.com,23,89.68,68.95,70.8,84.17,71.89,1.7000000000000002,60.94,66.224,1,8.1,0,1,1,2,5,4.8,False,True,False,False,False,True,59.74166666666667,8.175802469135803,1.0416666666666667
S4560,Sara,Brown,student3560@university.com,21,66.21,89.41,42.36,50.38,83.56,58.1,61.0,61.1195,1,13.1,1,0,2,1,10,7.4,False,True,False,False,True,False,64.135,4.665610687022901,1.351351351351351
S4561,Liam,Davis,student3561@university.com,18,75.09,90.41,96.77,62.63,98.36,78.89999999999999,73.52,82.9855,3,7.7,0,0,3,1,6,8.1,True,False,False,False,True,False,83.43166666666666,10.777337662337665,0.7407407407407408
S4562,Maria,Smith,student3562@university.com,20,81.2,89.46,44.96,50.52,94.54,55.4,94.63,72.85000000000001,2,29.2,1,0,2,2,10,8.2,True,False,False,False,True,False,71.585,2.4948630136986303,1.2195121951219514
S4563,Liam,Brown,student3563@university.com,20,61.61,83.33,75.86,85.74,83.35,81.30000000000001,59.59,74.60249999999999,2,22.1,1,1,1,0,4,7.5,True,False,False,False,True,False,78.195,3.3756787330316738,0.5333333333333333
S4565,Maria,Smith,student3565@university.com,19,77.36,63.23,44.79,99.7,54.26,65.3,92.65,72.123,2,16.9,0,0,1,0,8,4.2,False,True,True,False,False,False,69.98833333333334,4.267633136094675,1.9047619047619049
S4566,John,Jones,student3566@university.com,20,72.34,46.88,73.23,86.68,68.86,2.8000000000000003,66.96,65.4555,1,11.6,1,1,0,2,8,4.3,False,True,True,False,False,False,57.568333333333335,5.642715517241379,1.8604651162790695
S4567,Omar,Johnson,student3567@university.com,24,90.49,90.55,89.46,75.9,50.65,8.9,98.12,82.2785,3,18.5,0,0,1,2,4,4.7,True,False,False,True,False,False,68.92999999999999,4.447486486486486,0.851063829787234
S4568,Sara,Davis,student3568@university.com,19,62.17,69.89,99.18,90.24,58.87,72.5,63.45,77.3615,2,9.5,0,0,1,2,3,4.2,True,False,False,False,True,False,75.68833333333333,8.143315789473684,0.7142857142857143
S4570,John,Williams,student3570@university.com,21,78.05,46.92,56.7,62.19,94.28,54.2,54.78,59.1135,0,13.1,0,0,0,0,7,8.1,False,True,False,False,False,True,61.51166666666668,4.512480916030535,0.8641975308641976
S4571,Emma,Jones,student3571@university.com,23,80.46,49.55,81.97,76.51,81.64,59.0,99.61,80.3985,3,12.4,0,1,0,1,3,8.5,False,True,False,True,False,False,74.71333333333332,6.48375,0.3529411764705882
S4572,Liam,Jones,student3572@university.com,20,93.75,85.06,82.35,77.8,83.21,61.4,94.51,84.76050000000001,3,22.9,1,0,0,1,1,5.7,True,False,True,False,False,False,80.72166666666665,3.7013318777292574,0.175438596491228
S4573,Ali,Johnson,student3573@university.com,19,90.88,82.65,82.0,72.56,55.19,10.5,90.88,77.0895,2,16.9,1,1,3,0,3,8.8,False,True,False,False,False,True,65.63,4.561508875739645,0.3409090909090909
S4574,Omar,Jones,student3574@university.com,24,80.08,52.23,91.26,58.96,83.24,66.8,57.87,68.51849999999999,1,12.3,1,0,0,2,3,6.1,False,True,False,True,False,False,68.39333333333333,5.57060975609756,0.4918032786885246
S4575,Ali,Johnson,student3575@university.com,18,87.66,90.82,45.24,61.17,72.72,47.8,98.47,73.3115,2,19.3,1,0,1,0,6,4.9,True,False,True,False,False,False,69.37,3.798523316062176,1.2244897959183672
S4576,Maria,Jones,student3576@university.com,24,71.67,56.88,46.51,64.05,82.57,60.3,96.46,69.977,1,6.8,0,1,1,1,2,7.4,True,False,False,False,False,True,67.795,10.290735294117647,0.2702702702702702
S4577,Omar,Smith,student3577@university.com,24,77.37,87.58,78.44,50.51,66.31,56.3,71.78,71.30349999999999,2,21.6,1,0,1,2,4,6.1,True,False,False,False,True,False,68.48666666666666,3.301087962962962,0.6557377049180328
S4578,Liam,Johnson,student3578@university.com,21,53.1,69.33,97.23,95.85,79.07,76.3,84.08,86.0305,3,8.7,0,1,2,1,5,4.1,False,True,False,True,False,False,83.64333333333333,9.888563218390804,1.2195121951219514
S4579,Ahmed,Johnson,student3579@university.com,22,54.49,83.89,67.95,84.3,71.2,31.9,99.62,80.817,3,12.0,1,1,3,2,6,8.8,False,True,False,False,False,True,73.14333333333333,6.734749999999999,0.6818181818181818
S4580,John,Brown,student3580@university.com,22,91.47,62.88,97.63,84.48,77.93,37.400000000000006,70.49,77.32149999999999,2,12.1,0,0,3,0,10,7.0,True,False,False,True,False,False,71.80166666666668,6.390206611570247,1.4285714285714286
S4581,Ahmed,Jones,student3581@university.com,18,52.98,60.83,96.29,78.62,57.35,39.2,55.65,69.38,1,16.6,0,1,2,1,9,7.1,False,True,False,True,False,False,64.65666666666667,4.179518072289156,1.267605633802817
S4582,Liam,Jones,student3582@university.com,21,58.47,90.48,94.17,84.47,69.79,76.2,93.39,88.591,3,28.8,1,0,1,2,10,8.9,False,True,False,True,False,False,84.75,3.0760763888888887,1.1235955056179774
S4583,Maria,Johnson,student3583@university.com,21,89.79,42.12,94.59,99.09,68.71,43.1,73.82,76.001,2,13.1,0,0,3,1,5,8.2,False,True,False,False,True,False,70.23833333333333,5.801603053435115,0.6097560975609757
S4584,Ali,Smith,student3584@university.com,21,50.06,98.48,93.9,69.26,86.82,17.7,99.35,88.008,3,12.0,0,0,2,0,2,5.8,True,False,True,False,False,False,77.585,7.334,0.3448275862068966
S4585,Omar,Smith,student3585@university.com,21,64.12,78.89,89.19,85.63,85.32,98.3,77.54,83.68449999999999,3,9.2,0,1,2,1,7,4.2,True,False,True,False,False,False,85.81166666666667,9.096141304347825,1.6666666666666663
S4586,Ahmed,Davis,student3586@university.com,22,79.2,65.95,81.7,67.98,95.44,49.3,51.47,67.96450000000002,1,14.8,0,0,2,1,10,5.1,False,True,False,False,False,True,68.64,4.592195945945947,1.9607843137254903
S4587,Liam,Smith,student3587@university.com,19,79.77,77.68,41.46,92.71,81.6,10.9,74.59,67.0055,1,9.6,1,1,2,2,1,5.8,False,True,False,False,True,False,63.15666666666667,6.979739583333333,0.1724137931034483
S4588,Ahmed,Jones,student3588@university.com,21,88.86,47.36,47.94,92.9,65.73,67.0,85.9,68.717,1,8.4,1,0,0,2,8,8.8,False,True,True,False,False,False,67.805,8.180595238095238,0.9090909090909092
S4589,Liam,Brown,student3589@university.com,19,75.3,70.84,48.05,95.11,89.16,73.89999999999999,51.3,64.90599999999999,1,26.4,0,0,1,0,7,8.4,False,True,False,False,False,True,71.39333333333333,2.458560606060606,0.8333333333333333
S4590,Ali,Johnson,student3590@university.com,24,75.47,99.11,41.41,50.27,74.85,50.0,70.67,63.9455,1,6.3,1,1,2,2,8,4.1,True,False,False,False,False,True,64.385,10.150079365079366,1.951219512195122
S4591,Omar,Williams,student3591@university.com,24,86.27,54.12,47.0,64.91,59.67,64.6,57.78,56.13549999999999,0,22.8,0,0,0,2,1,8.9,True,False,False,True,False,False,58.01333333333332,2.462083333333333,0.1123595505617977
S4592,John,Brown,student3592@university.com,21,74.93,83.34,95.18,56.7,87.37,17.3,82.15,79.048,2,10.1,1,1,0,1,6,5.3,False,True,False,False,True,False,70.34000000000002,7.826534653465347,1.1320754716981132
S4594,Ahmed,Brown,student3594@university.com,23,94.89,79.15,58.72,74.77,58.91,16.200000000000003,81.23,68.838,1,24.9,0,0,2,0,2,4.6,True,False,False,False,True,False,61.49666666666666,2.764578313253012,0.4347826086956522
S4595,John,Smith,student3595@university.com,20,70.07,52.29,87.6,62.8,87.94,38.7,84.74,75.3145,2,22.6,0,1,0,2,8,5.1,False,True,False,False,True,False,69.01166666666667,3.3325,1.5686274509803924
S4596,Liam,Jones,student3596@university.com,24,69.26,68.23,69.3,86.17,88.51,56.3,69.83,73.1,2,13.4,1,1,1,1,10,6.5,True,False,True,False,False,False,73.05666666666666,5.455223880597014,1.5384615384615383
S4597,John,Williams,student3597@university.com,23,50.18,98.81,48.53,63.49,89.54,44.3,78.16,71.0945,2,7.0,1,1,1,0,2,7.5,False,True,True,False,False,False,70.47166666666668,10.156357142857145,0.2666666666666666
S4598,Liam,Brown,student3598@university.com,20,80.67,51.72,93.07,92.69,64.67,59.3,77.19,77.51799999999999,2,14.0,0,0,2,0,2,5.7,True,False,False,False,True,False,73.10666666666667,5.536999999999999,0.3508771929824561
S4599,Ali,Jones,student3599@university.com,21,51.49,78.19,60.32,58.88,93.33,50.2,87.98,73.8775,2,9.5,0,0,3,1,9,8.4,False,True,False,False,False,True,71.48333333333333,7.776578947368421,1.0714285714285714
S4600,Ahmed,Williams,student3600@university.com,19,75.21,74.54,81.93,68.36,86.13,31.8,92.85,79.97550000000001,2,28.3,0,0,0,2,6,8.7,False,True,False,False,True,False,72.60166666666667,2.8259893992932867,0.6896551724137931
S4601,Maria,Johnson,student3601@university.com,23,90.21,73.9,57.44,81.11,91.7,14.3,83.14,72.4385,2,18.2,0,0,3,2,3,4.6,True,False,True,False,False,False,66.93166666666666,3.980137362637363,0.6521739130434783
S4602,Ahmed,Brown,student3602@university.com,22,77.5,76.91,70.0,80.27,85.43,25.3,98.99,80.582,3,29.1,1,1,1,2,9,7.6,True,False,False,False,True,False,72.81666666666668,2.76914089347079,1.1842105263157896
S4603,Liam,Johnson,student3603@university.com,18,63.48,70.13,88.98,53.9,78.98,20.1,91.41,77.1755,2,13.8,0,1,3,1,2,4.7,False,True,True,False,False,False,67.25,5.592427536231884,0.425531914893617
S4604,Sara,Smith,student3604@university.com,23,89.31,41.02,49.41,92.31,55.47,70.7,56.23,58.303,0,18.9,1,0,3,1,8,5.7,False,True,False,False,False,True,60.85666666666668,3.084814814814815,1.4035087719298245
S4605,Omar,Johnson,student3605@university.com,23,63.49,94.01,98.64,79.9,85.55,82.0,75.37,86.0125,3,9.8,1,0,2,0,4,8.1,True,False,False,False,True,False,85.91166666666668,8.776785714285714,0.4938271604938272
S4606,Emma,Johnson,student3606@university.com,22,86.65,89.62,44.21,93.49,84.52,72.0,95.16,79.119,2,25.2,1,1,1,1,10,5.7,True,False,False,False,False,True,79.83333333333333,3.1396428571428574,1.7543859649122806
S4608,John,Brown,student3608@university.com,20,58.5,64.8,94.96,77.3,86.79,30.8,69.01,75.97699999999999,2,22.4,1,1,0,0,5,6.1,False,True,False,False,True,False,70.61,3.3918303571428567,0.819672131147541
S4609,Maria,Smith,student3609@university.com,20,95.26,86.23,96.74,95.54,77.52,71.10000000000001,86.29,88.64450000000001,3,14.8,0,1,2,1,3,5.5,True,False,True,False,False,False,85.57,5.989493243243244,0.5454545454545454
S4610,Omar,Johnson,student3610@university.com,24,60.03,98.8,53.93,92.42,77.97,60.5,70.53,74.14649999999999,2,19.5,0,0,2,1,9,8.9,True,False,False,True,False,False,75.69166666666666,3.802384615384615,1.0112359550561798
S4611,John,Jones,student3611@university.com,19,99.48,97.07,48.64,97.91,68.38,4.699999999999999,56.18,65.334,1,19.8,1,1,1,0,8,6.2,True,False,True,False,False,False,62.14666666666667,3.29969696969697,1.2903225806451613
S4612,Omar,Williams,student3612@university.com,21,50.37,93.96,83.46,92.52,55.84,90.8,94.23,87.23,3,22.8,1,1,2,2,6,7.7,True,False,False,False,True,False,85.135,3.825877192982456,0.7792207792207793
S4613,John,Johnson,student3613@university.com,22,63.17,49.5,42.52,91.06,60.85,8.0,96.6,67.179,1,10.1,0,0,1,2,6,7.0,True,False,False,True,False,False,58.08833333333333,6.651386138613862,0.8571428571428571
S4614,Maria,Smith,student3614@university.com,21,59.99,94.87,69.11,73.47,88.44,50.3,75.24,76.4595,2,18.3,0,1,2,1,9,5.0,False,True,False,True,False,False,75.23833333333333,4.1781147540983605,1.8
S4615,John,Johnson,student3615@university.com,21,50.7,92.71,87.78,60.6,63.57,51.3,50.92,69.1395,1,15.7,0,0,2,0,2,6.5,False,True,False,False,False,True,67.81333333333335,4.403789808917198,0.3076923076923077
S4616,John,Williams,student3616@university.com,20,86.62,62.62,73.62,95.54,50.11,83.69999999999999,90.8,78.56500000000001,2,12.1,1,0,1,1,7,4.4,True,False,False,False,True,False,76.06500000000001,6.492975206611572,1.5909090909090908
S4617,Sara,Smith,student3617@university.com,22,84.67,63.67,51.28,86.13,99.85,91.3,73.85,71.99499999999999,2,17.4,0,0,0,0,3,7.5,False,True,True,False,False,False,77.67999999999999,4.137643678160919,0.4
S4618,Ahmed,Brown,student3618@university.com,18,89.62,67.59,69.22,64.09,60.53,94.0,53.75,63.935,1,28.8,0,1,0,1,3,6.6,False,True,False,True,False,False,68.19666666666667,2.219965277777778,0.4545454545454546
S4619,Ahmed,Smith,student3619@university.com,23,62.83,79.37,95.28,67.05,82.77,57.0,59.47,74.75099999999999,2,28.7,1,1,3,2,4,4.6,True,False,False,True,False,False,73.49,2.6045644599303133,0.8695652173913044
S4620,Emma,Brown,student3620@university.com,20,72.22,55.65,77.03,84.3,96.35,67.9,57.61,70.563,2,12.0,0,0,1,0,5,7.8,False,True,True,False,False,False,73.14,5.88025,0.6410256410256411
S4621,Emma,Smith,student3621@university.com,22,82.96,41.38,83.29,73.89,79.99,8.9,84.31,71.85,2,27.1,1,0,1,2,5,8.0,False,True,True,False,False,False,61.96,2.6512915129151287,0.625
S4622,Liam,Williams,student3622@university.com,19,71.99,48.47,60.18,54.07,89.95,48.8,64.97,61.352,1,26.9,0,1,0,2,10,7.7,False,True,False,True,False,False,61.07333333333335,2.280743494423792,1.2987012987012987
S4623,Liam,Williams,student3623@university.com,23,84.87,66.41,51.31,57.07,98.82,89.80000000000001,56.38,62.6355,1,11.2,1,1,1,0,1,5.6,True,False,True,False,False,False,69.965,5.592455357142858,0.1785714285714285
S4624,Liam,Smith,student3624@university.com,23,81.7,56.92,55.34,87.28,93.02,45.6,95.88,75.811,2,20.0,0,1,3,0,10,7.6,True,False,False,False,False,True,72.34,3.790550000000001,1.3157894736842106
S4625,Sara,Johnson,student3625@university.com,20,55.73,85.87,71.99,66.43,77.9,7.0,97.83,78.3315,2,26.7,1,1,0,1,6,6.9,False,True,False,True,False,False,67.83666666666667,2.9337640449438207,0.8695652173913043
S4626,Emma,Williams,student3626@university.com,24,89.05,46.4,56.81,75.38,68.19,20.1,56.93,57.3725,0,17.9,1,0,1,0,2,6.7,False,True,False,False,False,True,53.96833333333333,3.2051675977653638,0.2985074626865671
S4627,Omar,Brown,student3627@university.com,19,86.03,95.05,72.52,88.33,74.12,43.0,61.51,73.65199999999999,2,14.2,0,1,1,1,2,7.2,False,True,False,False,True,False,72.42166666666667,5.186760563380281,0.2777777777777778
S4628,Liam,Brown,student3628@university.com,20,82.79,93.72,82.47,87.56,92.09,23.8,79.61,82.0915,3,21.3,1,1,1,0,9,7.2,False,True,False,False,False,True,76.54166666666667,3.8540610328638496,1.25
S4629,Liam,Jones,student3629@university.com,21,57.75,94.53,84.06,58.35,92.67,39.2,57.53,72.43299999999999,2,9.3,0,1,3,2,1,8.0,False,True,True,False,False,False,71.05666666666667,7.788494623655913,0.125
S4630,Maria,Davis,student3630@university.com,24,63.4,84.38,49.88,54.92,92.29,33.3,57.93,61.63799999999999,1,9.0,0,0,0,0,2,8.9,False,True,False,True,False,False,62.116666666666674,6.848666666666666,0.2247191011235955
S4631,Ali,Davis,student3631@university.com,22,69.66,46.42,85.03,79.56,79.86,31.9,66.83,69.78450000000001,1,25.8,1,1,0,0,10,7.6,True,False,False,False,False,True,64.93333333333332,2.704825581395349,1.3157894736842106
S4633,Liam,Brown,student3633@university.com,23,61.39,47.88,40.72,57.45,65.57,88.3,98.12,66.3875,1,25.1,1,0,3,1,4,6.3,False,True,True,False,False,False,66.34,2.6449203187251,0.6349206349206349
S4634,Liam,Jones,student3634@university.com,20,90.27,99.26,43.53,68.6,50.17,69.3,92.09,72.17049999999999,2,12.3,0,0,2,2,4,4.1,True,False,False,False,False,True,70.49166666666667,5.867520325203251,0.9756097560975612
S4635,Liam,Davis,student3635@university.com,23,81.91,59.98,78.77,93.51,88.22,62.3,84.79,80.09,3,17.1,0,1,1,0,10,4.8,False,True,False,True,False,False,77.92833333333334,4.683625730994152,2.083333333333333
S4636,Ali,Davis,student3636@university.com,19,78.27,75.12,63.02,97.21,63.85,60.6,86.03,76.8285,2,18.6,0,0,1,1,9,5.1,False,True,False,False,False,True,74.305,4.1305645161290325,1.7647058823529411
S4637,Ali,Smith,student3637@university.com,23,61.3,86.76,48.77,72.7,66.48,39.7,73.48,66.7885,1,24.2,0,0,1,0,5,9.0,False,True,False,False,True,False,64.64833333333334,2.7598553719008265,0.5555555555555556
S4638,Sara,Smith,student3638@university.com,20,95.9,95.24,42.66,53.98,92.17,82.30000000000001,76.51,69.333,1,27.1,0,0,3,2,4,7.8,False,True,False,False,False,True,73.80999999999999,2.558413284132841,0.5128205128205129
S4639,Omar,Smith,student3639@university.com,24,59.56,85.33,49.56,62.88,52.61,93.0,81.72,69.0485,1,25.1,1,1,2,1,9,4.7,True,False,False,False,False,True,70.85000000000001,2.7509362549800795,1.9148936170212765
S4640,Sara,Johnson,student3640@university.com,20,89.75,80.47,97.45,61.65,96.38,0.6,86.56,81.31649999999999,3,19.3,1,0,3,2,4,6.5,False,True,False,True,False,False,70.51833333333335,4.213290155440414,0.6153846153846154
S4641,John,Davis,student3641@university.com,18,98.33,67.96,83.65,61.95,50.07,7.9,54.84,62.253,1,13.7,1,0,3,1,4,5.1,True,False,False,False,False,True,54.395,4.544014598540146,0.7843137254901962
S4642,Ali,Johnson,student3642@university.com,23,86.35,76.32,71.66,74.69,96.96,67.5,61.24,72.0095,2,18.2,0,1,1,0,7,5.5,False,True,True,False,False,False,74.72833333333334,3.9565659340659343,1.2727272727272727
S4644,Emma,Brown,student3644@university.com,24,82.55,93.04,77.15,56.13,55.11,91.2,66.76,71.76200000000001,2,11.1,1,0,1,2,10,7.0,True,False,True,False,False,False,73.23166666666667,6.465045045045047,1.4285714285714286
S4645,Maria,Davis,student3645@university.com,18,60.87,72.63,83.54,94.47,83.71,66.7,63.42,76.682,2,14.2,1,0,1,1,1,8.4,False,True,False,True,False,False,77.41166666666668,5.400140845070423,0.119047619047619
S4646,Emma,Brown,student3646@university.com,23,60.19,42.41,56.96,81.0,94.79,36.8,71.1,65.4005,1,13.0,1,1,2,0,3,4.8,True,False,False,False,True,False,63.84333333333334,5.030807692307691,0.625
S4647,Ali,Smith,student3647@university.com,19,66.23,95.19,75.34,79.86,71.9,41.5,64.55,73.7225,2,7.4,0,1,2,0,10,6.5,True,False,False,False,True,False,71.39,9.9625,1.5384615384615383
S4648,Ali,Davis,student3648@university.com,21,50.36,69.36,48.61,99.36,84.57,69.1,54.56,65.7405,1,6.3,0,0,3,2,4,7.0,True,False,False,False,True,False,70.92666666666666,10.435,0.5714285714285714
S4649,Ali,Williams,student3649@university.com,24,84.08,92.12,64.27,81.41,98.97,14.1,60.4,70.81899999999999,2,15.5,1,1,1,2,8,8.7,False,True,False,False,False,True,68.545,4.568967741935484,0.9195402298850576
S4650,Sara,Johnson,student3650@university.com,20,63.43,91.41,41.99,96.45,62.04,88.3,82.01,73.8985,2,6.9,0,1,3,1,9,6.6,False,True,False,False,True,False,77.03333333333335,10.709927536231882,1.3636363636363638
S4651,Omar,Johnson,student3651@university.com,22,90.76,88.95,53.0,64.31,91.02,0.5,61.16,63.714000000000006,1,12.2,0,0,1,0,1,5.7,False,True,False,True,False,False,59.82333333333332,5.222459016393444,0.175438596491228
S4652,Emma,Davis,student3652@university.com,24,67.96,43.68,44.49,62.01,64.76,97.9,82.38,63.061,1,16.9,0,0,3,0,3,5.5,False,True,False,False,True,False,65.87,3.731420118343196,0.5454545454545454
S4653,Omar,Smith,student3653@university.com,18,74.0,54.82,63.27,75.83,71.32,16.8,55.0,59.887,0,10.2,1,0,3,1,3,5.1,True,False,False,True,False,False,56.17333333333334,5.871274509803922,0.5882352941176471
S4654,Sara,Johnson,student3654@university.com,19,98.28,92.53,90.58,75.43,64.09,74.2,52.09,73.58500000000001,2,7.0,0,0,1,1,8,8.8,False,True,True,False,False,False,74.82,10.51214285714286,0.9090909090909092
S4655,Sara,Smith,student3655@university.com,23,62.11,93.94,62.68,61.32,72.3,4.0,93.08,74.31300000000002,2,15.8,0,0,1,2,5,7.0,False,True,False,False,False,True,64.55333333333333,4.703354430379748,0.7142857142857143
S4656,Ahmed,Jones,student3656@university.com,19,86.06,67.48,89.9,84.98,50.25,43.1,88.0,78.924,2,16.2,0,0,3,2,5,5.5,True,False,True,False,False,False,70.61833333333334,4.8718518518518525,0.9090909090909092
S4657,Maria,Brown,student3657@university.com,19,87.76,66.4,79.39,51.48,65.17,63.0,83.3,72.1865,2,27.9,0,0,1,1,8,7.7,True,False,True,False,False,False,68.12333333333333,2.5873297491039424,1.0389610389610389
S4658,Maria,Williams,student3658@university.com,23,61.05,50.51,70.57,84.53,72.26,7.0,51.54,60.9365,1,8.2,1,1,3,1,6,5.4,False,True,False,False,True,False,56.068333333333335,7.431280487804879,1.111111111111111
S4659,John,Brown,student3659@university.com,22,75.05,98.1,54.21,72.86,81.61,44.3,61.97,68.1635,1,20.4,1,0,1,1,6,6.5,True,False,False,False,True,False,68.84166666666668,3.3413480392156867,0.9230769230769232
S4660,Liam,Brown,student3660@university.com,23,67.51,52.79,95.33,84.45,81.87,30.3,90.62,81.3065,3,13.0,0,0,0,0,7,4.1,True,False,False,False,True,False,72.56,6.2543461538461536,1.707317073170732
S4661,Sara,Jones,student3661@university.com,22,88.6,51.46,43.25,73.85,79.19,49.8,57.23,57.187000000000005,0,8.1,1,1,2,2,10,8.2,True,False,True,False,False,False,59.13,7.060123456790125,1.2195121951219514
S4662,Emma,Johnson,student3662@university.com,23,81.12,79.64,81.33,98.87,64.65,50.5,90.64,83.291,3,14.8,1,0,3,2,1,8.8,True,False,False,False,False,True,77.605,5.62777027027027,0.1136363636363636
S4663,Ahmed,Williams,student3663@university.com,18,73.8,54.57,77.27,66.73,97.37,78.5,79.21,74.9375,2,15.7,0,0,0,0,9,8.3,True,False,False,False,False,True,75.60833333333333,4.773089171974522,1.0843373493975903
S4664,Ahmed,Johnson,student3664@university.com,22,88.97,96.33,66.46,99.13,69.6,12.4,87.02,79.61999999999999,2,14.1,0,0,3,2,5,4.9,False,True,True,False,False,False,71.82333333333332,5.646808510638297,1.020408163265306
S4665,Liam,Davis,student3665@university.com,18,61.76,40.65,54.42,53.25,60.84,8.299999999999999,82.23,58.858,0,24.1,1,0,1,1,8,8.1,False,True,False,False,False,True,49.94833333333333,2.4422406639004146,0.9876543209876544
S4666,Omar,Brown,student3666@university.com,24,87.68,40.35,65.84,84.19,77.73,40.2,70.85,66.179,1,26.0,0,0,2,0,10,5.7,False,True,True,False,False,False,63.19333333333333,2.545346153846154,1.7543859649122806
S4667,Liam,Davis,student3667@university.com,22,93.27,70.29,92.37,72.71,87.45,88.80000000000001,64.6,77.1075,2,8.7,0,0,3,1,6,8.7,False,True,True,False,False,False,79.37,8.86293103448276,0.6896551724137931
S4668,Liam,Smith,student3668@university.com,22,93.93,69.28,90.21,91.11,50.61,85.5,83.64,81.03899999999999,3,9.2,1,1,1,2,6,5.5,False,True,False,False,False,True,78.39166666666667,8.808586956521738,1.0909090909090908
S4669,Liam,Brown,student3669@university.com,23,89.18,49.8,96.48,89.48,63.82,56.0,90.35,81.29899999999999,3,15.5,0,1,1,0,4,4.4,False,True,False,True,False,False,74.32166666666666,5.245096774193548,0.9090909090909092
S4670,Maria,Johnson,student3670@university.com,22,70.4,69.67,58.47,90.01,91.25,88.9,52.24,67.8115,1,13.0,0,1,0,2,3,8.3,False,True,False,True,False,False,75.08999999999999,5.21626923076923,0.36144578313253
S4671,Sara,Brown,student3671@university.com,18,99.09,64.7,63.23,54.74,75.35,80.5,69.0,65.98349999999999,1,25.5,1,1,1,1,2,4.6,True,False,False,False,True,False,67.92,2.5875882352941173,0.4347826086956522
S4672,John,Smith,student3672@university.com,24,68.98,93.42,41.12,91.12,70.42,27.8,67.54,66.655,1,29.9,1,0,0,1,10,6.7,False,True,False,False,False,True,65.23666666666666,2.229264214046823,1.4925373134328357
S4673,Sara,Jones,student3673@university.com,23,81.93,40.56,96.58,60.7,96.55,17.0,77.97,73.23,2,9.5,0,1,1,2,4,5.9,False,True,False,False,True,False,64.89333333333333,7.7084210526315795,0.6779661016949152
S4674,Omar,Davis,student3674@university.com,20,58.05,98.58,59.76,51.28,54.48,30.1,55.7,61.082,1,24.1,0,0,1,0,1,7.8,False,True,True,False,False,False,58.31666666666667,2.5345228215767635,0.1282051282051282
S4675,Ali,Davis,student3675@university.com,24,99.02,77.46,64.25,60.89,80.78,22.7,96.67,75.029,2,20.2,1,0,1,0,6,7.7,True,False,False,True,False,False,67.125,3.714306930693069,0.7792207792207793
S4676,Liam,Johnson,student3676@university.com,24,85.2,49.11,94.47,73.96,67.11,62.3,77.43,75.133,2,21.1,0,1,1,0,7,7.9,False,True,False,False,False,True,70.73,3.560805687203791,0.8860759493670886
S4677,Sara,Brown,student3677@university.com,18,87.67,42.81,71.6,87.11,53.54,58.5,96.19,74.524,2,11.6,1,1,3,1,5,4.3,False,True,False,False,False,True,68.29166666666666,6.42448275862069,1.162790697674419
S4678,Omar,Johnson,student3678@university.com,24,53.29,72.29,73.97,60.93,60.69,59.8,90.85,74.7895,2,7.4,1,0,0,2,10,8.3,True,False,False,False,False,True,69.755,10.10668918918919,1.2048192771084336
S4679,Ali,Jones,student3679@university.com,20,88.17,54.09,50.57,55.65,81.4,18.9,59.58,56.0625,0,18.6,0,0,1,0,10,6.3,False,True,False,True,False,False,53.365,3.014112903225806,1.5873015873015874
S4680,Ali,Brown,student3680@university.com,19,88.74,58.07,69.92,82.3,51.41,79.2,56.62,64.6225,1,20.3,0,1,1,0,10,5.1,False,True,False,False,True,False,66.25333333333334,3.183374384236453,1.9607843137254903
S4681,Liam,Brown,student3681@university.com,23,83.59,54.71,95.09,99.19,79.61,43.4,93.06,84.9065,3,29.1,0,0,0,0,1,5.5,True,False,False,True,False,False,77.51,2.9177491408934704,0.1818181818181818
S4682,John,Johnson,student3682@university.com,19,64.6,79.01,73.52,80.04,97.84,47.2,76.81,77.4245,2,21.9,1,0,3,0,3,8.5,False,True,False,False,True,False,75.73666666666666,3.535365296803653,0.3529411764705882
S4683,Emma,Johnson,student3683@university.com,23,74.48,73.21,55.31,84.55,89.75,99.7,50.99,66.74849999999999,1,16.1,0,0,1,0,6,4.0,True,False,True,False,False,False,75.585,4.145869565217391,1.5
S4684,Maria,Smith,student3684@university.com,24,55.52,44.68,41.87,78.06,67.28,28.2,96.71,66.02949999999998,1,29.9,0,0,0,2,7,8.0,False,True,True,False,False,False,59.46666666666667,2.2083444816053506,0.875
S4685,Sara,Jones,student3685@university.com,23,73.58,71.59,60.18,89.12,56.91,39.4,73.65,68.9075,1,14.3,0,0,2,1,9,8.6,False,True,False,False,True,False,65.14166666666667,4.818706293706294,1.0465116279069768
S4686,Ali,Smith,student3686@university.com,18,62.19,87.47,74.36,98.79,73.25,67.6,65.05,76.749,2,9.1,0,0,1,2,2,5.3,False,True,True,False,False,False,77.75333333333334,8.433956043956044,0.3773584905660377
S4687,Sara,Davis,student3687@university.com,20,67.45,44.87,42.56,77.21,69.65,88.0,75.83,63.066,1,20.4,0,1,0,1,3,8.1,True,False,True,False,False,False,66.35333333333332,3.0914705882352944,0.3703703703703704
S4688,Emma,Brown,student3688@university.com,23,58.13,93.38,76.59,70.84,98.59,12.7,91.15,81.6195,3,11.7,1,0,1,1,4,4.8,True,False,False,False,False,True,73.875,6.976025641025641,0.8333333333333334
S4689,Maria,Johnson,student3689@university.com,20,61.5,74.7,71.4,93.02,99.49,73.5,55.51,73.285,2,28.1,1,0,2,2,5,4.1,True,False,False,False,False,True,77.93666666666667,2.608007117437722,1.2195121951219514
S4690,Emma,Brown,student3690@university.com,23,53.83,97.04,87.01,98.49,70.53,91.8,67.95,83.11000000000001,3,15.7,1,1,1,1,7,7.0,False,True,False,True,False,False,85.47000000000001,5.293630573248409,1.0
S4691,Maria,Brown,student3691@university.com,20,96.0,48.89,41.73,56.46,57.44,42.3,65.94,53.876000000000005,0,8.7,1,0,1,1,6,7.2,False,True,False,True,False,False,52.126666666666665,6.192643678160921,0.8333333333333333
S4692,Ahmed,Williams,student3692@university.com,19,76.52,99.61,86.85,78.91,95.53,28.700000000000003,91.98,87.07249999999999,3,8.5,0,0,2,1,5,4.8,True,False,False,True,False,False,80.26333333333334,10.243823529411763,1.0416666666666667
S4693,Maria,Davis,student3693@university.com,18,69.84,78.66,71.25,89.62,89.68,67.8,88.92,82.0885,3,21.2,1,1,0,1,6,6.6,True,False,False,False,False,True,80.98833333333334,3.8720990566037736,0.9090909090909092
S4694,Liam,Williams,student3694@university.com,23,76.75,74.05,62.23,76.67,75.56,24.6,70.01,67.9545,1,14.1,0,1,3,0,1,5.9,False,True,False,True,False,False,63.85333333333333,4.819468085106383,0.1694915254237288
S4695,John,Brown,student3695@university.com,21,81.41,70.92,97.92,70.46,68.27,38.4,83.22,79.39999999999999,2,14.1,1,1,1,2,8,4.4,False,True,False,True,False,False,71.53166666666665,5.631205673758865,1.818181818181818
S4696,Emma,Johnson,student3696@university.com,20,96.09,41.42,49.61,82.76,72.41,89.7,69.72,63.6715,1,20.3,1,0,3,2,7,6.5,False,True,False,False,False,True,67.60333333333334,3.136527093596059,1.0769230769230769
S4697,Ali,Brown,student3697@university.com,20,58.93,96.38,72.48,63.51,95.09,59.0,78.57,78.1335,2,10.5,1,0,1,0,3,6.9,False,True,False,False,True,False,77.50500000000001,7.441285714285714,0.4347826086956521
S4698,Liam,Davis,student3698@university.com,21,64.78,78.64,59.26,67.46,59.23,9.5,99.56,72.996,2,8.6,1,1,3,0,2,5.1,True,False,False,False,False,True,62.275000000000006,8.487906976744187,0.3921568627450981
S4699,Ahmed,Williams,student3699@university.com,18,98.79,45.5,71.65,99.61,90.34,33.0,76.78,73.39699999999999,2,21.4,1,0,1,0,9,7.7,False,True,False,False,True,False,69.48,3.429766355140187,1.1688311688311688
S4701,Sara,Brown,student3701@university.com,18,51.13,43.05,45.37,93.65,96.03,48.1,87.36,70.0635,2,27.7,0,1,1,0,9,6.8,False,True,False,True,False,False,68.92666666666668,2.529368231046932,1.3235294117647058
S4702,Liam,Jones,student3702@university.com,20,57.38,76.56,79.67,90.39,75.01,66.0,56.04,72.573,2,9.6,1,1,1,2,9,5.5,False,True,True,False,False,False,73.94500000000001,7.5596875,1.6363636363636365
S4703,Emma,Davis,student3703@university.com,24,51.32,76.84,78.07,82.61,61.34,76.10000000000001,89.8,80.314,3,16.2,1,1,2,0,3,6.2,False,True,True,False,False,False,77.46000000000001,4.957654320987654,0.4838709677419354
S4704,Omar,Davis,student3704@university.com,22,99.5,69.98,86.17,92.04,50.14,48.1,58.06,70.6825,2,10.3,0,1,2,2,3,8.5,False,True,False,False,True,False,67.415,6.862378640776699,0.3529411764705882
S4705,Omar,Jones,student3705@university.com,24,63.94,58.41,45.44,64.36,77.98,98.7,76.62,65.4945,1,10.5,1,1,1,1,9,7.3,False,True,False,False,True,False,70.25166666666667,6.237571428571429,1.2328767123287672
S4706,Ali,Brown,student3706@university.com,20,96.18,71.9,57.84,81.86,62.22,91.5,80.66,72.519,2,25.9,0,1,1,0,3,4.7,True,False,False,False,True,False,74.33,2.7999613899613904,0.6382978723404255
S4707,Maria,Davis,student3707@university.com,22,99.79,70.98,79.01,79.53,81.56,6.0,94.61,79.16799999999999,2,19.6,1,1,0,1,7,8.4,True,False,True,False,False,False,68.61500000000001,4.039183673469387,0.8333333333333333
S4708,Ali,Johnson,student3708@university.com,23,79.99,41.16,48.2,81.12,64.06,26.6,60.52,56.284,0,12.8,0,0,1,0,3,5.9,True,False,False,False,True,False,53.61000000000001,4.397187499999999,0.5084745762711864
S4709,Omar,Brown,student3709@university.com,18,51.66,56.95,80.66,58.43,54.4,30.1,93.8,72.557,2,11.3,0,0,1,2,1,5.7,False,True,False,False,False,True,62.39000000000001,6.420973451327433,0.175438596491228
S4710,Sara,Brown,student3710@university.com,20,54.08,43.19,43.54,63.86,75.25,18.4,96.72,64.4035,1,10.3,0,0,1,1,3,6.5,True,False,False,False,False,True,56.82666666666666,6.252766990291261,0.4615384615384615
S4711,Ahmed,Williams,student3711@university.com,19,74.08,94.01,60.1,64.33,78.22,31.200000000000003,54.47,64.499,1,18.9,0,0,1,1,5,5.0,False,True,True,False,False,False,63.72166666666666,3.4126455026455025,1.0
S4712,Ahmed,Davis,student3712@university.com,19,70.31,83.51,90.8,80.1,72.63,42.5,94.26,84.9075,3,23.3,1,1,0,1,10,8.6,False,True,False,False,False,True,77.3,3.644098712446352,1.162790697674419
S4713,Emma,Davis,student3713@university.com,21,80.31,99.77,86.46,98.63,72.9,5.2,62.96,77.81299999999999,2,11.3,0,1,2,0,8,6.3,False,True,False,False,True,False,70.98666666666666,6.886106194690264,1.2698412698412698
S4714,Ahmed,Jones,student3714@university.com,19,71.94,58.13,78.69,97.7,79.48,12.7,54.05,67.845,1,13.3,0,0,2,0,7,6.0,False,True,True,False,False,False,63.458333333333336,5.101127819548871,1.1666666666666667
S4715,Emma,Williams,student3715@university.com,22,96.7,92.71,92.23,61.36,76.32,9.6,97.93,83.65899999999999,3,23.0,0,1,1,0,10,4.9,True,False,False,False,True,False,71.69166666666668,3.637347826086956,2.0408163265306123
S4716,Liam,Williams,student3716@university.com,19,76.74,76.18,82.56,65.24,56.63,4.6000000000000005,69.61,68.629,1,23.4,0,1,1,1,1,8.0,False,True,False,False,False,True,59.13666666666668,2.9328632478632484,0.125
S4717,Emma,Davis,student3717@university.com,19,84.69,67.19,71.16,51.8,59.85,48.1,81.15,68.37349999999999,1,10.2,0,1,2,2,2,8.8,False,True,False,False,True,False,63.208333333333336,6.70328431372549,0.2272727272727272
S4718,Liam,Brown,student3718@university.com,19,94.82,53.35,98.78,69.94,57.09,33.4,77.64,73.8595,2,14.6,0,0,1,1,9,8.3,True,False,True,False,False,False,65.03333333333332,5.058869863013698,1.0843373493975903
S4719,Emma,Williams,student3719@university.com,20,57.34,84.3,81.69,91.73,84.66,93.5,60.66,78.166,2,26.7,1,0,3,1,10,4.8,True,False,False,False,True,False,82.75666666666666,2.927565543071161,2.083333333333333
S4720,Omar,Jones,student3720@university.com,21,61.49,94.25,76.08,95.79,76.43,10.3,83.48,80.728,3,23.5,1,0,1,2,8,7.8,True,False,False,False,False,True,72.72166666666668,3.435234042553191,1.0256410256410258
S4721,Omar,Williams,student3721@university.com,18,55.37,54.12,64.53,61.82,71.49,92.6,52.31,60.9955,1,9.1,1,0,2,2,2,5.0,False,True,False,True,False,False,66.145,6.702802197802198,0.4
S4722,Maria,Jones,student3722@university.com,21,56.98,50.52,94.14,63.29,89.92,8.7,60.15,68.0785,1,14.6,0,1,1,1,3,4.2,True,False,True,False,False,False,61.12,4.66291095890411,0.7142857142857143
S4723,Liam,Williams,student3723@university.com,22,75.63,81.77,57.74,61.04,66.29,61.900000000000006,97.23,74.7495,2,29.3,1,1,1,1,8,6.4,False,True,False,False,True,False,70.995,2.55117747440273,1.25
S4724,John,Jones,student3724@university.com,20,66.06,98.62,40.55,67.51,78.41,24.8,97.68,73.44200000000001,2,18.1,0,0,0,2,4,7.4,False,True,True,False,False,False,67.92833333333334,4.0575690607734805,0.5405405405405405
S4725,Liam,Williams,student3725@university.com,23,71.16,85.0,51.8,90.24,53.72,82.69999999999999,74.13,70.982,2,23.0,1,0,0,1,2,4.6,True,False,False,False,True,False,72.93166666666666,3.086173913043478,0.4347826086956522
S4726,Emma,Williams,student3726@university.com,20,99.12,57.07,46.57,82.34,87.22,6.1,58.45,59.116,0,7.3,1,1,1,1,4,7.0,True,False,False,True,False,False,56.29166666666668,8.098082191780822,0.5714285714285714
S4727,Emma,Johnson,student3727@university.com,24,57.84,65.2,59.14,89.3,84.76,95.3,71.08,72.52499999999999,2,25.8,1,0,1,2,6,8.2,True,False,False,False,False,True,77.46333333333332,2.8110465116279064,0.7317073170731708
S4728,John,Jones,student3728@university.com,19,77.04,63.06,89.55,79.15,90.12,4.699999999999999,93.85,81.121,3,20.1,1,0,1,0,8,5.0,False,True,False,False,True,False,70.07166666666666,4.035870646766169,1.6
S4729,Ali,Jones,student3729@university.com,19,54.94,91.13,79.09,62.89,94.22,24.1,53.51,69.5555,1,9.4,1,0,1,1,3,6.1,False,True,False,False,True,False,67.49000000000001,7.399521276595744,0.4918032786885246
S4730,Emma,Jones,student3730@university.com,22,65.92,86.28,50.14,61.4,87.9,46.4,56.39,62.714,1,14.5,1,0,1,1,5,6.5,False,True,False,True,False,False,64.75166666666667,4.325103448275862,0.7692307692307693
S4732,Ahmed,Williams,student3732@university.com,24,97.33,56.5,70.25,89.05,67.28,95.1,70.77,72.10900000000001,2,24.4,1,0,1,2,8,7.9,False,True,False,False,False,True,74.825,2.955286885245902,1.0126582278481011
S4733,Ahmed,Jones,student3733@university.com,20,69.56,96.28,70.76,92.36,67.17,42.8,54.17,71.09400000000001,2,23.6,1,0,2,0,8,7.8,False,True,False,False,True,False,70.59000000000002,3.012457627118644,1.0256410256410258
S4734,Sara,Davis,student3734@university.com,23,53.25,79.2,61.73,88.41,97.22,75.7,56.96,71.16900000000001,2,17.3,0,1,1,1,6,7.4,True,False,False,False,True,False,76.53666666666666,4.113815028901735,0.8108108108108107
S4735,Sara,Smith,student3735@university.com,18,69.41,98.23,91.88,53.72,95.73,72.69999999999999,94.12,87.20649999999999,3,16.3,1,1,1,0,10,7.1,False,True,False,False,False,True,84.39666666666666,5.350092024539877,1.4084507042253522
S4736,Ahmed,Johnson,student3736@university.com,21,57.29,74.81,59.1,88.11,77.42,57.1,74.51,72.16300000000001,2,16.6,0,1,1,2,1,6.5,True,False,False,True,False,False,71.84166666666667,4.347168674698795,0.1538461538461538
S4737,Ahmed,Jones,student3737@university.com,20,61.5,89.27,45.65,52.29,68.33,69.1,58.15,60.37949999999999,1,5.9,0,1,1,1,3,5.8,True,False,True,False,False,False,63.798333333333325,10.233813559322032,0.5172413793103449
S4738,Omar,Jones,student3738@university.com,23,80.9,88.79,58.16,55.28,93.3,3.8,94.7,74.0805,2,14.2,1,1,1,0,7,6.6,True,False,False,False,False,True,65.67166666666667,5.21693661971831,1.0606060606060606
S4739,Maria,Smith,student3739@university.com,18,53.37,60.24,82.92,72.02,66.17,44.2,92.26,77.074,2,8.2,0,1,0,1,8,8.3,True,False,True,False,False,False,69.635,9.399268292682928,0.9638554216867468
S4740,John,Williams,student3740@university.com,18,73.24,97.84,79.45,73.81,57.68,78.60000000000001,51.15,70.65299999999999,2,9.6,1,1,3,2,3,6.9,True,False,False,True,False,False,73.08833333333334,7.3596875,0.4347826086956521
S4741,Sara,Davis,student3741@university.com,24,80.47,41.32,51.28,90.81,81.97,47.400000000000006,79.05,66.9215,1,29.1,0,1,3,0,6,8.9,False,True,False,True,False,False,65.30499999999999,2.2997079037800683,0.6741573033707865
S4742,Omar,Johnson,student3742@university.com,24,71.09,86.12,46.71,83.98,52.13,87.4,62.22,65.4415,1,11.5,1,1,1,2,2,4.7,False,True,False,False,False,True,69.76,5.690565217391304,0.425531914893617
S4743,Omar,Jones,student3743@university.com,21,50.96,97.93,79.65,57.67,68.96,83.4,76.66,77.3165,2,17.1,1,1,3,1,1,6.2,False,True,False,False,True,False,77.37833333333333,4.521432748538012,0.1612903225806451
S4744,John,Williams,student3744@university.com,18,99.28,60.33,80.58,61.31,90.38,86.30000000000001,63.96,70.932,2,27.2,1,0,3,1,9,5.0,False,True,False,True,False,False,73.81,2.607794117647059,1.8
S4745,Omar,Davis,student3745@university.com,22,68.36,78.89,61.97,64.28,64.76,13.0,65.79,63.831,1,15.3,1,1,1,2,9,5.8,True,False,False,True,False,False,58.11500000000001,4.171960784313725,1.5517241379310345
S4746,Liam,Davis,student3746@university.com,18,88.93,73.73,90.57,56.18,96.57,24.4,80.09,77.033,2,18.2,1,1,3,1,5,7.9,True,False,False,False,False,True,70.25666666666666,4.232582417582417,0.6329113924050632
S4747,Maria,Johnson,student3747@university.com,23,66.28,85.69,98.69,64.38,97.79,3.0,76.94,80.19399999999999,3,9.2,1,1,3,2,1,8.1,True,False,False,False,False,True,71.08166666666666,8.716739130434782,0.1234567901234568
S4748,Ahmed,Brown,student3748@university.com,24,73.75,91.97,52.34,86.43,90.79,98.3,69.76,74.767,2,12.1,0,0,3,2,2,4.2,False,True,False,False,False,True,81.59833333333334,6.179090909090909,0.4761904761904761
S4749,Emma,Davis,student3749@university.com,22,69.42,76.18,74.62,62.07,99.38,23.6,55.38,67.1245,1,17.7,0,1,0,2,1,8.8,False,True,False,True,False,False,65.205,3.7923446327683616,0.1136363636363636
S4750,John,Brown,student3750@university.com,24,67.13,88.95,40.32,91.77,76.54,36.7,98.47,76.218,2,14.1,0,1,3,1,6,8.4,False,True,True,False,False,False,72.125,5.405531914893618,0.7142857142857143
S4752,Ahmed,Johnson,student3752@university.com,24,68.0,53.72,64.86,66.15,91.81,4.0,81.66,68.0745,1,15.0,0,1,2,1,1,5.9,True,False,False,False,False,True,60.366666666666674,4.5383,0.1694915254237288
S4753,Ali,Smith,student3753@university.com,18,94.47,65.84,51.6,70.62,74.64,26.1,54.14,58.38,0,25.4,1,1,0,2,10,6.5,True,False,False,False,True,False,57.156666666666666,2.298425196850394,1.5384615384615383
S4754,Liam,Johnson,student3754@university.com,19,84.52,80.66,85.13,85.47,70.34,9.8,84.42,79.05199999999999,2,7.9,0,0,1,1,6,4.8,False,True,False,False,True,False,69.30333333333334,10.00658227848101,1.25
S4756,Omar,Smith,student3756@university.com,24,79.56,80.82,46.67,50.36,82.88,96.7,61.48,62.9115,1,8.0,0,1,1,2,9,4.6,True,False,False,False,True,False,69.81833333333334,7.8639375,1.956521739130435
S4757,Emma,Smith,student3757@university.com,22,94.61,63.65,42.46,96.12,87.54,69.80000000000001,82.35,71.52950000000001,2,22.2,1,1,2,0,10,8.3,True,False,False,True,False,False,73.65333333333335,3.22204954954955,1.2048192771084336
S4758,John,Williams,student3758@university.com,18,85.0,87.73,60.04,53.3,83.41,70.7,64.15,67.2855,1,24.9,0,1,0,0,3,6.9,True,False,True,False,False,False,69.88833333333334,2.702228915662651,0.4347826086956521
S4760,Ahmed,Williams,student3760@university.com,24,93.39,80.08,87.61,51.41,83.73,81.1,56.23,70.923,2,27.2,1,1,1,0,8,8.4,False,True,False,False,False,True,73.36,2.6074632352941176,0.9523809523809524
S4761,Emma,Smith,student3761@university.com,18,65.08,78.99,72.76,88.55,74.02,90.8,60.12,73.29899999999999,2,20.7,0,1,1,0,9,4.4,True,False,False,True,False,False,77.54,3.541014492753623,2.0454545454545454
S4762,Omar,Brown,student3762@university.com,18,72.7,96.46,74.84,76.73,56.75,96.2,86.69,81.1805,3,18.0,0,0,1,2,10,8.6,True,False,False,False,True,False,81.27833333333334,4.510027777777777,1.162790697674419
S4763,Maria,Brown,student3763@university.com,22,76.31,82.8,87.99,75.29,89.27,9.9,51.76,70.661,2,11.3,1,0,1,0,5,4.5,True,False,False,True,False,False,66.16833333333332,6.253185840707964,1.1111111111111112
S4764,Omar,Johnson,student3764@university.com,18,92.53,87.78,71.73,53.64,51.54,88.0,55.59,65.3765,1,14.3,1,1,1,2,6,7.6,True,False,True,False,False,False,68.04666666666667,4.571783216783216,0.7894736842105263
S4765,Ali,Jones,student3765@university.com,21,96.58,94.28,76.67,61.94,99.63,22.5,60.75,71.9135,2,28.7,1,1,3,2,10,7.2,False,True,False,False,True,False,69.295,2.5056968641114983,1.3888888888888888
S4766,Liam,Johnson,student3766@university.com,23,96.48,80.5,70.97,88.88,91.42,39.7,51.01,69.5795,1,27.8,0,1,1,0,5,7.9,False,True,True,False,False,False,70.41333333333333,2.502859712230216,0.6329113924050632
S4767,Ahmed,Johnson,student3767@university.com,21,50.4,57.41,92.83,94.56,83.55,34.5,54.77,72.51400000000001,2,20.6,1,1,2,2,6,6.8,False,True,True,False,False,False,69.60333333333334,3.520097087378641,0.8823529411764706
S4768,Omar,Jones,student3768@university.com,22,96.09,92.19,54.13,76.46,98.33,67.5,64.07,71.25899999999999,2,19.5,0,0,1,0,2,5.7,False,True,True,False,False,False,75.44666666666666,3.654307692307692,0.3508771929824561
S4769,Liam,Davis,student3769@university.com,19,52.72,84.85,55.84,67.67,80.62,59.8,54.65,64.28500000000001,1,10.3,0,1,0,2,9,5.4,False,True,False,True,False,False,67.23833333333333,6.241262135922331,1.6666666666666663
S4770,Sara,Smith,student3770@university.com,21,63.29,65.47,47.68,53.0,52.82,10.9,93.31,63.51049999999999,1,28.8,1,0,1,2,7,8.7,False,True,False,True,False,False,53.86333333333334,2.205225694444444,0.8045977011494253
S4771,Sara,Brown,student3771@university.com,24,75.75,82.63,89.17,84.11,77.97,78.3,53.3,75.0055,2,23.9,1,0,1,2,6,6.2,True,False,False,True,False,False,77.58,3.138305439330544,0.9677419354838708
S4772,Liam,Johnson,student3772@university.com,23,74.0,92.06,64.71,63.92,63.86,44.0,93.05,76.0755,2,14.6,0,0,3,0,4,8.2,True,False,False,True,False,False,70.26666666666667,5.210650684931507,0.4878048780487805
S4773,Liam,Jones,student3773@university.com,20,80.24,98.54,60.87,52.75,68.47,0.2,91.14,72.11,2,25.4,1,1,1,1,10,7.6,True,False,False,False,True,False,61.995,2.838976377952756,1.3157894736842106
S4774,Ali,Williams,student3774@university.com,23,73.97,97.14,98.88,83.29,72.98,41.5,55.04,77.6695,2,10.3,0,1,3,0,9,7.3,True,False,False,True,False,False,74.805,7.540728155339806,1.2328767123287672
S4775,Maria,Johnson,student3775@university.com,21,96.72,59.52,95.61,74.29,88.73,51.6,51.26,70.805,2,10.3,0,1,1,2,7,8.9,False,True,False,False,True,False,70.16833333333334,6.8742718446601945,0.7865168539325842
S4776,Ahmed,Brown,student3776@university.com,20,62.03,65.3,98.32,50.6,75.15,6.9,52.5,65.575,1,24.8,0,0,1,0,4,6.8,True,False,True,False,False,False,58.12833333333333,2.6441532258064515,0.5882352941176471
S4777,John,Smith,student3777@university.com,22,63.7,46.57,48.54,55.55,73.73,15.1,79.52,59.437,0,19.0,0,1,3,2,3,7.7,False,True,False,False,True,False,53.16833333333333,3.128263157894737,0.3896103896103896
S4778,Ali,Johnson,student3778@university.com,23,96.04,54.85,93.48,84.96,65.1,99.4,83.52,80.8775,3,18.9,1,1,0,1,10,8.2,True,False,False,False,False,True,80.21833333333332,4.279232804232804,1.2195121951219514
S4779,Maria,Johnson,student3779@university.com,19,53.84,92.95,59.72,53.18,76.99,87.10000000000001,81.03,73.21249999999999,2,19.3,1,1,1,1,8,4.2,True,False,False,True,False,False,75.16166666666668,3.793393782383419,1.9047619047619049
S4780,Liam,Davis,student3780@university.com,20,80.48,61.65,40.76,93.3,62.42,13.3,77.07,63.4605,1,8.1,1,1,3,0,6,9.0,True,False,False,False,False,True,58.083333333333336,7.834629629629631,0.6666666666666666
S4781,John,Jones,student3781@university.com,20,84.09,77.23,63.48,65.57,63.05,58.0,58.73,64.114,1,13.7,0,1,1,0,2,5.3,False,True,False,False,True,False,64.34333333333333,4.679854014598541,0.3773584905660377
S4782,Liam,Williams,student3782@university.com,23,75.28,79.96,70.55,54.43,87.86,37.9,92.05,76.092,2,19.3,0,1,1,1,7,7.5,True,False,False,True,False,False,70.45833333333333,3.9425906735751295,0.9333333333333332
S4783,Liam,Williams,student3783@university.com,21,84.71,86.91,46.49,87.99,67.13,54.400000000000006,66.38,67.2045,1,11.2,0,0,2,0,8,8.8,False,True,False,False,False,True,68.21666666666665,6.000401785714286,0.9090909090909092
S4784,Sara,Smith,student3784@university.com,20,58.64,50.97,72.26,76.22,52.57,47.1,99.31,74.54849999999999,2,17.6,0,0,0,2,5,7.8,False,True,False,True,False,False,66.405,4.235710227272726,0.6410256410256411
S4785,Sara,Brown,student3785@university.com,22,92.63,58.29,89.17,65.33,67.18,4.8,69.24,68.56550000000001,1,18.9,1,1,2,2,3,5.1,True,False,False,False,True,False,59.00166666666667,3.627804232804234,0.5882352941176471
S4786,John,Smith,student3786@university.com,23,57.0,66.9,62.66,70.3,81.93,31.5,63.15,64.958,1,28.6,0,0,0,0,8,5.8,False,True,False,False,False,True,62.74,2.271258741258741,1.3793103448275863
S4787,Ali,Johnson,student3787@university.com,22,70.04,61.89,61.16,51.07,90.7,12.6,94.71,70.34700000000001,2,11.1,1,0,1,1,2,6.1,False,True,False,False,True,False,62.02166666666667,6.337567567567569,0.3278688524590164
S4788,Sara,Johnson,student3788@university.com,23,53.76,98.97,60.33,83.13,98.1,48.9,78.37,78.1635,2,16.0,0,1,3,2,10,6.9,True,False,False,False,False,True,77.96666666666665,4.88521875,1.4492753623188406
S4789,Ahmed,Williams,student3789@university.com,22,77.26,90.1,95.39,68.29,87.31,90.7,86.09,86.699,3,29.5,1,1,3,2,6,7.0,True,False,True,False,False,False,86.31333333333333,2.938949152542373,0.8571428571428571
S4790,Liam,Brown,student3790@university.com,21,83.49,68.78,42.93,85.7,71.44,99.6,70.42,67.1545,1,9.7,0,0,3,2,7,7.9,True,False,True,False,False,False,73.14500000000001,6.923144329896908,0.8860759493670886
S4791,Emma,Jones,student3791@university.com,23,97.06,92.76,66.7,81.41,64.96,94.4,94.35,82.3215,3,24.5,1,0,1,2,10,8.3,True,False,True,False,False,False,82.43,3.360061224489796,1.2048192771084336
S4792,Omar,Brown,student3792@university.com,24,86.97,60.86,55.88,82.56,56.48,98.6,95.89,74.828,2,9.4,1,0,2,1,9,4.4,True,False,True,False,False,False,75.045,7.960425531914893,2.0454545454545454
S4793,John,Johnson,student3793@university.com,19,77.06,87.15,93.63,89.64,81.38,1.5,71.84,79.691,2,26.3,0,0,1,2,5,5.4,True,False,True,False,False,False,70.85666666666667,3.0300760456273763,0.9259259259259258
S4794,John,Jones,student3794@university.com,21,96.63,53.42,45.76,81.56,75.49,72.9,62.04,61.493,1,17.2,0,0,3,1,1,5.7,False,True,False,False,True,False,65.19500000000001,3.5751744186046515,0.175438596491228
S4796,Ali,Brown,student3796@university.com,23,78.06,67.39,64.41,69.5,61.86,86.6,97.73,76.47099999999999,2,9.3,0,0,2,1,2,6.1,True,False,False,False,True,False,74.58166666666666,8.222688172043009,0.3278688524590164
S4797,Liam,Jones,student3797@university.com,21,79.8,46.45,93.3,55.98,66.18,81.4,81.12,73.7135,2,22.2,1,0,1,2,8,5.8,False,True,True,False,False,False,70.73833333333333,3.320427927927928,1.3793103448275863
S4798,Ahmed,Johnson,student3798@university.com,22,70.5,56.4,52.93,88.97,64.6,42.400000000000006,97.71,72.93099999999998,2,22.4,1,0,1,2,1,6.6,True,False,False,True,False,False,67.16833333333332,3.255848214285714,0.1515151515151515
S4799,Ali,Brown,student3799@university.com,18,91.92,64.14,78.69,88.06,89.88,47.3,67.19,74.0125,2,23.0,1,1,1,1,2,4.5,False,True,True,False,False,False,72.54333333333334,3.217934782608696,0.4444444444444444
S4800,Maria,Jones,student3800@university.com,18,59.26,84.96,48.06,62.31,58.56,26.5,95.75,70.0115,2,7.5,1,0,1,2,5,6.1,True,False,False,True,False,False,62.69,9.334866666666668,0.819672131147541
S4801,Maria,Davis,student3801@university.com,20,77.74,44.38,97.24,93.13,80.42,28.9,55.63,71.1125,2,12.2,0,0,2,2,10,7.0,True,False,False,False,True,False,66.61666666666666,5.828893442622951,1.4285714285714286
S4802,Emma,Davis,student3802@university.com,19,86.11,79.57,75.58,79.45,52.57,98.1,67.94,73.292,2,13.5,1,1,1,2,3,8.0,False,True,True,False,False,False,75.535,5.4290370370370375,0.375
S4803,Sara,Johnson,student3803@university.com,18,95.2,82.96,77.58,73.93,77.48,88.9,74.72,77.53750000000001,2,13.1,0,0,3,1,4,7.8,True,False,False,False,False,True,79.26166666666667,5.918893129770993,0.5128205128205129
S4804,Sara,Jones,student3804@university.com,24,94.2,79.24,66.03,50.87,53.2,19.2,82.66,67.102,1,21.9,0,1,3,1,10,6.0,False,True,False,False,True,False,58.53333333333333,3.064018264840183,1.6666666666666667
S4805,Sara,Davis,student3805@university.com,22,75.44,85.64,60.54,69.14,58.79,27.6,64.71,65.024,1,6.4,0,0,2,2,5,5.9,True,False,True,False,False,False,61.07,10.16,0.847457627118644
S4806,Emma,Jones,student3806@university.com,21,82.16,50.69,52.76,82.03,55.65,10.9,96.21,68.071,1,23.3,1,0,1,2,3,4.2,True,False,False,False,True,False,58.04,2.9215021459227466,0.7142857142857143
S4807,Maria,Brown,student3807@university.com,23,69.71,75.23,76.24,54.49,67.34,98.9,95.17,78.748,2,18.2,1,1,1,1,5,4.4,False,True,False,False,False,True,77.89500000000001,4.326813186813188,1.1363636363636362
S4808,Ali,Johnson,student3808@university.com,21,73.41,96.47,97.27,72.98,67.19,90.7,89.97,87.98,3,9.3,1,1,1,0,3,8.4,True,False,True,False,False,False,85.76333333333334,9.46021505376344,0.3571428571428571
S4809,Emma,Davis,student3809@university.com,20,95.31,76.65,61.59,99.67,91.32,55.2,55.72,70.45349999999999,2,10.7,1,0,2,1,1,8.0,True,False,False,False,False,True,73.35833333333333,6.584439252336448,0.125
S4810,Emma,Brown,student3810@university.com,21,96.54,76.68,92.99,85.83,61.28,69.3,53.91,73.39,2,7.4,0,1,0,2,7,4.1,False,True,True,False,False,False,73.33166666666666,9.917567567567566,1.707317073170732
S4811,Ali,Smith,student3811@university.com,18,94.77,84.19,48.93,77.34,54.32,74.80000000000001,74.91,68.107,1,16.5,0,0,3,0,4,8.4,True,False,False,True,False,False,69.08166666666666,4.12769696969697,0.4761904761904761
S4812,Sara,Smith,student3812@university.com,21,56.92,59.99,96.17,76.65,80.18,20.4,88.27,80.0575,3,19.9,1,0,1,2,8,7.1,False,True,False,False,True,False,70.27666666666666,4.0229899497487445,1.1267605633802815
S4813,Ahmed,Johnson,student3813@university.com,18,92.5,82.03,61.03,52.19,84.37,93.5,56.16,65.3505,1,19.5,1,1,1,1,4,8.0,True,False,False,False,False,True,71.54666666666667,3.3513076923076923,0.5
S4814,Ali,Davis,student3814@university.com,18,97.42,94.97,62.78,97.87,64.74,52.7,82.07,78.351,2,29.1,0,1,2,2,7,6.5,False,True,False,False,True,False,75.855,2.692474226804124,1.0769230769230769
S4815,Maria,Davis,student3815@university.com,19,68.06,40.65,67.77,96.41,80.14,9.2,76.39,68.8925,1,12.4,0,1,2,0,3,4.8,True,False,False,False,False,True,61.75999999999999,5.555846774193548,0.625
S4816,John,Davis,student3816@university.com,20,75.93,92.21,83.09,84.12,88.8,39.7,86.3,83.977,3,24.1,0,0,1,2,2,5.8,False,True,False,False,True,False,79.03666666666668,3.484522821576764,0.3448275862068966
S4817,Liam,Jones,student3817@university.com,24,88.95,53.12,83.18,54.95,67.38,60.2,71.77,68.2845,1,23.1,1,0,3,1,3,6.3,False,True,False,False,True,False,65.1,2.956038961038961,0.4761904761904762
S4818,John,Brown,student3818@university.com,24,78.1,67.36,68.78,60.39,76.27,35.3,84.66,71.14750000000001,2,6.5,1,1,1,1,7,7.8,True,False,False,False,True,False,65.46,10.945769230769232,0.8974358974358975
S4819,Omar,Davis,student3819@university.com,22,99.67,91.14,71.39,59.2,57.33,69.9,57.98,67.0205,1,28.3,0,1,2,1,3,8.1,True,False,False,True,False,False,67.82333333333334,2.36821554770318,0.3703703703703704
S4820,Omar,Brown,student3820@university.com,24,72.79,89.43,41.8,75.98,51.18,88.2,60.73,63.0085,1,28.3,0,0,3,1,10,7.7,False,True,True,False,False,False,67.88666666666667,2.226448763250884,1.2987012987012987
S4821,Emma,Johnson,student3821@university.com,18,85.7,93.52,58.26,60.39,99.07,77.2,95.17,79.9695,2,14.9,1,1,2,0,8,6.4,True,False,False,True,False,False,80.60166666666667,5.367080536912751,1.25
S4822,Liam,Davis,student3822@university.com,23,89.63,96.43,60.76,84.79,64.99,64.3,66.47,72.028,2,15.4,1,0,1,2,8,7.3,False,True,False,False,True,False,72.95666666666666,4.677142857142857,1.095890410958904
S4823,John,Johnson,student3823@university.com,20,74.71,66.83,73.52,77.26,63.95,51.2,99.28,78.7325,2,25.5,1,0,1,2,1,5.5,True,False,False,False,False,True,72.00666666666666,3.087549019607843,0.1818181818181818
S4824,Ahmed,Davis,student3824@university.com,22,92.85,79.38,73.5,50.88,98.66,25.4,52.31,64.743,1,17.4,1,1,1,0,7,8.9,True,False,False,False,True,False,63.35499999999999,3.720862068965517,0.7865168539325842
S4825,Sara,Smith,student3825@university.com,24,77.31,63.43,82.59,87.2,86.41,45.5,74.79,76.595,2,25.0,0,0,0,2,8,4.8,False,True,True,False,False,False,73.32000000000001,3.0638,1.6666666666666667
S4827,Omar,Johnson,student3827@university.com,23,55.39,65.9,54.11,91.24,84.97,93.4,99.8,80.2055,3,11.3,1,0,1,0,8,4.8,True,False,True,False,False,False,81.57000000000001,7.097831858407079,1.6666666666666667
S4829,Maria,Williams,student3829@university.com,20,86.7,70.09,41.18,66.93,88.17,15.6,61.76,58.973000000000006,0,16.4,1,0,2,0,6,7.7,True,False,True,False,False,False,57.28833333333333,3.595914634146342,0.7792207792207793
S4830,Maria,Johnson,student3830@university.com,23,96.06,88.84,82.97,50.59,53.36,82.30000000000001,63.36,70.116,2,26.4,1,1,1,1,8,7.6,True,False,False,True,False,False,70.23666666666666,2.655909090909091,1.0526315789473684
S4831,Sara,Jones,student3831@university.com,24,62.58,84.71,46.12,99.39,70.64,70.3,87.48,75.96799999999999,2,19.2,0,1,2,0,3,4.6,True,False,False,False,False,True,76.44,3.956666666666666,0.6521739130434783
S4832,Liam,Davis,student3832@university.com,20,67.76,41.23,83.78,80.6,64.76,97.5,94.48,78.9145,2,18.0,0,0,2,0,2,7.4,False,True,True,False,False,False,77.05833333333334,4.384138888888889,0.2702702702702702
S4833,Emma,Jones,student3833@university.com,20,57.7,77.81,71.63,71.14,53.53,46.3,83.18,72.872,2,14.2,1,1,3,1,1,5.0,True,False,False,True,False,False,67.265,5.131830985915493,0.2
S4834,John,Smith,student3834@university.com,24,84.54,66.19,66.24,54.83,70.63,72.2,93.24,73.35799999999999,2,6.6,1,1,0,0,8,8.9,True,False,False,True,False,False,70.55499999999999,11.114848484848483,0.898876404494382
S4835,Sara,Davis,student3835@university.com,21,98.01,67.4,81.44,84.96,80.81,51.8,53.16,69.833,1,24.2,1,0,2,0,7,7.0,False,True,False,False,True,False,69.92833333333334,2.8856611570247934,1.0
S4836,Ahmed,Smith,student3836@university.com,21,82.05,89.1,42.18,64.14,58.92,6.9,82.03,64.377,1,19.3,1,1,2,1,6,4.0,False,True,True,False,False,False,57.211666666666666,3.3355958549222797,1.5
S4837,Emma,Williams,student3837@university.com,24,80.85,72.86,53.41,99.41,65.25,4.699999999999999,85.01,71.45599999999999,2,28.3,1,1,1,0,3,5.0,False,True,False,False,False,True,63.44,2.5249469964664306,0.6
S4838,Ahmed,Johnson,student3838@university.com,20,77.67,93.14,76.99,97.53,81.96,12.2,59.52,74.50999999999999,2,15.8,1,0,1,2,6,5.1,True,False,False,False,True,False,70.22333333333331,4.7158227848101255,1.1764705882352942
S4839,Emma,Brown,student3839@university.com,23,54.42,82.77,90.83,86.76,78.97,29.6,88.9,84.184,3,15.0,0,1,0,0,5,5.2,False,True,True,False,False,False,76.305,5.612266666666667,0.9615384615384616
S4840,Liam,Smith,student3840@university.com,19,86.48,73.17,62.87,98.55,93.44,25.9,97.21,81.2775,3,29.4,1,0,0,1,5,6.8,False,True,True,False,False,False,75.18999999999998,2.764540816326531,0.7352941176470589
S4841,Omar,Brown,student3841@university.com,18,80.1,85.27,55.53,55.28,89.56,72.8,94.9,76.031,2,8.5,1,1,3,0,4,5.0,False,True,False,False,False,True,75.55666666666667,8.944823529411766,0.8
S4842,Ahmed,Brown,student3842@university.com,21,83.07,42.3,71.12,64.0,98.28,71.6,62.25,65.808,1,11.3,1,0,2,0,5,6.1,False,True,False,False,True,False,68.25833333333334,5.823716814159292,0.819672131147541
S4843,Sara,Johnson,student3843@university.com,24,94.94,41.63,77.34,62.66,79.86,97.1,66.2,67.6795,1,17.2,0,1,2,1,5,4.9,True,False,False,False,True,False,70.79833333333333,3.9348546511627913,1.020408163265306
S4844,Emma,Williams,student3844@university.com,19,89.2,45.0,65.21,53.6,84.92,31.0,74.98,63.6285,1,18.1,1,1,1,1,5,7.3,True,False,False,False,False,True,59.11833333333334,3.515386740331492,0.684931506849315
S4845,Emma,Johnson,student3845@university.com,21,89.05,66.25,92.6,98.61,93.03,93.8,57.92,79.248,2,18.7,1,0,0,2,10,6.8,True,False,False,False,True,False,83.70166666666667,4.237860962566845,1.4705882352941178
S4846,Maria,Davis,student3846@university.com,20,96.36,54.13,71.41,53.0,92.0,61.3,97.7,75.497,2,10.3,1,1,1,2,10,7.1,False,True,False,True,False,False,71.58999999999999,7.329805825242718,1.4084507042253522
S4847,Maria,Smith,student3847@university.com,24,99.5,99.06,42.15,92.83,85.94,49.5,58.08,67.814,1,28.2,1,1,3,2,8,8.8,False,True,False,False,False,True,71.26,2.4047517730496453,0.9090909090909092
S4848,Ali,Brown,student3848@university.com,19,79.06,72.54,53.38,88.41,75.01,66.8,88.07,74.7495,2,22.6,1,0,3,2,2,6.0,False,True,True,False,False,False,74.03500000000001,3.3075,0.3333333333333333
S4849,Ahmed,Johnson,student3849@university.com,24,55.44,79.74,67.04,68.79,63.66,70.3,67.07,69.0415,1,11.5,0,0,3,1,2,5.1,False,True,False,False,False,True,69.43333333333334,6.003608695652174,0.3921568627450981
S4850,Maria,Johnson,student3850@university.com,23,72.96,56.73,81.86,50.94,93.86,17.2,78.69,70.4685,2,12.4,1,0,3,2,6,9.0,False,True,False,True,False,False,63.21333333333333,5.682943548387097,0.6666666666666666
S4851,Ali,Johnson,student3851@university.com,23,89.38,59.31,53.19,50.3,88.83,75.19999999999999,52.36,58.09,0,27.0,1,1,0,2,3,4.3,False,True,False,False,False,True,63.19833333333333,2.1514814814814818,0.6976744186046512
S4852,Omar,Smith,student3852@university.com,22,51.39,60.13,98.58,60.2,91.9,72.5,60.25,73.5845,2,14.5,1,1,2,1,10,8.1,True,False,True,False,False,False,73.92666666666668,5.074793103448276,1.234567901234568
S4853,Omar,Williams,student3853@university.com,18,52.84,81.92,59.11,74.69,57.04,99.8,72.22,70.629,2,18.9,0,0,0,0,10,4.8,True,False,True,False,False,False,74.13,3.736984126984128,2.083333333333333
S4854,Maria,Johnson,student3854@university.com,18,53.36,68.42,71.95,72.9,65.74,91.2,83.86,75.4775,2,8.0,0,1,1,0,10,7.3,False,True,False,False,False,True,75.67833333333333,9.4346875,1.36986301369863
S4855,Ahmed,Smith,student3855@university.com,21,86.55,71.06,41.14,79.26,71.24,68.5,88.88,70.046,2,11.3,0,0,3,0,10,6.4,True,False,False,False,False,True,70.01333333333334,6.198761061946903,1.5625
S4856,Emma,Brown,student3856@university.com,18,75.06,75.52,93.09,88.6,91.92,71.2,51.51,76.0955,2,15.4,1,0,0,0,4,8.2,False,True,False,True,False,False,78.64,4.941266233766234,0.4878048780487805
S4857,John,Davis,student3857@university.com,24,68.44,86.13,87.33,68.87,94.64,94.6,57.62,76.56249999999999,2,21.4,1,0,1,0,3,7.7,False,True,False,True,False,False,81.53166666666665,3.57768691588785,0.3896103896103896
S4858,Liam,Jones,student3858@university.com,24,55.28,45.42,51.73,58.02,64.24,96.7,86.49,65.6545,1,12.0,0,1,1,1,4,4.9,True,False,True,False,False,False,67.10000000000001,5.471208333333333,0.8163265306122448
S4860,Liam,Jones,student3860@university.com,23,66.05,73.79,58.95,66.63,53.89,76.7,61.83,63.5735,1,10.5,1,1,2,2,9,5.1,True,False,False,False,True,False,65.29833333333333,6.054619047619048,1.7647058823529411
S4861,Sara,Johnson,student3861@university.com,19,63.27,80.15,81.53,64.34,70.48,11.1,61.48,68.103,1,24.5,0,0,2,2,3,4.8,False,True,False,False,True,False,61.51333333333334,2.7797142857142854,0.625
S4862,Omar,Johnson,student3862@university.com,19,82.62,59.65,89.14,88.22,74.33,83.0,54.4,72.3685,2,14.1,1,1,2,0,7,4.4,False,True,False,False,True,False,74.78999999999999,5.1325177304964535,1.5909090909090908
S4863,Maria,Smith,student3863@university.com,23,77.95,64.56,84.45,96.71,88.28,25.3,57.51,72.649,2,25.8,1,1,1,1,9,4.6,True,False,True,False,False,False,69.46833333333333,2.8158527131782947,1.956521739130435
S4864,Maria,Jones,student3864@university.com,20,68.12,53.87,95.05,95.75,94.6,56.4,50.4,73.60549999999999,2,28.1,1,0,0,0,9,7.5,False,True,False,False,True,False,74.34499999999998,2.6194128113879,1.2
S4865,Liam,Johnson,student3865@university.com,23,82.07,98.76,91.86,56.87,66.86,40.5,79.49,78.86749999999999,2,9.7,1,1,3,1,6,9.0,False,True,False,False,True,False,72.39,8.130670103092783,0.6666666666666666
S4866,Emma,Brown,student3866@university.com,19,63.56,69.82,99.68,75.16,76.39,34.6,95.19,84.593,3,17.3,1,0,3,1,1,7.4,False,True,False,False,False,True,75.14,4.889768786127168,0.1351351351351351
S4867,Liam,Williams,student3867@university.com,21,89.74,99.76,50.96,54.64,82.37,31.0,57.48,62.931,1,8.9,1,0,3,0,10,7.5,True,False,False,False,True,False,62.70166666666668,7.0708988764044935,1.3333333333333333
S4868,Sara,Williams,student3868@university.com,22,61.47,69.39,58.29,98.05,66.43,85.5,87.57,76.8775,2,22.6,0,0,3,1,2,7.9,False,True,False,False,False,True,77.53833333333334,3.401659292035398,0.2531645569620253
S4869,Emma,Johnson,student3869@university.com,23,57.94,53.19,78.17,60.76,99.28,76.9,78.68,74.012,2,25.8,0,1,1,0,9,8.4,False,True,True,False,False,False,74.49666666666666,2.868682170542636,1.0714285714285714
S4870,Sara,Jones,student3870@university.com,20,89.12,70.45,83.98,59.87,93.79,52.3,97.0,81.637,3,14.7,0,1,3,2,5,5.3,False,True,False,False,False,True,76.23166666666667,5.553537414965986,0.9433962264150944
S4871,John,Davis,student3871@university.com,21,85.39,42.38,72.08,94.44,64.82,66.39999999999999,89.91,75.318,2,14.9,1,0,1,1,10,7.0,True,False,False,True,False,False,71.67166666666667,5.05489932885906,1.4285714285714286
S4872,Omar,Johnson,student3872@university.com,23,59.13,94.29,44.44,98.39,75.4,98.5,92.64,80.269,3,10.1,0,0,0,1,2,5.1,True,False,False,False,False,True,83.94333333333333,7.947425742574258,0.3921568627450981
S4873,Maria,Davis,student3873@university.com,21,55.81,89.11,90.5,84.88,61.54,39.8,81.96,81.4555,3,12.7,0,0,2,2,6,6.6,True,False,False,False,True,False,74.63166666666667,6.413818897637796,0.9090909090909092
S4874,Maria,Davis,student3874@university.com,23,91.92,83.55,97.65,56.05,75.73,55.1,90.57,82.8515,3,13.1,1,1,1,2,7,5.0,True,False,False,False,False,True,76.44166666666668,6.324541984732825,1.4
S4875,John,Jones,student3875@university.com,21,88.83,76.59,64.33,74.29,84.17,53.4,67.54,70.0635,2,8.9,0,1,2,1,10,4.3,True,False,False,False,False,True,70.05333333333334,7.872303370786517,2.3255813953488373
S4876,Ali,Davis,student3876@university.com,24,66.36,74.79,53.49,90.83,54.28,93.6,60.45,66.4585,1,12.7,0,1,2,2,10,4.4,False,True,True,False,False,False,71.24,5.2329527559055125,2.2727272727272725
S4877,Omar,Brown,student3877@university.com,18,82.91,99.8,41.16,78.62,93.51,35.2,95.63,76.853,2,27.7,1,1,1,2,10,8.9,True,False,True,False,False,False,73.98666666666666,2.7744765342960287,1.1235955056179774
S4878,Emma,Jones,student3878@university.com,21,56.21,56.68,54.24,56.63,79.69,98.6,86.72,69.47149999999999,1,13.1,1,0,1,1,6,4.0,True,False,False,False,True,False,72.09333333333335,5.303167938931297,1.5
S4879,John,Johnson,student3879@university.com,24,75.35,86.78,82.0,58.59,99.48,30.5,54.54,70.14049999999999,2,11.9,0,0,3,0,1,7.5,False,True,False,True,False,False,68.64833333333334,5.894159663865545,0.1333333333333333
S4880,Emma,Brown,student3880@university.com,18,50.94,74.88,94.7,93.21,51.28,10.9,93.35,82.56649999999999,3,14.6,1,0,1,1,1,8.4,True,False,False,True,False,False,69.71999999999998,5.655239726027396,0.119047619047619
S4881,Liam,Smith,student3881@university.com,19,69.58,98.55,45.61,76.35,91.57,19.1,67.45,67.9845,1,29.0,1,0,3,1,2,6.0,False,True,False,False,False,True,66.43833333333333,2.344293103448276,0.3333333333333333
S4882,Ahmed,Williams,student3882@university.com,18,53.74,89.67,73.2,85.29,89.6,42.6,64.91,75.107,2,24.1,0,1,2,0,9,7.5,True,False,False,True,False,False,74.21166666666666,3.116473029045643,1.2
S4883,Maria,Johnson,student3883@university.com,21,73.76,99.91,81.73,68.65,56.64,65.0,81.17,78.9815,2,10.0,1,0,1,2,1,5.7,False,True,True,False,False,False,75.51666666666667,7.898149999999999,0.175438596491228
S4884,Emma,Johnson,student3884@university.com,22,71.08,75.3,56.58,76.62,66.77,51.7,78.43,69.724,1,23.8,1,1,3,1,9,6.6,False,True,False,False,True,False,67.56666666666666,2.9295798319327733,1.3636363636363638
S4885,Sara,Johnson,student3885@university.com,22,72.22,52.27,74.19,98.86,94.24,37.6,76.91,75.594,2,24.2,0,1,3,2,6,8.7,True,False,False,False,True,False,72.34500000000001,3.123719008264463,0.6896551724137931
S4886,Emma,Brown,student3886@university.com,19,52.27,70.22,82.91,66.49,75.92,56.2,62.74,70.458,2,28.8,0,0,0,2,2,4.2,True,False,True,False,False,False,69.08,2.446458333333333,0.4761904761904761
S4887,Ahmed,Smith,student3887@university.com,21,68.08,82.67,90.26,83.74,70.06,83.9,97.99,88.1245,3,27.3,0,1,1,0,10,5.3,False,True,False,False,True,False,84.77,3.228003663003663,1.8867924528301887
S4888,Omar,Jones,student3888@university.com,18,87.82,86.46,67.15,58.63,95.27,83.9,97.51,81.52600000000001,3,7.4,1,0,1,1,3,4.5,False,True,False,False,False,True,81.48666666666666,11.017027027027028,0.6666666666666666
S4889,Maria,Smith,student3889@university.com,22,68.45,40.03,84.87,56.09,54.67,72.6,50.21,59.7955,0,16.4,1,1,2,0,9,6.5,False,True,False,False,True,False,59.745,3.646067073170732,1.3846153846153846
S4890,Liam,Brown,student3890@university.com,23,85.76,70.3,58.11,89.18,73.66,95.2,66.89,70.6425,2,22.6,0,0,2,0,10,7.9,False,True,False,True,False,False,75.55666666666666,3.1257743362831856,1.2658227848101264
S4891,John,Johnson,student3891@university.com,20,68.47,54.11,52.78,92.21,82.62,59.0,52.28,62.039,1,29.3,0,0,1,0,2,8.9,False,True,False,False,True,False,65.5,2.117372013651877,0.2247191011235955
S4892,Liam,Williams,student3892@university.com,21,71.16,92.49,51.24,83.42,80.43,0.8,92.51,75.0325,2,7.1,0,1,0,1,5,4.8,False,True,False,False,True,False,66.815,10.567957746478871,1.0416666666666667
S4893,Ahmed,Johnson,student3893@university.com,24,78.19,49.17,61.53,57.91,63.21,29.1,94.33,67.5195,1,14.2,1,0,0,1,8,4.2,False,True,True,False,False,False,59.208333333333336,4.754894366197183,1.9047619047619049
S4894,Maria,Jones,student3894@university.com,24,97.53,79.99,42.15,62.03,78.17,32.8,75.91,64.0705,1,17.3,0,1,2,0,10,4.7,True,False,True,False,False,False,61.84166666666666,3.703497109826589,2.127659574468085
S4895,Emma,Davis,student3895@university.com,23,55.44,55.96,56.98,95.56,85.43,54.7,91.98,75.845,2,15.3,0,0,1,1,6,8.8,False,True,False,True,False,False,73.435,4.957189542483659,0.6818181818181818
S4896,Omar,Williams,student3896@university.com,23,51.65,61.39,79.13,64.44,79.24,90.5,85.17,76.657,2,16.4,1,1,3,1,8,5.6,True,False,True,False,False,False,76.645,4.674207317073171,1.4285714285714286
S4897,Ali,Johnson,student3897@university.com,21,80.4,96.43,78.88,90.94,84.22,83.80000000000001,74.98,82.9315,3,14.2,1,0,2,2,6,5.3,True,False,False,True,False,False,84.87500000000001,5.840246478873239,1.1320754716981132
S4898,Omar,Williams,student3898@university.com,20,97.45,54.43,44.41,64.3,62.8,23.2,68.19,56.809,0,29.3,0,1,0,2,4,7.7,False,True,False,False,False,True,52.88833333333333,1.9388737201365187,0.5194805194805194
S4899,Ali,Davis,student3899@university.com,22,99.49,45.7,57.24,96.97,91.64,51.900000000000006,63.31,66.46249999999999,1,25.1,1,1,1,0,8,4.6,False,True,False,True,False,False,67.79333333333334,2.647908366533864,1.7391304347826089
S4900,Sara,Smith,student3900@university.com,20,74.21,44.16,74.17,95.72,72.48,65.9,62.97,68.95849999999999,1,23.4,0,0,0,0,9,5.7,True,False,False,False,True,False,69.23333333333335,2.946944444444444,1.5789473684210529
S4901,Omar,Brown,student3901@university.com,19,73.4,70.28,59.11,52.16,99.36,98.8,78.1,71.44949999999999,2,15.3,0,1,1,2,5,4.7,False,True,False,True,False,False,76.30166666666666,4.669901960784313,1.0638297872340423
S4902,Maria,Johnson,student3902@university.com,18,82.25,78.5,65.08,88.52,51.16,3.1,58.34,64.096,1,27.0,1,0,2,2,3,8.9,False,True,False,False,False,True,57.45000000000001,2.373925925925926,0.3370786516853932
S4903,Ali,Jones,student3903@university.com,18,77.78,59.64,82.77,58.47,69.02,46.4,58.74,65.253,1,7.3,1,0,3,2,1,5.4,True,False,False,False,True,False,62.50666666666666,8.938767123287672,0.1851851851851851
S4904,John,Smith,student3904@university.com,23,81.7,81.42,40.56,60.76,59.02,98.8,50.52,57.465,0,8.6,0,1,3,1,2,5.3,True,False,False,True,False,False,65.17999999999999,6.681976744186048,0.3773584905660377
S4905,Maria,Johnson,student3905@university.com,22,93.7,43.66,56.58,72.99,77.78,97.7,80.67,68.50649999999999,1,28.9,1,0,2,2,1,7.2,True,False,True,False,False,False,71.56333333333333,2.370467128027681,0.1388888888888889
S4907,Omar,Jones,student3907@university.com,23,74.84,88.99,47.66,66.29,86.87,0.0,94.46,72.232,2,9.0,0,0,3,2,9,7.3,False,True,True,False,False,False,64.045,8.025777777777778,1.2328767123287672
S4908,John,Johnson,student3908@university.com,21,73.09,99.13,97.54,78.77,94.09,58.7,85.28,88.998,3,28.7,1,1,1,2,7,6.3,True,False,False,True,False,False,85.585,3.1009756097560977,1.1111111111111112
S4909,Ali,Davis,student3909@university.com,23,81.98,96.19,62.59,58.53,60.54,86.7,89.28,76.02850000000001,2,29.4,1,1,1,2,10,4.9,False,True,False,True,False,False,75.63833333333334,2.5860034013605446,2.0408163265306123
S4910,Maria,Davis,student3910@university.com,21,72.79,61.37,71.63,51.12,58.03,32.400000000000006,70.84,63.456,1,27.0,0,0,1,0,2,6.4,True,False,False,False,False,True,57.565,2.3502222222222224,0.3125
S4911,Emma,Jones,student3911@university.com,21,72.89,63.96,84.03,78.56,93.77,93.4,64.9,75.9025,2,11.0,0,1,1,0,3,9.0,False,True,False,False,True,False,79.77,6.900227272727273,0.3333333333333333
S4912,Ahmed,Williams,student3912@university.com,19,50.82,84.76,42.85,75.87,68.06,33.3,68.43,63.807,1,12.0,1,1,1,0,3,8.2,True,False,False,False,True,False,62.21166666666667,5.3172500000000005,0.3658536585365854
S4913,Ali,Jones,student3913@university.com,19,58.7,48.04,54.46,84.48,71.73,61.0,54.07,59.937,0,15.2,1,0,2,0,1,8.9,False,True,False,False,True,False,62.296666666666674,3.943223684210526,0.1123595505617977
S4914,Ali,Williams,student3914@university.com,21,74.43,58.84,89.93,82.49,61.05,72.2,81.69,77.904,2,19.5,0,1,1,2,3,8.6,True,False,False,False,True,False,74.36666666666666,3.995076923076923,0.3488372093023256
S4915,Emma,Johnson,student3915@university.com,22,91.13,47.11,91.72,94.87,71.27,34.5,58.74,70.701,2,29.8,0,0,2,0,1,8.1,False,True,False,True,False,False,66.36833333333333,2.3725167785234897,0.1234567901234568
S4916,Maria,Williams,student3916@university.com,19,63.94,67.29,62.38,72.97,61.57,35.2,88.14,70.993,2,28.9,1,1,1,2,3,5.7,False,True,False,True,False,False,64.59166666666667,2.4565051903114186,0.5263157894736842
S4917,Maria,Johnson,student3917@university.com,19,76.13,73.12,62.49,50.42,83.3,47.0,59.5,62.6835,1,28.0,0,0,3,2,3,7.6,True,False,False,False,False,True,62.63833333333334,2.2386964285714286,0.3947368421052631
S4918,Liam,Johnson,student3918@university.com,18,67.25,52.67,85.41,81.53,74.94,83.5,61.41,71.5745,2,7.2,1,1,1,1,5,6.0,False,True,False,False,True,False,73.24333333333333,9.940902777777778,0.8333333333333334
S4919,Omar,Brown,student3919@university.com,23,55.24,41.6,57.7,83.76,89.4,10.1,97.87,72.035,2,23.9,0,0,2,0,3,6.1,False,True,False,True,False,False,63.40500000000001,3.0140167364016737,0.4918032786885246
S4920,John,Johnson,student3920@university.com,18,97.91,83.16,47.03,76.07,65.64,63.1,55.27,61.94199999999999,1,26.9,0,0,2,0,10,8.4,True,False,False,True,False,False,65.045,2.3026765799256506,1.1904761904761905
S4921,Omar,Williams,student3921@university.com,22,92.73,41.2,55.45,84.47,75.28,67.69999999999999,74.94,66.108,1,13.3,1,0,2,1,3,5.0,False,True,False,True,False,False,66.50666666666666,4.970526315789474,0.6
S4922,Emma,Brown,student3922@university.com,19,53.92,98.4,63.24,66.18,62.98,55.8,53.13,65.524,1,10.5,1,1,1,2,1,5.5,False,True,False,True,False,False,66.62166666666667,6.240380952380953,0.1818181818181818
S4923,Omar,Brown,student3923@university.com,24,85.99,53.3,43.13,57.44,96.72,93.6,54.52,58.1015,0,23.7,0,1,1,0,9,8.7,False,True,False,False,True,False,66.45166666666667,2.451540084388186,1.0344827586206895
S4924,Emma,Johnson,student3924@university.com,19,67.38,79.83,68.72,83.23,76.1,60.2,81.68,76.76299999999999,2,7.3,1,1,2,2,1,7.5,True,False,False,False,True,False,74.96,10.515479452054793,0.1333333333333333
S4925,Maria,Jones,student3925@university.com,20,99.74,66.09,84.4,62.26,58.67,63.5,81.54,73.8565,2,28.5,1,0,1,1,7,4.3,True,False,False,True,False,False,69.41000000000001,2.591456140350877,1.627906976744186
S4926,John,Jones,student3926@university.com,22,65.12,43.58,70.82,72.82,63.64,60.0,59.66,62.42699999999999,1,8.9,1,1,1,0,7,4.6,True,False,True,False,False,False,61.75333333333333,7.014269662921347,1.5217391304347827
S4927,Omar,Davis,student3927@university.com,24,61.94,68.33,44.31,74.58,54.15,72.2,93.62,69.625,1,16.4,1,0,1,2,8,6.9,True,False,False,False,False,True,67.865,4.245426829268293,1.1594202898550725
S4928,Ali,Brown,student3928@university.com,23,78.39,71.01,66.41,73.86,51.39,13.5,85.11,69.67999999999999,1,29.6,1,1,1,2,7,8.0,True,False,False,False,True,False,60.21333333333334,2.3540540540540538,0.875
S4929,Sara,Johnson,student3929@university.com,23,91.76,91.28,82.53,79.92,76.3,89.39999999999999,65.03,77.92150000000001,2,29.7,0,1,2,1,10,8.0,False,True,False,False,True,False,80.74333333333334,2.623619528619529,1.25
S4930,Liam,Jones,student3930@university.com,24,59.63,83.94,43.49,51.47,66.86,4.2,62.42,56.806,0,24.4,1,1,1,2,6,6.1,False,True,True,False,False,False,52.06333333333333,2.328114754098361,0.9836065573770492
S4931,Ahmed,Johnson,student3931@university.com,23,85.47,44.76,43.59,99.48,98.19,64.1,87.71,71.8705,2,26.0,1,0,2,1,8,5.3,True,False,False,False,True,False,72.97166666666666,2.76425,1.509433962264151
S4932,Ali,Johnson,student3932@university.com,24,53.07,52.55,62.24,85.82,58.57,61.5,86.68,71.25150000000001,2,29.2,1,1,3,1,10,7.9,False,True,True,False,False,False,67.89333333333333,2.440119863013699,1.2658227848101264
S4933,Maria,Brown,student3933@university.com,22,95.95,58.71,51.7,71.27,89.7,20.8,57.44,59.664,0,28.2,1,1,0,1,4,8.7,False,True,True,False,False,False,58.27,2.115744680851064,0.4597701149425288
S4934,Ahmed,Davis,student3934@university.com,24,54.05,46.98,96.09,59.57,65.8,4.1,67.46,67.02799999999999,1,20.6,1,1,1,0,4,6.2,False,True,False,True,False,False,56.66666666666666,3.25378640776699,0.6451612903225806
S4935,Sara,Brown,student3935@university.com,24,95.71,67.41,74.88,54.01,61.18,13.9,60.83,61.995000000000005,1,23.4,1,1,1,1,3,4.7,False,True,False,False,True,False,55.36833333333332,2.6493589743589747,0.6382978723404255
S4936,Sara,Smith,student3936@university.com,20,74.54,99.06,57.24,83.61,98.48,27.200000000000003,64.71,72.33149999999999,2,19.8,1,1,1,0,8,7.0,True,False,False,False,False,True,71.71666666666667,3.65310606060606,1.1428571428571428
S4937,John,Jones,student3937@university.com,20,72.4,70.88,82.29,65.85,90.13,88.2,64.38,73.81899999999999,2,17.7,0,0,1,2,6,4.4,True,False,True,False,False,False,76.955,4.170564971751412,1.3636363636363635
S4938,Ahmed,Jones,student3938@university.com,18,98.67,84.51,62.5,61.47,81.53,85.60000000000001,98.8,79.595,2,27.0,1,1,2,0,8,7.1,False,True,False,False,False,True,79.06833333333334,2.947962962962963,1.1267605633802815
S4939,John,Jones,student3939@university.com,22,99.52,80.98,47.93,69.0,84.86,6.4,87.51,69.5385,1,23.5,0,0,0,2,8,4.9,False,True,False,True,False,False,62.78,2.959085106382979,1.6326530612244896
S4940,Ali,Williams,student3940@university.com,22,82.51,90.99,54.23,79.65,99.57,28.9,89.0,77.2555,2,26.5,1,0,0,1,7,6.6,True,False,False,False,True,False,73.72333333333333,2.9153018867924527,1.0606060606060606
S4941,Emma,Johnson,student3941@university.com,20,56.36,52.94,78.56,83.59,79.66,88.9,63.87,71.6915,2,7.4,1,0,0,0,3,7.1,False,True,False,True,False,False,74.58666666666666,9.68804054054054,0.4225352112676057
S4942,Emma,Brown,student3942@university.com,21,75.31,85.23,43.11,82.26,55.1,23.700000000000003,50.03,57.605,0,19.4,1,0,0,0,5,6.2,False,True,False,True,False,False,56.57166666666668,2.9693298969072166,0.8064516129032258
S4943,Emma,Jones,student3943@university.com,21,76.46,92.88,56.36,93.16,53.24,99.6,52.91,68.173,1,13.2,1,1,1,0,2,8.1,False,True,False,False,False,True,74.69166666666666,5.1646212121212125,0.2469135802469136
S4944,Ahmed,Smith,student3944@university.com,18,75.72,50.29,52.5,60.94,83.33,25.7,77.65,62.7225,1,17.8,1,1,1,1,1,5.9,True,False,False,False,False,True,58.40166666666666,3.5237359550561798,0.1694915254237288
S4945,Emma,Jones,student3945@university.com,21,78.47,60.81,52.07,81.84,82.88,73.89999999999999,64.27,65.679,1,20.3,1,0,3,1,3,4.8,True,False,True,False,False,False,69.295,3.2354187192118227,0.625
S4946,Ali,Davis,student3946@university.com,21,50.94,98.21,80.97,55.06,87.41,41.7,59.65,71.954,2,26.1,1,0,1,0,4,6.3,False,True,False,False,True,False,70.49999999999999,2.7568582375478923,0.6349206349206349
S4948,Ahmed,Johnson,student3948@university.com,19,85.62,56.96,82.95,79.2,97.25,25.5,93.79,80.2985,3,9.1,0,0,2,1,2,8.4,False,True,True,False,False,False,72.60833333333333,8.82401098901099,0.238095238095238
S4949,John,Brown,student3949@university.com,18,55.77,73.84,78.74,60.81,77.56,67.5,80.01,75.01650000000001,2,28.0,1,0,3,0,3,5.6,False,True,True,False,False,False,73.07666666666667,2.6791607142857146,0.5357142857142857
S4950,Ahmed,Williams,student3950@university.com,20,78.51,64.26,94.99,69.58,82.48,33.7,55.37,70.3675,2,29.2,0,0,3,1,8,5.2,False,True,False,True,False,False,66.73,2.409845890410959,1.5384615384615383
S4951,John,Brown,student3951@university.com,21,78.42,69.4,43.5,91.36,51.74,60.4,88.32,69.679,1,6.4,0,1,3,2,9,6.4,False,True,False,True,False,False,67.45333333333333,10.88734375,1.40625
S4952,Sara,Jones,student3952@university.com,23,84.12,61.31,50.05,57.42,98.05,20.6,87.79,67.494,1,13.3,0,1,1,0,2,7.3,True,False,True,False,False,False,62.53666666666667,5.074736842105263,0.273972602739726
S4954,Emma,Smith,student3954@university.com,19,81.33,80.49,62.35,96.64,78.17,51.2,59.42,70.36,2,23.9,0,1,0,2,1,7.1,False,True,False,True,False,False,71.37833333333334,2.9439330543933058,0.1408450704225352
S4955,Sara,Brown,student3955@university.com,21,64.04,86.71,65.08,75.21,97.18,41.3,90.7,79.551,2,22.0,0,1,0,0,4,8.2,True,False,False,False,False,True,76.03,3.6159545454545454,0.4878048780487805
S4956,John,Williams,student3956@university.com,24,75.35,92.44,52.39,86.26,96.47,19.8,66.48,70.4835,2,19.1,0,1,1,2,9,7.5,False,True,False,False,True,False,68.97333333333333,3.690235602094241,1.2
S4957,Ahmed,Brown,student3957@university.com,24,88.67,49.32,48.97,91.34,61.01,46.2,92.37,69.4635,1,22.3,0,1,0,1,1,4.5,False,True,True,False,False,False,64.86833333333333,3.1149551569506726,0.2222222222222222
S4958,Ahmed,Johnson,student3958@university.com,19,85.28,89.37,70.55,60.19,96.55,69.3,52.18,68.8455,1,18.4,1,1,3,2,3,8.5,True,False,False,True,False,False,73.02333333333334,3.7416032608695655,0.3529411764705882
S4959,Liam,Jones,student3959@university.com,18,55.95,55.29,95.68,60.91,86.83,96.5,74.96,77.346,2,11.0,1,1,0,2,7,5.0,True,False,True,False,False,False,78.36166666666666,7.031454545454546,1.4
S4960,Ahmed,Jones,student3960@university.com,23,79.56,65.64,63.52,87.93,50.95,79.0,58.98,65.6545,1,23.9,0,0,3,0,8,5.8,False,True,False,False,True,False,67.67,2.747050209205021,1.3793103448275863
S4961,Maria,Jones,student3961@university.com,23,98.46,94.09,42.6,87.67,61.99,16.1,83.6,69.99799999999999,1,24.6,1,0,3,0,7,8.2,False,True,True,False,False,False,64.34166666666668,2.845447154471544,0.853658536585366
S4962,Ali,Jones,student3962@university.com,23,57.84,67.27,82.37,53.01,70.65,27.3,99.86,77.02250000000001,2,26.4,0,1,1,2,7,8.9,True,False,True,False,False,False,66.74333333333333,2.91751893939394,0.7865168539325842
S4963,Ahmed,Jones,student3963@university.com,21,92.65,51.82,57.47,66.12,79.14,7.9,70.63,61.5565,1,28.9,0,1,0,2,6,5.6,True,False,True,False,False,False,55.51333333333333,2.1299826989619377,1.0714285714285714
S4964,Sara,Jones,student3964@university.com,19,85.13,49.59,54.71,69.93,85.07,13.6,55.02,57.2985,0,23.7,1,1,2,2,7,5.9,False,True,False,False,False,True,54.653333333333336,2.417658227848101,1.1864406779661016
S4965,Liam,Smith,student3965@university.com,23,88.7,68.38,59.46,91.45,60.51,25.1,65.88,65.90950000000001,1,6.4,1,1,0,1,7,6.4,False,True,False,False,True,False,61.796666666666674,10.298359375,1.09375
S4967,Maria,Jones,student3967@university.com,24,64.39,99.83,89.13,96.3,92.29,21.4,88.29,88.488,3,23.5,1,0,1,1,9,7.8,True,False,True,False,False,False,81.20666666666666,3.7654468085106383,1.153846153846154
S4969,Sara,Davis,student3969@university.com,22,67.99,92.62,59.35,89.04,96.05,30.1,97.68,82.50050000000002,3,12.9,1,1,1,0,10,9.0,True,False,False,False,True,False,77.47333333333334,6.3953875968992255,1.1111111111111112
S4970,Maria,Jones,student3970@university.com,19,53.15,84.87,58.63,83.32,90.65,12.6,81.11,73.91400000000002,2,8.4,1,0,1,0,10,8.0,False,True,False,True,False,False,68.53000000000002,8.799285714285716,1.25
S4971,Emma,Brown,student3971@university.com,21,80.03,93.73,47.46,69.59,61.08,27.8,58.4,61.381,1,29.2,1,0,2,0,8,5.5,True,False,False,False,False,True,59.67666666666667,2.1020890410958906,1.4545454545454546
S4972,Omar,Jones,student3972@university.com,21,56.24,44.58,96.0,53.35,89.93,68.8,78.62,74.7085,2,12.9,0,1,1,2,9,5.8,True,False,False,False,True,False,71.88000000000001,5.791356589147287,1.5517241379310345
S4974,Sara,Smith,student3974@university.com,18,82.09,63.78,41.62,68.09,56.88,17.2,90.98,64.0275,1,28.7,1,1,1,0,4,7.4,True,False,False,True,False,False,56.425,2.2309233449477355,0.5405405405405405
S4975,John,Brown,student3975@university.com,23,93.74,95.3,79.74,67.54,98.93,6.800000000000001,67.21,74.757,2,20.2,0,1,1,2,9,4.4,False,True,False,True,False,False,69.25333333333333,3.700841584158416,2.0454545454545454
S4977,Liam,Johnson,student3977@university.com,24,55.61,82.91,98.35,73.18,76.11,84.2,90.6,87.00200000000001,3,25.8,0,1,1,1,8,5.0,True,False,False,False,False,True,84.22500000000001,3.372170542635659,1.6
S4978,Ali,Jones,student3978@university.com,18,69.05,84.14,89.14,87.6,88.69,5.9,83.73,82.32900000000001,3,8.8,0,1,1,2,2,6.5,True,False,False,False,False,True,73.2,9.355568181818182,0.3076923076923077
S4979,Maria,Smith,student3979@university.com,21,88.73,99.81,50.28,69.91,89.52,54.2,62.93,68.56899999999999,1,25.1,1,0,0,2,7,4.8,False,True,False,False,True,False,71.10833333333333,2.7318326693227086,1.4583333333333337
S4980,Emma,Brown,student3980@university.com,24,70.87,86.13,83.21,57.54,86.73,65.1,98.52,83.83699999999999,3,20.1,1,0,3,0,9,6.9,False,True,False,False,True,False,79.53833333333331,4.170995024875621,1.3043478260869563
S4981,Ali,Smith,student3981@university.com,20,98.62,62.95,69.13,73.07,76.47,59.2,77.43,71.5215,2,9.4,1,0,3,2,10,6.3,False,True,False,False,True,False,69.70833333333333,7.608670212765958,1.5873015873015874
S4982,Emma,Brown,student3982@university.com,18,86.79,73.43,51.22,97.55,82.55,87.8,95.38,79.711,2,23.8,1,0,3,1,4,6.0,False,True,False,False,True,False,81.32166666666667,3.3492016806722686,0.6666666666666666
S4983,Emma,Jones,student3983@university.com,19,50.77,61.99,81.92,90.08,85.0,86.6,60.79,74.3575,2,16.4,0,0,1,2,8,7.2,False,True,True,False,False,False,77.73,4.533993902439025,1.1111111111111112
S4984,Maria,Davis,student3984@university.com,22,94.0,51.76,72.84,60.29,74.73,5.699999999999999,99.17,72.5265,2,21.0,1,0,3,1,7,6.1,False,True,False,False,False,True,60.748333333333335,3.453642857142857,1.1475409836065575
S4985,Maria,Brown,student3985@university.com,18,55.04,54.91,41.82,69.57,79.78,36.1,90.8,66.14999999999999,1,26.7,1,1,0,0,10,6.0,True,False,False,True,False,False,62.16333333333333,2.4775280898876404,1.6666666666666667
S4986,Maria,Davis,student3986@university.com,18,57.03,53.32,78.8,96.39,92.32,67.1,97.46,83.9815,3,11.5,0,0,1,2,3,7.3,True,False,True,False,False,False,80.89833333333333,7.302739130434782,0.4109589041095891
S4987,Ali,Brown,student3987@university.com,19,86.72,72.93,78.1,56.18,65.64,95.2,60.62,68.4015,1,14.1,0,1,1,1,1,4.3,True,False,False,False,True,False,71.44500000000001,4.8511702127659575,0.2325581395348837
S4988,Omar,Williams,student3988@university.com,21,93.25,94.37,48.65,62.7,76.16,80.5,71.53,68.823,1,29.9,0,1,0,1,8,6.2,False,True,False,False,True,False,72.31833333333333,2.301772575250836,1.2903225806451613
S4989,Maria,Jones,student3989@university.com,23,76.82,94.76,60.94,63.11,50.42,17.7,54.88,61.30649999999999,1,17.7,1,0,1,0,9,5.0,True,False,True,False,False,False,56.96833333333333,3.46364406779661,1.8
S4990,Liam,Johnson,student3990@university.com,19,64.45,43.29,75.15,78.55,84.37,27.9,56.85,63.950500000000005,1,19.0,0,0,1,2,5,4.2,True,False,False,True,False,False,61.01833333333334,3.3658157894736846,1.1904761904761905
S4991,Ali,Davis,student3991@university.com,23,67.57,44.79,48.33,70.54,59.77,76.39999999999999,64.2,58.43899999999999,0,12.1,1,1,2,0,4,4.2,False,True,False,False,False,True,60.671666666666674,4.829669421487603,0.9523809523809524
S4992,Maria,Johnson,student3992@university.com,18,67.14,54.71,91.16,53.99,74.05,47.1,97.58,78.12899999999999,2,15.4,0,0,1,1,2,4.8,True,False,False,False,False,True,69.765,5.073311688311688,0.4166666666666667
S4993,Ahmed,Jones,student3993@university.com,21,66.33,55.3,41.65,81.46,60.51,54.7,83.36,64.7205,1,17.5,0,1,2,0,1,6.2,False,True,False,True,False,False,62.82999999999999,3.698314285714286,0.1612903225806451
S4994,Emma,Johnson,student3994@university.com,20,62.15,45.69,46.17,54.95,51.18,60.9,65.73,54.520500000000006,0,11.5,0,1,2,1,4,6.8,True,False,False,False,False,True,54.10333333333333,4.740913043478261,0.5882352941176471
S4995,Liam,Jones,student3995@university.com,18,80.44,63.31,46.97,80.32,74.16,10.3,97.73,70.53699999999999,2,11.0,1,1,0,2,8,8.0,False,True,False,False,True,False,62.13166666666667,6.412454545454545,1.0
S4996,Maria,Johnson,student3996@university.com,19,95.02,75.26,71.69,75.35,71.24,85.60000000000001,86.99,78.015,2,20.0,0,1,1,1,9,7.0,False,True,False,False,True,False,77.68833333333333,3.90075,1.2857142857142858
S4997,Sara,Davis,student3997@university.com,20,65.35,74.69,77.21,74.68,71.26,86.30000000000001,95.35,81.75399999999999,3,9.6,0,0,0,2,1,6.6,False,True,False,False,True,False,79.915,8.516041666666666,0.1515151515151515
S4998,Emma,Williams,student3998@university.com,22,59.33,72.61,64.22,53.37,60.44,46.8,96.36,72.244,2,18.8,1,1,3,1,4,4.2,True,False,False,False,True,False,65.63333333333334,3.842765957446809,0.9523809523809524
S4999,Emma,Johnson,student3999@university.com,20,91.93,60.32,57.32,81.96,97.36,62.7,87.54,74.805,2,22.7,1,1,2,0,5,5.5,True,False,False,True,False,False,74.53333333333333,3.2953744493392074,0.9090909090909092
S5000,Maria,Davis,student4000@university.com,19,87.09,82.39,88.56,71.57,50.18,66.0,62.16,72.19999999999999,2,10.0,0,1,1,0,2,7.5,False,True,False,False,False,True,70.14333333333333,7.219999999999999,0.2666666666666666
S5001,Omar,Brown,student4001@university.com,24,96.54,89.59,44.1,70.56,94.58,19.0,99.83,75.4045,2,23.6,1,1,1,1,2,5.4,False,True,False,False,False,True,69.61,3.195105932203389,0.3703703703703703
S5002,John,Jones,student4002@university.com,20,58.28,60.78,56.82,79.82,86.85,11.3,66.25,64.42,1,14.0,1,0,2,1,3,7.0,True,False,True,False,False,False,60.303333333333335,4.601428571428571,0.4285714285714285
S5003,Omar,Smith,student4003@university.com,19,57.21,45.13,42.35,80.31,58.6,2.1,83.59,60.4455,1,29.8,1,1,1,0,1,7.0,True,False,False,True,False,False,52.01333333333334,2.0283724832214767,0.1428571428571428
S5004,Maria,Smith,student4004@university.com,24,77.07,57.78,40.83,50.75,73.61,91.3,92.24,66.085,1,29.5,1,1,3,0,8,5.5,False,True,False,False,False,True,67.75166666666668,2.2401694915254238,1.4545454545454546
S5005,Emma,Jones,student4005@university.com,18,80.72,48.24,61.2,56.26,99.44,34.6,58.76,60.277,1,25.0,0,1,0,1,1,6.9,True,False,False,False,False,True,59.75,2.41108,0.144927536231884
S5006,Liam,Williams,student4006@university.com,24,74.01,68.04,51.69,61.83,82.18,8.6,80.45,65.186,1,13.6,1,1,1,1,4,4.6,True,False,True,False,False,False,58.79833333333334,4.793088235294118,0.8695652173913044
S5007,Sara,Johnson,student4007@university.com,21,79.95,49.36,56.1,83.9,56.37,46.6,68.76,62.609,1,28.4,1,1,1,0,7,7.6,True,False,False,False,True,False,60.18166666666667,2.2045422535211268,0.9210526315789476
S5008,Liam,Williams,student4008@university.com,22,59.02,67.77,89.26,78.84,72.88,7.6,62.21,70.6375,2,30.0,0,1,2,2,3,4.1,False,True,False,False,False,True,63.09333333333333,2.3545833333333333,0.7317073170731708
S5009,Liam,Smith,student4009@university.com,24,73.98,53.26,49.78,87.88,73.41,8.5,50.59,56.559,0,16.6,0,0,1,2,9,4.2,False,True,False,False,True,False,53.90333333333333,3.4071686746987946,2.142857142857143
S5010,Emma,Davis,student4010@university.com,21,82.9,84.32,86.81,87.03,90.11,48.9,93.6,86.941,3,20.4,0,0,3,2,3,8.4,True,False,True,False,False,False,81.795,4.261813725490197,0.3571428571428571
S5013,Ali,Williams,student4013@university.com,24,72.56,50.17,72.79,67.25,65.7,65.6,80.03,69.6695,1,17.5,1,0,1,1,5,7.0,True,False,False,True,False,False,66.92333333333333,3.981114285714286,0.7142857142857143
S5014,Ahmed,Davis,student4014@university.com,19,66.68,40.06,66.67,91.55,64.92,66.8,81.05,70.556,2,20.2,0,0,1,2,2,5.8,False,True,False,False,True,False,68.50833333333334,3.492871287128713,0.3448275862068966
S5015,Emma,Williams,student4015@university.com,19,65.18,92.15,47.7,61.88,99.8,43.3,91.43,74.6035,2,12.8,1,0,3,0,8,5.3,False,True,False,False,True,False,72.71000000000001,5.8283984375,1.509433962264151
S5016,Maria,Johnson,student4016@university.com,22,70.55,80.29,94.43,73.06,77.96,64.4,75.47,80.267,3,7.5,1,0,1,2,9,8.1,False,True,False,False,True,False,77.60166666666667,10.702266666666668,1.1111111111111112
S5017,Ali,Brown,student4017@university.com,19,51.15,45.94,74.18,59.72,93.99,30.5,67.86,65.676,1,24.6,1,0,2,1,5,6.4,True,False,False,False,True,False,62.031666666666666,2.6697560975609758,0.78125
S5018,Ahmed,Davis,student4018@university.com,23,83.43,79.84,92.81,95.69,71.3,44.1,56.94,75.949,2,15.5,0,0,1,0,6,5.5,True,False,False,True,False,False,73.44666666666667,4.899935483870968,1.0909090909090908
S5019,Maria,Brown,student4019@university.com,19,92.26,76.7,89.43,70.39,86.14,39.3,78.52,78.55600000000001,2,21.2,0,1,1,1,4,8.7,False,True,True,False,False,False,73.41333333333333,3.705471698113208,0.4597701149425288
S5020,Liam,Johnson,student4020@university.com,19,67.73,68.4,44.79,60.62,64.33,32.9,77.66,61.9265,1,21.3,0,1,0,1,10,4.8,False,True,False,False,True,False,58.11666666666665,2.9073474178403758,2.083333333333333
S5021,John,Brown,student4021@university.com,19,52.3,65.16,52.44,84.6,95.59,23.9,64.69,65.735,1,18.7,1,0,2,0,7,4.7,False,True,False,False,True,False,64.39666666666666,3.51524064171123,1.4893617021276595
S5022,Maria,Smith,student4022@university.com,18,99.34,93.22,48.72,62.23,72.76,7.800000000000001,80.0,67.1635,1,9.5,0,1,1,1,10,4.5,True,False,False,False,False,True,60.78833333333333,7.069842105263158,2.2222222222222223
S5023,Sara,Brown,student4023@university.com,22,63.18,54.71,89.85,97.18,90.19,50.6,71.97,78.386,2,20.4,1,0,2,1,5,4.6,True,False,False,False,False,True,75.75,3.8424509803921567,1.0869565217391306
S5024,Sara,Johnson,student4024@university.com,23,56.33,63.9,91.75,68.38,62.79,53.7,90.28,78.8275,2,13.1,1,0,0,2,5,5.3,True,False,False,True,False,False,71.8,6.0173664122137405,0.9433962264150944
S5025,John,Brown,student4025@university.com,19,68.49,59.75,71.68,83.23,84.68,33.6,77.97,72.906,2,25.5,1,1,1,1,1,7.5,False,True,False,True,False,False,68.48500000000001,2.859058823529412,0.1333333333333333
S5026,Ali,Jones,student4026@university.com,22,86.93,86.27,46.25,67.26,70.26,97.6,96.68,75.50200000000001,2,9.8,0,0,2,1,2,7.4,False,True,False,True,False,False,77.38666666666667,7.704285714285715,0.2702702702702702
S5027,Ahmed,Williams,student4027@university.com,20,64.7,94.99,48.14,90.36,51.57,55.7,75.9,70.5495,2,12.3,1,0,2,1,2,7.8,True,False,False,False,False,True,69.44333333333333,5.735731707317073,0.2564102564102564
S5028,Maria,Smith,student4028@university.com,18,78.74,90.99,88.81,94.85,70.65,88.9,94.37,89.8995,3,16.0,0,1,1,2,4,6.9,False,True,False,False,True,False,88.09499999999998,5.61871875,0.5797101449275363
S5029,Sara,Jones,student4029@university.com,24,70.78,87.86,95.75,89.4,77.5,57.0,76.03,83.9355,3,23.5,1,1,1,1,5,6.5,False,True,False,False,False,True,80.58999999999999,3.5717234042553194,0.7692307692307693
S5030,Ali,Jones,student4030@university.com,19,55.89,99.21,51.97,92.42,57.59,19.0,77.9,71.816,2,23.0,1,1,2,1,10,6.2,False,True,True,False,False,False,66.34833333333334,3.122434782608696,1.6129032258064515
S5031,John,Johnson,student4031@university.com,23,66.51,81.83,40.67,55.09,59.2,97.5,68.34,62.0025,1,13.4,0,1,1,2,4,8.4,False,True,False,True,False,False,67.105,4.62705223880597,0.4761904761904761
S5032,Omar,Williams,student4032@university.com,18,86.24,85.06,59.86,96.2,73.24,88.5,70.01,74.90599999999999,2,17.8,1,0,1,2,3,5.7,True,False,False,True,False,False,78.81166666666667,4.208202247191011,0.5263157894736842
S5033,Emma,Williams,student4033@university.com,23,80.6,98.97,41.83,81.22,67.14,47.1,96.66,75.553,2,10.9,1,0,1,0,4,8.5,False,True,False,True,False,False,72.15333333333335,6.931467889908256,0.4705882352941176
S5034,Omar,Davis,student4034@university.com,24,55.99,40.42,89.68,93.46,72.04,24.3,61.16,69.269,1,24.3,1,1,1,0,5,5.4,True,False,True,False,False,False,63.51000000000001,2.850576131687243,0.9259259259259258
S5035,Omar,Smith,student4035@university.com,24,58.17,78.04,69.49,84.22,73.04,22.3,56.07,66.95150000000001,1,9.9,1,1,1,1,3,4.8,True,False,False,False,True,False,63.86000000000001,6.762777777777779,0.625
S5036,Sara,Johnson,student4036@university.com,18,82.04,84.34,78.51,60.09,57.0,80.60000000000001,91.51,78.47500000000001,2,25.5,0,0,1,2,6,5.3,False,True,False,False,True,False,75.34166666666668,3.077450980392157,1.1320754716981132
S5037,Liam,Smith,student4037@university.com,20,90.67,95.07,64.69,80.48,59.06,6.9,78.85,72.411,2,28.4,0,0,1,0,4,6.5,True,False,False,False,True,False,64.175,2.549683098591549,0.6153846153846154
S5038,Liam,Davis,student4038@university.com,22,67.47,93.03,60.73,54.55,92.41,63.8,64.23,69.0195,1,29.8,1,0,2,0,2,8.6,True,False,False,True,False,False,71.45833333333334,2.3160906040268454,0.2325581395348837
S5039,John,Brown,student4039@university.com,18,79.77,90.52,53.33,84.79,58.14,64.0,71.62,70.129,2,26.4,0,0,3,2,3,4.9,False,True,False,False,True,False,70.39999999999999,2.6564015151515155,0.6122448979591836
S5040,Maria,Jones,student4040@university.com,21,58.53,96.75,86.23,70.45,83.3,18.2,76.25,78.7525,2,10.5,0,1,3,1,1,6.9,True,False,False,False,False,True,71.86333333333333,7.500238095238095,0.144927536231884
S5041,Liam,Smith,student4041@university.com,24,65.57,72.24,81.73,57.59,70.93,70.5,79.61,74.408,2,15.4,0,0,1,1,10,5.1,True,False,False,True,False,False,72.10000000000001,4.831688311688311,1.9607843137254903
S5042,Omar,Jones,student4042@university.com,20,51.01,40.42,61.64,98.96,98.41,70.5,91.05,76.99799999999999,2,7.2,1,1,3,2,7,7.4,True,False,True,False,False,False,76.83,10.694166666666666,0.945945945945946
S5043,Liam,Johnson,student4043@university.com,24,88.41,40.66,59.27,95.05,53.31,35.0,69.72,63.17100000000001,1,9.1,0,0,1,1,5,6.3,True,False,True,False,False,False,58.835,6.941868131868133,0.7936507936507937
S5045,Ahmed,Johnson,student4045@university.com,20,90.81,66.12,43.81,89.44,74.57,83.3,91.74,73.4305,2,21.0,0,0,0,1,5,8.3,True,False,False,True,False,False,74.83,3.496690476190476,0.6024096385542168
S5046,Sara,Brown,student4046@university.com,24,85.42,67.07,77.4,84.6,50.27,52.3,92.19,77.3995,2,18.3,1,1,1,0,1,5.7,True,False,False,False,False,True,70.63833333333334,4.22948087431694,0.175438596491228
S5047,Sara,Brown,student4047@university.com,21,91.44,64.02,70.88,82.75,63.18,61.8,62.71,67.9565,1,27.9,1,1,3,2,3,8.7,True,False,False,False,False,True,67.55666666666666,2.4357168458781366,0.3448275862068966
S5048,Maria,Jones,student4048@university.com,21,64.28,95.06,66.09,55.3,70.38,41.3,67.51,68.4325,1,16.6,0,1,1,1,9,6.3,False,True,False,True,False,False,65.94,4.122439759036144,1.4285714285714286
S5049,Liam,Johnson,student4049@university.com,24,59.26,61.55,89.65,95.03,65.71,15.0,79.75,77.1455,2,21.1,0,1,1,1,7,8.7,False,True,False,False,True,False,67.78166666666667,3.656184834123223,0.8045977011494253
S5050,Liam,Johnson,student4050@university.com,24,98.6,91.37,70.23,94.06,68.12,99.8,94.29,85.461,3,15.0,1,1,1,2,7,5.2,False,True,True,False,False,False,86.31166666666667,5.6974,1.346153846153846
S5051,Emma,Smith,student4051@university.com,23,85.87,94.17,63.07,87.39,95.83,53.2,89.52,82.1005,3,25.7,1,0,2,1,5,8.5,True,False,True,False,False,False,80.52999999999999,3.1945719844357976,0.5882352941176471
S5052,Ali,Johnson,student4052@university.com,18,91.7,69.97,49.68,96.37,68.05,33.6,79.2,69.616,1,28.2,0,0,2,0,3,5.7,True,False,False,False,False,True,66.145,2.4686524822695035,0.5263157894736842
S5053,Ahmed,Smith,student4053@university.com,18,50.66,66.82,89.24,77.65,70.94,71.39999999999999,99.19,84.4015,3,15.8,1,0,3,1,10,7.8,True,False,False,False,False,True,79.20666666666666,5.341867088607595,1.2820512820512822
S5054,Sara,Williams,student4054@university.com,20,67.72,85.66,74.57,72.38,88.06,62.1,71.95,75.84450000000001,2,7.1,0,0,2,0,4,8.8,False,True,False,False,False,True,75.78666666666666,10.682323943661974,0.4545454545454545
S5055,Ahmed,Williams,student4055@university.com,22,87.14,82.48,45.55,98.4,89.69,23.3,92.12,76.2895,2,9.1,1,0,1,1,4,8.6,False,True,True,False,False,False,71.92333333333333,8.383461538461539,0.4651162790697674
S5056,Sara,Williams,student4056@university.com,24,53.9,59.71,78.93,73.21,54.2,87.69999999999999,90.92,76.7515,2,23.0,1,0,2,0,6,6.3,False,True,False,False,False,True,74.11166666666666,3.337021739130434,0.9523809523809524
S5057,Ahmed,Davis,student4057@university.com,23,78.37,46.15,65.5,82.07,85.2,7.1,95.4,73.103,2,13.1,0,0,0,0,6,5.7,True,False,True,False,False,False,63.570000000000014,5.580381679389313,1.0526315789473684
S5058,John,Johnson,student4058@university.com,18,71.45,55.89,88.68,68.65,74.13,60.6,99.38,81.10799999999999,3,24.6,1,1,3,1,7,7.1,False,True,True,False,False,False,74.555,3.2970731707317067,0.9859154929577464
S5059,Omar,Davis,student4059@university.com,18,50.88,47.86,95.13,81.82,56.69,47.8,74.78,73.72749999999999,2,23.7,1,1,1,1,8,7.5,False,True,False,False,True,False,67.34666666666668,3.110864978902953,1.0666666666666669
S5060,Sara,Johnson,student4060@university.com,23,61.8,57.68,76.03,86.0,63.24,31.8,59.78,66.4075,1,22.4,1,0,1,2,9,6.7,True,False,False,False,True,False,62.42166666666666,2.964620535714286,1.343283582089552
S5061,Ahmed,Smith,student4061@university.com,19,64.24,55.71,83.9,81.23,52.25,82.6,73.04,72.78300000000002,2,25.4,1,1,0,0,8,8.2,False,True,False,False,True,False,71.45500000000001,2.865472440944883,0.9756097560975612
S5062,Liam,Davis,student4062@university.com,23,55.59,78.26,43.4,75.73,68.01,65.6,92.69,71.8365,2,23.9,1,1,1,2,9,4.3,True,False,False,False,False,True,70.615,3.0057112970711297,2.0930232558139537
S5063,Ali,Davis,student4063@university.com,18,81.58,97.27,73.62,65.01,62.77,75.9,91.81,80.362,3,20.8,1,1,1,1,9,7.0,False,True,True,False,False,False,77.72999999999999,3.863557692307692,1.2857142857142858
S5065,John,Brown,student4065@university.com,19,63.88,95.6,69.81,95.42,79.02,94.2,52.37,74.4285,2,17.9,1,0,2,0,7,4.2,True,False,True,False,False,False,81.07,4.158016759776537,1.6666666666666663
S5066,Ali,Smith,student4066@university.com,21,94.91,87.05,75.61,50.35,86.62,34.5,75.49,72.54650000000001,2,19.9,0,0,3,0,3,4.1,True,False,False,False,True,False,68.27,3.645552763819096,0.7317073170731708
S5067,Ahmed,Williams,student4067@university.com,23,73.36,83.67,93.94,56.7,80.27,53.1,73.71,77.3355,2,29.0,1,0,0,2,5,7.0,True,False,False,False,True,False,73.565,2.6667413793103445,0.7142857142857143
S5068,Liam,Smith,student4068@university.com,21,69.61,64.84,51.89,55.99,83.92,93.4,54.29,60.446000000000005,1,21.3,1,0,0,0,10,4.6,True,False,False,False,False,True,67.38833333333334,2.8378403755868544,2.173913043478261
S5069,Maria,Brown,student4069@university.com,19,86.19,59.49,45.89,96.16,93.28,8.299999999999999,89.74,71.485,2,19.4,0,1,2,2,9,7.8,False,True,True,False,False,False,65.47666666666667,3.68479381443299,1.153846153846154
S5070,Ali,Johnson,student4070@university.com,19,95.48,90.78,81.44,83.14,93.69,10.9,64.18,75.616,2,18.5,0,0,1,0,8,8.7,True,False,False,False,False,True,70.68833333333333,4.087351351351352,0.9195402298850576
S5072,Ali,Davis,student4072@university.com,20,72.41,67.11,91.03,79.14,57.66,97.1,55.07,71.837,2,15.7,1,0,2,1,6,8.0,True,False,False,False,False,True,74.51833333333333,4.575605095541402,0.75
S5073,Ali,Williams,student4073@university.com,23,80.54,40.54,78.5,73.09,62.55,77.2,93.04,74.6965,2,8.4,1,1,1,0,5,7.0,True,False,False,False,True,False,70.82000000000001,8.892440476190476,0.7142857142857143
S5075,Ahmed,Johnson,student4075@university.com,22,88.62,57.1,82.04,58.05,67.94,50.6,69.42,67.9325,1,13.2,0,1,0,0,4,7.3,True,False,True,False,False,False,64.19166666666668,5.146401515151516,0.547945205479452
S5076,Maria,Smith,student4076@university.com,22,98.57,40.59,45.24,69.07,56.58,25.7,81.47,59.143,0,21.1,1,1,2,2,6,8.0,False,True,False,False,False,True,53.10833333333333,2.8029857819905213,0.75
S5077,Omar,Brown,student4077@university.com,21,97.17,88.3,85.72,73.31,64.39,43.3,59.37,72.0865,2,26.7,0,0,2,0,8,8.9,True,False,False,False,True,False,69.065,2.699868913857678,0.898876404494382
S5078,Sara,Johnson,student4078@university.com,21,63.3,71.04,50.76,64.92,98.77,43.1,99.27,74.897,2,25.3,1,0,0,1,8,7.3,True,False,False,True,False,False,71.31,2.9603557312252966,1.095890410958904
S5079,Ali,Smith,student4079@university.com,24,61.32,81.11,54.2,68.56,67.35,3.6,89.81,69.8585,1,12.4,1,1,0,1,3,7.7,False,True,False,False,False,True,60.77166666666668,5.63375,0.3896103896103896
S5081,Emma,Williams,student4081@university.com,23,72.93,72.47,58.87,59.9,50.32,48.0,57.67,59.306,0,15.1,1,0,1,1,1,6.8,False,True,False,False,True,False,57.87166666666667,3.927549668874172,0.1470588235294117
S5082,Omar,Brown,student4082@university.com,18,60.41,70.19,59.3,66.77,85.97,66.6,50.89,62.563,1,12.9,0,0,2,0,1,4.3,True,False,True,False,False,False,66.62,4.849844961240311,0.2325581395348837
S5083,Ali,Davis,student4083@university.com,21,85.35,57.44,50.16,89.79,70.68,51.6,79.27,68.05349999999999,1,14.3,0,1,2,2,1,4.8,False,True,True,False,False,False,66.49,4.7589860139860125,0.2083333333333333
S5084,Ali,Brown,student4084@university.com,19,64.22,58.31,57.63,59.12,55.16,86.19999999999999,57.21,59.011,0,19.0,1,1,1,2,9,5.9,True,False,True,False,False,False,62.271666666666654,3.105842105263158,1.5254237288135593
S5086,Ahmed,Brown,student4086@university.com,19,93.96,66.94,68.37,53.25,88.87,41.0,70.8,67.29799999999999,1,14.3,0,1,3,0,9,4.4,False,True,False,True,False,False,64.87166666666667,4.706153846153845,2.0454545454545454
S5087,Ahmed,Williams,student4087@university.com,20,58.12,49.81,86.12,77.86,86.31,57.1,66.93,72.24549999999999,2,19.0,1,1,0,2,10,6.7,True,False,False,False,True,False,70.68833333333335,3.8023947368421047,1.4925373134328357
S5088,Sara,Davis,student4088@university.com,18,53.22,45.67,91.73,80.56,97.89,20.3,53.68,68.775,1,15.8,0,1,0,1,5,4.1,False,True,False,False,False,True,64.97166666666668,4.352848101265823,1.2195121951219514
S5089,Maria,Smith,student4089@university.com,18,63.46,68.38,89.23,93.28,70.37,39.3,99.8,85.49849999999999,3,21.7,0,1,3,0,7,7.8,False,True,False,False,True,False,76.72666666666667,3.940023041474654,0.8974358974358975
S5090,Sara,Davis,student4090@university.com,24,80.35,67.9,64.99,90.96,85.93,68.60000000000001,97.8,81.4395,3,9.7,1,1,2,1,4,7.3,True,False,False,False,True,False,79.36333333333333,8.395824742268042,0.547945205479452
S5091,John,Johnson,student4091@university.com,23,56.15,79.21,83.83,64.27,60.31,41.2,56.58,67.5445,1,8.8,1,1,0,2,2,6.6,True,False,False,False,True,False,64.23333333333333,7.675511363636363,0.303030303030303
S5092,Ali,Smith,student4092@university.com,23,73.58,68.26,57.27,56.85,84.86,90.7,66.64,66.09700000000001,1,12.7,0,0,1,0,6,6.9,True,False,False,False,False,True,70.76333333333334,5.204488188976379,0.8695652173913043
S5093,Omar,Johnson,student4093@university.com,22,81.37,48.61,43.33,57.8,50.7,61.5,69.54,55.801,0,7.5,1,1,1,1,2,8.7,False,True,False,False,True,False,55.24666666666667,7.440133333333334,0.2298850574712644
S5094,Emma,Brown,student4094@university.com,20,92.44,70.47,80.56,98.45,56.32,15.4,64.84,71.33200000000001,2,10.9,0,0,2,1,7,8.5,False,True,False,False,False,True,64.33999999999999,6.544220183486239,0.8235294117647058
S5096,Ali,Brown,student4096@university.com,23,90.87,49.57,88.1,52.13,50.6,76.5,86.07,71.98599999999999,2,15.0,0,1,1,2,4,5.7,False,True,False,True,False,False,67.16166666666666,4.799066666666666,0.7017543859649122
S5097,Sara,Jones,student4097@university.com,19,61.75,81.39,76.97,56.84,73.1,64.3,97.8,79.84200000000001,2,22.8,1,0,3,1,2,4.5,False,True,True,False,False,False,75.06666666666668,3.5018421052631585,0.4444444444444444
S5098,Emma,Brown,student4098@university.com,20,83.84,75.63,49.41,74.29,76.14,88.5,93.73,74.99849999999999,2,12.2,1,1,1,2,9,5.6,True,False,False,False,False,True,76.28333333333333,6.147418032786885,1.6071428571428572
S5100,Emma,Johnson,student4100@university.com,19,55.73,49.04,77.64,90.18,55.02,6.2,84.85,71.56,2,18.9,0,1,3,0,6,7.1,True,False,False,False,True,False,60.48833333333332,3.786243386243387,0.8450704225352114
S5101,Sara,Davis,student4101@university.com,24,85.71,96.5,88.46,78.66,59.05,11.3,93.31,82.85199999999999,3,22.3,0,1,1,1,10,7.5,False,True,True,False,False,False,71.21333333333334,3.7153363228699545,1.3333333333333333
S5102,Ali,Jones,student4102@university.com,24,60.89,77.26,86.45,80.63,80.66,65.0,84.21,81.875,3,14.8,0,1,1,0,9,4.5,True,False,True,False,False,False,79.035,5.532094594594595,2.0
S5103,Sara,Brown,student4103@university.com,20,58.83,90.82,57.87,73.14,82.91,23.8,59.44,66.37449999999998,1,12.4,0,0,0,1,8,4.8,False,True,True,False,False,False,64.66333333333334,5.352782258064515,1.6666666666666667
S5104,Ahmed,Brown,student4104@university.com,18,67.92,54.8,44.47,62.8,51.3,58.8,82.41,61.5505,1,17.3,1,0,0,1,9,7.3,False,True,False,False,True,False,59.09666666666667,3.5578323699421963,1.2328767123287672
S5105,Ahmed,Jones,student4105@university.com,23,82.66,84.36,50.59,79.47,77.02,79.2,75.75,71.609,2,7.5,0,0,1,1,7,5.9,True,False,False,False,True,False,74.39833333333333,9.547866666666666,1.1864406779661016
S5106,Sara,Jones,student4106@university.com,19,61.7,86.86,45.57,85.85,89.25,57.7,99.09,78.836,2,21.1,0,0,3,1,9,5.8,False,True,False,False,False,True,77.38666666666666,3.736303317535545,1.5517241379310345
S5107,Emma,Smith,student4107@university.com,19,59.18,63.85,54.6,68.55,53.46,41.5,75.5,63.581,1,23.3,1,0,3,2,10,6.0,True,False,False,False,False,True,59.57666666666668,2.7287982832618027,1.6666666666666667
S5108,Liam,Johnson,student4108@university.com,18,50.5,63.04,67.57,75.25,70.66,64.6,51.92,63.508,1,22.6,1,0,3,0,9,8.0,False,True,False,True,False,False,65.50666666666667,2.810088495575221,1.125
S5109,Ali,Jones,student4109@university.com,19,73.58,79.47,94.41,91.98,66.33,14.4,63.21,75.636,2,13.2,0,0,1,0,5,7.5,False,True,False,False,True,False,68.3,5.73,0.6666666666666666
S5110,Sara,Jones,student4110@university.com,23,71.43,45.6,92.32,57.43,95.68,72.30000000000001,95.87,80.4785,3,26.1,0,0,1,2,7,4.5,True,False,False,True,False,False,76.53333333333333,3.0834674329501914,1.5555555555555556
S5111,Sara,Williams,student4111@university.com,23,61.69,84.14,83.12,77.26,59.29,69.7,98.12,83.84,3,28.7,0,0,1,2,5,5.7,False,True,False,False,True,False,78.605,2.921254355400697,0.8771929824561403
S5112,Sara,Davis,student4112@university.com,23,52.68,42.57,41.45,67.42,65.92,51.4,86.42,61.949,1,12.4,0,1,3,2,1,7.4,True,False,True,False,False,False,59.196666666666665,4.995887096774193,0.1351351351351351
S5113,Liam,Jones,student4113@university.com,18,71.46,51.44,60.48,85.14,94.92,27.9,52.84,62.346,1,11.6,0,1,1,2,7,8.9,False,True,False,True,False,False,62.120000000000005,5.374655172413793,0.7865168539325842
S5114,Liam,Johnson,student4114@university.com,21,89.41,79.85,80.94,50.94,66.53,79.80000000000001,51.18,65.8505,1,22.6,0,0,1,1,9,8.6,False,True,False,True,False,False,68.20666666666666,2.913738938053097,1.0465116279069768
S5115,John,Davis,student4115@university.com,21,85.76,45.9,47.74,83.52,76.57,51.1,73.98,63.75399999999999,1,22.7,0,0,1,2,5,5.2,False,True,False,True,False,False,63.135,2.808546255506608,0.9615384615384616
S5116,Ahmed,Davis,student4116@university.com,24,93.04,98.31,88.07,55.14,51.65,5.9,99.98,80.489,3,17.8,0,0,3,0,4,4.3,False,True,False,False,True,False,66.50833333333333,4.5218539325842695,0.9302325581395348
S5117,Omar,Brown,student4117@university.com,24,50.48,92.1,94.87,53.24,99.25,91.9,93.46,88.0765,3,28.1,1,0,1,1,5,6.9,False,True,False,False,False,True,87.47000000000001,3.134395017793594,0.7246376811594203
S5118,Emma,Brown,student4118@university.com,19,98.32,77.58,61.25,86.23,91.25,76.8,96.66,81.84700000000001,3,8.7,1,1,1,0,4,6.0,False,True,False,True,False,False,81.62833333333333,9.40770114942529,0.6666666666666666
S5119,Maria,Brown,student4119@university.com,23,67.07,89.14,82.35,82.02,81.72,58.5,81.18,81.71249999999999,3,16.9,0,1,3,0,9,4.9,False,True,False,False,False,True,79.15166666666667,4.835059171597633,1.8367346938775508
S5121,Omar,Williams,student4121@university.com,18,62.63,55.57,81.45,75.98,53.74,96.0,65.98,70.063,2,6.3,1,1,1,2,8,4.8,False,True,False,True,False,False,71.45333333333333,11.121111111111112,1.6666666666666667
S5122,Liam,Jones,student4122@university.com,19,73.58,90.96,41.29,76.5,77.25,77.5,51.37,62.4525,1,6.3,1,1,2,0,5,5.8,False,True,False,False,True,False,69.145,9.913095238095238,0.8620689655172414
S5123,Emma,Brown,student4123@university.com,22,67.7,51.69,49.05,85.35,64.25,53.5,95.91,70.69149999999999,2,17.3,0,1,2,0,5,8.0,False,True,False,False,False,True,66.625,4.086213872832369,0.625
S5124,Maria,Smith,student4124@university.com,21,67.79,64.8,82.59,66.17,81.14,65.3,60.92,69.948,1,19.7,0,1,0,0,5,7.4,True,False,False,False,False,True,70.15333333333334,3.550659898477157,0.6756756756756757
S5126,Sara,Jones,student4126@university.com,19,87.32,82.83,78.47,61.5,91.93,19.6,82.95,76.325,2,20.8,1,1,1,0,10,8.7,False,True,False,False,False,True,69.54666666666667,3.6694711538461537,1.149425287356322
S5127,John,Brown,student4127@university.com,20,99.61,41.81,68.64,61.9,64.07,27.3,57.91,57.86149999999999,0,17.2,0,0,2,2,7,4.6,False,True,True,False,False,False,53.605,3.3640406976744184,1.5217391304347827
S5128,Liam,Williams,student4128@university.com,19,80.68,57.43,80.49,66.78,78.89,29.3,59.79,66.045,1,10.6,1,1,0,1,3,7.5,False,True,True,False,False,False,62.11333333333334,6.2306603773584905,0.4
S5130,Omar,Johnson,student4130@university.com,21,54.5,61.44,97.99,90.24,74.54,14.0,87.85,81.7585,3,8.9,1,1,2,2,8,4.7,False,True,False,False,True,False,71.01,9.18634831460674,1.702127659574468
S5131,Ali,Jones,student4131@university.com,20,99.83,86.5,93.32,96.8,91.53,77.8,51.96,79.456,2,20.0,1,0,1,1,10,6.5,True,False,False,False,True,False,82.985,3.9728,1.5384615384615383
S5132,Liam,Johnson,student4132@university.com,18,77.58,79.1,87.67,99.93,56.56,52.3,70.35,78.148,2,21.5,0,1,1,0,4,4.1,False,True,False,False,True,False,74.31833333333333,3.6347906976744175,0.9756097560975612
S5133,Liam,Johnson,student4133@university.com,24,85.02,54.06,81.69,71.69,86.69,38.5,83.26,74.857,2,21.2,0,0,1,1,4,6.5,True,False,True,False,False,False,69.315,3.530990566037736,0.6153846153846154
S5134,Omar,Smith,student4134@university.com,18,70.34,48.76,74.45,61.35,97.15,30.0,58.57,63.915000000000006,1,8.8,1,1,1,0,9,4.0,True,False,False,False,False,True,61.71333333333334,7.263068181818182,2.25
S5135,Ahmed,Jones,student4135@university.com,21,77.39,77.74,47.24,78.0,66.59,51.3,55.97,61.18599999999999,1,27.8,0,0,2,0,7,7.0,False,True,True,False,False,False,62.80666666666667,2.200935251798561,1.0
S5136,Maria,Jones,student4136@university.com,24,97.13,67.03,49.93,94.06,68.32,31.8,69.51,65.921,1,15.3,1,0,3,1,7,5.6,False,True,False,False,False,True,63.44166666666667,4.308562091503268,1.25
S5137,Sara,Johnson,student4137@university.com,18,58.32,50.14,89.22,73.29,54.18,42.9,64.33,67.6815,1,24.2,0,0,1,1,8,4.4,False,True,True,False,False,False,62.34333333333333,2.7967561983471074,1.818181818181818
S5138,Omar,Johnson,student4138@university.com,22,64.62,59.58,88.2,75.27,82.07,73.89999999999999,82.45,78.9145,2,9.2,0,0,3,2,1,7.9,False,True,False,False,True,False,76.91166666666666,8.577663043478262,0.1265822784810126
S5139,Maria,Johnson,student4139@university.com,19,57.6,58.18,76.87,56.72,77.62,62.6,98.48,76.88850000000001,2,16.8,0,1,0,0,9,5.9,False,True,False,False,True,False,71.745,4.576696428571429,1.5254237288135593
S5140,Emma,Davis,student4140@university.com,21,89.61,46.49,66.33,71.02,52.02,74.80000000000001,50.22,58.217,0,18.0,1,0,0,1,1,6.2,False,True,False,False,True,False,60.14666666666667,3.234277777777778,0.1612903225806451
S5141,Maria,Williams,student4141@university.com,24,53.1,72.81,41.56,69.35,87.61,71.3,95.12,72.576,2,24.3,1,1,1,2,10,5.9,False,True,False,True,False,False,72.95833333333333,2.9866666666666664,1.694915254237288
S5142,Emma,Brown,student4142@university.com,20,54.08,85.82,59.63,67.58,91.46,81.5,71.66,72.6365,2,20.5,1,1,2,0,5,4.4,True,False,False,True,False,False,76.27499999999999,3.5432439024390243,1.1363636363636362
S5143,Omar,Williams,student4143@university.com,19,64.92,74.53,65.24,94.36,95.36,20.2,83.2,77.1495,2,15.0,0,0,1,0,9,6.3,False,True,False,False,False,True,72.14833333333333,5.1433,1.4285714285714286
S5144,Liam,Jones,student4144@university.com,18,75.71,89.58,69.15,52.97,77.29,99.5,92.55,79.139,2,12.1,0,0,3,1,3,7.3,False,True,False,True,False,False,80.17333333333333,6.540413223140496,0.4109589041095891
S5145,Liam,Smith,student4145@university.com,18,70.31,47.65,95.76,98.61,72.63,47.6,78.67,79.123,2,29.3,0,0,3,1,2,8.5,True,False,True,False,False,False,73.48666666666666,2.700443686006826,0.2352941176470588
S5146,Ahmed,Brown,student4146@university.com,20,52.24,66.14,46.52,50.41,93.81,71.8,54.87,58.5445,0,12.1,0,0,2,1,2,7.8,False,True,True,False,False,False,63.925,4.838388429752066,0.2564102564102564
S5147,Omar,Smith,student4147@university.com,22,97.87,76.56,71.13,97.28,69.93,67.8,57.03,71.3505,2,8.2,0,1,0,0,7,4.4,False,True,False,False,False,True,73.28833333333334,8.701280487804878,1.5909090909090908
S5148,Emma,Davis,student4148@university.com,20,97.64,80.56,62.08,77.4,82.77,56.6,89.46,77.15899999999999,2,12.5,0,1,2,1,5,4.8,False,True,False,False,False,True,74.81166666666667,6.172719999999999,1.0416666666666667
S5149,Maria,Jones,student4149@university.com,21,63.97,81.75,99.41,85.12,80.77,99.6,61.45,81.375,3,13.2,1,0,3,1,8,4.2,False,True,False,False,True,False,84.68333333333332,6.164772727272728,1.9047619047619049
S5150,Maria,Davis,student4150@university.com,20,86.58,83.74,91.71,59.36,68.61,21.7,78.45,75.8735,2,8.2,0,0,2,2,5,4.6,True,False,False,True,False,False,67.26166666666667,9.252865853658538,1.0869565217391306
S5151,Emma,Jones,student4151@university.com,18,78.93,79.09,66.33,82.71,54.34,42.2,71.4,69.8165,1,22.7,0,0,0,1,2,6.4,True,False,False,False,True,False,66.01166666666667,3.075616740088106,0.3125
S5152,John,Smith,student4152@university.com,22,61.87,45.65,99.98,94.1,51.07,12.8,65.18,71.2585,2,20.5,1,1,0,2,7,5.1,False,True,False,True,False,False,61.46333333333334,3.4760243902439023,1.3725490196078431
S5153,Ahmed,Smith,student4153@university.com,22,63.11,81.72,70.84,56.97,71.41,18.2,89.35,73.36949999999999,2,12.9,1,1,1,1,7,7.2,False,True,False,True,False,False,64.74833333333333,5.687558139534882,0.9722222222222222
S5154,Ali,Smith,student4154@university.com,23,74.56,83.49,50.03,56.35,74.06,71.3,86.56,70.4225,2,29.8,0,0,1,1,2,4.2,True,False,False,False,False,True,70.29833333333333,2.363171140939597,0.4761904761904761
S5155,Liam,Jones,student4155@university.com,20,70.96,99.61,73.35,65.2,91.13,0.5,82.31,76.89,2,21.4,0,1,1,2,6,8.3,False,True,False,False,True,False,68.68333333333332,3.592990654205608,0.7228915662650601
S5156,Sara,Johnson,student4156@university.com,21,64.56,81.6,53.57,58.09,70.72,89.0,68.63,66.45700000000001,1,22.6,1,1,0,0,5,7.4,True,False,False,False,True,False,70.26833333333333,2.940575221238938,0.6756756756756757
S5157,Maria,Smith,student4157@university.com,18,90.38,81.21,78.18,55.53,64.06,63.3,61.32,68.023,1,18.9,1,0,3,0,4,8.8,True,False,False,True,False,False,67.26666666666667,3.599100529100529,0.4545454545454545
S5158,Sara,Davis,student4158@university.com,19,74.07,70.89,96.25,83.92,73.1,44.1,75.79,79.536,2,18.8,1,1,1,0,10,8.8,True,False,False,True,False,False,74.00833333333334,4.23063829787234,1.1363636363636362
S5160,Omar,Jones,student4160@university.com,20,59.46,99.81,56.39,83.35,54.57,12.6,78.78,71.2925,2,24.3,0,0,3,1,8,4.8,False,True,True,False,False,False,64.25,2.9338477366255145,1.6666666666666667
S5161,Sara,Davis,student4161@university.com,23,76.68,86.74,57.81,93.1,55.65,92.2,98.51,81.1565,3,27.8,1,1,1,2,5,5.1,False,True,False,False,True,False,80.66833333333334,2.919298561151079,0.9803921568627452
S5162,Ali,Williams,student4162@university.com,21,65.9,76.75,44.16,82.6,65.96,71.2,50.77,60.3295,1,8.1,0,0,1,0,4,5.4,True,False,False,False,True,False,65.24,7.448086419753087,0.7407407407407407
S5163,Liam,Williams,student4163@university.com,21,76.32,44.74,57.15,55.97,50.63,33.6,99.92,66.113,1,24.9,0,0,1,2,9,6.1,False,True,False,False,False,True,57.001666666666665,2.655140562248996,1.475409836065574
S5164,Emma,Brown,student4164@university.com,24,89.04,83.6,45.56,78.68,61.01,7.1,84.57,67.559,1,18.4,0,0,1,2,5,6.9,False,True,False,False,False,True,60.08666666666667,3.671684782608696,0.7246376811594203
S5165,John,Johnson,student4165@university.com,18,88.45,82.51,69.97,69.68,89.38,32.599999999999994,91.63,78.378,2,12.1,1,0,3,0,4,7.4,True,False,False,False,True,False,72.62833333333333,6.477520661157025,0.5405405405405405
S5166,Liam,Smith,student4166@university.com,22,67.71,86.53,82.5,67.17,61.73,18.5,66.75,70.803,2,28.0,0,1,1,1,2,4.4,False,True,False,False,True,False,63.86333333333334,2.5286785714285718,0.4545454545454545
S5168,Ali,Davis,student4168@university.com,23,97.06,79.22,43.57,96.47,97.45,72.0,89.85,77.54599999999999,2,11.9,0,0,1,0,5,4.3,False,True,True,False,False,False,79.75999999999999,6.516470588235293,1.162790697674419
S5169,Sara,Smith,student4169@university.com,19,81.28,57.74,60.4,87.13,81.12,49.8,88.03,73.8415,2,27.2,1,1,2,1,6,8.1,True,False,False,False,True,False,70.70333333333333,2.714761029411765,0.7407407407407408
S5170,Maria,Davis,student4170@university.com,19,57.42,85.62,57.29,56.69,53.0,88.6,66.7,65.40899999999999,1,17.0,1,1,1,0,1,4.2,False,True,False,False,False,True,67.98333333333333,3.847588235294117,0.238095238095238
S5171,John,Jones,student4171@university.com,19,83.99,54.42,46.26,73.8,53.11,18.1,66.22,56.88,0,20.0,0,1,2,1,6,6.0,True,False,False,True,False,False,51.98500000000001,2.8440000000000003,1.0
S5172,Emma,Williams,student4172@university.com,21,55.25,81.04,61.75,65.91,80.61,45.2,83.14,72.743,2,23.7,0,0,1,0,5,6.1,True,False,False,True,False,False,69.60833333333333,3.069324894514768,0.819672131147541
S5173,Omar,Smith,student4173@university.com,22,93.61,57.7,57.96,98.9,77.01,71.10000000000001,96.68,78.24000000000001,2,8.7,1,0,3,2,7,6.9,True,False,False,False,False,True,76.55833333333334,8.993103448275864,1.0144927536231882
S5174,Maria,Brown,student4174@university.com,18,75.83,40.54,78.07,98.9,53.42,6.800000000000001,71.94,67.69749999999999,1,10.4,0,1,2,2,1,4.5,False,True,False,False,False,True,58.278333333333336,6.509374999999999,0.2222222222222222
S5175,Omar,Johnson,student4175@university.com,18,69.26,78.0,93.0,65.98,61.22,37.3,67.65,73.129,2,30.0,1,1,1,2,3,8.7,False,True,False,True,False,False,67.19166666666668,2.4376333333333333,0.3448275862068966
S5176,Ali,Brown,student4176@university.com,23,52.85,46.8,67.29,67.61,96.45,57.2,94.73,74.908,2,10.9,0,1,0,0,2,5.9,False,True,False,False,False,True,71.67999999999999,6.872293577981651,0.3389830508474576
S5177,John,Johnson,student4177@university.com,19,69.04,79.56,84.8,79.97,78.6,36.7,84.15,80.0695,3,18.5,1,0,3,2,6,6.0,True,False,False,True,False,False,73.96333333333332,4.3280810810810815,1.0
S5178,Sara,Davis,student4178@university.com,22,95.16,95.54,48.76,73.97,72.02,48.0,69.41,68.0415,1,12.5,0,1,1,2,1,5.2,True,False,False,False,False,True,67.95,5.44332,0.1923076923076923
S5179,John,Smith,student4179@university.com,22,51.05,98.15,93.7,60.66,62.51,60.8,52.86,72.3955,2,26.3,1,0,1,1,3,7.9,False,True,False,True,False,False,71.44666666666667,2.752680608365019,0.3797468354430379
S5180,John,Smith,student4180@university.com,23,73.73,54.16,49.16,83.02,56.68,36.8,86.07,66.196,1,29.0,0,0,1,2,4,4.0,True,False,False,False,True,False,60.98166666666666,2.282620689655172,1.0
S5181,Ahmed,Johnson,student4181@university.com,20,96.56,88.56,51.53,66.71,70.13,10.6,67.64,64.008,1,8.5,1,1,2,0,6,4.5,False,True,False,False,True,False,59.195,7.53035294117647,1.3333333333333333
S5182,John,Williams,student4182@university.com,22,69.74,61.21,46.39,82.69,96.12,13.9,53.53,59.5485,0,20.0,1,0,2,0,5,6.4,False,True,False,False,False,True,58.97333333333332,2.977425,0.78125
S5183,John,Jones,student4183@university.com,22,71.41,94.03,58.58,69.18,52.44,52.7,80.61,71.1885,2,25.3,1,1,0,2,5,8.8,False,True,True,False,False,False,67.92333333333333,2.8137747035573124,0.5681818181818181
S5184,Liam,Brown,student4184@university.com,18,78.93,87.25,73.14,85.01,99.55,17.5,66.15,74.799,2,25.6,0,0,2,1,5,4.2,False,True,False,False,True,False,71.43333333333334,2.9218359375,1.1904761904761905
S5185,Maria,Davis,student4185@university.com,23,73.15,44.44,99.28,83.39,60.39,89.0,66.92,74.55950000000001,2,16.0,0,0,3,2,1,4.3,False,True,False,True,False,False,73.90333333333334,4.659968750000001,0.2325581395348837
S5186,Sara,Brown,student4186@university.com,22,58.43,64.43,87.6,75.44,70.44,83.4,73.96,76.2825,2,10.6,1,1,1,0,8,7.6,False,True,True,False,False,False,75.87833333333332,7.196462264150943,1.0526315789473684
S5187,Liam,Brown,student4187@university.com,22,50.93,60.24,62.83,85.24,52.25,34.900000000000006,85.87,70.2605,2,14.7,0,1,1,2,10,7.7,False,True,False,True,False,False,63.55500000000001,4.779625850340135,1.2987012987012987
S5188,Liam,Davis,student4188@university.com,18,80.49,87.11,74.55,73.05,79.24,83.10000000000001,63.82,73.88650000000001,2,23.8,0,1,3,1,2,8.5,True,False,False,True,False,False,76.81166666666667,3.1044747899159666,0.2352941176470588
S5189,Maria,Davis,student4189@university.com,22,96.04,64.62,77.4,55.81,74.18,53.3,54.05,63.71249999999999,1,29.8,0,1,2,2,6,6.9,False,True,False,False,True,False,63.22666666666667,2.1380033557046976,0.8695652173913043
S5190,Maria,Smith,student4190@university.com,18,55.32,81.08,89.36,59.11,83.34,15.9,71.22,73.8635,2,18.9,1,0,2,0,7,6.0,True,False,False,False,False,True,66.66833333333334,3.908121693121693,1.1666666666666667
S5191,Ali,Brown,student4191@university.com,20,60.55,76.15,84.19,62.3,77.13,61.4,52.75,68.423,1,9.9,1,0,3,0,10,6.3,True,False,False,False,False,True,68.98666666666666,6.9114141414141415,1.5873015873015874
S5193,Ahmed,Jones,student4193@university.com,24,90.44,96.27,80.15,85.57,86.89,8.4,97.96,85.81049999999999,3,28.6,0,1,1,1,4,8.9,True,False,False,False,True,False,75.87333333333332,3.000367132867132,0.449438202247191
S5194,Ahmed,Johnson,student4194@university.com,18,63.46,65.66,84.76,68.37,51.25,31.4,82.94,72.8715,2,17.1,0,0,1,1,8,5.9,True,False,False,True,False,False,64.06333333333333,4.261491228070175,1.3559322033898304
S5195,Liam,Davis,student4195@university.com,18,94.1,83.41,47.99,54.68,77.05,0.5,63.77,59.572,0,22.9,0,0,2,0,1,4.5,True,False,True,False,False,False,54.56666666666666,2.601397379912664,0.2222222222222222
S5196,Omar,Smith,student4196@university.com,22,52.75,89.77,52.03,91.0,55.69,31.6,59.09,64.999,1,21.5,0,0,1,2,9,5.4,False,True,False,True,False,False,63.19666666666668,3.023209302325581,1.6666666666666663
S5197,Ali,Jones,student4197@university.com,18,97.05,93.93,81.32,84.18,71.8,33.5,61.64,74.3935,2,27.3,1,0,1,1,4,8.8,False,True,False,False,True,False,71.06166666666667,2.72503663003663,0.4545454545454545
S5198,Omar,Williams,student4198@university.com,23,78.04,44.09,91.03,72.61,89.56,63.0,61.08,70.6925,2,11.7,0,1,1,1,10,6.1,False,True,False,True,False,False,70.22833333333334,6.042094017094017,1.639344262295082
S5199,Omar,Smith,student4199@university.com,19,82.94,58.12,64.56,62.37,57.12,19.9,65.69,60.6275,1,16.0,0,1,2,2,9,5.6,False,True,False,False,True,False,54.626666666666665,3.78921875,1.6071428571428572
S5200,Liam,Smith,student4200@university.com,19,68.38,59.21,98.79,57.59,96.79,3.0,54.87,68.5075,1,27.8,1,1,1,2,2,5.6,False,True,False,False,False,True,61.708333333333336,2.464298561151079,0.3571428571428571
S5203,Sara,Johnson,student4203@university.com,23,52.45,69.77,62.71,59.42,50.3,39.900000000000006,80.76,66.309,1,9.9,0,1,0,1,5,7.6,False,True,False,False,True,False,60.47666666666667,6.697878787878787,0.6578947368421053
S5204,Sara,Jones,student4204@university.com,22,69.78,79.79,95.82,78.43,89.49,41.5,53.1,74.642,2,10.9,1,1,0,1,7,5.8,True,False,True,False,False,False,73.02166666666668,6.84788990825688,1.206896551724138
S5205,Maria,Williams,student4205@university.com,22,92.68,69.84,57.12,98.08,94.04,46.900000000000006,90.2,78.277,2,29.8,0,0,2,1,5,8.4,True,False,True,False,False,False,76.03,2.626744966442953,0.5952380952380952
S5206,Maria,Smith,student4206@university.com,24,87.75,79.95,68.25,81.86,58.74,75.19999999999999,53.09,66.89500000000001,1,10.6,1,1,3,2,6,7.7,True,False,False,True,False,False,69.515,6.310849056603775,0.7792207792207793
S5207,Emma,Williams,student4207@university.com,21,75.86,43.99,51.23,72.0,95.81,48.0,55.32,58.783,0,26.7,0,0,3,1,7,7.0,True,False,True,False,False,False,61.05833333333333,2.201610486891386,1.0
S5208,Maria,Smith,student4208@university.com,20,78.61,92.56,71.28,85.82,95.7,9.1,66.26,74.47999999999999,2,7.0,1,0,0,2,9,7.5,False,True,False,False,True,False,70.12,10.64,1.2
S5209,Sara,Jones,student4209@university.com,23,56.49,96.34,91.44,91.23,73.56,20.6,71.57,80.85249999999999,3,9.5,1,1,0,0,6,7.8,False,True,False,False,False,True,74.12333333333333,8.51078947368421,0.7692307692307693
S5210,Omar,Davis,student4210@university.com,23,92.03,77.07,58.24,79.53,89.9,18.8,67.69,68.28699999999999,1,26.8,1,0,1,2,1,6.6,False,True,False,False,True,False,65.205,2.5480223880597013,0.1515151515151515
S5211,Liam,Jones,student4211@university.com,24,89.35,92.88,88.65,93.59,72.25,50.8,58.26,77.37599999999999,2,27.5,1,0,0,2,1,6.0,True,False,False,False,False,True,76.07166666666667,2.813672727272727,0.1666666666666666
S5212,John,Brown,student4212@university.com,24,82.82,47.89,94.68,75.73,78.2,3.0,55.61,66.866,1,9.4,0,1,1,0,1,4.6,True,False,True,False,False,False,59.185,7.113404255319149,0.2173913043478261
S5213,Ahmed,Brown,student4213@university.com,22,73.31,87.85,44.38,91.5,65.99,28.4,92.97,73.9075,2,10.7,1,1,2,0,10,6.0,False,True,False,True,False,False,68.51499999999999,6.907242990654206,1.6666666666666667
S5214,John,Brown,student4214@university.com,21,98.22,47.15,85.39,97.6,57.97,60.7,68.16,72.33999999999999,2,18.3,0,0,2,1,5,6.8,False,True,True,False,False,False,69.495,3.9530054644808734,0.7352941176470589
S5215,John,Jones,student4215@university.com,22,93.95,64.48,55.32,75.06,87.33,35.5,60.93,63.548,1,6.3,1,0,2,0,6,8.7,True,False,True,False,False,False,63.10333333333333,10.086984126984127,0.6896551724137931
S5216,Sara,Johnson,student4216@university.com,21,82.22,59.43,50.52,80.25,50.07,70.8,74.35,64.434,1,28.6,1,1,1,2,6,4.8,False,True,False,False,False,True,64.23666666666666,2.252937062937063,1.25
S5217,John,Jones,student4217@university.com,19,68.59,75.14,76.07,80.47,78.98,39.1,51.84,67.764,1,14.1,1,1,1,1,9,7.8,False,True,False,False,True,False,66.93333333333334,4.8059574468085104,1.153846153846154
S5218,Liam,Davis,student4218@university.com,23,80.9,58.09,82.34,89.07,93.23,97.9,80.01,80.88,3,17.2,0,0,1,1,10,5.2,True,False,False,True,False,False,83.44,4.702325581395349,1.923076923076923
S5219,Emma,Williams,student4219@university.com,24,78.77,78.24,63.69,91.15,61.06,96.5,62.42,70.988,2,7.6,1,0,2,0,1,8.8,True,False,False,True,False,False,75.51,9.340526315789472,0.1136363636363636
S5220,Ali,Jones,student4220@university.com,19,69.71,62.04,42.35,51.36,66.64,80.0,79.91,62.2345,1,5.8,1,0,1,0,3,7.0,False,True,False,True,False,False,63.71666666666666,10.730086206896551,0.4285714285714285
S5221,Maria,Jones,student4221@university.com,22,65.33,91.65,94.52,86.67,79.37,95.4,80.71,87.298,3,16.7,1,0,0,0,4,6.2,True,False,False,True,False,False,88.05333333333334,5.227425149700599,0.6451612903225806
S5222,Ali,Smith,student4222@university.com,20,70.35,78.03,83.84,89.19,62.34,20.5,90.46,80.44,3,8.0,0,1,2,1,9,5.7,False,True,False,False,True,False,70.72666666666666,10.055,1.5789473684210529
S5223,Omar,Smith,student4223@university.com,18,78.7,52.92,56.3,85.02,92.37,75.1,61.5,66.208,1,20.8,0,0,1,1,1,5.0,True,False,False,True,False,False,70.53500000000001,3.1830769230769227,0.2
S5224,Liam,Smith,student4224@university.com,20,71.41,60.17,69.81,85.68,68.33,32.2,73.17,69.72399999999999,1,24.9,1,0,1,0,8,7.6,True,False,False,False,False,True,64.89333333333333,2.800160642570281,1.0526315789473684
S5226,Ahmed,Johnson,student4226@university.com,18,88.05,63.19,60.36,72.1,61.31,37.400000000000006,86.36,69.29249999999999,1,20.3,0,0,1,1,8,8.5,True,False,False,True,False,False,63.45333333333334,3.4134236453201963,0.9411764705882352
S5227,Liam,Williams,student4227@university.com,23,76.57,72.15,71.35,90.91,52.07,28.9,98.77,78.5795,2,25.4,1,1,1,1,2,7.0,False,True,False,True,False,False,69.02499999999999,3.0936811023622046,0.2857142857142857
S5228,Maria,Williams,student4228@university.com,19,53.38,78.94,71.03,96.7,58.69,95.9,96.37,83.6785,3,16.0,1,1,1,1,6,4.8,True,False,False,False,True,False,82.93833333333333,5.22990625,1.25
S5229,Liam,Davis,student4229@university.com,19,68.42,60.87,52.49,61.47,52.31,21.0,80.54,61.9165,1,29.0,0,1,1,1,2,7.4,False,True,False,False,True,False,54.78,2.135051724137931,0.2702702702702702
S5230,John,Johnson,student4230@university.com,23,94.25,57.64,86.6,78.96,73.43,75.9,63.2,72.238,2,7.8,1,1,3,2,7,8.4,True,False,False,True,False,False,72.62166666666666,9.261282051282052,0.8333333333333333
S5231,Ahmed,Johnson,student4231@university.com,18,87.76,68.52,57.93,90.22,79.33,67.5,87.85,75.9565,2,13.1,0,0,2,1,6,9.0,True,False,False,False,True,False,75.22500000000001,5.7982061068702295,0.6666666666666666
S5232,Maria,Williams,student4232@university.com,21,66.16,52.89,74.82,87.62,52.23,30.3,84.91,71.99249999999999,2,10.8,1,1,3,0,7,7.4,False,True,True,False,False,False,63.795,6.665972222222221,0.945945945945946
S5233,Emma,Brown,student4233@university.com,20,96.91,57.05,56.29,80.94,54.52,45.8,79.44,66.345,1,29.9,0,1,3,1,9,5.4,True,False,False,True,False,False,62.34,2.2188963210702344,1.6666666666666663
S5234,Emma,Smith,student4234@university.com,22,53.83,43.72,65.51,50.93,74.28,14.3,84.89,64.185,1,12.4,0,0,0,1,10,6.8,False,True,False,False,True,False,55.605,5.176209677419354,1.4705882352941178
S5235,Emma,Smith,student4235@university.com,19,98.06,58.24,52.45,86.19,89.96,92.1,80.68,72.582,2,14.7,1,0,0,0,9,6.6,True,False,False,False,False,True,76.60333333333332,4.937551020408163,1.3636363636363638
S5236,Emma,Williams,student4236@university.com,23,62.29,59.24,77.98,88.66,81.4,96.8,75.97,77.451,2,26.2,1,0,1,2,6,6.6,True,False,False,True,False,False,80.00833333333333,2.956145038167939,0.9090909090909092
S5237,John,Johnson,student4237@university.com,22,50.45,97.71,65.54,86.14,55.24,73.2,70.8,74.3865,2,28.2,1,0,3,0,8,4.4,False,True,False,True,False,False,74.77166666666666,2.6378191489361704,1.818181818181818
S5238,Liam,Davis,student4238@university.com,24,71.69,75.38,40.97,88.29,94.38,84.9,52.24,64.148,1,28.4,0,0,0,0,10,5.0,True,False,False,False,False,True,72.69333333333333,2.258732394366197,2.0
S5239,Ali,Brown,student4239@university.com,18,67.95,87.24,41.69,71.55,95.87,8.299999999999999,93.28,72.227,2,19.0,1,1,3,0,6,6.6,True,False,False,False,False,True,66.32166666666667,3.801421052631579,0.9090909090909092
S5240,Maria,Williams,student4240@university.com,22,76.95,42.72,68.27,99.69,66.25,38.4,93.28,74.958,2,21.6,0,1,2,1,10,8.0,False,True,False,False,True,False,68.10166666666667,3.4702777777777776,1.25
S5241,John,Smith,student4241@university.com,22,89.84,46.39,50.99,88.54,80.8,33.1,79.7,66.632,1,13.7,0,1,3,1,2,4.9,True,False,False,False,False,True,63.25333333333334,4.863649635036497,0.4081632653061224
S5242,Emma,Jones,student4242@university.com,20,92.12,88.87,75.1,78.93,74.62,56.5,63.39,73.24900000000001,2,20.2,1,0,1,1,5,4.8,False,True,True,False,False,False,72.90166666666666,3.6261881188118816,1.0416666666666667
S5243,Omar,Johnson,student4243@university.com,18,70.06,77.41,64.49,96.71,97.1,18.3,51.41,68.2885,1,12.6,1,0,1,0,5,7.8,False,True,False,True,False,False,67.57,5.419722222222222,0.6410256410256411
S5244,Liam,Jones,student4244@university.com,22,71.49,51.46,79.27,95.41,75.44,56.3,50.07,67.228,1,23.7,1,1,1,1,4,7.5,False,True,True,False,False,False,67.99166666666666,2.83662447257384,0.5333333333333333
S5245,Ali,Davis,student4245@university.com,19,57.41,64.29,97.14,90.73,98.0,65.4,53.65,76.703,2,12.7,1,1,3,2,9,6.4,True,False,False,False,True,False,78.20166666666667,6.039606299212599,1.40625
S5246,Omar,Williams,student4246@university.com,18,52.38,72.32,71.72,78.18,59.97,13.2,67.99,67.559,1,27.0,1,0,3,1,2,4.3,True,False,False,False,False,True,60.56333333333333,2.5021851851851853,0.4651162790697674
S5247,Ahmed,Smith,student4247@university.com,19,82.06,90.62,87.24,76.36,67.28,13.2,59.42,72.071,2,8.6,1,0,1,1,7,6.4,False,True,False,True,False,False,65.68666666666667,8.380348837209302,1.09375
S5248,Omar,Brown,student4248@university.com,23,53.22,43.62,85.18,66.44,89.07,3.5,63.25,65.86099999999999,1,19.3,1,1,1,0,6,8.2,True,False,False,False,False,True,58.51,3.4124870466321235,0.7317073170731708
S5249,Ahmed,Jones,student4249@university.com,23,86.69,75.8,95.31,62.54,89.18,76.10000000000001,84.98,82.7955,3,18.0,1,0,1,2,3,4.1,False,True,False,False,False,True,80.65166666666669,4.59975,0.7317073170731708
S5250,Ahmed,Brown,student4250@university.com,24,76.95,83.02,52.84,75.62,86.61,33.1,97.96,76.71000000000001,2,11.6,0,1,3,2,7,4.5,True,False,False,False,True,False,71.525,6.612931034482759,1.5555555555555556
S5252,Ahmed,Smith,student4252@university.com,23,76.98,88.43,94.33,62.23,85.13,77.8,73.28,80.5685,3,8.7,0,1,0,1,4,6.6,False,True,False,False,True,False,80.2,9.260747126436785,0.6060606060606061
S5253,Sara,Jones,student4253@university.com,22,59.15,56.57,63.57,96.13,81.8,14.3,99.57,77.5635,2,29.2,1,1,3,2,8,7.3,True,False,False,False,True,False,68.65666666666667,2.6562842465753427,1.095890410958904
S5254,Maria,Davis,student4254@university.com,18,71.94,82.57,58.83,77.86,72.95,42.7,96.58,77.17599999999999,2,28.5,0,1,3,0,6,7.7,False,True,False,True,False,False,71.91499999999999,2.707929824561403,0.7792207792207793
S5255,Maria,Brown,student4255@university.com,23,89.98,85.8,97.12,76.33,73.35,74.5,67.62,79.94550000000001,2,8.0,0,0,0,2,5,5.5,False,True,True,False,False,False,79.12,9.9931875,0.9090909090909092
S5256,Emma,Brown,student4256@university.com,19,73.1,83.78,77.66,71.78,70.31,57.400000000000006,65.98,72.44399999999999,2,14.4,1,1,1,1,8,5.5,True,False,True,False,False,False,71.15166666666666,5.030833333333333,1.4545454545454546
S5257,Sara,Jones,student4257@university.com,22,57.43,89.21,62.84,52.9,81.01,55.4,62.11,66.5305,1,16.6,0,1,3,2,6,5.3,False,True,False,True,False,False,67.245,4.007861445783132,1.1320754716981132
S5258,Omar,Smith,student4258@university.com,23,86.19,94.22,87.51,94.12,70.33,15.7,57.77,75.2775,2,17.0,0,0,2,2,10,4.8,False,True,False,False,False,True,69.94166666666666,4.428088235294118,2.083333333333333
S5259,John,Brown,student4259@university.com,20,59.34,45.91,58.27,65.85,57.37,18.1,73.0,59.8735,0,12.5,0,0,1,0,8,5.5,True,False,False,True,False,False,53.083333333333336,4.78988,1.4545454545454546
S5260,Omar,Williams,student4260@university.com,19,86.93,46.29,50.58,82.12,55.33,58.3,67.06,60.4725,1,27.8,1,0,1,2,6,8.8,False,True,True,False,False,False,59.946666666666665,2.1752697841726616,0.6818181818181818
S5261,Liam,Davis,student4261@university.com,24,73.97,87.78,72.64,80.37,96.22,2.4,87.24,79.2965,2,27.7,1,0,1,1,4,4.4,False,True,True,False,False,False,71.10833333333333,2.8626895306859206,0.9090909090909092
S5263,Ahmed,Johnson,student4263@university.com,24,92.57,43.51,89.54,76.29,55.27,35.0,86.82,73.678,2,21.3,1,1,1,2,3,5.6,False,True,False,False,True,False,64.405,3.4590610328638496,0.5357142857142857
S5264,Ali,Johnson,student4264@university.com,19,85.43,64.07,67.42,59.07,72.27,41.7,64.41,63.961,1,6.9,0,1,1,0,7,4.8,False,True,False,False,False,True,61.48999999999999,9.269710144927537,1.4583333333333337
S5265,John,Smith,student4265@university.com,24,51.65,89.19,88.88,64.03,63.15,25.8,79.64,76.7,2,19.9,0,1,3,0,6,4.4,False,True,False,True,False,False,68.44833333333334,3.85427135678392,1.3636363636363635
S5266,Ali,Williams,student4266@university.com,21,64.81,47.59,58.68,76.21,70.29,87.69999999999999,81.92,69.23,1,26.7,0,0,3,1,6,4.8,False,True,True,False,False,False,70.39833333333334,2.592883895131086,1.25
S5267,Maria,Brown,student4267@university.com,20,93.55,80.31,74.52,89.47,55.87,64.3,83.59,77.976,2,21.2,0,0,0,0,9,6.6,False,True,False,False,True,False,74.67666666666666,3.67811320754717,1.3636363636363638
S5268,Ali,Johnson,student4268@university.com,21,50.92,40.22,52.51,71.6,56.55,45.0,58.77,55.4365,0,16.7,1,0,1,2,5,7.0,True,False,False,False,False,True,54.10833333333333,3.3195508982035933,0.7142857142857143
S5269,Maria,Smith,student4269@university.com,23,77.26,46.58,63.13,60.2,90.03,58.5,64.14,62.9695,1,28.9,0,1,3,0,9,5.1,False,True,True,False,False,False,63.76333333333334,2.178875432525952,1.7647058823529411
S5270,Sara,Davis,student4270@university.com,20,86.39,61.05,91.45,54.4,87.96,38.0,62.31,69.56899999999999,1,23.7,0,0,2,0,1,6.5,False,True,False,False,False,True,65.86166666666666,2.935400843881856,0.1538461538461538
S5271,Sara,Williams,student4271@university.com,19,81.09,45.02,52.96,83.15,55.21,46.6,78.81,63.959500000000006,1,11.2,1,1,2,1,3,4.0,True,False,False,False,True,False,60.29166666666666,5.710669642857144,0.75
S5272,Emma,Williams,student4272@university.com,21,88.03,90.75,88.61,71.17,83.39,35.8,53.79,72.7065,2,14.7,0,1,3,2,5,7.0,False,True,True,False,False,False,70.58500000000001,4.946020408163266,0.7142857142857143
S5273,Emma,Smith,student4273@university.com,22,86.28,91.84,56.97,56.27,80.47,41.1,75.91,69.334,1,24.0,0,0,3,1,7,4.0,False,True,False,False,True,False,67.09333333333335,2.888916666666667,1.75
S5275,John,Brown,student4275@university.com,19,91.08,54.55,46.6,60.38,73.72,7.800000000000001,66.85,56.70649999999999,0,6.6,1,1,2,1,4,6.4,False,True,False,True,False,False,51.65,8.59189393939394,0.625
S5276,Ahmed,Smith,student4276@university.com,18,82.28,71.39,84.75,75.45,63.5,3.7,84.34,75.0505,2,26.5,1,0,1,0,5,4.5,False,True,False,False,False,True,63.855,2.8320943396226417,1.1111111111111112
S5277,Maria,Brown,student4277@university.com,20,70.12,51.05,55.72,65.31,83.18,17.4,70.63,61.761,1,6.1,1,1,2,1,1,4.4,False,True,False,False,True,False,57.215,10.124754098360658,0.2272727272727272
S5278,Ahmed,Brown,student4278@university.com,20,73.6,56.88,79.25,96.58,68.57,25.2,64.02,70.1545,2,22.0,1,0,1,0,5,4.0,True,False,False,False,True,False,65.08333333333333,3.188840909090909,1.25
S5279,Ali,Jones,student4279@university.com,23,85.84,70.96,81.95,61.41,60.95,89.0,80.79,75.125,2,13.0,0,1,3,1,9,6.8,True,False,False,False,False,True,74.17666666666666,5.778846153846154,1.3235294117647058
S5280,Maria,Williams,student4280@university.com,22,93.82,84.1,60.71,71.0,70.43,61.1,87.01,74.64349999999999,2,25.6,0,1,1,0,3,8.0,True,False,False,False,False,True,72.39166666666667,2.91576171875,0.375
S5281,Emma,Davis,student4281@university.com,23,63.61,45.68,68.5,97.97,88.16,95.8,62.73,71.0975,2,26.2,1,0,1,2,10,8.3,True,False,False,False,False,True,76.47333333333334,2.7136450381679387,1.2048192771084336
S5282,Sara,Williams,student4282@university.com,24,67.1,57.8,64.23,65.94,73.79,34.0,64.97,63.188500000000005,1,28.8,1,1,0,1,6,6.8,True,False,False,True,False,False,60.12166666666667,2.194045138888889,0.8823529411764706
S5284,John,Jones,student4284@university.com,20,78.93,65.75,59.2,65.84,91.59,72.0,98.26,76.7755,2,15.6,1,0,2,0,6,8.3,False,True,False,True,False,False,75.44,4.92150641025641,0.7228915662650601
S5285,Maria,Brown,student4285@university.com,24,58.95,96.33,51.0,55.53,94.08,57.8,60.69,66.03399999999999,1,19.3,1,0,1,2,10,7.5,False,True,False,False,False,True,69.23833333333333,3.421450777202072,1.3333333333333333
S5286,Maria,Brown,student4286@university.com,22,83.18,99.48,61.94,81.38,71.66,52.8,82.71,77.233,2,27.9,1,0,0,0,6,5.8,False,True,False,False,True,False,74.995,2.76820788530466,1.0344827586206895
S5287,Ali,Smith,student4287@university.com,22,99.54,71.6,80.17,95.8,68.73,57.6,95.33,83.5045,3,11.7,1,0,0,1,6,8.1,False,True,False,False,True,False,78.205,7.137136752136752,0.7407407407407408
S5288,John,Jones,student4288@university.com,21,91.17,57.28,81.84,72.63,80.63,58.4,73.1,72.8595,2,6.8,0,0,1,2,7,6.0,True,False,False,False,False,True,70.64666666666666,10.714632352941177,1.1666666666666667
S5289,Sara,Smith,student4289@university.com,19,87.29,87.45,95.44,81.31,52.9,76.6,65.84,78.04599999999999,2,10.0,0,0,2,1,6,6.0,True,False,False,False,False,True,76.58999999999999,7.804599999999999,1.0
S5290,Omar,Jones,student4290@university.com,19,60.4,49.56,92.91,80.44,84.57,66.8,83.34,79.5265,2,17.4,0,1,3,1,8,7.4,False,True,False,True,False,False,76.27,4.570488505747127,1.081081081081081
S5291,Maria,Smith,student4291@university.com,21,93.81,55.12,57.3,70.75,89.11,95.7,51.57,62.3725,1,22.0,0,1,3,0,2,8.6,False,True,True,False,False,False,69.925,2.8351136363636367,0.2325581395348837
S5292,Maria,Johnson,student4292@university.com,19,76.29,87.09,67.31,80.74,69.87,94.8,68.01,74.132,2,22.3,1,1,3,0,8,6.5,False,True,False,True,False,False,77.97,3.324304932735426,1.2307692307692308
S5293,Ali,Williams,student4293@university.com,20,94.46,66.02,84.84,62.97,58.73,42.2,62.9,67.41149999999999,1,6.9,0,0,0,1,4,4.9,True,False,False,False,True,False,62.94333333333333,9.76978260869565,0.8163265306122448
S5294,Ahmed,Williams,student4294@university.com,21,66.49,52.09,94.99,68.9,51.44,3.6,61.23,65.589,1,24.0,1,1,1,0,2,4.7,True,False,False,False,False,True,55.375,2.732875,0.425531914893617
S5295,Liam,Davis,student4295@university.com,21,53.1,79.07,60.23,72.12,81.86,1.1,58.99,63.67399999999999,1,21.5,0,0,0,1,9,5.5,False,True,False,False,True,False,58.895,2.961581395348837,1.6363636363636365
S5296,Sara,Brown,student4296@university.com,19,73.8,83.97,66.67,93.2,63.45,12.3,86.85,76.258,2,15.2,0,0,2,0,5,6.3,True,False,True,False,False,False,67.74,5.016973684210527,0.7936507936507937
S5297,Emma,Davis,student4297@university.com,18,63.49,47.5,93.97,67.42,73.19,7.5,97.75,77.7495,2,19.3,0,0,1,1,3,5.5,False,True,False,True,False,False,64.55499999999999,4.028471502590674,0.5454545454545454
S5298,John,Johnson,student4298@university.com,19,85.76,56.62,61.51,81.76,69.32,37.3,69.24,65.7035,1,24.2,1,1,0,0,3,7.6,True,False,False,False,True,False,62.625,2.715020661157025,0.3947368421052631
S5299,Maria,Davis,student4299@university.com,23,97.86,53.28,68.83,60.67,58.74,5.300000000000001,52.46,56.177,0,11.6,1,1,2,2,9,6.7,True,False,False,True,False,False,49.88,4.842844827586207,1.343283582089552
S5300,Maria,Williams,student4300@university.com,18,84.55,62.79,94.27,62.63,75.42,62.5,85.95,78.8325,2,28.5,0,0,2,1,5,6.0,False,True,False,False,False,True,73.92666666666666,2.766052631578947,0.8333333333333334
S5301,Emma,Brown,student4301@university.com,21,94.35,85.81,88.13,82.42,72.98,19.0,76.91,78.588,2,8.4,1,1,2,0,10,5.1,True,False,False,False,True,False,70.875,9.355714285714283,1.9607843137254903
S5302,Sara,Johnson,student4302@university.com,18,72.65,82.82,54.61,88.12,81.21,51.4,86.18,75.8385,2,27.6,1,1,1,2,7,7.0,True,False,True,False,False,False,74.05666666666666,2.7477717391304344,1.0
S5303,Liam,Williams,student4303@university.com,20,88.58,79.75,59.49,73.11,62.59,10.3,82.4,69.2955,1,23.5,0,1,3,1,2,7.4,False,True,False,True,False,False,61.27333333333335,2.948744680851064,0.2702702702702702
S5304,Ahmed,Smith,student4304@university.com,22,92.15,40.38,61.18,66.75,60.73,82.8,95.27,70.1585,2,21.5,1,1,1,2,6,7.9,True,False,False,True,False,False,67.85166666666666,3.263186046511628,0.7594936708860759
S5305,Maria,Jones,student4305@university.com,18,85.54,48.53,94.76,95.51,90.72,78.0,57.02,75.374,2,7.1,1,0,0,2,1,9.0,False,True,True,False,False,False,77.42333333333333,10.61605633802817,0.1111111111111111
S5306,Liam,Johnson,student4306@university.com,23,75.39,53.4,99.94,56.79,85.11,38.6,58.46,69.49249999999999,1,28.0,1,1,1,2,8,5.2,True,False,False,False,True,False,65.38333333333334,2.481875,1.5384615384615383
S5307,Sara,Brown,student4307@university.com,22,81.29,56.32,86.44,86.04,88.61,91.1,67.08,76.504,2,12.4,1,0,2,2,1,4.1,False,True,False,False,True,False,79.265,6.169677419354839,0.2439024390243902
S5308,Emma,Davis,student4308@university.com,20,85.03,48.79,69.06,84.51,56.16,18.6,74.57,66.177,1,23.6,0,1,1,1,3,6.5,False,True,False,True,False,False,58.615,2.8041101694915254,0.4615384615384615
S5309,Ali,Davis,student4309@university.com,23,62.65,64.62,40.61,84.51,61.2,81.4,96.29,71.59900000000002,2,27.1,1,1,0,1,6,8.6,True,False,True,False,False,False,71.43833333333335,2.6420295202952038,0.6976744186046512
S5310,Ahmed,Johnson,student4310@university.com,24,90.48,44.51,81.85,96.77,78.78,54.6,95.35,80.8675,3,11.1,0,1,1,1,8,5.2,True,False,False,True,False,False,75.31,7.285360360360361,1.5384615384615383
S5311,John,Brown,student4311@university.com,22,97.52,85.0,63.36,86.41,92.86,33.0,93.59,80.5645,3,27.9,1,0,0,0,10,7.8,False,True,False,True,False,False,75.70333333333333,2.887616487455197,1.2820512820512822
S5312,Maria,Johnson,student4312@university.com,24,73.26,87.26,77.98,65.08,94.61,8.4,61.13,70.566,2,20.3,0,1,1,2,1,5.6,True,False,False,False,False,True,65.74333333333333,3.47615763546798,0.1785714285714285
S5313,Sara,Brown,student4313@university.com,20,85.05,74.46,76.4,67.67,91.6,17.1,86.48,76.37849999999999,2,21.5,0,0,2,0,10,6.0,True,False,False,False,True,False,68.95166666666667,3.552488372093023,1.6666666666666667
S5314,Ali,Davis,student4314@university.com,22,86.85,45.38,68.85,69.56,52.17,86.30000000000001,69.17,64.73649999999999,1,27.9,1,1,2,2,4,8.7,True,False,False,False,True,False,65.23833333333333,2.320304659498208,0.4597701149425288
S5315,John,Williams,student4315@university.com,22,83.11,93.4,96.66,51.54,91.04,60.7,96.56,87.013,3,18.2,0,1,3,0,3,6.3,False,True,False,False,False,True,81.64999999999999,4.780934065934066,0.4761904761904762
S5316,Omar,Smith,student4316@university.com,19,77.36,97.94,41.39,95.68,94.95,23.700000000000003,60.73,68.2895,1,16.0,0,1,3,0,1,7.6,False,True,False,False,True,False,69.065,4.26809375,0.131578947368421
S5317,Sara,Williams,student4317@university.com,23,94.08,52.14,82.73,53.68,52.84,49.6,57.06,61.4375,1,20.8,1,0,1,1,5,6.7,False,True,False,False,True,False,58.00833333333333,2.953725961538461,0.7462686567164178
S5318,Sara,Smith,student4318@university.com,23,72.45,82.28,64.59,84.99,70.81,10.8,92.12,76.495,2,18.9,1,0,1,2,8,7.8,True,False,False,False,True,False,67.59833333333334,4.0473544973544975,1.0256410256410258
S5320,Ali,Williams,student4320@university.com,24,92.23,72.39,80.51,92.19,61.64,90.8,91.07,82.8395,3,9.5,0,1,3,0,3,8.4,False,True,False,False,False,True,81.43333333333334,8.719947368421053,0.3571428571428571
S5321,Omar,Williams,student4321@university.com,24,83.7,59.4,40.61,77.67,75.83,45.8,57.9,57.956,0,5.3,0,0,0,0,5,6.7,False,True,False,True,False,False,59.535,10.935094339622642,0.7462686567164178
S5322,Liam,Johnson,student4322@university.com,23,92.46,68.71,57.12,86.26,94.3,36.2,94.24,77.0375,2,7.7,0,0,0,1,5,5.5,True,False,True,False,False,False,72.80499999999999,10.00487012987013,0.9090909090909092
S5323,Liam,Jones,student4323@university.com,23,56.93,70.74,51.35,65.14,93.35,94.9,83.88,72.4635,2,23.2,0,0,2,1,8,4.2,True,False,False,True,False,False,76.56,3.1234267241379308,1.9047619047619049
S5325,Ali,Brown,student4325@university.com,24,96.72,95.79,83.71,67.17,74.21,33.6,79.13,78.2115,2,12.6,0,0,3,1,3,5.8,True,False,False,False,False,True,72.26833333333333,6.207261904761905,0.5172413793103449
S5326,Ahmed,Davis,student4326@university.com,21,57.39,84.63,54.37,95.14,70.53,27.3,88.24,75.44800000000001,2,16.2,0,0,0,1,7,5.1,False,True,False,False,False,True,70.035,4.657283950617285,1.3725490196078431
S5327,Maria,Brown,student4327@university.com,19,90.48,54.48,68.48,58.17,83.29,56.5,70.78,66.4055,1,28.4,1,0,3,2,1,4.3,True,False,False,False,True,False,65.28333333333335,2.3382218309859155,0.2325581395348837
S5328,John,Brown,student4328@university.com,18,91.16,75.13,54.82,65.79,70.84,55.8,56.64,61.709,1,13.2,1,1,3,2,2,6.8,True,False,True,False,False,False,63.17000000000001,4.674924242424243,0.2941176470588235
S5329,Emma,Smith,student4329@university.com,19,85.44,81.32,74.81,74.94,52.1,1.6,76.96,70.5195,2,24.6,0,1,1,1,7,8.9,False,True,False,False,False,True,60.28833333333333,2.8666463414634142,0.7865168539325842
S5330,Omar,Brown,student4330@university.com,18,56.56,48.41,83.23,88.79,86.0,65.4,87.41,79.4805,2,15.2,1,0,3,2,2,6.1,False,True,False,True,False,False,76.54,5.228980263157895,0.3278688524590164
S5331,John,Brown,student4331@university.com,20,83.37,61.51,59.86,87.44,64.05,78.8,57.68,64.95649999999999,1,7.5,0,0,2,2,2,6.8,True,False,False,False,True,False,68.22333333333334,8.660866666666665,0.2941176470588235
S5332,John,Johnson,student4332@university.com,22,94.45,94.33,76.18,60.54,52.45,61.6,61.2,68.96050000000001,1,7.5,0,0,1,0,10,5.1,False,True,False,False,True,False,67.71666666666667,9.194733333333335,1.9607843137254903
S5333,Ali,Williams,student4333@university.com,23,71.28,74.03,89.49,57.21,51.03,87.0,84.83,76.9605,2,15.8,0,0,0,2,7,5.0,True,False,True,False,False,False,73.93166666666666,4.870917721518987,1.4
S5334,Maria,Davis,student4334@university.com,23,70.68,53.02,45.65,65.2,96.57,27.6,63.48,59.2265,0,6.4,1,0,2,2,10,5.6,True,False,True,False,False,False,58.58666666666667,9.254140625,1.7857142857142858
S5335,Ahmed,Davis,student4335@university.com,21,72.14,47.37,82.64,74.19,62.6,19.2,58.5,63.664,1,19.3,1,0,1,0,4,8.2,False,True,True,False,False,False,57.41666666666666,3.2986528497409324,0.4878048780487805
S5336,Liam,Brown,student4336@university.com,24,54.11,71.09,59.39,76.95,72.39,69.7,94.47,76.1185,2,17.3,1,0,0,1,9,8.8,False,True,False,False,True,False,73.99833333333333,4.399913294797687,1.0227272727272727
S5337,Sara,Jones,student4337@university.com,24,94.6,72.86,47.36,71.46,97.53,18.9,58.04,61.598,1,22.6,0,1,1,2,7,7.7,True,False,False,False,False,True,61.025000000000006,2.725575221238938,0.9090909090909092
S5339,John,Brown,student4339@university.com,19,99.9,77.82,53.58,71.38,53.93,9.7,71.42,63.07899999999999,1,19.8,0,0,0,1,10,6.2,True,False,False,False,False,True,56.305,3.1858080808080804,1.6129032258064515
S5340,Liam,Smith,student4340@university.com,19,79.26,44.12,89.28,97.32,77.6,76.8,73.81,77.279,2,9.4,1,1,1,2,6,6.1,True,False,False,True,False,False,76.48833333333333,8.221170212765957,0.9836065573770492
S5342,Maria,Smith,student4342@university.com,23,60.13,72.78,45.92,81.37,54.75,28.9,95.63,70.2115,2,12.7,0,0,0,2,8,7.7,False,True,True,False,False,False,63.225,5.528464566929134,1.0389610389610389
S5343,Omar,Brown,student4343@university.com,24,83.38,43.71,71.26,80.57,92.57,12.9,82.93,71.238,2,20.4,0,1,3,0,5,7.6,True,False,False,True,False,False,63.99,3.492058823529412,0.6578947368421053
S5344,Omar,Johnson,student4344@university.com,19,82.49,92.85,75.34,64.08,64.47,75.5,67.97,72.98750000000001,2,27.1,0,1,2,1,8,6.8,True,False,False,False,True,False,73.36833333333334,2.693265682656827,1.1764705882352942
S5345,Emma,Jones,student4345@university.com,22,95.06,48.53,83.79,70.58,83.93,50.3,67.89,70.089,2,17.2,1,0,2,1,8,7.2,True,False,False,True,False,False,67.50333333333333,4.074941860465116,1.1111111111111112
S5346,Ali,Brown,student4346@university.com,18,91.54,80.44,55.56,68.27,75.45,20.5,75.15,67.3115,1,9.8,1,1,1,2,9,7.5,False,True,False,False,True,False,62.56166666666667,6.868520408163264,1.2
S5347,Maria,Johnson,student4347@university.com,23,96.92,63.47,90.51,58.62,61.12,75.0,51.68,66.307,1,27.2,1,0,0,0,9,6.8,True,False,False,False,False,True,66.73333333333333,2.4377573529411767,1.3235294117647058
S5348,Maria,Johnson,student4348@university.com,22,93.44,63.99,97.19,73.86,75.89,75.0,96.33,85.213,3,14.0,0,0,2,1,7,8.2,True,False,True,False,False,False,80.37666666666667,6.086642857142857,0.853658536585366
S5349,Ali,Davis,student4349@university.com,20,93.43,85.89,69.94,69.33,53.45,52.3,61.17,67.07900000000001,1,23.3,0,1,1,1,10,4.2,True,False,False,True,False,False,65.34666666666666,2.878927038626609,2.380952380952381
S5350,Liam,Brown,student4350@university.com,22,53.19,69.97,85.63,58.92,67.36,27.6,84.88,74.321,2,13.0,0,0,0,1,7,8.7,False,True,False,False,True,False,65.72666666666667,5.717,0.8045977011494253
S5351,Omar,Brown,student4351@university.com,22,92.3,83.54,71.49,72.49,76.14,58.6,88.89,78.488,2,12.5,1,1,1,0,6,7.9,True,False,False,False,False,True,75.19166666666666,6.27904,0.7594936708860759
S5352,Omar,Johnson,student4352@university.com,20,80.37,70.31,44.17,71.09,61.42,93.4,91.37,70.47550000000001,2,21.1,1,1,0,2,9,6.6,True,False,True,False,False,False,71.96,3.3400710900473936,1.3636363636363638
S5353,Liam,Johnson,student4353@university.com,22,69.02,75.57,59.57,56.57,83.01,5.2,58.28,60.7585,1,8.9,1,1,1,1,8,8.3,False,True,True,False,False,False,56.36666666666665,6.8267977528089885,0.9638554216867468
S5354,Omar,Johnson,student4354@university.com,18,52.83,85.64,45.25,56.56,52.59,26.7,76.83,62.2855,1,26.7,0,1,1,0,1,8.1,False,True,True,False,False,False,57.26166666666666,2.3327902621722845,0.1234567901234568
S5355,John,Davis,student4355@university.com,23,83.88,76.44,99.33,82.38,74.24,28.5,54.18,73.7585,2,14.7,0,0,0,2,8,6.1,True,False,False,False,False,True,69.17833333333333,5.017585034013606,1.3114754098360657
S5357,Sara,Johnson,student4357@university.com,24,73.39,87.35,78.15,97.06,71.5,65.1,74.32,79.89999999999999,2,12.6,1,1,1,0,9,4.9,True,False,False,False,False,True,78.91333333333333,6.341269841269841,1.8367346938775508
S5358,Ali,Smith,student4358@university.com,20,84.09,96.95,57.06,54.35,93.73,20.6,57.92,64.739,1,24.6,1,0,0,2,6,6.3,False,True,True,False,False,False,63.435,2.631666666666667,0.9523809523809524
S5359,Omar,Brown,student4359@university.com,23,95.59,62.6,79.19,55.89,81.61,21.6,85.93,72.591,2,26.5,1,0,3,2,5,5.2,False,True,False,True,False,False,64.47000000000001,2.7392830188679245,0.9615384615384616
S5360,Emma,Davis,student4360@university.com,19,91.27,74.63,52.62,52.59,97.92,92.8,66.56,66.638,1,19.2,1,0,3,0,7,4.6,True,False,False,False,True,False,72.85333333333334,3.470729166666667,1.5217391304347827
S5361,Omar,Smith,student4361@university.com,18,72.53,45.18,87.12,76.61,64.21,75.6,55.73,66.9685,1,12.4,0,0,1,2,4,8.5,False,True,False,False,False,True,67.40833333333335,5.400685483870968,0.4705882352941176
S5362,Omar,Williams,student4362@university.com,21,69.39,61.53,46.65,81.14,96.94,93.4,73.05,69.34200000000001,1,18.2,0,0,0,0,9,5.8,True,False,False,True,False,False,75.45166666666667,3.810000000000001,1.5517241379310345
S5363,Ahmed,Brown,student4363@university.com,18,61.99,64.72,93.71,70.18,80.34,83.0,61.76,74.3745,2,25.9,1,0,1,1,10,7.4,True,False,False,False,True,False,75.61833333333334,2.871602316602317,1.351351351351351
S5364,John,Williams,student4364@university.com,18,68.62,90.11,90.43,89.9,87.26,40.2,97.51,89.598,3,12.9,0,1,1,0,8,5.9,False,True,True,False,False,False,82.56833333333334,6.945581395348837,1.3559322033898304
S5365,Ali,Johnson,student4365@university.com,19,55.55,70.8,80.73,84.33,95.11,12.2,68.07,73.994,2,14.6,1,1,3,1,1,6.7,True,False,False,True,False,False,68.54,5.068082191780822,0.1492537313432835
S5366,Ahmed,Davis,student4366@university.com,21,98.56,83.86,44.04,99.29,77.56,63.0,78.62,72.9745,2,18.5,0,0,1,1,1,5.7,False,True,True,False,False,False,74.395,3.944567567567568,0.175438596491228
S5367,Ahmed,Johnson,student4367@university.com,24,78.7,41.14,52.51,56.89,93.11,35.2,97.42,68.12899999999999,1,27.2,1,1,1,1,3,7.7,False,True,False,False,True,False,62.71166666666667,2.504742647058823,0.3896103896103896
S5368,Emma,Davis,student4368@university.com,18,56.39,67.87,91.56,52.92,77.08,42.5,69.69,71.7485,2,19.6,0,0,3,0,8,7.9,True,False,False,False,False,True,66.93666666666667,3.660637755102041,1.0126582278481011
S5369,Maria,Jones,student4369@university.com,19,67.64,94.08,47.32,63.74,79.96,42.6,67.91,66.00200000000001,1,10.2,0,0,1,0,8,6.2,False,True,True,False,False,False,65.935,6.470784313725492,1.2903225806451613
S5370,Emma,Johnson,student4370@university.com,20,77.35,53.46,49.36,50.95,72.25,93.7,58.12,57.3475,0,7.2,0,0,1,0,2,8.3,True,False,False,True,False,False,62.97333333333333,7.964930555555555,0.2409638554216867
S5371,Maria,Williams,student4371@university.com,19,76.64,41.89,72.64,96.63,57.28,6.9,96.92,74.087,2,7.4,1,1,2,1,1,5.8,False,True,False,False,False,True,62.04333333333333,10.011756756756755,0.1724137931034483
S5372,Maria,Davis,student4372@university.com,22,51.78,66.0,56.45,65.2,77.68,19.3,90.04,69.53750000000001,1,28.8,0,1,3,2,4,7.8,True,False,False,True,False,False,62.445000000000014,2.414496527777778,0.5128205128205129
S5373,Ali,Johnson,student4373@university.com,23,97.54,82.27,53.32,77.62,98.87,60.8,61.05,68.5555,1,25.6,1,1,1,2,2,7.3,True,False,False,False,True,False,72.32166666666667,2.67794921875,0.273972602739726
S5374,Omar,Brown,student4374@university.com,19,63.77,67.27,74.55,65.9,89.36,88.4,66.63,71.958,2,24.1,0,1,2,0,5,6.3,True,False,False,False,True,False,75.35166666666667,2.9858091286307054,0.7936507936507937
S5375,Ali,Davis,student4375@university.com,19,50.81,67.6,62.35,62.29,87.37,91.8,95.75,77.12299999999999,2,17.4,0,1,1,2,7,8.4,False,True,False,False,False,True,77.86,4.43235632183908,0.8333333333333333
S5376,John,Davis,student4376@university.com,19,53.82,80.19,48.43,57.62,82.17,55.9,76.86,66.84899999999999,1,21.8,1,0,2,1,10,6.9,True,False,False,True,False,False,66.86166666666666,3.0664678899082563,1.4492753623188406
S5377,Maria,Johnson,student4377@university.com,24,79.01,55.26,72.09,66.02,67.4,3.5,77.82,66.4755,1,8.2,0,1,3,1,10,8.2,False,True,False,True,False,False,57.01499999999999,8.106768292682927,1.2195121951219514
S5378,Ahmed,Jones,student4378@university.com,18,56.89,85.11,63.22,80.77,58.48,36.3,82.41,73.073,2,20.5,1,1,0,2,5,7.7,False,True,False,True,False,False,67.71499999999999,3.564536585365853,0.6493506493506493
S5379,Omar,Johnson,student4379@university.com,24,52.09,49.19,84.07,98.58,61.23,91.9,88.11,80.33399999999999,3,25.3,0,1,1,2,1,6.7,False,True,False,True,False,False,78.84666666666668,3.1752569169960467,0.1492537313432835
S5380,Sara,Williams,student4380@university.com,21,68.98,63.75,46.17,77.9,50.32,50.0,96.96,69.41,1,6.6,0,0,2,1,10,5.6,False,True,False,False,True,False,64.18333333333332,10.516666666666667,1.7857142857142858
S5381,John,Williams,student4381@university.com,19,81.14,79.36,77.24,76.64,83.67,72.69999999999999,90.11,81.74499999999999,3,12.4,0,1,1,0,5,8.8,False,True,False,True,False,False,79.95333333333333,6.592338709677418,0.5681818181818181
S5382,Ali,Davis,student4382@university.com,19,55.59,89.7,66.19,51.76,90.59,26.9,96.73,77.18949999999998,2,7.8,1,1,0,0,6,4.3,True,False,False,False,True,False,70.31166666666667,9.89608974358974,1.3953488372093024
S5383,Emma,Davis,student4383@university.com,22,65.67,87.49,64.36,92.0,63.45,2.5,91.03,76.79249999999999,2,11.5,1,0,0,2,9,8.5,False,True,False,True,False,False,66.805,6.677608695652173,1.0588235294117647
S5384,John,Johnson,student4384@university.com,22,70.89,83.3,53.94,52.24,54.59,57.8,52.32,57.861,0,24.3,1,1,1,2,1,6.5,True,False,False,True,False,False,59.031666666666666,2.3811111111111107,0.1538461538461538
S5385,John,Williams,student4385@university.com,20,57.97,61.55,41.83,95.31,66.79,83.5,55.88,61.6045,1,13.3,0,1,2,0,3,7.7,True,False,True,False,False,False,67.47666666666667,4.631917293233083,0.3896103896103896
S5386,Omar,Williams,student4386@university.com,20,75.3,47.34,90.86,76.93,64.6,99.0,94.24,81.0375,3,22.2,1,0,3,2,5,5.7,False,True,True,False,False,False,78.82833333333333,3.6503378378378377,0.8771929824561403
S5387,John,Jones,student4387@university.com,22,54.26,53.01,59.58,58.42,72.54,84.7,51.38,58.5125,0,24.3,0,0,2,2,1,5.9,True,False,False,True,False,False,63.27166666666667,2.4079218106995883,0.1694915254237288
S5388,John,Brown,student4388@university.com,21,52.33,91.89,80.87,72.59,63.21,55.4,89.71,80.8935,3,25.4,1,1,2,2,7,5.0,True,False,False,False,True,False,75.61166666666666,3.1847834645669293,1.4
S5390,Liam,Smith,student4390@university.com,23,62.39,97.09,73.9,65.25,95.38,82.4,70.77,77.715,2,19.9,0,1,1,0,10,4.2,True,False,True,False,False,False,80.79833333333333,3.905276381909548,2.380952380952381
S5391,Emma,Jones,student4391@university.com,23,54.77,44.56,63.83,63.47,66.74,2.0,67.74,59.258,0,12.0,1,1,1,2,10,5.9,False,True,False,True,False,False,51.39000000000001,4.938166666666667,1.694915254237288
S5392,Emma,Johnson,student4392@university.com,21,71.2,72.21,56.1,55.9,89.28,95.2,59.72,64.8455,1,8.8,1,1,3,2,3,5.7,False,True,True,False,False,False,71.40166666666666,7.368806818181818,0.5263157894736842
S5393,Emma,Brown,student4393@university.com,22,95.76,78.92,96.04,79.86,81.29,53.1,52.45,74.346,2,17.6,0,1,1,2,1,8.1,False,True,False,True,False,False,73.61,4.224204545454545,0.1234567901234568
S5394,Maria,Johnson,student4394@university.com,20,86.21,82.64,80.92,54.46,66.88,95.2,87.27,78.424,2,7.6,0,1,1,2,9,6.5,True,False,False,False,False,True,77.895,10.318947368421052,1.3846153846153846
S5395,Ahmed,Smith,student4395@university.com,19,90.78,78.63,79.92,88.3,90.89,76.5,53.69,74.04050000000001,2,27.8,0,1,0,2,7,4.8,True,False,False,True,False,False,77.98833333333333,2.6633273381294966,1.4583333333333337
S5396,Liam,Brown,student4396@university.com,22,93.6,86.2,65.57,95.96,79.75,15.2,97.23,81.62049999999999,3,16.1,0,1,1,2,10,6.5,True,False,False,False,True,False,73.31833333333333,5.069596273291925,1.5384615384615383
S5397,Emma,Davis,student4397@university.com,20,98.63,61.57,90.7,96.59,50.43,16.5,64.84,71.71900000000001,2,26.8,1,1,3,1,9,5.2,True,False,True,False,False,False,63.43833333333333,2.676082089552239,1.7307692307692306
S5398,John,Williams,student4398@university.com,21,88.16,50.77,82.82,55.4,53.44,35.4,89.71,70.6575,2,22.7,1,1,1,1,9,4.1,False,True,False,False,False,True,61.25666666666666,3.112665198237885,2.1951219512195124
S5399,John,Jones,student4399@university.com,23,80.42,52.28,56.99,77.91,87.63,26.4,52.98,59.75299999999999,0,26.4,0,1,1,1,9,6.7,False,True,True,False,False,False,59.031666666666666,2.263371212121212,1.343283582089552
S5400,Emma,Johnson,student4400@university.com,21,68.27,40.72,75.97,54.86,72.33,43.9,76.81,65.8005,1,27.1,0,0,1,1,10,5.8,True,False,True,False,False,False,60.76499999999999,2.428062730627306,1.7241379310344829
S5401,Omar,Smith,student4401@university.com,20,59.08,61.02,65.81,78.6,70.28,60.4,67.45,67.6785,1,6.3,0,0,3,2,5,5.2,False,True,False,False,True,False,67.26,10.742619047619048,0.9615384615384616
S5402,Emma,Williams,student4402@university.com,21,84.33,45.5,40.4,90.75,57.29,43.7,51.5,53.9015,0,23.1,1,0,1,2,7,4.9,True,False,False,True,False,False,54.85666666666666,2.3333982683982684,1.4285714285714284
S5403,John,Jones,student4403@university.com,20,99.75,59.29,88.46,76.89,57.87,5.6000000000000005,82.79,73.446,2,10.7,0,1,2,2,6,6.3,False,True,False,False,True,False,61.81666666666667,6.86411214953271,0.9523809523809524
S5404,Maria,Williams,student4404@university.com,20,73.37,77.69,47.37,93.6,89.89,97.6,97.16,80.553,3,29.7,1,0,1,1,6,8.3,False,True,False,True,False,False,83.88499999999999,2.712222222222222,0.7228915662650601
S5405,Ali,Jones,student4405@university.com,21,86.18,93.67,70.6,90.08,91.45,42.5,50.54,71.6445,2,24.5,0,1,0,1,3,7.8,False,True,False,False,False,True,73.14,2.924265306122449,0.3846153846153846
S5407,Liam,Brown,student4407@university.com,19,71.6,55.16,60.53,81.51,64.76,7.4,85.18,68.033,1,28.2,0,1,1,0,6,7.7,False,True,False,False,True,False,59.09,2.412517730496454,0.7792207792207793
S5408,Liam,Williams,student4408@university.com,22,70.52,48.04,68.64,50.37,96.64,81.0,93.56,73.70349999999999,2,12.3,1,0,1,2,10,4.4,True,False,True,False,False,False,73.04166666666667,5.992154471544715,2.2727272727272725
S5409,Emma,Williams,student4409@university.com,23,75.23,51.58,99.82,69.8,81.2,17.3,59.54,70.009,2,15.4,0,0,2,1,6,6.7,True,False,False,False,True,False,63.20666666666667,4.546038961038961,0.8955223880597015
S5410,Sara,Williams,student4410@university.com,19,68.34,98.26,64.5,61.9,89.83,67.9,53.54,68.589,1,20.3,1,1,1,1,5,7.9,False,True,False,True,False,False,72.655,3.378768472906404,0.6329113924050632
S5411,Emma,Brown,student4411@university.com,22,87.44,72.97,50.94,96.86,50.16,66.2,50.43,61.6645,1,27.9,0,0,1,2,4,6.3,True,False,False,False,True,False,64.59333333333332,2.2101971326164875,0.6349206349206349
S5412,Omar,Smith,student4412@university.com,22,93.71,50.95,76.82,70.27,72.52,91.0,60.76,67.41799999999999,1,28.2,0,0,3,0,10,5.9,False,True,False,False,True,False,70.38666666666667,2.390709219858156,1.694915254237288
S5413,Emma,Jones,student4413@university.com,23,94.14,90.44,54.18,82.7,93.55,32.1,53.57,66.547,1,19.1,1,1,2,1,5,8.7,False,True,False,False,False,True,67.75666666666667,3.48413612565445,0.574712643678161
S5414,Liam,Davis,student4414@university.com,19,61.38,63.71,46.33,86.6,66.91,10.9,67.97,61.756,1,12.9,1,1,1,0,7,4.1,False,True,False,True,False,False,57.06999999999999,4.787286821705426,1.707317073170732
S5415,Ali,Williams,student4415@university.com,23,94.8,93.95,43.01,88.66,86.33,86.5,72.01,72.70500000000001,2,12.0,1,1,1,1,4,4.5,False,True,True,False,False,False,78.41,6.058750000000001,0.8888888888888888
S5416,John,Brown,student4416@university.com,20,67.08,55.64,41.37,86.79,82.88,33.2,74.0,63.855,1,14.1,1,0,1,1,9,8.4,True,False,False,True,False,False,62.31333333333333,4.528723404255319,1.0714285714285714
S5417,Emma,Smith,student4417@university.com,23,65.47,63.59,65.87,64.46,57.61,23.3,57.12,59.737,0,9.5,1,0,2,2,4,8.4,False,True,False,False,False,True,55.32500000000001,6.288105263157895,0.4761904761904761
S5418,John,Jones,student4418@university.com,21,86.34,70.3,65.6,84.3,88.75,48.6,73.2,72.855,2,21.7,1,0,2,0,9,5.9,True,False,False,True,False,False,71.79166666666667,3.357373271889401,1.5254237288135593
S5419,John,Brown,student4419@university.com,18,65.23,93.56,51.13,77.45,55.63,14.6,50.45,59.862,0,18.2,0,1,0,1,10,6.7,False,True,False,True,False,False,57.13666666666666,3.2891208791208792,1.4925373134328357
S5420,Sara,Davis,student4420@university.com,18,52.65,92.13,87.04,79.87,86.4,29.700000000000003,61.97,76.276,2,24.3,0,1,0,2,9,4.8,False,True,False,False,True,False,72.85166666666667,3.138930041152263,1.875
S5421,John,Davis,student4421@university.com,18,68.68,74.46,47.76,50.04,99.55,38.5,68.45,63.03,1,7.4,1,1,1,1,7,8.4,True,False,False,False,True,False,63.126666666666665,8.517567567567568,0.8333333333333333
S5422,Ali,Jones,student4422@university.com,19,86.07,53.31,94.92,62.91,97.9,27.7,55.92,69.11399999999999,1,15.0,1,0,3,2,7,6.3,False,True,False,True,False,False,65.44333333333334,4.6076,1.1111111111111112
S5423,Maria,Williams,student4423@university.com,19,66.35,64.2,75.25,96.53,90.01,45.0,90.7,81.38300000000001,3,11.0,0,0,1,1,10,6.8,False,True,False,True,False,False,76.94833333333334,7.398454545454546,1.4705882352941178
S5424,Maria,Davis,student4424@university.com,20,81.48,98.54,41.66,64.5,76.73,38.5,60.06,62.487,1,18.4,1,0,0,2,1,4.6,True,False,True,False,False,False,63.33166666666667,3.3960326086956525,0.2173913043478261
S5425,Ahmed,Smith,student4425@university.com,24,83.01,76.47,97.78,71.9,83.74,77.5,87.74,85.2715,3,16.7,0,0,0,1,2,7.1,True,False,False,False,False,True,82.52166666666666,5.106077844311377,0.2816901408450704
S5426,Omar,Brown,student4426@university.com,18,86.69,86.87,58.48,59.33,86.41,91.8,73.69,71.88799999999999,2,16.2,0,1,3,2,3,7.5,True,False,False,False,True,False,76.09666666666668,4.43753086419753,0.4
S5427,Emma,Smith,student4427@university.com,20,94.86,66.99,67.0,56.93,50.42,10.1,73.99,63.082,1,12.9,0,0,2,2,3,5.5,False,True,False,False,True,False,54.23833333333334,4.890077519379845,0.5454545454545454
S5428,Omar,Williams,student4428@university.com,24,71.63,71.92,57.06,60.43,55.12,82.30000000000001,82.26,68.4225,1,23.2,1,0,1,0,3,8.5,False,True,False,False,True,False,68.18166666666667,2.9492456896551724,0.3529411764705882
S5429,Ali,Smith,student4429@university.com,18,58.32,65.74,83.71,77.68,79.85,93.2,52.21,70.74849999999999,2,17.0,0,0,1,2,9,5.0,True,False,False,False,True,False,75.39833333333333,4.161676470588235,1.8
S5430,John,Smith,student4430@university.com,19,65.95,82.18,69.14,95.95,50.33,68.7,53.94,68.6545,1,10.1,1,1,1,0,2,8.5,True,False,False,True,False,False,70.03999999999999,6.797475247524752,0.2352941176470588
S5431,Maria,Johnson,student4431@university.com,24,71.61,91.09,47.94,66.31,95.45,99.6,66.34,70.022,2,18.7,1,0,3,2,1,7.5,False,True,False,True,False,False,77.78833333333334,3.744491978609626,0.1333333333333333
S5432,Omar,Smith,student4432@university.com,21,85.69,70.44,46.25,66.17,74.48,33.5,70.84,62.429,1,19.9,1,0,3,2,1,8.2,False,True,True,False,False,False,60.28000000000001,3.13713567839196,0.1219512195121951
S5434,Maria,Brown,student4434@university.com,21,65.79,60.42,54.22,67.84,69.69,67.4,83.84,68.285,1,10.1,0,1,2,2,7,6.1,True,False,False,False,True,False,67.23500000000001,6.760891089108911,1.1475409836065575
S5435,John,Johnson,student4435@university.com,23,88.99,50.63,48.27,95.52,92.54,32.3,50.04,59.871,0,11.1,0,0,3,0,2,5.7,True,False,False,True,False,False,61.55000000000001,5.3937837837837845,0.3508771929824561
S5436,Omar,Brown,student4436@university.com,21,83.54,96.35,69.97,68.89,96.36,70.5,97.96,84.8275,3,11.2,1,1,2,2,2,7.7,True,False,True,False,False,False,83.33833333333332,7.573883928571429,0.2597402597402597
S5437,Maria,Brown,student4437@university.com,22,86.59,58.96,88.17,74.52,55.81,51.0,58.72,67.8115,1,11.0,0,0,1,2,8,5.5,False,True,False,True,False,False,64.52999999999999,6.164681818181818,1.4545454545454546
S5438,Emma,Williams,student4438@university.com,18,90.59,88.04,56.73,76.67,88.9,18.9,62.43,67.453,1,11.8,0,1,2,2,7,4.3,False,True,False,False,True,False,65.27833333333334,5.71635593220339,1.627906976744186
S5439,Liam,Williams,student4439@university.com,21,89.16,82.92,56.59,89.1,78.91,17.4,95.28,77.2955,2,11.6,0,0,1,2,4,5.2,False,True,False,False,True,False,70.03333333333332,6.6634051724137935,0.7692307692307692
S5440,Emma,Johnson,student4440@university.com,24,84.11,87.46,90.03,78.2,79.28,71.3,50.27,73.9305,2,27.1,0,1,1,2,7,7.8,False,True,False,False,False,True,76.09,2.7280627306273058,0.8974358974358975
S5441,Ahmed,Davis,student4441@university.com,22,71.98,96.21,48.87,61.96,88.97,71.2,99.57,78.27099999999999,2,13.0,0,0,3,2,4,8.0,True,False,False,False,False,True,77.79666666666667,6.020846153846152,0.5
S5442,Ahmed,Williams,student4442@university.com,22,99.18,77.4,77.0,56.2,61.14,53.1,51.8,63.599,1,13.7,1,1,1,1,5,5.4,False,True,False,False,False,True,62.77333333333334,4.642262773722628,0.9259259259259258
S5443,Maria,Williams,student4443@university.com,22,78.45,93.88,97.3,96.89,76.55,50.1,56.03,79.90950000000001,2,11.7,1,1,3,0,8,5.6,True,False,True,False,False,False,78.45833333333333,6.829871794871796,1.4285714285714286
S5444,Liam,Williams,student4444@university.com,20,60.14,50.06,90.48,90.08,65.97,18.0,62.01,69.741,1,29.2,1,0,1,0,4,6.7,False,True,False,True,False,False,62.76666666666667,2.388390410958904,0.5970149253731343
S5445,Ali,Brown,student4445@university.com,24,64.64,77.6,43.71,51.15,54.73,42.9,71.94,59.44,0,18.4,1,1,0,2,7,5.3,False,True,False,False,True,False,57.005,3.230434782608696,1.3207547169811322
S5446,Emma,Johnson,student4446@university.com,20,84.68,86.34,59.19,91.08,55.25,87.10000000000001,75.92,74.06649999999999,2,20.3,1,0,0,1,2,7.0,False,True,False,False,True,False,75.81333333333335,3.6485960591133,0.2857142857142857
S5447,Ali,Brown,student4447@university.com,22,96.24,56.3,48.54,79.53,56.82,85.5,55.24,59.0385,0,23.4,0,1,2,1,2,5.4,True,False,True,False,False,False,63.655,2.523012820512821,0.3703703703703703
S5448,Liam,Jones,student4448@university.com,23,58.94,84.45,96.95,75.94,80.74,66.10000000000001,53.68,75.779,2,13.3,1,0,1,0,9,4.6,False,True,False,False,True,False,76.31000000000002,5.69766917293233,1.956521739130435
S5449,Ali,Brown,student4449@university.com,21,54.12,86.71,99.16,50.61,55.29,99.7,51.59,71.37899999999999,2,29.2,0,1,3,1,10,4.8,True,False,False,False,True,False,73.84333333333335,2.444486301369863,2.083333333333333
S5450,Liam,Jones,student4450@university.com,18,94.08,89.87,54.1,89.04,78.51,89.3,62.84,71.5295,2,8.8,0,0,1,1,8,5.3,True,False,False,True,False,False,77.27666666666666,8.128352272727271,1.509433962264151
S5451,Maria,Smith,student4451@university.com,24,95.76,58.77,80.18,59.9,79.41,14.5,96.08,75.3355,2,16.4,0,0,2,0,3,4.8,False,True,False,False,False,True,64.80666666666666,4.593628048780488,0.625
S5452,Ali,Smith,student4452@university.com,23,63.82,80.9,90.5,86.4,95.19,39.900000000000006,69.49,80.08099999999999,3,8.6,0,0,2,0,7,8.9,True,False,False,False,False,True,77.06333333333333,9.31174418604651,0.7865168539325842
S5453,Emma,Jones,student4453@university.com,19,68.86,58.26,54.02,50.79,81.32,13.2,88.2,65.11449999999999,1,24.8,1,0,0,0,1,7.3,False,True,True,False,False,False,57.63166666666666,2.6255846774193543,0.136986301369863
S5454,John,Jones,student4454@university.com,20,83.01,84.34,51.26,89.82,99.28,46.6,59.51,69.05,1,7.7,0,0,1,2,4,4.9,True,False,False,False,False,True,71.80166666666666,8.967532467532466,0.8163265306122448
S5455,Ahmed,Brown,student4455@university.com,21,66.5,67.78,40.67,51.15,51.55,77.6,53.23,53.011,0,18.8,0,0,1,0,4,6.1,False,True,False,False,False,True,56.99666666666667,2.819734042553192,0.6557377049180328
S5456,John,Jones,student4456@university.com,21,93.86,75.85,64.72,61.79,85.21,15.6,77.71,69.44,1,7.6,1,0,2,0,8,5.3,True,False,True,False,False,False,63.48,9.136842105263158,1.509433962264151
S5457,Ali,Johnson,student4457@university.com,19,55.38,64.95,93.97,63.41,51.32,88.0,91.1,79.60849999999999,2,16.3,0,0,0,1,4,7.4,True,False,True,False,False,False,75.45833333333333,4.883957055214723,0.5405405405405405
S5458,John,Smith,student4458@university.com,19,51.9,49.72,94.18,57.88,86.47,56.900000000000006,94.92,79.65299999999999,2,12.0,0,0,1,1,9,8.3,False,True,False,False,False,True,73.345,6.63775,1.0843373493975903
S5459,Emma,Smith,student4459@university.com,24,60.42,50.68,47.66,74.05,69.29,74.9,77.31,64.4915,1,27.6,0,1,0,0,10,6.0,False,True,False,True,False,False,65.64833333333334,2.3366485507246377,1.6666666666666667
S5460,Emma,Davis,student4460@university.com,21,64.3,44.65,52.26,64.18,80.57,4.5,64.7,57.081500000000005,0,6.3,1,1,1,0,7,6.1,False,True,True,False,False,False,51.81,9.060555555555556,1.1475409836065575
S5461,Ali,Jones,student4461@university.com,19,55.65,77.08,64.48,99.66,65.48,9.4,55.48,66.293,1,21.2,0,0,1,1,10,6.0,False,True,False,False,True,False,61.93,3.127028301886793,1.6666666666666667
S5462,Maria,Williams,student4462@university.com,21,53.28,90.92,86.84,79.0,57.96,62.1,83.39,81.116,3,22.4,0,0,2,0,5,6.2,True,False,True,False,False,False,76.70166666666667,3.62125,0.8064516129032258
S5463,John,Williams,student4463@university.com,23,87.78,41.25,76.71,78.32,86.18,83.80000000000001,64.02,69.127,1,27.2,1,1,1,2,8,4.2,True,False,False,False,True,False,71.71333333333332,2.541433823529412,1.9047619047619049
S5464,Maria,Jones,student4464@university.com,24,58.21,43.97,70.83,61.04,95.23,87.4,92.2,75.012,2,26.9,1,1,2,0,4,7.0,True,False,True,False,False,False,75.11166666666666,2.788550185873606,0.5714285714285714
S5465,Maria,Johnson,student4465@university.com,19,95.7,67.45,75.52,70.43,59.18,68.8,80.26,72.99799999999999,2,29.4,1,0,0,1,10,8.8,True,False,True,False,False,False,70.27333333333333,2.482925170068027,1.1363636363636362
S5466,Liam,Williams,student4466@university.com,23,68.4,84.26,45.77,56.2,96.04,20.1,92.94,71.0025,2,11.3,0,1,1,2,6,7.9,False,True,False,False,False,True,65.885,6.283407079646017,0.7594936708860759
S5467,Sara,Davis,student4467@university.com,23,83.53,49.46,68.66,88.13,57.01,19.5,78.33,67.9785,1,11.9,0,1,3,0,5,8.3,True,False,False,False,False,True,60.181666666666665,5.712478991596639,0.6024096385542168
S5468,Ali,Jones,student4468@university.com,19,61.27,56.3,99.52,66.56,86.78,88.10000000000001,88.59,82.969,3,14.9,1,0,1,1,10,5.1,False,True,False,False,False,True,80.97500000000001,5.568389261744966,1.9607843137254903
S5469,Ahmed,Johnson,student4469@university.com,24,62.02,53.92,45.31,87.6,97.97,11.3,64.72,62.3335,1,18.4,0,1,2,1,3,7.0,True,False,False,True,False,False,60.136666666666656,3.3876902173913046,0.4285714285714285
S5470,Emma,Johnson,student4470@university.com,21,78.74,63.94,71.15,68.58,57.37,68.60000000000001,75.15,69.3775,1,14.2,1,0,1,1,8,8.5,False,True,False,False,False,True,67.46500000000002,4.885739436619718,0.9411764705882352
S5471,Emma,Brown,student4471@university.com,22,78.03,53.5,57.74,99.44,71.75,53.4,50.97,62.512,1,23.5,0,1,1,1,6,4.3,False,True,False,False,False,True,64.46666666666665,2.660085106382979,1.3953488372093024
S5474,Omar,Williams,student4474@university.com,19,83.53,76.66,74.65,79.74,87.66,94.5,87.76,81.9415,3,22.9,1,0,3,0,10,8.9,False,True,False,True,False,False,83.495,3.578231441048036,1.1235955056179774
S5475,Omar,Jones,student4475@university.com,20,72.46,44.87,91.13,97.65,83.06,86.1,86.45,82.70649999999999,3,27.1,0,0,1,0,1,4.4,True,False,False,False,True,False,81.54333333333334,3.0519003690036897,0.2272727272727272
S5476,Omar,Jones,student4476@university.com,24,94.53,78.26,63.38,82.35,98.43,86.5,81.38,78.5185,2,24.4,0,1,1,0,3,5.8,False,True,True,False,False,False,81.71666666666667,3.2179713114754103,0.5172413793103449
S5477,Liam,Johnson,student4477@university.com,19,81.13,68.62,70.98,54.29,59.27,40.7,52.83,59.9925,0,7.9,0,1,1,1,8,4.3,True,False,True,False,False,False,57.781666666666666,7.593987341772151,1.8604651162790695
S5478,Ahmed,Davis,student4478@university.com,18,99.51,96.07,40.66,77.02,77.16,10.7,95.15,72.9245,2,28.4,0,1,1,2,8,4.3,True,False,False,False,True,False,66.12666666666667,2.567764084507042,1.8604651162790695
S5479,Emma,Smith,student4479@university.com,23,90.97,57.36,87.37,95.47,72.46,99.8,50.9,72.273,2,18.0,0,0,1,1,2,8.3,False,True,False,True,False,False,77.22666666666667,4.0151666666666666,0.2409638554216867
S5480,Ali,Brown,student4480@university.com,20,52.22,83.57,55.57,50.33,95.94,14.5,90.16,71.3445,2,23.6,0,1,3,2,1,4.3,True,False,True,False,False,False,65.01166666666666,3.0230720338983046,0.2325581395348837
S5481,Liam,Smith,student4481@university.com,20,66.03,83.85,88.99,58.35,50.53,51.6,73.97,73.4015,2,10.0,1,1,3,0,5,8.0,True,False,False,False,False,True,67.88166666666666,7.340149999999999,0.625
S5482,Emma,Johnson,student4482@university.com,21,78.59,53.29,55.94,90.73,99.46,26.5,90.9,74.12899999999999,2,18.7,0,1,2,1,1,8.5,True,False,False,True,False,False,69.46999999999998,3.9641176470588233,0.1176470588235294
S5483,Maria,Johnson,student4483@university.com,22,86.07,94.19,40.65,94.7,73.99,51.1,73.25,70.425,2,13.3,1,1,2,1,8,8.7,False,True,False,False,True,False,71.31333333333335,5.295112781954887,0.9195402298850576
S5484,John,Smith,student4484@university.com,21,77.52,69.47,49.29,85.36,81.28,30.5,82.35,69.905,1,29.4,1,1,2,0,9,8.3,False,True,False,False,True,False,66.375,2.3777210884353743,1.0843373493975903
S5485,John,Brown,student4485@university.com,24,89.31,80.73,99.14,99.58,68.0,89.7,68.16,83.5645,3,16.9,0,1,1,2,2,8.8,False,True,False,False,False,True,84.21833333333332,4.944644970414202,0.2272727272727272
S5486,Liam,Smith,student4486@university.com,20,64.13,48.75,59.19,54.51,92.63,96.8,87.18,70.5435,2,23.9,1,1,2,2,4,4.3,False,True,False,False,False,True,73.17666666666666,2.951610878661088,0.9302325581395348
S5487,Emma,Jones,student4487@university.com,20,59.2,55.47,46.53,77.28,78.1,41.0,62.71,60.218,1,20.1,1,1,2,2,6,9.0,True,False,False,False,False,True,60.181666666666665,2.9959203980099502,0.6666666666666666
S5488,Sara,Williams,student4488@university.com,22,52.7,75.17,47.13,84.25,83.14,7.0,85.97,70.1505,2,7.4,0,0,0,1,7,4.1,True,False,False,True,False,False,63.77666666666666,9.479797297297296,1.707317073170732
S5489,Ahmed,Davis,student4489@university.com,24,78.67,59.14,58.62,85.13,82.45,66.3,59.67,65.75649999999999,1,18.6,1,0,3,1,5,4.8,True,False,False,False,True,False,68.55166666666666,3.53529569892473,1.0416666666666667
S5490,Omar,Jones,student4490@university.com,19,84.43,69.98,42.26,89.67,68.2,37.7,86.11,69.0505,1,18.5,0,0,2,1,1,4.4,True,False,False,False,False,True,65.65333333333334,3.7324594594594593,0.2272727272727272
S5491,Ahmed,Williams,student4491@university.com,22,66.31,62.44,70.69,95.88,53.8,98.6,64.68,71.1345,2,22.9,0,1,3,2,7,7.7,True,False,False,False,False,True,74.34833333333333,3.1063100436681226,0.9090909090909092
S5492,Ahmed,Davis,student4492@university.com,23,80.68,78.43,52.82,68.08,90.39,8.9,63.93,63.8445,1,13.0,1,0,1,1,7,4.4,True,False,False,False,True,False,60.42499999999999,4.9111153846153845,1.5909090909090908
S5493,Liam,Davis,student4493@university.com,21,52.61,69.23,71.16,52.15,64.49,11.9,90.57,70.21199999999999,2,26.5,1,0,0,2,5,5.5,False,True,True,False,False,False,59.91666666666666,2.649509433962264,0.9090909090909092
S5494,Maria,Davis,student4494@university.com,19,54.96,40.28,48.45,68.12,92.45,69.9,90.68,68.31649999999999,1,20.6,1,1,1,0,2,7.2,True,False,False,True,False,False,68.31333333333335,3.31633495145631,0.2777777777777778
S5496,John,Davis,student4496@university.com,22,68.4,65.33,75.88,60.67,67.69,47.1,96.2,75.854,2,22.7,1,1,3,1,9,4.7,True,False,False,False,False,True,68.81166666666667,3.3415859030837005,1.9148936170212765
S5497,Maria,Brown,student4497@university.com,19,83.57,60.5,43.72,90.5,79.71,27.7,57.81,60.279,1,27.7,0,1,1,0,9,6.6,False,True,False,True,False,False,59.99,2.1761371841155235,1.3636363636363638
S5498,Ali,Smith,student4498@university.com,22,91.59,45.65,63.92,60.99,82.27,31.0,63.47,60.794,1,22.1,0,1,2,0,4,5.7,True,False,True,False,False,False,57.883333333333326,2.750859728506787,0.7017543859649122
S5499,Ahmed,Brown,student4499@university.com,23,92.63,53.22,58.15,50.5,85.33,33.8,64.7,59.7285,0,14.5,0,1,0,2,4,6.9,True,False,False,False,True,False,57.61666666666667,4.119206896551724,0.5797101449275363
S5500,Ahmed,Smith,student4500@university.com,18,58.61,53.43,54.42,75.4,91.12,22.5,65.26,62.7445,1,19.8,0,1,3,0,7,6.7,False,True,False,False,False,True,60.355,3.1689141414141413,1.044776119402985
S5501,Ali,Jones,student4501@university.com,20,74.31,96.12,76.27,86.32,57.99,85.1,66.4,76.4075,2,9.3,1,0,1,1,5,8.9,True,False,False,True,False,False,78.03333333333332,8.215860215053763,0.5617977528089887
S5502,Ahmed,Jones,student4502@university.com,24,86.7,65.95,75.31,67.48,97.21,6.5,84.85,74.343,2,20.0,1,0,0,0,1,8.3,False,True,False,True,False,False,66.21666666666665,3.71715,0.1204819277108433
S5503,Ali,Smith,student4503@university.com,19,88.7,42.52,77.84,87.44,70.54,40.7,63.54,67.105,1,17.5,0,0,1,0,5,4.0,False,True,False,True,False,False,63.76333333333334,3.834571428571429,1.25
S5504,Maria,Brown,student4504@university.com,20,89.23,48.33,49.53,71.92,93.02,74.80000000000001,64.3,62.752,1,5.7,0,1,3,1,4,4.9,True,False,False,True,False,False,66.98333333333333,11.009122807017544,0.8163265306122448
S5505,John,Smith,student4505@university.com,18,61.41,44.74,57.14,58.59,61.02,0.4,78.52,59.4625,0,13.0,0,0,3,2,3,8.6,True,False,False,False,False,True,50.068333333333335,4.5740384615384615,0.3488372093023256
S5506,Ali,Davis,student4506@university.com,19,59.63,75.33,52.58,54.53,51.45,87.8,59.67,60.06,1,9.8,1,0,1,1,1,6.7,False,True,False,False,False,True,63.56,6.128571428571428,0.1492537313432835
S5507,Sara,Johnson,student4507@university.com,20,79.5,51.2,72.43,85.53,78.67,70.6,68.24,70.486,2,14.8,1,0,1,1,9,7.8,True,False,False,False,True,False,71.11166666666668,4.762567567567568,1.153846153846154
S5508,Liam,Jones,student4508@university.com,20,87.05,69.91,67.66,69.29,66.23,7.3,52.9,60.653000000000006,1,11.0,1,0,1,0,4,6.5,True,False,False,False,True,False,55.54833333333334,5.513909090909092,0.6153846153846154
S5509,Liam,Johnson,student4509@university.com,19,65.96,62.2,59.82,95.64,99.22,89.5,97.63,82.317,3,25.9,1,0,3,0,3,7.9,False,True,False,False,True,False,84.00166666666667,3.178262548262548,0.3797468354430379
S5510,Ali,Davis,student4510@university.com,20,55.24,88.23,87.16,77.01,55.22,48.7,65.87,74.29400000000001,2,22.4,1,0,2,1,8,4.7,False,True,True,False,False,False,70.365,3.3166964285714293,1.702127659574468
S5511,Liam,Davis,student4511@university.com,20,85.84,59.23,45.64,67.42,52.37,65.19999999999999,92.5,66.6545,1,23.5,0,0,1,0,7,7.7,True,False,False,False,True,False,63.72666666666667,2.83636170212766,0.9090909090909092
S5512,Ahmed,Jones,student4512@university.com,19,64.98,67.5,98.49,67.45,52.25,88.2,76.5,77.45,2,14.0,1,1,1,2,6,8.3,False,True,False,False,False,True,75.065,5.5321428571428575,0.7228915662650601
S5514,Omar,Davis,student4514@university.com,20,57.39,66.0,86.38,79.69,78.96,40.9,59.67,71.2905,2,10.5,1,1,1,2,2,5.8,True,False,False,False,False,True,68.6,6.789571428571428,0.3448275862068966
S5515,Liam,Williams,student4515@university.com,20,65.75,87.59,62.09,79.11,75.28,23.8,84.75,74.6705,2,23.9,1,1,2,1,9,7.0,True,False,True,False,False,False,68.77000000000001,3.1242887029288706,1.2857142857142858
S5516,Maria,Johnson,student4516@university.com,24,79.63,79.7,91.92,90.0,67.5,25.7,98.24,85.942,3,20.1,1,0,1,0,1,8.3,True,False,False,False,True,False,75.51,4.275721393034825,0.1204819277108433
S5517,Emma,Johnson,student4517@university.com,21,67.92,64.63,44.45,60.06,54.44,76.6,59.15,56.835,0,18.5,1,0,0,0,4,8.5,False,True,False,False,True,False,59.88833333333332,3.0721621621621624,0.4705882352941176
S5518,Maria,Williams,student4518@university.com,23,51.03,70.24,62.48,64.54,61.69,92.9,55.77,63.382000000000005,1,12.0,0,1,0,2,4,6.7,True,False,False,False,True,False,67.93666666666667,5.281833333333334,0.5970149253731343
S5519,Emma,Brown,student4519@university.com,21,54.85,98.03,60.13,54.86,59.21,7.199999999999999,69.35,65.05199999999999,1,6.9,0,1,1,2,9,7.3,False,True,True,False,False,False,58.13,9.42782608695652,1.2328767123287672
S5520,Omar,Johnson,student4520@university.com,18,64.53,79.7,99.59,64.77,87.28,1.5,69.69,76.278,2,24.6,1,0,1,1,3,8.4,True,False,False,False,False,True,67.08833333333334,3.100731707317073,0.3571428571428571
S5522,Ali,Davis,student4522@university.com,21,54.93,50.73,51.39,98.2,88.85,38.7,73.44,68.039,1,6.5,0,1,1,1,2,8.1,False,True,False,False,False,True,66.88499999999999,10.467538461538462,0.2469135802469136
S5523,John,Davis,student4523@university.com,18,78.03,68.99,77.8,82.65,98.45,27.6,53.12,69.357,1,12.4,1,0,0,1,1,5.3,True,False,False,False,True,False,68.10166666666667,5.593306451612903,0.1886792452830188
S5524,Sara,Williams,student4524@university.com,20,55.99,94.52,72.13,89.14,94.21,18.8,96.03,84.7515,3,19.3,1,0,1,2,7,6.9,False,True,True,False,False,False,77.47166666666665,4.391269430051813,1.0144927536231882
S5525,Maria,Johnson,student4525@university.com,20,60.58,59.36,49.26,66.28,74.89,34.6,68.66,60.978,1,29.8,1,1,2,0,2,8.7,False,True,True,False,False,False,58.84166666666668,2.046241610738255,0.2298850574712644
S5526,Ahmed,Brown,student4526@university.com,21,58.61,98.06,50.07,57.23,70.75,97.1,83.43,72.77,2,7.3,0,1,1,0,1,6.6,True,False,False,False,True,False,76.10666666666667,9.968493150684932,0.1515151515151515
S5527,Emma,Johnson,student4527@university.com,18,53.36,45.82,99.36,62.84,95.79,97.7,83.37,80.614,3,16.8,1,1,0,1,9,4.5,True,False,True,False,False,False,80.81333333333333,4.798452380952381,2.0
S5528,Liam,Davis,student4528@university.com,20,83.57,94.16,67.16,62.82,80.56,33.2,52.82,65.899,1,20.0,0,1,1,0,8,8.5,True,False,False,False,True,False,65.11999999999999,3.29495,0.9411764705882352
S5529,Ahmed,Jones,student4529@university.com,22,73.17,66.71,47.55,79.16,64.72,96.4,50.18,60.114,1,25.6,1,0,0,1,3,6.9,True,False,False,False,False,True,67.45333333333333,2.348203125,0.4347826086956521
S5530,John,Smith,student4530@university.com,19,91.55,44.42,52.89,67.07,78.22,30.0,54.4,55.588,0,22.2,0,0,1,0,2,4.4,False,True,True,False,False,False,54.5,2.503963963963964,0.4545454545454545
S5531,Emma,Williams,student4531@university.com,19,54.94,92.77,56.1,92.87,99.61,85.39999999999999,97.83,85.451,3,25.2,1,1,1,0,1,4.1,True,False,False,True,False,False,87.43,3.390912698412698,0.2439024390243902
S5532,Maria,Jones,student4532@university.com,23,57.24,55.12,70.66,99.43,92.47,21.200000000000003,89.7,78.0645,2,18.1,0,0,1,0,10,5.3,True,False,True,False,False,False,71.42999999999999,4.312955801104971,1.8867924528301887
S5533,Ali,Brown,student4533@university.com,19,65.32,41.34,60.13,67.16,64.06,82.6,56.6,58.8235,0,15.8,1,1,1,0,4,4.6,True,False,False,False,True,False,61.98166666666666,3.723006329113924,0.8695652173913044
S5534,Ahmed,Jones,student4534@university.com,21,88.29,48.15,67.3,85.25,97.65,35.4,80.74,72.592,2,20.5,1,0,1,2,6,7.1,True,False,False,True,False,False,69.08166666666666,3.541073170731708,0.8450704225352114
S5535,John,Jones,student4535@university.com,19,65.29,79.55,49.99,82.87,99.07,19.6,80.6,71.9275,2,27.5,1,0,2,0,2,7.0,True,False,False,False,True,False,68.61333333333334,2.615545454545454,0.2857142857142857
S5536,Maria,Brown,student4536@university.com,19,70.42,98.67,59.6,59.72,61.56,93.5,50.03,64.49849999999999,1,18.8,1,0,1,2,6,8.2,False,True,True,False,False,False,70.51333333333334,3.430771276595744,0.7317073170731708
S5537,Omar,Jones,student4537@university.com,22,65.08,46.69,44.22,95.9,94.78,21.4,71.45,64.4265,1,20.1,1,1,0,2,5,6.6,True,False,False,True,False,False,62.406666666666666,3.2052985074626865,0.7575757575757576
S5538,Omar,Williams,student4538@university.com,20,54.01,67.72,93.38,59.97,94.16,99.2,85.59,82.5515,3,13.4,1,1,1,2,1,5.3,False,True,False,True,False,False,83.33666666666666,6.160559701492537,0.1886792452830188
S5539,Maria,Davis,student4539@university.com,22,96.97,50.84,51.93,86.85,51.99,10.9,59.34,57.182,0,19.9,0,1,1,0,10,4.3,True,False,True,False,False,False,51.975,2.8734673366834174,2.3255813953488373
S5540,Maria,Johnson,student4540@university.com,21,77.43,84.7,85.41,67.38,83.48,1.0,92.55,80.32749999999999,3,20.7,0,1,0,1,7,4.1,True,False,False,True,False,False,69.08666666666667,3.880555555555555,1.707317073170732
S5541,Maria,Jones,student4541@university.com,19,89.39,47.08,60.97,68.35,65.26,87.10000000000001,83.02,68.344,1,23.8,0,0,2,1,7,8.6,True,False,False,False,False,True,68.63,2.8715966386554617,0.813953488372093
S5542,Emma,Williams,student4542@university.com,24,82.92,54.39,68.46,72.77,83.73,58.7,50.35,62.602,1,19.3,1,1,1,2,5,4.7,False,True,False,True,False,False,64.73333333333333,3.243626943005181,1.0638297872340423
S5543,Maria,Johnson,student4543@university.com,20,75.71,51.78,57.48,93.23,95.68,42.2,92.75,75.6245,2,9.9,0,0,1,2,4,6.5,True,False,False,True,False,False,72.18666666666667,7.638838383838383,0.6153846153846154
S5544,Ahmed,Johnson,student4544@university.com,23,54.48,73.15,81.79,57.01,74.94,8.2,50.97,63.16649999999999,1,19.5,1,1,1,0,2,8.0,False,True,False,False,False,True,57.676666666666655,3.239307692307692,0.25
S5545,John,Jones,student4545@university.com,23,82.14,92.39,90.67,52.73,70.72,57.5,94.4,82.7025,3,12.4,0,1,0,1,7,8.6,False,True,False,False,True,False,76.40166666666666,6.669556451612903,0.813953488372093
S5546,Emma,Williams,student4546@university.com,19,57.77,70.67,57.18,70.1,96.08,39.4,66.69,66.99549999999999,1,7.2,1,0,2,2,8,5.0,True,False,False,False,True,False,66.68666666666665,9.304930555555554,1.6
S5547,Maria,Davis,student4547@university.com,19,70.72,43.49,54.53,52.78,98.71,48.4,84.93,65.843,1,25.6,0,0,1,1,9,5.2,False,True,False,False,False,True,63.806666666666665,2.5719921875,1.7307692307692306
S5549,Liam,Brown,student4549@university.com,23,89.11,87.85,51.71,88.02,96.14,64.0,64.06,71.34,2,20.8,0,0,0,0,2,4.8,True,False,True,False,False,False,75.29666666666667,3.4298076923076923,0.4166666666666667
S5550,Sara,Johnson,student4550@university.com,24,84.25,47.93,78.39,92.74,54.14,96.1,67.82,71.263,2,29.7,1,1,3,2,1,6.3,False,True,False,False,False,True,72.85333333333332,2.399427609427609,0.1587301587301587
S5551,John,Jones,student4551@university.com,21,83.58,44.36,45.67,87.19,66.86,65.5,75.48,63.755,1,7.2,1,0,3,0,2,7.2,True,False,True,False,False,False,64.17666666666666,8.854861111111111,0.2777777777777778
S5552,Omar,Johnson,student4552@university.com,19,57.45,51.27,77.21,95.82,88.13,33.9,79.13,75.613,2,10.5,1,1,1,1,3,7.5,True,False,False,False,True,False,70.90999999999998,7.201238095238095,0.4
S5553,Ali,Williams,student4553@university.com,23,67.31,84.77,70.8,87.42,88.85,33.0,64.6,73.44349999999999,2,24.0,0,1,1,1,1,5.6,False,True,False,False,False,True,71.57333333333334,3.060145833333333,0.1785714285714285
S5554,Ali,Smith,student4554@university.com,24,52.15,75.5,46.83,96.8,86.29,47.7,99.62,78.4525,2,7.4,1,1,1,2,5,7.1,False,True,True,False,False,False,75.45666666666666,10.60168918918919,0.7042253521126761
S5555,Liam,Jones,student4555@university.com,18,85.97,72.44,78.95,59.66,51.96,25.9,86.85,72.0985,2,25.8,1,0,3,2,7,4.0,False,True,False,True,False,False,62.626666666666665,2.794515503875969,1.75
S5557,Emma,Jones,student4557@university.com,20,63.21,59.93,53.03,99.7,96.81,84.2,82.02,75.699,2,27.2,0,0,1,0,6,8.3,False,True,True,False,False,False,79.28166666666667,2.7830514705882354,0.7228915662650601
S5558,Emma,Johnson,student4558@university.com,20,54.38,97.95,61.2,84.08,54.07,86.0,71.77,73.8425,2,6.7,1,1,2,0,8,6.7,False,True,False,False,False,True,75.845,11.021268656716416,1.1940298507462686
S5559,Emma,Williams,student4559@university.com,18,73.78,54.44,69.53,93.93,53.93,62.8,93.02,76.077,2,28.0,1,1,1,2,2,5.2,True,False,False,False,False,True,71.27499999999999,2.717035714285714,0.3846153846153846
S5560,Ali,Brown,student4560@university.com,21,92.83,94.1,45.49,51.52,91.78,58.3,66.45,65.2435,1,26.6,0,1,0,2,5,8.9,False,True,False,False,True,False,67.94,2.4527631578947364,0.5617977528089887
S5561,Sara,Davis,student4561@university.com,19,77.6,74.83,97.46,93.59,82.06,42.7,59.39,77.786,2,18.5,0,1,1,2,9,8.1,False,True,False,False,True,False,75.005,4.204648648648648,1.1111111111111112
S5562,Ali,Williams,student4562@university.com,19,52.34,47.4,79.93,84.89,67.58,63.6,52.31,65.45700000000001,1,24.4,0,1,1,1,7,4.1,True,False,False,True,False,False,65.95166666666667,2.68266393442623,1.707317073170732
S5563,Ahmed,Jones,student4563@university.com,23,98.71,68.04,46.15,58.54,58.29,80.60000000000001,99.22,70.14949999999999,2,6.9,0,1,3,0,7,6.3,True,False,False,False,True,False,68.47333333333334,10.16659420289855,1.1111111111111112
S5564,Maria,Brown,student4564@university.com,20,91.43,96.91,89.37,51.28,94.21,73.8,67.96,78.07,2,8.4,1,1,1,0,3,4.5,False,True,False,False,True,False,78.92166666666667,9.294047619047618,0.6666666666666666
S5565,Emma,Williams,student4565@university.com,21,56.58,65.11,59.35,63.0,99.43,3.5,61.03,62.481,1,14.2,1,1,3,2,3,4.7,False,True,False,False,True,False,58.56999999999999,4.400070422535212,0.6382978723404255
S5566,Sara,Smith,student4566@university.com,21,96.09,91.8,75.81,95.79,52.5,73.1,74.59,78.37299999999999,2,18.4,1,0,0,2,2,4.0,True,False,True,False,False,False,77.265,4.259402173913044,0.5
S5567,John,Davis,student4567@university.com,21,72.53,55.39,56.63,83.41,77.71,72.0,64.58,65.7225,1,26.7,0,0,2,0,9,7.4,False,True,False,False,False,True,68.28666666666666,2.461516853932584,1.2162162162162162
S5568,Liam,Johnson,student4568@university.com,23,68.59,74.26,84.0,95.97,63.07,9.9,61.65,71.8315,2,18.6,0,0,3,1,4,5.3,False,True,False,False,True,False,64.80833333333332,3.8619086021505376,0.7547169811320755
S5569,John,Williams,student4569@university.com,19,73.05,90.63,83.38,72.31,91.62,15.0,80.82,79.44399999999999,2,21.6,1,0,1,0,9,5.5,True,False,True,False,False,False,72.29333333333334,3.677962962962962,1.6363636363636365
S5570,Maria,Williams,student4570@university.com,21,91.73,95.24,73.12,96.83,67.3,78.8,53.74,73.88250000000001,2,22.0,1,0,0,2,4,4.2,False,True,False,False,False,True,77.50500000000001,3.358295454545455,0.9523809523809524
S5571,Sara,Smith,student4571@university.com,23,82.97,69.15,54.46,73.15,85.73,55.9,75.45,68.96300000000001,1,26.9,1,0,1,0,8,4.0,True,False,False,False,True,False,68.97333333333333,2.56368029739777,2.0
S5572,Ali,Jones,student4572@university.com,23,52.96,78.38,55.22,60.21,76.98,82.2,69.37,67.2125,1,24.4,0,1,1,0,1,8.0,False,True,False,False,True,False,70.39333333333333,2.754610655737705,0.125
S5573,Ali,Davis,student4573@university.com,18,97.88,40.18,62.97,57.57,77.08,18.5,76.63,62.027,1,29.4,0,1,1,0,1,7.3,True,False,False,False,False,True,55.48833333333334,2.1097619047619047,0.136986301369863
S5575,Ahmed,Johnson,student4575@university.com,21,87.28,56.72,60.26,66.69,73.52,16.200000000000003,78.52,65.2945,1,10.2,0,0,0,2,6,4.3,True,False,True,False,False,False,58.65166666666666,6.401421568627451,1.3953488372093024
S5576,Ali,Williams,student4576@university.com,22,81.81,45.61,81.06,58.0,92.28,45.3,54.09,63.5265,1,28.3,1,1,2,0,7,7.9,False,True,False,True,False,False,62.723333333333336,2.2447526501766784,0.8860759493670886
S5577,John,Brown,student4577@university.com,19,59.38,56.78,89.85,50.42,68.17,52.3,68.81,68.6175,1,24.8,0,1,1,1,7,8.6,True,False,False,False,False,True,64.38833333333334,2.766834677419355,0.813953488372093
S5578,Liam,Williams,student4578@university.com,23,58.54,59.27,59.95,64.28,58.74,85.8,61.87,62.245,1,11.7,0,0,0,0,10,6.6,False,True,False,True,False,False,64.985,5.32008547008547,1.5151515151515151
S5579,Emma,Johnson,student4579@university.com,24,93.52,98.13,54.02,94.46,72.77,71.6,71.9,74.8205,2,29.4,1,1,0,1,3,4.7,True,False,True,False,False,False,77.14666666666666,2.5449149659863943,0.6382978723404255
S5580,John,Williams,student4580@university.com,21,70.98,80.12,89.96,76.7,74.92,99.0,69.92,79.431,2,26.7,0,1,2,2,9,7.3,True,False,False,False,True,False,81.77,2.974943820224719,1.2328767123287672
S5582,Ahmed,Williams,student4582@university.com,20,75.2,99.28,64.6,96.12,90.42,13.0,81.44,79.58399999999999,2,25.3,0,0,2,1,3,4.8,False,True,True,False,False,False,74.14333333333333,3.145612648221344,0.625
S5583,Maria,Williams,student4583@university.com,19,86.37,49.19,41.61,75.64,78.23,8.4,70.67,58.571000000000005,0,24.6,0,0,2,1,7,6.4,False,True,True,False,False,False,53.95666666666667,2.380934959349593,1.09375
S5584,Liam,Brown,student4584@university.com,18,73.96,68.56,81.7,91.91,94.42,53.8,59.08,74.3515,2,10.5,0,1,2,0,4,5.2,True,False,False,False,True,False,74.91166666666666,7.081095238095238,0.7692307692307692
S5585,Ali,Smith,student4585@university.com,18,64.37,78.82,87.04,66.19,75.71,26.7,79.1,76.1475,2,21.7,1,0,1,1,6,8.7,False,True,False,False,False,True,68.92666666666666,3.509101382488479,0.6896551724137931
S5586,Ahmed,Smith,student4586@university.com,22,68.17,43.33,41.08,98.86,61.24,68.4,98.33,70.64150000000001,2,29.3,0,1,1,2,6,8.0,False,True,True,False,False,False,68.53999999999999,2.410972696245734,0.75
S5587,Ahmed,Williams,student4587@university.com,23,92.95,83.02,75.7,53.94,56.47,13.3,59.27,63.562,1,21.9,1,0,2,2,5,5.4,False,True,False,True,False,False,56.95,2.902374429223745,0.9259259259259258
S5588,Emma,Davis,student4588@university.com,22,73.4,45.99,75.3,86.24,93.42,10.3,53.45,64.5515,1,25.3,0,0,1,2,6,8.8,True,False,False,False,True,False,60.78333333333333,2.5514426877470355,0.6818181818181818
S5589,Ali,Brown,student4589@university.com,20,60.67,48.42,62.72,83.03,52.81,46.0,63.23,61.94749999999999,1,7.5,1,0,2,2,7,5.9,False,True,False,False,False,True,59.36833333333334,8.259666666666666,1.1864406779661016
S5590,Emma,Williams,student4590@university.com,20,96.73,49.58,84.99,59.58,55.88,37.6,70.65,66.28450000000001,1,23.2,1,0,3,2,2,6.8,True,False,False,False,False,True,59.71333333333333,2.85709051724138,0.2941176470588235
S5591,Ali,Williams,student4591@university.com,18,89.83,95.73,65.69,69.44,53.18,82.89999999999999,65.31,70.254,2,10.1,1,1,3,2,7,6.8,True,False,False,False,False,True,72.04166666666667,6.955841584158416,1.0294117647058825
S5593,Liam,Johnson,student4593@university.com,21,99.95,79.33,71.03,54.72,76.63,11.7,74.65,68.50800000000001,1,18.8,1,0,0,0,7,5.2,False,True,False,False,False,True,61.34333333333334,3.6440425531914897,1.346153846153846
S5594,John,Davis,student4594@university.com,18,84.75,73.33,54.91,79.24,50.99,81.19999999999999,62.31,64.465,1,23.8,1,0,1,2,10,8.6,True,False,True,False,False,False,66.99666666666667,2.7086134453781514,1.162790697674419
S5595,Maria,Brown,student4595@university.com,18,58.01,57.57,76.39,99.68,75.78,56.4,97.51,82.33600000000001,3,18.7,1,0,3,1,5,5.3,False,True,False,False,True,False,77.22166666666666,4.402994652406418,0.9433962264150944
S5596,Maria,Jones,student4596@university.com,24,61.86,77.25,84.21,77.98,69.69,50.4,56.25,70.70100000000001,2,28.3,0,0,1,1,3,7.3,False,True,False,False,True,False,69.29666666666667,2.498268551236749,0.4109589041095891
S5597,Ali,Johnson,student4597@university.com,24,84.62,64.61,98.43,77.26,88.68,9.5,56.15,72.076,2,22.4,1,0,0,0,5,7.8,True,False,False,False,False,True,65.77166666666666,3.2176785714285714,0.6410256410256411
S5598,Sara,Jones,student4598@university.com,20,88.99,48.72,62.81,52.02,91.5,74.0,62.26,62.3415,1,7.9,1,1,3,2,1,8.4,True,False,False,False,True,False,65.21833333333333,7.89132911392405,0.119047619047619
S5599,Omar,Smith,student4599@university.com,24,61.95,81.38,43.87,56.96,84.25,6.0,53.84,56.5955,0,28.4,1,0,0,2,5,6.3,True,False,False,True,False,False,54.38333333333335,1.992799295774648,0.7936507936507937
S5600,Ahmed,Johnson,student4600@university.com,22,62.85,47.77,99.28,75.66,73.67,27.8,87.58,78.3655,2,8.8,0,0,1,2,3,7.6,False,True,False,True,False,False,68.62666666666667,8.905170454545454,0.3947368421052631
S5601,Ahmed,Johnson,student4601@university.com,20,65.36,51.44,77.43,99.26,60.81,9.5,65.64,68.21050000000001,1,24.0,1,0,0,2,7,4.4,False,True,True,False,False,False,60.68,2.842104166666667,1.5909090909090908
S5602,Ali,Brown,student4602@university.com,24,79.9,89.06,96.79,93.83,92.36,53.1,86.49,89.46900000000001,3,8.7,1,1,1,2,4,7.9,True,False,False,False,False,True,85.27166666666668,10.283793103448277,0.5063291139240506
S5603,Liam,Davis,student4603@university.com,23,58.59,79.61,46.23,67.01,67.08,64.5,88.14,69.9255,1,30.0,0,1,0,2,6,7.8,True,False,True,False,False,False,68.76166666666667,2.33085,0.7692307692307693
S5604,Emma,Jones,student4604@university.com,20,55.21,77.86,60.52,77.15,67.81,89.1,61.88,68.1815,1,13.3,1,1,3,0,6,6.1,False,True,False,False,True,False,72.38666666666667,5.126428571428571,0.9836065573770492
S5605,Sara,Johnson,student4605@university.com,20,83.94,65.09,48.04,77.64,95.8,73.4,75.92,69.4455,1,17.4,1,0,1,0,4,5.6,False,True,False,False,False,True,72.64833333333334,3.991120689655173,0.7142857142857143
S5606,John,Johnson,student4606@university.com,18,88.95,63.78,90.13,84.27,98.78,96.1,75.98,82.217,3,16.7,0,0,1,1,1,5.9,True,False,True,False,False,False,84.84000000000002,4.923173652694611,0.1694915254237288
S5608,Emma,Brown,student4608@university.com,18,68.19,84.4,70.08,89.49,99.91,29.8,51.28,70.4685,2,17.4,1,1,1,1,3,7.2,False,True,False,False,False,True,70.82666666666667,4.049913793103449,0.4166666666666666
S5609,Ali,Davis,student4609@university.com,19,71.6,70.61,51.2,51.25,93.45,54.8,65.84,62.916,1,8.7,1,0,2,2,6,8.6,False,True,True,False,False,False,64.52499999999999,7.231724137931034,0.6976744186046512
S5610,Ali,Jones,student4610@university.com,20,69.42,98.16,47.63,97.18,85.22,45.8,94.12,80.2565,3,25.0,1,1,3,0,10,7.3,False,True,False,False,False,True,78.01833333333333,3.21026,1.36986301369863
S5611,Liam,Smith,student4611@university.com,24,98.0,97.34,75.29,53.5,64.69,56.6,61.84,69.2995,1,29.0,0,0,0,0,8,6.9,False,True,False,False,True,False,68.21,2.3896379310344824,1.1594202898550725
S5612,Ahmed,Davis,student4612@university.com,24,88.4,64.75,70.38,73.81,97.65,57.2,56.84,68.056,1,25.2,1,1,1,2,2,9.0,False,True,False,True,False,False,70.105,2.7006349206349207,0.2222222222222222
S5613,Ali,Smith,student4613@university.com,24,60.4,89.24,81.69,95.98,93.83,70.19999999999999,78.81,84.7415,3,15.8,0,0,0,2,6,6.7,True,False,False,True,False,False,84.95833333333333,5.363386075949367,0.8955223880597015
S5616,Liam,Jones,student4616@university.com,19,80.65,43.3,41.28,61.46,53.5,14.4,91.0,59.404,0,17.4,1,1,1,1,1,6.6,True,False,False,False,False,True,50.82333333333333,3.414022988505748,0.1515151515151515
S5617,Ahmed,Davis,student4617@university.com,20,73.41,74.44,76.61,78.93,97.67,2.6,76.03,74.864,2,22.0,0,0,1,1,2,8.9,False,True,True,False,False,False,67.71333333333335,3.402909090909091,0.2247191011235955
S5618,John,Johnson,student4618@university.com,24,90.51,94.03,65.39,54.39,78.64,51.900000000000006,75.79,71.8065,2,25.5,0,0,1,1,5,8.5,True,False,False,False,True,False,70.02333333333334,2.8159411764705884,0.5882352941176471
S5619,John,Jones,student4619@university.com,20,88.38,86.81,95.19,71.18,62.26,58.1,63.91,75.8,2,20.0,1,1,1,1,1,8.7,True,False,False,True,False,False,72.90833333333335,3.79,0.1149425287356322
S5620,Omar,Jones,student4620@university.com,23,75.26,87.18,78.51,66.45,64.62,3.5,89.64,76.20100000000001,2,29.5,1,1,1,1,4,4.0,True,False,True,False,False,False,64.98333333333333,2.583084745762712,1.0
S5621,Omar,Jones,student4621@university.com,20,92.72,49.6,63.92,90.76,99.03,51.5,86.99,75.60900000000001,2,17.3,0,0,2,0,6,5.7,False,True,False,False,True,False,73.63333333333334,4.370462427745665,1.0526315789473684
S5622,Ali,Johnson,student4622@university.com,19,87.55,61.51,55.82,55.51,80.78,53.5,61.71,60.774,1,20.0,1,1,1,2,1,7.1,True,False,False,True,False,False,61.47166666666666,3.0387,0.1408450704225352
S5623,Omar,Davis,student4623@university.com,18,88.93,53.99,94.32,84.14,71.03,5.2,66.0,71.4625,2,10.8,1,1,2,0,6,5.5,False,True,False,True,False,False,62.446666666666665,6.616898148148148,1.0909090909090908
S5624,Ahmed,Brown,student4624@university.com,20,97.82,58.95,40.98,70.33,74.99,71.2,89.43,67.525,1,13.5,1,0,2,0,8,7.3,True,False,False,False,True,False,67.64666666666666,5.001851851851852,1.095890410958904
S5625,Liam,Johnson,student4625@university.com,21,63.32,74.77,59.61,79.39,54.93,21.0,67.89,64.9365,1,22.1,1,0,0,2,1,7.6,True,False,True,False,False,False,59.59833333333333,2.938303167420814,0.131578947368421
S5626,John,Jones,student4626@university.com,19,63.38,61.89,96.61,60.28,53.75,79.4,70.18,72.87700000000001,2,20.0,0,1,1,1,8,7.1,True,False,True,False,False,False,70.35166666666666,3.643850000000001,1.1267605633802815
S5627,Emma,Davis,student4627@university.com,22,94.45,73.64,79.24,80.49,79.64,31.1,68.22,72.91449999999999,2,14.2,1,1,1,1,8,6.3,True,False,False,True,False,False,68.72166666666668,5.134823943661972,1.2698412698412698
S5628,John,Williams,student4628@university.com,23,88.61,66.31,71.96,83.7,75.6,47.8,58.08,67.8655,1,7.8,1,1,1,2,2,7.5,False,True,False,False,True,False,67.24166666666666,8.700705128205128,0.2666666666666666
S5629,John,Smith,student4629@university.com,19,96.33,57.2,52.21,53.51,67.96,89.2,67.04,61.027,1,13.6,0,0,1,0,3,7.9,True,False,True,False,False,False,64.52,4.487279411764706,0.3797468354430379
S5631,Omar,Williams,student4631@university.com,24,81.39,93.51,52.25,93.06,53.63,78.2,74.55,72.68599999999999,2,19.5,0,0,3,0,8,8.1,False,True,False,False,True,False,74.2,3.7274871794871793,0.9876543209876544
S5632,Emma,Brown,student4632@university.com,24,57.23,40.68,54.9,53.18,97.2,16.0,72.91,60.197,1,13.1,1,0,0,2,5,8.7,False,True,False,True,False,False,55.81166666666667,4.595190839694657,0.574712643678161
S5633,Ahmed,Jones,student4633@university.com,19,75.19,40.1,51.51,80.16,64.69,4.8,57.82,54.971500000000006,0,14.5,1,0,0,2,9,4.5,False,True,False,False,True,False,49.84666666666666,3.7911379310344833,2.0
S5634,Ali,Williams,student4634@university.com,22,57.79,89.61,49.49,79.7,53.59,60.6,58.88,63.822,1,19.4,0,0,1,0,4,8.5,True,False,False,False,True,False,65.31166666666667,3.28979381443299,0.4705882352941176
S5635,Liam,Jones,student4635@university.com,24,56.4,99.81,97.2,50.62,58.48,41.1,52.15,70.4125,2,19.5,0,1,2,1,4,5.4,False,True,False,False,False,True,66.56,3.610897435897436,0.7407407407407407
S5636,Maria,Johnson,student4636@university.com,23,50.61,83.63,76.12,67.12,54.77,90.9,50.7,66.87450000000001,1,19.7,0,1,3,0,8,6.8,False,True,False,False,True,False,70.53999999999999,3.394644670050762,1.1764705882352942
S5637,John,Davis,student4637@university.com,21,81.51,40.92,78.27,98.45,58.93,35.0,74.4,70.436,2,17.3,0,1,0,0,5,8.7,False,True,True,False,False,False,64.32833333333333,4.071445086705203,0.574712643678161
S5638,Maria,Williams,student4638@university.com,22,67.95,53.6,97.26,77.77,70.84,41.1,70.46,74.29750000000001,2,17.2,1,0,2,1,8,7.1,False,True,False,True,False,False,68.50500000000001,4.3196220930232565,1.1267605633802815
S5639,Liam,Davis,student4639@university.com,19,55.26,98.31,53.83,96.66,86.9,52.6,63.77,73.154,2,25.5,1,1,1,1,1,4.4,False,True,False,True,False,False,75.345,2.8687843137254903,0.2272727272727272
S5640,Liam,Johnson,student4640@university.com,22,66.14,88.52,40.36,83.78,63.62,79.6,99.5,76.127,2,16.7,1,0,3,1,10,6.5,False,True,False,False,True,False,75.89666666666666,4.558502994011976,1.5384615384615383
S5641,Ahmed,Johnson,student4641@university.com,24,58.45,74.01,75.93,51.42,71.8,26.8,69.9,67.287,1,18.4,1,1,3,0,5,8.5,True,False,False,False,True,False,61.64333333333334,3.656902173913044,0.5882352941176471
S5642,Ahmed,Davis,student4642@university.com,24,97.08,54.21,70.47,53.89,96.44,94.2,89.44,75.01849999999999,2,29.7,0,0,1,2,8,6.1,False,True,True,False,False,False,76.44166666666666,2.5258754208754204,1.3114754098360657
S5643,Ahmed,Williams,student4643@university.com,19,66.0,40.86,68.66,86.11,64.79,54.0,60.53,63.5485,1,9.5,1,1,0,1,8,8.2,True,False,False,False,False,True,62.491666666666674,6.689315789473684,0.9756097560975612
S5644,Maria,Davis,student4644@university.com,24,66.7,41.25,43.71,77.73,89.74,84.1,62.35,60.6585,1,23.2,1,0,3,2,7,8.0,False,True,False,True,False,False,66.48,2.6145905172413797,0.875
S5645,Ahmed,Davis,student4645@university.com,24,91.99,76.72,67.27,56.36,57.89,52.6,78.42,68.7245,1,16.8,1,0,1,0,3,8.5,False,True,False,False,False,True,64.87666666666668,4.090744047619048,0.3529411764705882
S5646,Liam,Smith,student4646@university.com,21,82.39,41.31,57.25,80.7,58.92,77.2,50.2,57.42600000000001,0,25.8,1,0,1,1,10,5.3,False,True,True,False,False,False,60.93,2.2258139534883723,1.8867924528301887
S5647,Ali,Williams,student4647@university.com,21,85.51,99.62,56.47,90.51,72.81,5.1,50.87,65.434,1,15.1,0,1,1,0,10,6.5,True,False,False,True,False,False,62.56333333333334,4.333377483443709,1.5384615384615383
S5648,Ahmed,Smith,student4648@university.com,18,81.8,51.0,53.34,87.65,61.71,79.9,57.11,61.4315,1,12.6,0,1,3,2,7,5.7,False,True,True,False,False,False,65.11833333333334,4.875515873015873,1.2280701754385963
S5649,Sara,Jones,student4649@university.com,21,97.31,82.64,59.95,62.31,95.15,52.400000000000006,61.16,67.213,1,10.2,0,1,0,0,3,6.7,False,True,False,False,True,False,68.935,6.589509803921568,0.4477611940298507
S5650,Omar,Davis,student4650@university.com,20,60.35,49.3,61.19,62.91,52.54,44.900000000000006,76.39,62.54499999999999,1,26.8,0,1,2,1,6,4.1,False,True,True,False,False,False,57.87166666666666,2.3337686567164173,1.4634146341463417
S5651,Maria,Jones,student4651@university.com,22,99.45,72.41,58.53,98.39,79.86,11.2,84.31,74.0915,2,23.0,1,0,0,1,9,5.2,False,True,False,False,True,False,67.45,3.2213695652173917,1.7307692307692306
S5653,Ahmed,Davis,student4653@university.com,19,79.45,86.01,95.96,65.92,53.3,13.1,61.95,71.3495,2,22.8,1,1,3,2,4,7.0,True,False,False,True,False,False,62.70666666666667,3.12936403508772,0.5714285714285714
S5655,Ali,Brown,student4655@university.com,18,82.44,45.17,98.86,58.09,73.44,12.6,58.14,65.62,1,9.5,1,0,2,0,4,6.5,True,False,False,False,False,True,57.71666666666667,6.907368421052632,0.6153846153846154
S5656,John,Johnson,student4656@university.com,24,52.92,90.92,99.47,59.84,86.15,0.7000000000000001,83.92,81.30749999999999,3,19.8,1,1,2,1,6,7.5,True,False,False,False,True,False,70.16666666666667,4.106439393939393,0.8
S5657,Emma,Davis,student4657@university.com,18,60.9,72.82,61.36,59.06,91.35,66.2,96.57,76.538,2,16.6,1,0,0,1,8,7.0,False,True,False,True,False,False,74.56,4.610722891566264,1.1428571428571428
S5658,Omar,Johnson,student4658@university.com,18,98.07,95.3,66.71,54.39,66.14,27.1,61.61,65.583,1,26.0,0,1,3,1,6,6.5,False,True,True,False,False,False,61.875,2.5224230769230767,0.9230769230769232
S5659,Emma,Smith,student4659@university.com,23,76.72,95.0,97.54,92.73,74.22,14.9,54.35,77.01650000000001,2,20.2,1,1,0,0,5,7.4,False,True,False,False,True,False,71.45666666666666,3.8126980198019806,0.6756756756756757
S5660,Ahmed,Jones,student4660@university.com,24,68.92,95.23,76.52,78.94,63.04,32.0,98.99,82.8565,3,29.1,1,1,3,0,9,4.8,True,False,False,True,False,False,74.12,2.8473024054982816,1.875
S5661,Omar,Smith,student4661@university.com,20,88.1,44.67,52.78,62.95,60.08,49.900000000000006,63.54,56.903,0,26.4,1,0,2,2,7,6.2,False,True,True,False,False,False,55.653333333333336,2.1554166666666665,1.129032258064516
S5662,Omar,Davis,student4662@university.com,21,76.23,47.26,81.36,92.43,50.03,50.3,63.78,67.94550000000001,1,13.5,1,1,1,0,10,7.8,True,False,True,False,False,False,64.19333333333334,5.033,1.2820512820512822
S5663,Ali,Johnson,student4663@university.com,24,50.66,99.26,52.34,90.13,98.18,36.7,74.19,75.4035,2,25.9,0,1,3,0,3,6.9,False,True,False,True,False,False,75.13333333333334,2.9113320463320465,0.4347826086956521
S5664,Omar,Johnson,student4664@university.com,18,86.81,69.26,60.36,55.05,72.05,49.5,61.55,61.8815,1,26.7,0,1,2,2,10,8.5,True,False,False,False,False,True,61.29500000000001,2.3176591760299625,1.1764705882352942
S5665,Maria,Jones,student4665@university.com,24,86.61,54.29,53.65,82.21,50.65,42.7,99.64,70.97949999999999,2,29.2,1,0,1,1,2,6.2,False,True,False,False,False,True,63.85666666666666,2.430804794520548,0.3225806451612903
S5667,Sara,Brown,student4667@university.com,22,97.83,55.86,40.28,85.79,64.42,3.0,72.57,59.6805,0,26.9,0,0,0,2,5,4.2,False,True,True,False,False,False,53.653333333333336,2.2186059479553903,1.1904761904761905
S5669,Maria,Jones,student4669@university.com,21,72.89,90.24,57.76,58.47,68.73,24.4,73.35,66.8445,1,18.2,1,0,3,2,1,6.2,True,False,False,False,False,True,62.15833333333333,3.672774725274725,0.1612903225806451
S5670,Emma,Davis,student4670@university.com,21,55.74,87.06,45.18,65.75,53.15,72.2,76.03,65.95049999999999,1,15.4,0,0,3,0,5,5.3,False,True,False,False,False,True,66.56166666666667,4.2825,0.9433962264150944
S5671,Ali,Jones,student4671@university.com,23,80.16,56.44,45.22,92.21,51.96,40.5,99.38,70.63749999999999,2,28.0,0,1,0,1,7,7.0,False,True,False,False,True,False,64.28500000000001,2.5227678571428567,1.0
S5672,Omar,Davis,student4672@university.com,22,68.77,64.1,73.36,94.92,83.47,29.4,93.85,80.16499999999999,3,15.1,0,0,3,2,9,5.3,False,True,False,False,False,True,73.18333333333334,5.308940397350993,1.69811320754717
S5673,Maria,Smith,student4673@university.com,21,67.66,64.8,99.58,63.96,95.34,61.5,65.42,76.444,2,19.9,0,0,2,0,3,5.1,True,False,False,True,False,False,75.10000000000001,3.84140703517588,0.5882352941176471
S5674,Sara,Jones,student4674@university.com,23,91.35,69.48,48.7,51.15,70.47,76.9,77.57,64.4325,1,22.3,0,1,1,1,7,7.1,False,True,False,True,False,False,65.71166666666667,2.889349775784753,0.9859154929577464
S5675,Ahmed,Davis,student4675@university.com,23,50.48,50.04,45.98,92.99,91.84,45.0,50.02,59.3895,0,5.5,0,1,1,0,7,8.7,False,True,False,False,True,False,62.645,10.79809090909091,0.8045977011494253
S5676,John,Brown,student4676@university.com,23,89.9,67.15,66.3,68.85,51.46,46.7,70.48,65.60000000000001,1,19.8,1,0,3,2,7,5.0,False,True,False,False,True,False,61.82333333333333,3.3131313131313136,1.4
S5677,Omar,Davis,student4677@university.com,21,78.57,70.65,73.8,66.47,88.88,5.9,58.19,65.658,1,17.9,0,0,2,2,4,4.9,False,True,False,True,False,False,60.64833333333332,3.668044692737431,0.8163265306122448
S5678,Maria,Davis,student4678@university.com,21,99.3,71.9,57.66,67.35,53.14,92.4,85.57,70.90749999999998,2,19.9,1,0,2,2,3,6.6,False,True,False,False,True,False,71.33666666666667,3.563190954773869,0.4545454545454546
S5679,Liam,Jones,student4679@university.com,21,79.47,89.19,58.15,70.78,91.92,84.7,61.05,70.27499999999999,2,6.9,1,1,2,2,1,4.6,True,False,False,False,False,True,75.965,10.18478260869565,0.2173913043478261
S5681,Ali,Smith,student4681@university.com,23,52.53,53.85,58.85,78.32,89.3,76.5,65.66,66.991,1,9.4,0,1,2,2,4,9.0,True,False,True,False,False,False,70.41333333333334,7.126702127659574,0.4444444444444444
S5682,Ali,Smith,student4682@university.com,20,94.16,79.79,94.92,53.95,91.04,31.3,96.29,83.34700000000001,3,26.7,1,1,0,0,8,8.2,False,True,True,False,False,False,74.54833333333335,3.1216104868913863,0.9756097560975612
S5683,Maria,Smith,student4683@university.com,19,92.06,87.84,42.52,98.58,78.07,73.0,72.27,71.731,2,13.9,0,1,0,1,6,7.5,True,False,False,True,False,False,75.38,5.160503597122301,0.8
S5684,Sara,Williams,student4684@university.com,21,67.29,59.16,54.07,96.82,63.24,51.7,91.98,73.41749999999999,2,15.9,0,0,2,1,6,4.1,False,True,False,False,True,False,69.49499999999999,4.617452830188679,1.4634146341463417
S5685,John,Jones,student4685@university.com,24,80.9,78.72,88.51,96.72,82.16,46.1,81.41,83.3875,3,14.8,1,0,1,1,8,5.3,False,True,True,False,False,False,78.93666666666667,5.63429054054054,1.509433962264151
S5686,Omar,Johnson,student4686@university.com,22,74.48,48.82,90.04,93.96,71.98,5.699999999999999,98.87,81.071,3,22.9,0,0,1,0,5,6.8,False,True,False,False,False,True,68.22833333333334,3.5402183406113537,0.7352941176470589
S5687,Ali,Jones,student4687@university.com,18,98.36,60.52,46.69,83.02,50.27,96.5,87.14,69.1975,1,11.5,1,0,0,0,8,7.6,False,True,False,False,False,True,70.69,6.017173913043479,1.0526315789473684
S5689,Sara,Smith,student4689@university.com,24,99.19,94.68,81.6,52.47,82.56,79.3,63.24,73.66550000000001,2,14.5,0,1,0,1,10,4.9,True,False,False,False,True,False,75.64166666666667,5.080379310344828,2.0408163265306123
S5690,Omar,Williams,student4690@university.com,18,93.32,74.52,56.36,54.97,50.69,30.5,75.24,62.6795,1,23.2,1,1,1,0,2,6.3,True,False,True,False,False,False,57.04666666666666,2.7017025862068964,0.3174603174603174
S5691,Ahmed,Brown,student4691@university.com,18,95.48,82.14,67.36,66.2,81.07,29.0,64.51,68.001,1,27.9,1,1,2,0,8,5.0,False,True,False,False,False,True,65.04666666666667,2.4373118279569894,1.6
S5692,Ali,Brown,student4692@university.com,21,60.86,91.24,57.83,75.19,82.63,57.3,50.96,65.838,1,6.3,1,1,1,1,1,8.6,True,False,False,False,True,False,69.19166666666666,10.45047619047619,0.1162790697674418
S5693,Sara,Jones,student4693@university.com,22,91.55,97.51,49.0,99.66,57.91,84.60000000000001,85.53,77.50550000000001,2,25.3,0,0,2,0,5,6.8,True,False,False,False,False,True,79.03500000000001,3.063458498023716,0.7352941176470589
S5694,Sara,Jones,student4694@university.com,18,85.44,69.39,57.47,71.77,71.55,93.5,61.79,65.9085,1,6.7,0,0,3,2,5,6.0,False,True,True,False,False,False,70.91166666666668,9.837089552238806,0.8333333333333334
S5695,John,Johnson,student4695@university.com,23,98.14,73.69,74.81,76.23,98.22,26.9,69.87,73.3185,2,13.3,0,1,0,1,2,8.6,True,False,True,False,False,False,69.95333333333333,5.5126691729323305,0.2325581395348837
S5697,Ahmed,Brown,student4697@university.com,18,54.26,44.32,61.81,59.04,70.54,72.4,59.98,59.6245,0,27.8,1,1,1,0,1,6.5,True,False,True,False,False,False,61.348333333333336,2.14476618705036,0.1538461538461538
S5698,Sara,Smith,student4698@university.com,19,79.87,65.37,60.87,96.64,67.49,22.6,53.36,63.406000000000006,1,22.7,1,0,1,0,4,7.4,True,False,True,False,False,False,61.05500000000001,2.793215859030837,0.5405405405405405
S5699,Emma,Williams,student4699@university.com,22,84.33,87.44,68.08,76.45,56.2,40.7,66.89,69.3255,1,14.2,0,0,0,0,6,5.6,True,False,False,False,False,True,65.96,4.882077464788733,1.0714285714285714
S5700,Sara,Johnson,student4700@university.com,22,61.02,88.29,78.67,63.81,51.76,18.700000000000003,54.09,64.82050000000001,1,14.4,1,0,0,1,3,5.5,False,True,True,False,False,False,59.220000000000006,4.501423611111112,0.5454545454545454
S5701,John,Davis,student4701@university.com,18,69.71,93.54,85.1,96.76,64.87,69.9,77.02,82.90799999999999,3,21.0,1,1,1,0,10,6.7,True,False,False,False,False,True,81.19833333333332,3.948,1.4925373134328357
S5702,Emma,Johnson,student4702@university.com,22,79.93,43.09,59.61,81.27,97.01,86.4,50.98,62.8715,1,7.2,0,0,1,1,4,8.2,True,False,True,False,False,False,69.72666666666667,8.732152777777777,0.4878048780487805
S5703,Ali,Smith,student4703@university.com,19,68.71,71.63,75.18,74.18,97.93,87.8,97.0,83.9495,3,8.6,0,0,0,0,8,7.0,True,False,False,False,False,True,83.95333333333333,9.76156976744186,1.1428571428571428
S5704,Ali,Smith,student4704@university.com,24,68.75,46.45,63.36,79.01,90.63,67.0,98.32,76.568,2,26.2,0,1,2,2,2,6.3,True,False,True,False,False,False,74.12833333333333,2.922442748091603,0.3174603174603174
S5705,Omar,Jones,student4705@university.com,19,56.65,52.04,82.98,87.42,67.54,34.7,65.23,69.72200000000001,1,10.1,1,0,0,2,9,7.3,False,True,False,False,False,True,64.985,6.903168316831684,1.2328767123287672
S5706,Maria,Williams,student4706@university.com,19,97.04,94.01,49.88,57.73,57.18,66.10000000000001,63.01,63.157,1,23.2,0,1,1,1,10,8.1,False,True,True,False,False,False,64.65166666666667,2.722284482758621,1.234567901234568
S5707,John,Smith,student4707@university.com,23,87.52,69.81,55.42,93.24,79.78,86.4,55.22,67.1765,1,10.6,0,0,0,0,6,7.9,True,False,False,False,True,False,73.31166666666667,6.337405660377359,0.7594936708860759
S5709,Emma,Johnson,student4709@university.com,18,88.28,43.86,93.36,78.35,71.23,41.3,79.34,74.66149999999999,2,27.5,0,1,3,0,1,8.7,True,False,False,False,True,False,67.90666666666668,2.714963636363636,0.1149425287356322
S5710,John,Brown,student4710@university.com,24,86.99,65.01,74.4,84.11,84.58,92.0,80.51,78.179,2,27.5,0,0,2,1,4,4.1,False,True,False,False,False,True,80.10166666666667,2.842872727272727,0.9756097560975612
S5712,Sara,Davis,student4712@university.com,19,68.48,48.0,46.2,68.74,89.15,88.2,95.54,71.048,2,16.6,0,1,1,1,10,8.5,True,False,False,False,False,True,72.63833333333334,4.279999999999999,1.1764705882352942
S5713,Ahmed,Jones,student4713@university.com,18,80.34,59.55,67.61,99.64,75.11,90.3,91.42,80.233,3,18.8,0,0,1,0,9,7.5,False,True,False,True,False,False,80.605,4.267712765957447,1.2
S5714,Emma,Williams,student4714@university.com,24,72.64,43.87,65.14,84.03,89.58,39.4,88.67,72.999,2,15.2,1,0,2,1,1,7.5,False,True,True,False,False,False,68.44833333333334,4.802565789473684,0.1333333333333333
S5715,John,Davis,student4715@university.com,24,88.9,79.08,76.01,71.2,51.27,86.0,93.86,79.1295,2,23.9,0,1,2,2,1,4.8,False,True,False,False,True,False,76.23666666666666,3.310857740585774,0.2083333333333333
S5716,Liam,Jones,student4716@university.com,18,71.27,98.25,88.72,83.87,84.02,57.0,93.8,88.89,3,23.9,0,0,1,0,3,6.9,True,False,False,False,True,False,84.27666666666667,3.7192468619246863,0.4347826086956521
S5717,Emma,Johnson,student4717@university.com,21,57.69,89.62,90.49,76.08,61.78,3.8,68.43,74.3745,2,25.5,1,1,3,2,6,8.8,False,True,False,False,False,True,65.03333333333335,2.9166470588235294,0.6818181818181818
S5718,Liam,Davis,student4718@university.com,23,98.82,98.48,80.21,55.58,63.53,63.6,98.67,82.2955,3,18.1,1,1,3,0,5,5.1,False,True,False,False,True,False,76.67833333333333,4.54671270718232,0.9803921568627452
S5719,Sara,Jones,student4719@university.com,22,62.1,90.74,78.49,89.79,54.57,47.1,85.46,80.15199999999999,3,25.0,0,1,1,0,5,5.6,True,False,False,False,True,False,74.35833333333333,3.20608,0.8928571428571429
S5720,Ali,Johnson,student4720@university.com,23,85.88,91.31,96.94,78.22,59.62,27.5,68.51,77.55449999999999,2,8.9,1,0,2,2,9,5.9,False,True,False,False,True,False,70.35000000000001,8.713988764044942,1.5254237288135593
S5722,Emma,Johnson,student4722@university.com,22,66.45,71.1,89.97,57.75,70.77,5.5,84.36,74.47999999999999,2,21.2,0,1,2,1,5,7.1,True,False,False,True,False,False,63.24166666666667,3.5132075471698108,0.7042253521126761
S5723,Maria,Johnson,student4723@university.com,24,72.1,64.38,95.29,76.92,96.39,94.6,68.05,79.8015,2,7.6,1,0,1,0,7,5.2,False,True,False,False,False,True,82.605,10.500197368421054,1.346153846153846
S5724,John,Johnson,student4724@university.com,19,59.61,89.09,69.49,88.33,58.14,15.9,91.33,77.9935,2,18.8,0,1,1,1,2,6.5,True,False,False,False,True,False,68.71333333333332,4.148590425531915,0.3076923076923077
S5725,John,Brown,student4725@university.com,19,72.5,50.92,83.75,99.42,60.2,37.7,57.4,68.6135,1,23.0,0,1,1,0,7,6.0,False,True,False,True,False,False,64.89833333333333,2.983195652173913,1.1666666666666667
S5726,Ali,Davis,student4726@university.com,18,57.86,43.37,62.62,94.22,77.89,41.7,95.38,74.7815,2,15.2,1,1,2,2,1,7.2,False,True,False,True,False,False,69.19666666666666,4.919835526315789,0.1388888888888889
S5728,Ahmed,Brown,student4728@university.com,22,83.19,40.23,75.19,62.37,82.2,21.6,57.64,60.7795,1,27.2,1,0,2,0,2,6.8,True,False,True,False,False,False,56.53833333333333,2.2345404411764704,0.2941176470588235
S5730,Sara,Smith,student4730@university.com,23,93.56,83.73,67.46,58.46,90.58,74.9,61.97,69.58749999999999,1,27.6,1,1,3,0,3,7.5,True,False,True,False,False,False,72.85000000000001,2.5212862318840576,0.4
S5732,Ahmed,Smith,student4732@university.com,20,61.27,81.87,45.16,55.51,78.62,10.6,64.81,59.732,0,23.4,1,1,2,1,9,8.8,True,False,False,False,False,True,56.095,2.552649572649573,1.0227272727272727
S5733,Emma,Williams,student4733@university.com,18,83.07,89.07,41.83,92.88,66.05,47.6,96.69,75.742,2,28.1,0,0,1,0,1,8.3,False,True,True,False,False,False,72.35333333333334,2.695444839857651,0.1204819277108433
S5734,Ali,Smith,student4734@university.com,22,73.44,54.72,76.39,55.41,85.2,94.6,60.95,67.152,1,27.7,0,1,0,1,6,8.7,True,False,False,False,True,False,71.21166666666667,2.424259927797834,0.6896551724137931
S5735,Omar,Jones,student4735@university.com,21,74.97,86.25,59.86,56.91,82.74,27.0,53.48,62.107,1,27.3,1,1,3,2,7,4.1,True,False,False,False,False,True,61.04,2.274981684981685,1.707317073170732
S5736,Omar,Brown,student4736@university.com,21,56.41,88.26,65.08,62.29,69.85,14.5,96.83,75.6115,2,27.1,0,0,1,1,10,7.1,False,True,False,False,True,False,66.135,2.790092250922509,1.4084507042253522
S5737,Ali,Jones,student4737@university.com,20,90.29,54.96,64.34,78.63,63.8,48.5,58.28,62.4125,1,17.8,0,0,0,0,9,5.3,False,True,True,False,False,False,61.41833333333333,3.506320224719101,1.69811320754717
S5738,Omar,Davis,student4738@university.com,19,80.85,42.52,45.2,94.01,80.71,93.0,97.21,73.6635,2,18.9,0,1,1,1,4,8.0,True,False,True,False,False,False,75.44166666666666,3.897539682539682,0.5
S5739,Liam,Smith,student4739@university.com,19,56.77,52.25,40.21,70.91,97.16,48.7,91.2,68.0375,1,20.5,1,0,2,1,9,8.1,True,False,False,True,False,False,66.73833333333333,3.3189024390243897,1.1111111111111112
S5740,Ali,Williams,student4740@university.com,19,68.7,52.04,93.91,77.31,56.63,40.5,54.1,66.79799999999999,1,27.4,1,1,1,1,1,4.2,False,True,False,True,False,False,62.415,2.437883211678832,0.238095238095238
S5741,Emma,Davis,student4741@university.com,23,90.52,43.91,53.07,58.32,89.96,65.0,72.26,62.526,1,26.0,1,1,1,0,4,7.0,True,False,False,False,False,True,63.75333333333333,2.404846153846154,0.5714285714285714
S5742,Maria,Williams,student4742@university.com,24,78.42,83.56,65.56,63.3,77.15,93.7,53.67,66.92,1,24.6,1,1,2,0,6,8.3,True,False,False,False,True,False,72.82333333333334,2.7203252032520324,0.7228915662650601
S5743,Ahmed,Davis,student4743@university.com,21,55.43,62.8,98.32,56.7,76.28,4.9,66.49,70.325,2,21.9,1,0,3,1,7,6.9,True,False,False,False,True,False,60.915,3.2111872146118725,1.0144927536231882
S5744,Emma,Brown,student4744@university.com,19,68.64,93.06,89.61,70.5,98.08,15.3,67.58,77.78349999999999,2,20.5,1,0,3,1,1,6.1,True,False,True,False,False,False,72.355,3.794317073170731,0.1639344262295082
S5745,John,Jones,student4745@university.com,21,62.13,55.13,46.48,79.52,80.29,13.3,79.98,64.5055,1,28.1,1,0,1,1,1,4.4,False,True,True,False,False,False,59.116666666666674,2.2955693950177936,0.2272727272727272
S5746,Sara,Johnson,student4746@university.com,20,75.87,67.19,70.51,64.2,91.53,8.5,98.79,76.551,2,9.8,0,1,0,2,9,7.7,True,False,False,False,False,True,66.78666666666666,7.811326530612244,1.1688311688311688
S5747,Maria,Jones,student4747@university.com,18,92.17,78.34,83.8,92.3,75.72,30.2,58.49,73.175,2,9.8,0,1,2,0,7,4.4,False,True,False,True,False,False,69.80833333333332,7.466836734693877,1.5909090909090908
S5748,John,Smith,student4748@university.com,24,71.81,92.65,81.9,99.06,62.49,22.9,66.46,76.5635,2,29.6,1,1,0,0,9,7.0,True,False,True,False,False,False,70.91,2.58660472972973,1.2857142857142858
S5749,Ahmed,Johnson,student4749@university.com,23,71.67,71.48,85.65,56.01,84.72,54.900000000000006,79.36,75.561,2,18.8,0,0,1,0,5,8.6,False,True,False,False,True,False,72.02,4.019202127659574,0.5813953488372093
S5750,Omar,Williams,student4750@university.com,22,95.27,62.41,67.45,50.89,96.16,32.7,58.57,62.6795,1,17.1,1,0,2,0,9,6.1,True,False,True,False,False,False,61.36333333333332,3.6654678362573097,1.475409836065574
S5751,Ali,Brown,student4751@university.com,20,78.81,92.02,50.56,89.49,92.06,40.5,85.54,76.7595,2,26.3,0,1,3,2,5,7.9,False,True,False,True,False,False,75.02833333333334,2.91861216730038,0.6329113924050632
S5752,Ahmed,Brown,student4752@university.com,24,78.31,58.61,67.89,59.53,59.92,94.2,70.18,66.4495,1,26.2,1,0,3,0,6,8.0,True,False,False,False,True,False,68.38833333333334,2.5362404580152678,0.75
S5753,Emma,Williams,student4753@university.com,21,63.1,44.77,78.87,67.66,65.84,15.6,97.48,73.19,2,9.4,0,0,1,1,8,4.1,False,True,False,True,False,False,61.70333333333334,7.786170212765957,1.951219512195122
S5754,Sara,Smith,student4754@university.com,20,80.39,66.7,76.52,69.71,75.84,38.8,81.49,73.5625,2,9.3,0,1,2,0,9,8.6,True,False,False,False,False,True,68.17666666666666,7.909946236559139,1.0465116279069768
S5755,Emma,Williams,student4755@university.com,22,78.8,87.11,44.23,95.83,78.58,25.7,68.15,68.0865,1,24.9,0,0,1,1,10,4.9,True,False,False,False,False,True,66.60000000000001,2.734397590361446,2.0408163265306123
S5756,Maria,Davis,student4756@university.com,24,69.84,41.85,43.9,82.94,59.69,54.900000000000006,85.97,64.1985,1,24.6,1,0,3,0,3,5.4,False,True,False,True,False,False,61.54166666666666,2.609695121951219,0.5555555555555555
S5757,Maria,Smith,student4757@university.com,23,99.53,75.15,97.92,52.03,61.5,73.60000000000001,91.94,80.969,3,10.6,1,0,1,2,2,8.4,False,True,False,False,True,False,75.35666666666667,7.638584905660377,0.238095238095238
S5758,Sara,Johnson,student4758@university.com,18,94.09,75.67,49.11,50.74,87.94,81.7,90.02,71.124,2,26.0,0,1,0,2,5,7.4,False,True,False,True,False,False,72.53,2.7355384615384613,0.6756756756756757
S5759,Liam,Williams,student4759@university.com,22,87.48,95.71,57.67,59.98,86.52,51.5,63.14,67.94,1,17.0,0,1,1,2,6,5.9,False,True,True,False,False,False,69.08666666666666,3.9964705882352938,1.0169491525423728
S5760,John,Smith,student4760@university.com,24,76.87,57.19,86.06,65.91,91.96,85.5,70.85,74.70599999999999,2,16.7,0,0,1,2,8,4.4,False,True,True,False,False,False,76.245,4.473413173652694,1.818181818181818
S5761,John,Johnson,student4761@university.com,23,73.1,56.73,64.58,74.23,96.65,78.5,72.61,71.16199999999999,2,29.6,1,1,3,2,4,5.9,True,False,False,True,False,False,73.88333333333334,2.404121621621621,0.6779661016949152
S5762,Maria,Williams,student4762@university.com,21,59.24,66.43,50.89,91.89,65.41,15.7,69.42,64.6225,1,18.0,1,0,1,0,1,8.8,False,True,True,False,False,False,59.95666666666667,3.590138888888889,0.1136363636363636
S5763,Maria,Brown,student4763@university.com,22,65.29,61.41,68.03,65.74,92.98,24.5,65.54,66.265,1,8.4,1,0,3,1,4,4.5,False,True,False,True,False,False,63.03333333333334,7.888690476190476,0.8888888888888888
S5764,Omar,Williams,student4764@university.com,20,88.7,84.18,74.14,68.83,83.3,67.2,87.64,79.46849999999999,2,12.0,1,0,3,1,10,8.2,True,False,True,False,False,False,77.54833333333333,6.622374999999999,1.2195121951219514
S5765,Ali,Jones,student4765@university.com,19,72.69,78.51,67.17,66.47,97.89,97.5,50.61,68.38650000000001,1,13.3,0,1,1,0,8,5.6,False,True,False,True,False,False,76.35833333333333,5.141842105263159,1.4285714285714286
S5766,Omar,Williams,student4766@university.com,20,94.11,85.54,95.14,50.45,63.6,37.6,64.68,71.8275,2,29.0,1,0,1,1,2,7.3,False,True,True,False,False,False,66.16833333333334,2.4768103448275864,0.273972602739726
S5767,Omar,Jones,student4767@university.com,21,57.4,89.2,57.08,97.76,63.48,23.0,57.08,66.93599999999999,1,11.6,0,0,1,1,10,7.2,False,True,False,False,True,False,64.60000000000001,5.770344827586206,1.3888888888888888
S5768,Liam,Johnson,student4768@university.com,24,75.42,95.38,79.68,56.95,85.21,86.89999999999999,56.44,72.56750000000001,2,15.8,0,1,3,1,8,5.6,True,False,False,False,True,False,76.75999999999999,4.592879746835443,1.4285714285714286
S5769,John,Williams,student4769@university.com,18,82.35,65.86,46.74,64.38,96.42,20.0,63.85,61.018,1,23.7,1,0,2,0,4,4.3,False,True,True,False,False,False,59.54166666666666,2.5745991561181434,0.9302325581395348
S5770,Liam,Johnson,student4770@university.com,22,75.84,99.08,63.54,56.47,91.23,69.7,88.11,78.2585,2,11.9,1,1,3,0,2,4.7,True,False,False,True,False,False,78.02166666666666,6.5763445378151255,0.425531914893617
S5771,Liam,Johnson,student4771@university.com,24,94.46,52.94,84.46,74.53,86.35,3.4000000000000004,98.47,78.58149999999999,2,22.5,1,1,1,1,4,6.8,True,False,True,False,False,False,66.69166666666666,3.492511111111111,0.5882352941176471
S5772,Sara,Smith,student4772@university.com,18,99.48,82.86,53.49,96.61,69.37,1.9,75.73,70.04400000000001,2,10.2,1,0,1,0,1,8.7,False,True,False,False,False,True,63.32666666666666,6.867058823529414,0.1149425287356322
S5773,John,Johnson,student4773@university.com,21,55.79,72.04,75.39,55.04,85.89,45.2,66.95,68.8435,1,11.1,1,1,3,2,10,8.6,True,False,False,False,False,True,66.75166666666667,6.202117117117118,1.162790697674419
S5774,Ali,Johnson,student4774@university.com,22,56.5,89.01,49.21,72.04,90.05,65.7,91.46,76.188,2,29.7,0,1,1,2,7,4.6,False,True,False,True,False,False,76.24499999999999,2.5652525252525256,1.5217391304347827
S5775,Emma,Williams,student4775@university.com,23,56.52,68.61,46.16,51.12,87.66,14.2,53.36,54.98349999999999,0,14.2,0,1,1,1,3,8.4,False,True,True,False,False,False,53.51833333333334,3.872077464788732,0.3571428571428571
S5776,Maria,Williams,student4776@university.com,23,84.06,87.04,71.39,88.54,83.84,76.39999999999999,54.66,72.7865,2,23.2,1,0,0,2,4,5.2,False,True,True,False,False,False,76.97833333333334,3.1373491379310345,0.7692307692307692
S5777,Maria,Brown,student4777@university.com,24,68.63,95.81,80.5,82.06,52.36,12.9,67.27,72.8675,2,26.0,0,1,1,2,3,8.5,False,True,False,False,True,False,65.14999999999999,2.802596153846154,0.3529411764705882
S5778,Ali,Smith,student4778@university.com,20,86.67,83.94,46.8,84.98,82.99,53.4,72.42,69.733,1,13.7,0,1,3,0,8,7.8,False,True,False,True,False,False,70.75500000000001,5.090000000000001,1.0256410256410258
S5779,Liam,Johnson,student4779@university.com,24,70.27,86.57,95.07,73.62,73.91,30.8,89.89,83.69399999999999,3,13.9,1,1,3,2,3,8.8,True,False,False,False,False,True,74.97666666666666,6.02115107913669,0.3409090909090909
S5780,Omar,Smith,student4780@university.com,20,81.38,44.03,53.55,95.38,98.08,75.19999999999999,96.26,76.74499999999999,2,24.3,0,0,1,1,7,6.2,True,False,False,False,False,True,77.08333333333333,3.1582304526748968,1.129032258064516
S5781,Sara,Jones,student4781@university.com,21,88.49,52.3,47.2,70.48,80.36,80.39999999999999,76.56,65.241,1,20.2,0,0,1,2,2,7.7,True,False,False,True,False,False,67.88333333333334,3.229752475247525,0.2597402597402597
S5782,Liam,Johnson,student4782@university.com,23,77.41,98.46,52.16,75.7,80.41,6.6000000000000005,74.78,69.969,1,14.0,0,1,1,2,10,7.7,True,False,False,False,False,True,64.685,4.997785714285714,1.2987012987012987
S5783,Maria,Smith,student4783@university.com,22,76.98,81.59,50.17,84.76,99.7,19.3,60.65,66.625,1,23.7,1,1,2,2,9,6.5,False,True,False,True,False,False,66.02833333333332,2.811181434599156,1.3846153846153846
S5784,Ahmed,Brown,student4784@university.com,23,54.41,73.69,45.44,76.03,54.68,89.3,72.56,65.519,1,26.6,1,1,3,0,6,8.9,False,True,False,False,False,True,68.61666666666666,2.46312030075188,0.6741573033707865
S5785,Omar,Brown,student4785@university.com,20,70.54,62.02,87.87,59.47,63.82,41.6,96.18,77.507,2,10.9,0,1,1,0,3,5.2,True,False,False,False,False,True,68.49333333333334,7.110733944954129,0.5769230769230769
S5787,Ahmed,Jones,student4787@university.com,21,73.1,62.15,63.31,54.61,65.76,16.8,60.53,58.9165,0,11.9,0,0,3,2,8,8.1,True,False,False,True,False,False,53.85999999999999,4.950966386554621,0.9876543209876544
S5788,Liam,Brown,student4788@university.com,23,95.04,69.93,97.04,71.63,67.31,99.5,66.86,77.25800000000001,2,21.9,0,0,0,0,6,7.1,True,False,False,False,False,True,78.71166666666667,3.5277625570776263,0.8450704225352114
S5789,Ali,Brown,student4789@university.com,21,95.33,52.69,62.26,80.47,94.63,92.3,75.73,72.33600000000001,2,27.9,1,1,1,0,4,4.4,True,False,False,False,False,True,76.34666666666666,2.5926881720430117,0.9090909090909092
S5790,Ali,Jones,student4790@university.com,23,91.1,50.39,50.02,55.93,78.97,0.2,79.93,60.339,1,26.6,1,1,0,0,3,5.3,True,False,False,False,True,False,52.57333333333333,2.2683834586466163,0.5660377358490566
S5791,Omar,Smith,student4791@university.com,24,68.76,70.5,56.44,81.53,55.14,55.1,71.62,66.6695,1,10.6,1,1,3,1,9,8.2,False,True,True,False,False,False,65.055,6.289575471698114,1.0975609756097562
S5792,Maria,Brown,student4792@university.com,18,85.86,75.15,54.34,94.64,65.54,87.2,87.93,76.3465,2,27.0,0,0,2,1,5,7.6,False,True,False,True,False,False,77.46666666666667,2.8276481481481484,0.6578947368421053
S5793,John,Williams,student4793@university.com,24,69.76,54.4,69.92,66.89,53.8,43.1,79.22,66.9745,1,25.3,1,0,1,2,4,8.8,True,False,False,True,False,False,61.22166666666667,2.6472134387351782,0.4545454545454545
S5794,Ahmed,Davis,student4794@university.com,23,61.63,75.24,57.49,61.1,77.81,43.7,83.25,69.7645,1,23.4,0,0,1,2,9,6.0,True,False,True,False,False,False,66.43166666666666,2.981388888888889,1.5
S5795,Sara,Davis,student4795@university.com,20,67.15,94.02,70.96,94.65,58.66,37.9,93.15,81.7465,3,22.2,1,1,2,0,7,8.5,True,False,False,False,True,False,74.88999999999999,3.682274774774775,0.8235294117647058
S5796,Maria,Brown,student4796@university.com,24,53.55,68.39,80.16,84.6,92.86,2.9,93.28,80.4035,3,25.2,1,1,1,1,3,8.3,True,False,False,False,False,True,70.365,3.190615079365079,0.36144578313253
S5797,Sara,Smith,student4797@university.com,22,66.59,91.44,86.64,55.27,78.87,79.0,60.18,73.5575,2,26.5,1,1,1,2,6,8.8,True,False,False,False,False,True,75.23333333333333,2.7757547169811323,0.6818181818181818
S5798,Maria,Smith,student4798@university.com,20,73.04,95.64,82.61,70.41,52.97,45.7,81.17,77.493,2,25.5,1,0,0,2,8,5.4,False,True,False,False,True,False,71.41666666666667,3.0389411764705883,1.4814814814814814
S5799,John,Johnson,student4799@university.com,20,97.77,45.54,52.34,83.7,65.04,53.1,85.83,67.379,1,8.0,0,1,1,0,5,6.5,True,False,False,False,True,False,64.25833333333334,8.422375,0.7692307692307693
S5800,John,Williams,student4800@university.com,20,65.67,45.75,46.95,78.72,80.82,25.6,57.29,56.957,0,23.1,1,1,0,1,2,4.4,True,False,True,False,False,False,55.85500000000001,2.465670995670996,0.4545454545454545
S5801,Omar,Smith,student4801@university.com,21,95.12,68.56,72.55,80.93,66.77,78.4,92.14,78.8,2,26.0,0,0,1,1,8,7.0,False,True,True,False,False,False,76.55833333333334,3.0307692307692307,1.1428571428571428
S5802,Omar,Jones,student4802@university.com,19,61.44,75.29,51.93,78.36,75.66,79.4,59.02,65.272,1,9.6,0,0,1,2,2,7.7,False,True,False,False,False,True,69.94333333333333,6.799166666666667,0.2597402597402597
S5803,John,Williams,student4803@university.com,19,59.55,65.55,45.1,89.9,95.47,55.3,89.96,73.8925,2,10.3,1,0,1,0,1,5.2,False,True,False,False,True,False,73.54666666666667,7.174029126213592,0.1923076923076923
S5804,Emma,Davis,student4804@university.com,18,75.95,59.59,71.63,66.02,67.5,90.5,58.07,65.445,1,24.6,0,0,2,2,5,4.8,False,True,False,False,True,False,68.885,2.660365853658536,1.0416666666666667
S5805,John,Williams,student4805@university.com,20,83.63,78.46,59.61,85.42,66.79,11.6,87.09,72.87049999999999,2,13.6,0,1,1,0,5,7.2,False,True,False,False,False,True,64.82833333333333,5.358124999999999,0.6944444444444444
S5806,Ali,Jones,student4806@university.com,19,52.22,40.12,85.37,99.55,90.99,78.7,57.41,72.55,2,15.0,0,0,1,1,1,6.0,False,True,False,False,False,True,75.35666666666667,4.836666666666667,0.1666666666666666
S5807,Ali,Brown,student4807@university.com,18,61.05,98.08,58.85,69.5,65.94,55.9,68.94,69.9205,1,14.4,1,1,0,2,6,6.1,False,True,False,False,False,True,69.535,4.855590277777778,0.9836065573770492
S5808,Emma,Jones,student4808@university.com,21,72.78,53.92,98.72,89.55,53.9,23.1,57.18,69.8995,1,10.3,1,1,1,0,7,6.4,False,True,False,False,False,True,62.72833333333333,6.786359223300971,1.09375
S5809,Liam,Jones,student4809@university.com,20,66.55,95.03,85.51,62.31,59.05,13.2,63.54,70.6055,2,28.5,1,0,3,0,9,6.6,False,True,False,False,False,True,63.10666666666668,2.477385964912281,1.3636363636363638
S5810,Ahmed,Brown,student4810@university.com,22,85.63,46.54,43.46,64.09,97.44,30.1,99.23,68.47749999999999,1,25.1,1,0,3,0,9,5.0,True,False,True,False,False,False,63.47666666666667,2.728187250996016,1.8
S5811,Liam,Brown,student4811@university.com,21,75.56,54.29,70.53,96.74,96.66,85.60000000000001,55.38,70.84700000000001,2,11.3,0,1,3,2,2,6.9,False,True,False,False,False,True,76.53333333333335,6.269646017699116,0.2898550724637681
S5812,Sara,Brown,student4812@university.com,18,58.02,54.09,73.76,51.3,61.24,78.8,70.32,65.4085,1,7.7,0,0,3,2,8,4.3,True,False,False,False,True,False,64.91833333333334,8.49461038961039,1.8604651162790695
S5813,Liam,Brown,student4813@university.com,21,94.72,99.77,81.72,60.87,77.68,64.5,83.85,80.67399999999999,3,14.3,1,0,1,2,9,4.6,True,False,False,True,False,False,78.065,5.6415384615384605,1.956521739130435
S5814,Maria,Brown,student4814@university.com,22,64.65,40.28,69.87,74.15,56.87,9.0,54.73,57.188,0,15.4,0,0,3,1,4,7.6,True,False,True,False,False,False,50.81666666666667,3.7135064935064936,0.5263157894736842
S5816,Maria,Johnson,student4816@university.com,18,89.0,92.18,62.08,81.46,59.27,30.5,57.16,66.166,1,27.2,0,1,1,0,5,5.3,True,False,False,True,False,False,63.775,2.4325735294117647,0.9433962264150944
S5817,Emma,Johnson,student4817@university.com,22,98.16,80.34,56.29,59.64,52.49,60.7,82.25,68.0285,1,26.3,1,0,1,0,1,4.9,True,False,True,False,False,False,65.285,2.5866349809885927,0.2040816326530612
S5818,Ali,Smith,student4818@university.com,22,74.93,61.76,96.77,53.53,91.24,80.3,95.47,83.26599999999999,3,26.3,0,0,1,0,10,4.3,True,False,False,False,False,True,79.84500000000001,3.166007604562737,2.3255813953488373
S5819,Omar,Johnson,student4819@university.com,21,80.79,97.5,59.06,68.47,66.27,13.3,91.3,74.3425,2,25.1,1,1,0,1,8,6.1,True,False,True,False,False,False,65.98333333333333,2.9618525896414343,1.3114754098360657
S5820,Maria,Davis,student4820@university.com,22,66.74,93.61,43.81,76.22,55.43,65.19999999999999,99.15,74.975,2,23.3,1,0,2,0,2,6.5,False,True,False,False,False,True,72.23666666666666,3.2178111587982827,0.3076923076923077
S5821,Ali,Johnson,student4821@university.com,24,83.91,66.04,50.04,78.1,91.7,3.2,78.91,67.134,1,20.9,0,0,1,1,3,8.5,True,False,False,False,False,True,61.33166666666667,3.212153110047847,0.3529411764705882
S5822,Ahmed,Jones,student4822@university.com,21,73.17,74.4,91.44,80.07,88.12,10.2,98.07,84.7735,3,29.0,0,1,1,2,5,4.0,True,False,False,False,False,True,73.71666666666665,2.9232241379310344,1.25
S5823,Sara,Brown,student4823@university.com,20,71.88,98.05,75.2,77.43,84.19,72.30000000000001,65.25,76.731,2,22.8,0,1,0,2,7,6.0,True,False,False,True,False,False,78.73666666666666,3.365394736842105,1.1666666666666667
S5824,Ahmed,Brown,student4824@university.com,22,92.77,98.95,86.73,62.29,95.56,15.5,71.08,77.52349999999998,2,20.8,0,1,0,0,5,6.1,True,False,True,False,False,False,71.68499999999999,3.727091346153845,0.819672131147541
S5825,Emma,Jones,student4825@university.com,21,52.51,66.99,88.53,88.23,74.46,44.400000000000006,69.8,76.02149999999999,2,24.7,0,1,1,2,10,8.4,False,True,False,False,False,True,72.06833333333334,3.077793522267206,1.1904761904761905
S5826,Liam,Davis,student4826@university.com,20,94.1,90.84,89.39,54.39,56.4,24.8,52.37,66.72300000000001,1,11.2,1,0,1,0,4,5.0,True,False,False,False,True,False,61.365,5.957410714285716,0.8
S5827,Liam,Johnson,student4827@university.com,22,92.6,58.12,73.04,59.92,53.07,42.1,91.49,70.825,2,29.2,1,1,1,1,2,4.3,False,True,True,False,False,False,62.95666666666667,2.4255136986301373,0.4651162790697674
S5828,John,Jones,student4828@university.com,20,75.32,62.31,50.63,86.97,65.92,7.7,51.24,57.3985,0,5.5,0,1,1,2,1,5.9,False,True,False,False,True,False,54.12833333333333,10.43609090909091,0.1694915254237288
S5829,John,Smith,student4829@university.com,23,74.51,49.89,48.89,63.99,54.34,75.5,86.49,64.4605,1,21.2,1,1,3,2,3,7.1,True,False,False,True,False,False,63.18333333333334,3.040589622641509,0.4225352112676057
S5830,John,Brown,student4830@university.com,22,68.09,52.55,74.44,74.67,76.78,7.9,70.35,66.871,1,6.9,1,0,2,1,6,8.3,True,False,False,True,False,False,59.44833333333332,9.691449275362318,0.7228915662650601
S5831,Ahmed,Williams,student4831@university.com,23,99.71,79.41,61.99,66.36,50.72,83.80000000000001,50.31,61.718,1,26.3,1,1,1,1,9,5.3,False,True,True,False,False,False,65.43166666666667,2.346692015209125,1.69811320754717
S5832,Maria,Smith,student4832@university.com,18,55.56,70.65,73.48,75.35,72.19,66.3,64.5,70.154,2,29.2,0,0,3,1,9,5.3,True,False,False,True,False,False,70.41166666666666,2.4025342465753425,1.69811320754717
S5833,Sara,Davis,student4833@university.com,18,79.51,53.87,69.91,67.33,58.92,41.7,67.31,63.8275,1,15.2,0,1,1,0,5,5.6,True,False,False,True,False,False,59.84,4.199177631578948,0.8928571428571429
S5834,John,Smith,student4834@university.com,21,84.08,64.17,76.13,99.71,68.41,86.6,98.24,84.2575,3,26.4,1,0,0,0,3,4.6,False,True,True,False,False,False,82.21,3.191571969696969,0.6521739130434783
S5835,Emma,Jones,student4835@university.com,19,96.72,62.39,41.93,67.87,83.75,18.6,83.05,64.2415,1,13.4,0,0,1,2,3,8.9,False,True,False,False,True,False,59.598333333333336,4.794141791044776,0.3370786516853932
S5836,Emma,Johnson,student4836@university.com,23,89.01,99.24,41.97,81.35,67.55,26.5,77.18,68.815,1,9.0,1,1,1,2,7,6.7,True,False,False,False,False,True,65.63166666666666,7.646111111111111,1.044776119402985
S5837,John,Brown,student4837@university.com,23,82.19,91.21,83.3,94.42,67.07,13.7,56.35,72.9665,2,11.9,1,1,3,1,7,5.4,True,False,True,False,False,False,67.675,6.131638655462185,1.2962962962962965
S5838,Liam,Davis,student4838@university.com,18,55.84,63.28,51.59,81.9,99.54,38.2,69.56,67.4065,1,12.5,0,1,3,0,3,5.8,True,False,True,False,False,False,67.345,5.392519999999999,0.5172413793103449
S5839,John,Davis,student4839@university.com,23,68.69,94.83,79.13,78.29,85.94,98.7,51.79,74.8165,2,20.8,0,1,1,1,10,8.3,False,True,False,False,False,True,81.44666666666667,3.5969471153846158,1.2048192771084336
S5840,Sara,Williams,student4840@university.com,19,56.94,60.56,72.79,78.46,75.69,16.1,88.08,73.8485,2,24.9,1,1,1,1,7,7.4,True,False,False,False,True,False,65.28,2.965803212851406,0.945945945945946
S5841,John,Smith,student4841@university.com,20,94.06,80.07,98.91,74.82,78.97,83.10000000000001,58.14,77.455,2,10.1,1,1,3,0,8,6.8,False,True,False,False,False,True,79.00166666666667,7.668811881188119,1.1764705882352942
S5843,Emma,Johnson,student4843@university.com,19,87.88,63.42,64.79,52.52,51.23,1.6,84.97,64.2825,1,10.5,0,1,1,2,5,7.8,True,False,False,False,True,False,53.08833333333333,6.122142857142857,0.6410256410256411
S5844,John,Johnson,student4844@university.com,23,82.61,80.79,76.98,94.26,54.01,94.5,68.33,76.12750000000001,2,12.4,1,0,1,2,10,5.0,False,True,False,False,True,False,78.145,6.1393145161290334,2.0
S5845,Ahmed,Williams,student4845@university.com,23,75.35,57.76,47.04,79.31,82.46,97.1,81.63,69.91049999999998,1,12.0,0,1,1,2,8,4.8,True,False,False,False,False,True,74.21666666666665,5.825874999999999,1.6666666666666667
S5846,Omar,Brown,student4846@university.com,23,57.5,55.98,63.18,92.44,68.22,92.5,88.21,75.968,2,10.5,0,1,1,2,7,8.8,True,False,False,False,False,True,76.755,7.235047619047619,0.7954545454545454
S5847,Ahmed,Johnson,student4847@university.com,24,66.48,74.45,84.03,50.52,52.77,50.2,59.21,65.303,1,16.7,0,1,2,0,1,4.9,False,True,True,False,False,False,61.86333333333334,3.9103592814371257,0.2040816326530612
S5848,Emma,Williams,student4848@university.com,21,56.85,98.76,77.36,93.46,64.88,22.0,80.04,79.773,2,26.4,1,1,3,0,2,6.3,True,False,False,False,True,False,72.75,3.0217045454545453,0.3174603174603174
S5849,Sara,Smith,student4849@university.com,22,86.25,67.19,69.07,56.01,56.51,39.1,86.69,69.3605,1,7.5,0,0,2,1,6,8.9,False,True,False,True,False,False,62.428333333333335,9.248066666666666,0.6741573033707865
S5850,Ahmed,Williams,student4850@university.com,19,58.01,96.26,50.59,86.06,95.82,61.4,67.85,73.0025,2,26.6,1,1,1,2,8,6.1,False,True,False,False,True,False,76.33,2.744454887218045,1.3114754098360657
S5851,Sara,Williams,student4851@university.com,19,85.11,94.86,88.19,70.83,60.15,37.9,58.12,72.247,2,17.4,0,1,2,2,5,6.6,True,False,False,False,False,True,68.34166666666665,4.152126436781609,0.7575757575757576
S5852,Ahmed,Jones,student4852@university.com,24,84.61,55.23,56.39,84.05,57.18,70.8,64.31,63.5405,1,21.5,1,0,1,0,7,8.0,True,False,False,False,False,True,64.66000000000001,2.955372093023256,0.875
S5853,Ahmed,Johnson,student4853@university.com,19,72.97,64.11,89.23,81.41,81.31,79.6,96.65,85.2415,3,25.4,1,0,2,1,10,5.7,True,False,False,False,False,True,82.05166666666666,3.355964566929134,1.7543859649122806
S5854,Sara,Brown,student4854@university.com,19,56.76,78.6,76.7,58.17,76.1,20.9,67.87,68.7065,1,12.6,1,0,0,0,7,6.2,True,False,False,False,False,True,63.05666666666667,5.452896825396826,1.129032258064516
S5855,Maria,Brown,student4855@university.com,24,65.74,71.08,62.36,75.73,78.8,40.5,55.39,64.1335,1,28.9,0,1,0,0,3,5.7,False,True,False,True,False,False,63.97666666666667,2.219152249134948,0.5263157894736842
S5856,Ahmed,Jones,student4856@university.com,19,66.0,45.76,42.44,63.86,71.8,95.8,54.14,55.265,0,7.1,1,1,1,2,1,5.4,False,True,False,False,True,False,62.3,7.783802816901409,0.1851851851851851
S5857,John,Davis,student4857@university.com,23,85.02,99.62,53.95,78.02,73.36,25.0,59.02,66.4255,1,18.2,0,1,2,0,6,6.4,False,True,False,True,False,False,64.82833333333333,3.649752747252748,0.9375
S5858,Omar,Brown,student4858@university.com,24,55.69,85.16,93.34,86.9,88.94,34.6,56.38,76.682,2,11.4,1,1,1,0,5,7.7,True,False,False,True,False,False,74.22,6.726491228070175,0.6493506493506493
S5859,Emma,Williams,student4859@university.com,21,91.45,66.26,89.08,54.06,61.0,3.6,74.75,69.02300000000001,1,15.2,1,0,2,2,9,8.3,False,True,False,False,False,True,58.125,4.540986842105264,1.0843373493975903
S5860,Maria,Jones,student4860@university.com,18,88.05,77.09,74.49,75.79,69.83,33.2,67.38,70.4115,2,16.2,1,0,3,2,1,6.4,False,True,False,True,False,False,66.29666666666667,4.34638888888889,0.15625
S5861,Sara,Smith,student4861@university.com,23,59.32,45.25,67.98,80.88,97.89,37.1,92.07,75.17949999999999,2,27.9,1,0,2,2,5,5.6,True,False,False,False,False,True,70.19500000000001,2.6946057347670247,0.8928571428571429
S5862,Maria,Johnson,student4862@university.com,23,85.96,69.72,78.83,64.77,59.5,10.0,94.05,74.546,2,16.0,1,0,2,2,3,8.6,True,False,False,False,False,True,62.81166666666667,4.659125,0.3488372093023256
S5863,Ali,Johnson,student4863@university.com,22,83.43,95.85,67.97,97.65,64.69,0.1,73.66,74.5895,2,22.4,0,0,1,0,6,5.7,True,False,False,False,False,True,66.65333333333335,3.329888392857143,1.0526315789473684
S5864,Ali,Johnson,student4864@university.com,24,87.41,93.8,78.66,76.02,59.58,57.5,94.43,82.3,3,28.8,0,0,2,0,5,7.9,False,True,False,True,False,False,76.66499999999999,2.857638888888889,0.6329113924050632
S5865,Ahmed,Williams,student4865@university.com,18,59.45,60.24,58.44,59.13,51.02,30.2,72.52,60.8835,1,17.4,1,1,1,2,4,7.7,True,False,False,False,False,True,55.25833333333333,3.499051724137931,0.5194805194805194
S5866,Ahmed,Smith,student4866@university.com,19,57.88,71.88,90.31,55.39,63.49,1.7999999999999998,82.1,72.737,2,15.2,0,1,1,0,8,4.2,False,True,False,True,False,False,60.82833333333334,4.785328947368421,1.9047619047619049
S5867,John,Jones,student4867@university.com,18,61.82,81.84,82.12,77.08,52.32,86.0,58.13,71.339,2,29.3,1,1,1,0,9,4.9,False,True,False,False,True,False,72.915,2.434778156996587,1.8367346938775508
S5868,Omar,Jones,student4868@university.com,21,68.29,60.4,59.8,68.76,57.73,58.4,52.63,58.806,0,25.7,0,1,1,1,9,6.9,False,True,False,False,False,True,59.62,2.2881712062256807,1.3043478260869563
S5869,Emma,Johnson,student4869@university.com,20,89.68,43.89,89.84,59.63,68.13,17.1,58.0,63.056,1,28.5,1,1,2,1,1,8.3,False,True,True,False,False,False,56.098333333333336,2.212491228070175,0.1204819277108433
S5870,Maria,Smith,student4870@university.com,23,86.9,70.33,69.24,51.53,51.04,86.5,62.59,63.795,1,14.9,0,0,0,1,9,7.0,False,True,True,False,False,False,65.205,4.281543624161074,1.2857142857142858
S5871,Ali,Smith,student4871@university.com,24,96.27,76.1,50.48,78.33,87.65,25.4,87.55,72.08449999999999,2,22.4,0,0,3,0,4,7.7,True,False,True,False,False,False,67.585,3.2180580357142854,0.5194805194805194
S5872,Ahmed,Smith,student4872@university.com,24,52.93,40.35,44.66,79.93,89.78,22.7,58.68,56.924,0,11.2,0,0,2,2,4,7.7,False,True,True,False,False,False,56.01666666666667,5.0825000000000005,0.5194805194805194
S5873,Liam,Brown,student4873@university.com,18,50.58,45.73,81.98,57.09,70.57,89.5,56.53,64.409,1,26.6,1,1,2,0,9,6.5,True,False,True,False,False,False,66.89999999999999,2.4213909774436093,1.3846153846153846
S5874,Liam,Brown,student4874@university.com,22,84.96,52.44,91.91,80.09,99.23,17.9,96.38,82.589,3,28.3,0,0,2,1,1,6.8,False,True,False,True,False,False,72.99166666666666,2.918339222614841,0.1470588235294117
S5875,Emma,Johnson,student4875@university.com,21,63.96,60.88,88.45,97.6,83.95,87.89999999999999,84.44,84.0065,3,11.7,0,1,1,0,5,4.4,False,True,False,False,True,False,83.86999999999999,7.180042735042735,1.1363636363636362
S5876,Maria,Smith,student4876@university.com,20,66.7,72.46,79.34,98.91,87.19,80.3,73.67,80.3755,3,7.6,1,1,0,1,8,8.6,True,False,False,True,False,False,81.97833333333334,10.575723684210526,0.9302325581395348
S5877,Ahmed,Davis,student4877@university.com,21,77.34,57.63,48.48,94.42,59.62,31.0,54.75,58.86449999999999,0,10.0,0,0,2,2,5,7.4,False,True,False,False,False,True,57.65,5.886449999999999,0.6756756756756757
S5878,Ahmed,Smith,student4878@university.com,24,55.12,56.57,45.64,90.35,91.87,3.4000000000000004,92.59,70.582,2,20.8,1,0,1,2,8,4.8,False,True,False,False,True,False,63.40333333333333,3.393365384615384,1.6666666666666667
S5879,Ali,Jones,student4879@university.com,19,82.13,92.16,60.7,60.47,97.25,8.299999999999999,55.41,64.83250000000001,1,11.8,0,1,0,2,5,5.2,True,False,False,False,True,False,62.38166666666668,5.494279661016949,0.9615384615384616
S5880,Ali,Jones,student4880@university.com,20,66.26,48.7,91.29,57.82,61.82,11.0,80.55,69.69749999999999,1,21.0,1,1,0,2,2,4.0,True,False,False,False,True,False,58.53,3.318928571428571,0.5
S5881,Ahmed,Johnson,student4881@university.com,24,81.64,69.73,97.7,72.25,84.32,89.1,83.38,83.623,3,13.8,1,0,2,1,2,5.3,False,True,False,False,True,False,82.74666666666667,6.05963768115942,0.3773584905660377
S5882,Sara,Davis,student4882@university.com,22,91.7,97.17,54.48,80.98,87.35,40.4,70.01,72.10050000000001,2,27.9,1,1,1,1,8,5.6,False,True,True,False,False,False,71.73166666666667,2.5842473118279576,1.4285714285714286
S5883,Ahmed,Smith,student4883@university.com,20,58.56,77.5,85.73,92.53,65.26,3.3000000000000003,95.56,82.296,3,16.3,1,1,0,1,3,7.4,False,True,False,False,False,True,69.98,5.048834355828221,0.4054054054054054
S5884,Emma,Davis,student4884@university.com,24,96.54,83.03,74.43,61.6,73.75,55.7,52.54,66.224,1,17.4,1,0,3,0,2,6.4,True,False,False,False,True,False,66.84166666666667,3.8059770114942535,0.3125
S5885,Ahmed,Johnson,student4885@university.com,22,76.53,65.87,41.91,73.98,54.88,20.8,90.91,65.256,1,13.7,1,1,1,1,1,8.2,False,True,False,False,True,False,58.05833333333334,4.763211678832117,0.1219512195121951
S5886,John,Jones,student4886@university.com,19,96.15,41.2,72.57,82.37,58.65,23.5,77.69,67.02499999999999,1,6.8,1,0,0,2,4,4.4,True,False,True,False,False,False,59.32999999999999,9.856617647058822,0.9090909090909092
S5887,Omar,Jones,student4887@university.com,22,60.39,78.77,88.36,72.28,53.08,16.1,80.56,75.0285,2,17.3,1,0,0,1,3,7.5,True,False,False,True,False,False,64.85833333333333,4.336907514450867,0.4
S5888,John,Brown,student4888@university.com,21,80.23,77.92,56.57,72.71,78.01,76.2,99.34,78.15,2,24.4,0,0,1,1,8,8.4,False,True,False,True,False,False,76.79166666666667,3.2028688524590168,0.9523809523809524
S5889,John,Johnson,student4889@university.com,18,70.19,46.63,93.84,61.26,81.26,0.1,79.13,71.51350000000001,2,28.8,0,1,1,0,1,6.1,True,False,False,True,False,False,60.370000000000005,2.4831076388888893,0.1639344262295082
S5891,Sara,Smith,student4891@university.com,24,80.3,94.92,44.59,73.76,77.11,8.7,57.68,61.8995,1,24.9,0,1,3,0,10,6.2,False,True,False,True,False,False,59.46,2.485923694779117,1.6129032258064515
S5892,Liam,Smith,student4892@university.com,24,74.73,52.31,49.6,76.64,63.03,55.2,90.46,67.9435,1,11.7,1,1,1,0,6,7.9,True,False,False,False,True,False,64.54,5.807136752136753,0.7594936708860759
S5893,Ahmed,Brown,student4893@university.com,23,95.65,67.67,90.22,60.93,52.97,34.6,88.05,75.28699999999999,2,25.6,0,1,2,1,1,8.6,True,False,True,False,False,False,65.74,2.9408984375,0.1162790697674418
S5894,John,Williams,student4894@university.com,21,68.86,67.67,65.04,75.71,94.25,2.8000000000000003,98.41,76.85499999999999,2,13.6,1,0,1,1,9,4.3,True,False,True,False,False,False,67.31333333333333,5.65110294117647,2.0930232558139537
S5895,Sara,Davis,student4895@university.com,20,61.0,88.65,87.82,62.77,73.94,46.1,96.79,83.404,3,7.9,0,1,3,2,2,6.6,True,False,False,True,False,False,76.01166666666667,10.557468354430378,0.303030303030303
S5896,Ali,Williams,student4896@university.com,19,80.41,89.47,71.87,60.12,86.87,57.1,60.7,70.15800000000002,2,20.3,1,1,3,2,4,7.2,True,False,True,False,False,False,71.02166666666668,3.456059113300493,0.5555555555555556
S5897,Ahmed,Williams,student4897@university.com,23,81.2,85.56,68.83,63.79,50.73,24.8,73.25,67.898,1,27.3,1,0,3,0,7,4.1,True,False,False,False,True,False,61.16,2.487106227106227,1.707317073170732
S5898,Emma,Johnson,student4898@university.com,23,71.95,61.93,88.41,50.14,74.41,76.6,95.57,78.85499999999999,2,9.5,0,0,0,1,9,4.9,False,True,False,True,False,False,74.51,8.300526315789472,1.8367346938775508
S5900,Maria,Johnson,student4900@university.com,24,97.98,60.97,88.12,69.37,51.52,74.9,73.19,72.435,2,27.1,1,1,3,1,10,5.5,False,True,False,False,False,True,69.67833333333333,2.672878228782288,1.818181818181818
S5901,Ahmed,Davis,student4901@university.com,18,86.63,80.79,46.04,94.93,88.78,57.9,55.45,66.27600000000001,1,22.4,1,1,1,1,2,5.0,True,False,False,False,True,False,70.64833333333333,2.9587500000000007,0.4
S5902,Maria,Jones,student4902@university.com,22,55.53,82.16,78.18,52.04,75.65,86.89999999999999,67.59,71.862,2,25.2,0,1,1,1,8,6.4,True,False,False,False,True,False,73.75333333333333,2.8516666666666666,1.25
S5904,Omar,Johnson,student4904@university.com,24,98.78,67.22,93.95,94.29,90.29,18.6,88.85,84.328,3,27.3,0,0,2,0,2,8.2,False,True,False,False,True,False,75.53333333333335,3.088937728937729,0.2439024390243902
S5905,Maria,Johnson,student4905@university.com,19,86.32,77.95,53.46,56.33,72.35,82.30000000000001,72.36,66.565,1,15.5,0,1,2,2,3,5.5,False,True,False,False,False,True,69.12500000000001,4.2945161290322575,0.5454545454545454
S5906,John,Brown,student4906@university.com,24,95.75,72.35,76.25,50.11,50.17,78.3,52.79,62.200500000000005,1,27.4,0,1,0,1,6,4.3,True,False,False,True,False,False,63.32833333333334,2.270091240875913,1.3953488372093024
S5907,Ali,Johnson,student4907@university.com,18,65.19,49.04,66.0,58.95,97.22,97.2,81.66,71.77850000000001,2,6.6,0,0,0,1,3,4.0,True,False,False,False,True,False,75.01166666666667,10.875530303030304,0.75
S5908,Maria,Smith,student4908@university.com,24,87.09,67.67,62.97,91.19,62.78,9.4,96.08,75.14349999999999,2,27.1,1,1,2,1,6,8.2,True,False,False,True,False,False,65.015,2.772822878228782,0.7317073170731708
S5909,Omar,Smith,student4909@university.com,24,85.7,72.69,46.4,90.14,91.53,59.1,74.82,70.57849999999999,2,21.8,0,0,3,2,6,8.4,True,False,True,False,False,False,72.44666666666667,3.2375458715596324,0.7142857142857143
S5910,Liam,Davis,student4910@university.com,21,64.73,97.04,48.05,67.01,90.82,49.2,96.42,77.08800000000001,2,18.9,0,1,1,0,3,4.5,False,True,False,False,True,False,74.75666666666667,4.07873015873016,0.6666666666666666
S5912,John,Brown,student4912@university.com,23,81.37,98.81,84.99,75.36,73.7,98.0,94.32,87.93900000000001,3,22.2,1,0,1,1,8,8.0,False,True,True,False,False,False,87.53000000000002,3.961216216216217,1.0
S5913,Ahmed,Davis,student4913@university.com,19,74.06,72.54,62.94,95.24,52.01,53.2,89.32,75.559,2,19.9,0,1,0,1,7,7.2,True,False,False,True,False,False,70.875,3.796934673366834,0.9722222222222222
S5914,Omar,Smith,student4914@university.com,19,91.36,54.55,89.71,52.82,67.73,68.60000000000001,98.09,78.16300000000001,2,23.2,1,1,1,0,9,6.8,False,True,False,False,False,True,71.91666666666667,3.369094827586208,1.3235294117647058
S5915,Sara,Brown,student4915@university.com,21,91.64,51.5,44.85,90.66,86.55,34.7,89.55,69.7915,1,22.9,1,0,3,2,1,6.7,True,False,False,False,True,False,66.30166666666666,3.0476637554585158,0.1492537313432835
S5916,John,Brown,student4916@university.com,22,92.53,48.5,77.49,58.53,61.85,29.9,66.07,62.928,1,16.1,1,1,0,1,1,7.9,True,False,True,False,False,False,57.056666666666665,3.908571428571428,0.1265822784810126
S5917,Maria,Jones,student4917@university.com,24,90.17,67.18,92.09,69.58,55.86,33.5,95.03,79.3065,2,10.1,1,0,1,2,1,5.5,True,False,True,False,False,False,68.87333333333333,7.852128712871288,0.1818181818181818
S5918,John,Brown,student4918@university.com,20,74.4,41.32,90.33,59.6,75.36,3.9,83.49,70.4985,2,28.0,0,1,3,0,1,5.9,False,True,False,False,True,False,59.0,2.517803571428572,0.1694915254237288
S5919,Ahmed,Johnson,student4919@university.com,23,69.07,66.7,62.37,85.13,76.85,28.5,58.1,64.907,1,28.1,0,1,0,1,5,4.4,False,True,False,True,False,False,62.94166666666666,2.3098576512455518,1.1363636363636362
S5920,Ali,Brown,student4920@university.com,22,91.57,99.3,84.71,83.92,83.79,17.3,52.3,73.59450000000001,2,10.3,0,0,3,1,2,6.8,True,False,False,True,False,False,70.22000000000001,7.145097087378641,0.2941176470588235
S5921,John,Jones,student4921@university.com,18,74.51,80.21,65.65,77.39,87.96,45.7,68.29,71.62049999999999,2,20.8,1,1,0,2,4,8.8,False,True,False,False,True,False,70.86666666666666,3.443293269230769,0.4545454545454545
S5922,Maria,Davis,student4922@university.com,24,62.32,85.59,90.41,84.91,84.79,46.1,89.34,85.7635,3,10.1,1,1,2,2,9,5.4,True,False,True,False,False,False,80.19,8.491435643564357,1.6666666666666663
S5923,Sara,Jones,student4923@university.com,23,75.37,47.14,71.85,81.98,92.27,76.5,80.91,74.6555,2,26.5,1,0,0,2,3,8.6,True,False,False,False,True,False,75.10833333333333,2.817188679245283,0.3488372093023256
S5924,Liam,Jones,student4924@university.com,20,57.09,68.39,85.89,88.82,61.15,50.2,76.36,76.587,2,7.5,0,1,0,1,8,7.6,True,False,False,False,False,True,71.80166666666666,10.2116,1.0526315789473684
S5925,Emma,Smith,student4925@university.com,24,84.58,57.17,44.71,61.97,78.49,46.3,50.19,54.2695,0,29.8,1,1,1,0,9,5.2,False,True,False,False,False,True,56.47166666666666,1.8211241610738256,1.7307692307692306
S5926,Ali,Johnson,student4926@university.com,18,66.8,93.65,75.4,71.45,68.0,23.2,71.78,73.10900000000001,2,20.3,0,0,2,0,9,7.3,False,True,False,True,False,False,67.24666666666667,3.601428571428572,1.2328767123287672
S5928,Sara,Davis,student4928@university.com,22,97.83,67.52,76.6,71.48,72.01,9.1,72.73,69.475,1,27.0,0,0,3,2,8,4.6,False,True,True,False,False,False,61.57333333333335,2.573148148148148,1.7391304347826089
S5929,John,Williams,student4929@university.com,24,88.84,75.28,81.74,85.08,97.99,98.2,99.59,89.07499999999999,3,22.1,0,1,1,2,8,4.5,False,True,False,False,False,True,89.64666666666666,4.030542986425338,1.7777777777777777
S5930,Ahmed,Davis,student4930@university.com,23,89.35,70.84,95.09,84.57,88.45,47.6,93.98,86.503,3,22.4,1,0,1,0,3,4.1,False,True,False,False,True,False,80.08833333333334,3.861741071428572,0.7317073170731708
S5931,Omar,Johnson,student4931@university.com,19,81.19,89.81,87.14,85.47,85.92,18.6,65.53,77.258,2,11.9,0,0,2,1,1,8.0,False,True,True,False,False,False,72.07833333333333,6.492268907563025,0.125
S5932,Ahmed,Brown,student4932@university.com,20,91.96,53.89,53.18,65.44,74.58,35.4,79.68,64.3265,1,13.4,1,0,2,0,1,8.4,True,False,False,True,False,False,60.36166666666666,4.800485074626865,0.119047619047619
S5933,Liam,Jones,student4933@university.com,24,87.96,62.64,89.55,83.11,72.17,1.5,75.1,74.072,2,27.9,0,1,2,2,4,6.4,False,True,False,True,False,False,64.01166666666667,2.654910394265233,0.625
S5934,Maria,Williams,student4934@university.com,23,79.94,87.53,47.32,68.37,76.33,16.7,56.5,60.633,1,20.9,0,1,1,2,9,6.6,True,False,False,False,False,True,58.79166666666666,2.9011004784689,1.3636363636363638
S5936,Ali,Smith,student4936@university.com,23,59.58,64.13,92.97,67.17,95.23,55.4,71.26,76.60849999999999,2,13.2,1,1,3,2,2,7.5,False,True,False,False,True,False,74.36,5.8036742424242425,0.2666666666666666
S5937,Ahmed,Jones,student4937@university.com,24,97.17,41.77,46.07,80.15,89.72,12.9,75.28,62.0065,1,20.0,0,0,2,0,7,5.6,True,False,True,False,False,False,57.64833333333333,3.100325,1.25
S5938,Maria,Davis,student4938@university.com,18,70.07,85.2,90.98,87.51,90.07,67.6,82.38,85.7525,3,8.7,1,0,1,0,1,4.8,True,False,False,False,True,False,83.95666666666666,9.8566091954023,0.2083333333333333
S5939,Emma,Smith,student4939@university.com,19,76.42,98.33,87.92,95.32,71.66,84.39999999999999,59.58,80.2875,3,7.5,0,0,3,1,5,6.2,False,True,False,False,True,False,82.86833333333333,10.705,0.8064516129032258
S5940,John,Johnson,student4940@university.com,19,56.14,77.22,70.23,71.9,53.55,57.2,61.11,66.4735,1,6.5,0,1,1,2,10,7.5,True,False,False,False,True,False,65.20166666666667,10.226692307692309,1.3333333333333333
S5941,Omar,Johnson,student4941@university.com,23,77.01,91.39,58.53,68.02,84.15,29.700000000000003,59.63,66.333,1,20.8,0,0,0,0,5,8.0,True,False,False,False,True,False,65.23666666666666,3.189086538461538,0.625
S5942,Liam,Davis,student4942@university.com,21,80.56,71.01,64.33,71.5,68.72,12.1,69.22,65.702,1,13.0,0,1,0,2,8,4.4,False,True,True,False,False,False,59.48,5.054,1.818181818181818
S5943,John,Williams,student4943@university.com,24,99.89,53.9,98.12,66.18,93.52,1.6,59.98,69.968,1,14.3,0,0,3,2,9,6.9,False,True,True,False,False,False,62.21666666666668,4.892867132867133,1.3043478260869563
S5945,Sara,Brown,student4945@university.com,22,98.32,79.2,74.78,96.64,57.27,62.8,85.72,79.654,2,23.5,1,1,3,1,6,8.1,False,True,False,False,True,False,76.06833333333333,3.3895319148936167,0.7407407407407408
S5946,John,Smith,student4946@university.com,18,67.42,69.59,44.99,56.3,80.09,47.6,94.89,68.987,1,24.2,1,0,1,2,7,7.3,False,True,False,True,False,False,65.57666666666667,2.850702479338843,0.9589041095890412
S5947,Emma,Williams,student4947@university.com,21,99.56,86.93,53.07,78.05,84.61,10.2,92.42,74.7115,2,25.7,0,0,2,2,6,7.5,True,False,False,True,False,False,67.54666666666667,2.9070622568093385,0.8
S5948,Ahmed,Jones,student4948@university.com,23,72.77,81.68,85.8,94.88,78.41,20.7,85.16,82.35799999999999,3,21.3,1,1,0,0,9,7.8,True,False,True,False,False,False,74.43833333333333,3.866572769953051,1.153846153846154
S5949,Omar,Brown,student4949@university.com,24,92.59,99.28,58.16,55.01,75.7,81.5,62.14,67.9705,1,24.3,0,1,1,2,10,6.5,False,True,False,True,False,False,71.96499999999999,2.797139917695473,1.5384615384615383
S5950,Maria,Williams,student4950@university.com,21,60.82,70.62,99.15,74.69,61.39,48.0,80.77,79.354,2,19.4,0,0,2,1,4,5.5,False,True,True,False,False,False,72.43666666666667,4.090412371134021,0.7272727272727273
S5951,Emma,Smith,student4951@university.com,22,75.29,65.63,70.05,93.26,61.8,96.3,59.31,70.134,2,17.3,1,0,1,1,1,7.9,True,False,True,False,False,False,74.39166666666667,4.053988439306358,0.1265822784810126
S5952,Ahmed,Johnson,student4952@university.com,20,98.3,57.2,70.99,95.02,88.4,100.0,56.62,71.4065,2,11.5,1,1,3,2,4,7.9,False,True,False,False,False,True,78.03833333333334,6.209260869565217,0.5063291139240506
S5953,Emma,Jones,student4953@university.com,22,97.35,68.61,42.18,75.72,50.93,80.1,81.63,65.7815,1,6.3,1,0,0,1,10,4.7,False,True,True,False,False,False,66.52833333333332,10.441507936507936,2.127659574468085
S5954,John,Davis,student4954@university.com,19,84.19,92.37,97.39,51.25,88.95,25.8,81.23,80.4445,3,12.3,1,1,1,1,6,8.5,True,False,False,True,False,False,72.83166666666666,6.54020325203252,0.7058823529411765
S5955,Omar,Smith,student4955@university.com,24,89.89,42.55,50.45,55.28,76.34,23.1,57.83,53.425,0,22.1,1,1,3,1,6,5.1,True,False,False,False,False,True,50.925,2.417420814479638,1.1764705882352942
S5956,Maria,Brown,student4956@university.com,19,58.82,98.67,72.3,79.34,96.81,25.4,67.62,76.0135,2,28.2,0,0,1,1,3,5.5,True,False,False,True,False,False,73.35666666666667,2.695514184397163,0.5454545454545454
S5957,Ahmed,Brown,student4957@university.com,21,86.08,99.6,63.74,56.19,99.87,98.7,53.31,70.2185,2,11.4,0,0,2,0,2,5.1,False,True,True,False,False,False,78.56833333333333,6.15951754385965,0.3921568627450981
S5958,Ali,Johnson,student4958@university.com,21,80.9,75.87,64.94,57.47,83.17,33.5,85.79,71.965,2,21.7,1,0,1,2,8,8.8,True,False,True,False,False,False,66.79,3.3163594470046087,0.9090909090909092
S5959,Liam,Johnson,student4959@university.com,22,54.58,59.89,78.6,88.61,70.61,70.6,99.37,82.327,3,17.0,1,0,2,0,9,5.5,False,True,False,False,True,False,77.94666666666667,4.842764705882352,1.6363636363636365
S5960,Maria,Jones,student4960@university.com,22,55.66,53.38,79.73,87.53,73.75,95.9,87.0,79.339,2,20.7,1,1,0,0,10,8.9,True,False,True,False,False,False,79.54833333333333,3.8328019323671496,1.1235955056179774
S5962,Emma,Jones,student4962@university.com,18,86.22,43.01,69.98,55.29,54.96,59.8,73.82,62.872,1,8.1,0,0,1,1,4,4.9,False,True,True,False,False,False,59.47666666666667,7.761975308641976,0.8163265306122448
S5963,Sara,Johnson,student4963@university.com,23,57.09,68.51,87.43,59.91,78.94,16.9,54.78,66.2935,1,10.4,1,0,1,1,3,6.8,False,True,False,False,True,False,61.07833333333332,6.374375,0.4411764705882353
S5964,Maria,Johnson,student4964@university.com,19,73.39,43.44,66.6,91.65,90.27,17.5,86.33,72.7145,2,27.3,1,1,1,1,10,8.4,True,False,True,False,False,False,65.96499999999999,2.6635347985347986,1.1904761904761905
S5965,Emma,Brown,student4965@university.com,23,67.85,83.11,49.95,86.05,63.09,49.2,62.83,65.4795,1,6.0,0,1,1,2,1,6.8,True,False,True,False,False,False,65.705,10.91325,0.1470588235294117
S5966,Ali,Johnson,student4966@university.com,22,77.53,62.32,58.79,90.3,70.98,95.2,69.41,70.27149999999999,2,19.2,1,1,3,2,2,4.7,True,False,True,False,False,False,74.5,3.659973958333333,0.425531914893617
S5967,John,Williams,student4967@university.com,24,85.32,51.96,52.74,99.49,77.74,90.4,85.15,73.7415,2,28.2,1,0,2,2,8,5.4,False,True,False,False,True,False,76.24666666666667,2.6149468085106387,1.4814814814814814
S5968,John,Smith,student4968@university.com,23,84.24,72.69,47.55,93.22,95.39,16.599999999999998,95.24,75.71499999999999,2,21.3,1,1,3,1,6,5.1,True,False,False,True,False,False,70.115,3.5546948356807504,1.1764705882352942
S5969,Sara,Johnson,student4969@university.com,20,75.78,98.43,62.65,76.02,56.93,28.8,74.31,71.256,2,17.1,0,1,1,1,6,4.6,True,False,True,False,False,False,66.19000000000001,4.167017543859648,1.3043478260869563
S5970,Liam,Jones,student4970@university.com,18,73.22,81.71,72.46,65.54,61.84,58.9,98.08,78.7555,2,14.6,0,0,1,1,1,5.6,False,True,False,False,False,True,73.08833333333332,5.394212328767123,0.1785714285714285
S5971,Maria,Davis,student4971@university.com,22,69.89,69.5,44.37,78.48,95.93,47.7,76.0,68.0675,1,20.6,1,1,0,0,8,7.3,False,True,False,False,True,False,68.66333333333334,3.3042475728155334,1.095890410958904
S5972,Maria,Davis,student4972@university.com,24,93.1,86.61,76.23,81.93,51.98,11.9,56.13,66.97049999999999,1,17.0,0,0,1,0,6,5.9,True,False,False,False,False,True,60.79666666666666,3.939441176470587,1.0169491525423728
S5973,Maria,Davis,student4973@university.com,21,66.54,84.25,99.58,66.77,82.81,36.9,75.92,80.45,3,22.6,0,0,1,1,4,6.2,True,False,True,False,False,False,74.37166666666666,3.559734513274336,0.6451612903225806
S5975,Emma,Jones,student4975@university.com,22,87.17,52.28,89.75,54.64,69.16,95.1,76.9,73.2165,2,19.2,0,0,3,1,6,9.0,False,True,True,False,False,False,72.97166666666668,3.813359375,0.6666666666666666
S5976,Omar,Williams,student4976@university.com,21,67.99,91.53,55.98,88.97,73.41,55.9,87.39,77.423,2,28.9,1,1,2,1,3,6.9,True,False,False,False,False,True,75.52999999999999,2.678996539792388,0.4347826086956521
S5977,Omar,Johnson,student4977@university.com,21,92.35,58.06,41.34,51.6,92.75,63.5,77.4,62.45399999999999,1,25.9,0,0,1,0,4,8.2,False,True,False,False,True,False,64.10833333333333,2.411351351351352,0.4878048780487805
S5978,Sara,Smith,student4978@university.com,19,66.39,96.46,90.01,74.9,58.25,22.200000000000003,77.3,78.3315,2,20.2,0,1,1,1,10,6.2,False,True,False,True,False,False,69.85333333333334,3.877797029702971,1.6129032258064515
S5979,Maria,Davis,student4979@university.com,19,85.1,56.86,43.34,93.07,61.58,74.2,64.24,62.4645,1,18.5,0,1,0,2,8,4.8,True,False,False,True,False,False,65.54833333333333,3.3764594594594595,1.6666666666666667
S5980,Emma,Jones,student4980@university.com,24,52.26,95.61,52.34,54.32,75.62,5.2,60.06,61.4145,1,23.1,0,1,2,2,7,8.2,True,False,False,True,False,False,57.19166666666666,2.6586363636363632,0.853658536585366
S5981,John,Davis,student4981@university.com,22,69.28,97.83,72.67,75.89,70.49,22.1,63.95,71.5645,2,25.1,0,1,1,0,7,7.8,False,True,True,False,False,False,67.155,2.8511752988047805,0.8974358974358975
S5982,Ali,Williams,student4982@university.com,24,67.16,48.73,50.7,57.97,78.72,0.6,72.04,58.194,0,12.4,0,1,3,1,6,5.6,False,True,False,False,True,False,51.46,4.6930645161290325,1.0714285714285714
S5984,Liam,Johnson,student4984@university.com,20,98.35,45.14,86.63,91.62,95.86,85.0,91.45,83.4425,3,8.4,1,1,1,1,9,4.5,True,False,False,False,False,True,82.61666666666666,9.933630952380952,2.0
S5985,Omar,Smith,student4985@university.com,18,73.04,53.11,85.35,96.7,61.5,98.3,58.17,72.32499999999999,2,15.8,1,0,3,0,1,4.1,True,False,True,False,False,False,75.52166666666666,4.57753164556962,0.2439024390243902
S5986,Omar,Johnson,student4986@university.com,18,91.24,66.65,88.97,93.75,65.11,66.8,77.64,79.44550000000001,2,28.5,1,0,3,1,3,8.1,False,True,True,False,False,False,76.48666666666666,2.7875614035087724,0.3703703703703704
S5987,John,Brown,student4987@university.com,22,84.98,99.62,53.18,86.83,58.1,74.5,70.8,72.03750000000001,2,13.2,1,0,0,2,8,8.7,False,True,False,False,False,True,73.83833333333334,5.457386363636364,0.9195402298850576
S5988,John,Smith,student4988@university.com,19,98.37,69.31,83.73,59.24,96.39,26.3,78.55,74.73400000000001,2,8.9,1,1,1,2,1,5.7,True,False,False,False,True,False,68.92,8.397078651685394,0.175438596491228
S5989,Liam,Brown,student4989@university.com,23,90.56,73.02,61.32,65.13,69.89,52.0,82.38,70.3555,2,8.7,0,1,0,2,9,7.0,False,True,True,False,False,False,67.29,8.086839080459772,1.2857142857142858
S5990,Ali,Johnson,student4990@university.com,24,53.87,81.67,80.01,74.84,72.49,73.7,63.98,73.607,2,14.8,1,0,3,0,1,7.6,False,True,False,False,True,False,74.44833333333334,4.9734459459459455,0.131578947368421
S5991,John,Williams,student4991@university.com,20,85.66,98.1,47.32,79.44,90.13,49.7,95.96,78.74699999999999,2,10.6,1,1,2,2,9,7.7,True,False,False,False,False,True,76.77499999999999,7.428962264150942,1.1688311688311688
S5992,Sara,Johnson,student4992@university.com,18,76.77,87.0,82.34,89.11,75.65,8.9,96.77,84.0425,3,15.7,0,1,1,2,7,6.4,False,True,False,False,True,False,73.295,5.353025477707007,1.09375
S5993,Ali,Johnson,student4993@university.com,22,50.82,53.45,98.33,61.35,55.99,74.1,55.27,67.6875,1,23.0,0,1,3,0,6,7.1,True,False,False,True,False,False,66.415,2.942934782608696,0.8450704225352114
S5994,John,Johnson,student4994@university.com,19,62.57,58.18,42.62,56.41,71.89,22.0,85.15,61.6775,1,27.2,0,0,1,1,9,7.3,True,False,False,False,False,True,56.04166666666666,2.267555147058824,1.2328767123287672
S5995,Ahmed,Jones,student4995@university.com,19,96.09,45.86,45.63,74.13,81.53,9.8,51.66,53.547,0,7.8,0,0,2,1,10,4.5,False,True,False,True,False,False,51.435,6.865,2.2222222222222223
S5996,Emma,Brown,student4996@university.com,19,96.3,78.67,47.42,57.89,85.96,47.8,52.33,59.024,0,24.2,0,1,1,1,4,7.2,False,True,False,False,False,True,61.678333333333335,2.43900826446281,0.5555555555555556
S5997,John,Brown,student4997@university.com,24,89.94,50.84,65.83,84.69,82.27,7.5,97.89,74.756,2,7.6,0,1,1,2,5,6.6,True,False,False,True,False,False,64.83666666666666,9.836315789473684,0.7575757575757576
S5998,Sara,Davis,student4998@university.com,23,99.09,55.44,57.45,78.78,55.96,62.9,84.74,68.6585,1,14.5,1,0,3,1,10,5.9,False,True,False,False,True,False,65.87833333333334,4.735068965517241,1.694915254237288
S5999,Maria,Brown,student4999@university.com,21,90.33,93.29,88.42,87.06,65.22,64.0,66.23,78.7485,2,29.9,1,1,3,2,2,5.3,True,False,False,False,False,True,77.37,2.633729096989967,0.3773584905660377
