Total_Score,PC1,PC2,PC3,PC4,PC5,At_Risk
-1.6155391865443909,-2.27493692642289,0.8056374879711082,-1.030791008676751,-0.7276910534572723,1.0414120839071626,1
1.4749438903351573,2.704615953698415,0.6227491672659667,-1.4220703738475298,0.4114824750790719,-0.48345686286732587,1
-0.517060816398216,-1.8246713677893798,-2.254416963444058,-1.567107686031315,-1.3848206077748801,0.5299336286193518,1
1.8715222856281236e-05,0.15318934133291032,0.20623875273579614,-1.3159834571919002,0.316371048054574,-0.686605026714277,1
-0.4647356223410641,-0.8191844564262384,0.22714814261037564,0.34254198623468135,-1.6326228779023675,1.0819980467111863,1
1.606879131650843,1.6686302763495575,-2.2090413904724726,1.2013694178667993,-1.1996872359767723,0.8600879435602221,1
-0.0048210145223753,-0.35517332904314036,-0.5393745880283204,1.3398487410650528,-1.151284292980561,-1.3318153363700094,1
-0.777494389500364,-0.4305648704246987,2.1932000689166173,0.8509963515868199,0.4799003820265776,-0.1427117819699261,1
1.5925703654475485,2.9427194036444053,-0.129660568718798,0.782171147375204,1.6832794257720212,-1.3612482036626283,1
1.2040593066237373,1.8452785001249035,-1.364347131628725,-0.5865429709605501,0.8837937888040613,-0.8050498829592241,1
0.8792362856067585,1.8404509401873308,1.0035518836319433,1.6554954856294297,0.6087378370862678,0.2960541865764945,1
-0.0692806034480089,-0.5917698471296728,-0.7495328094238783,0.8890667456911553,0.4822354728305612,2.196114111027215,1
-0.6582546711395643,-1.2871699289130645,-0.16138152422870253,0.37465823410674504,-0.6927425746357465,2.7542237584306877,1
-1.0805736971691986,-1.8242314927066137,0.5671169160815019,2.393601115264351,-0.8615635636737021,0.2861532822291255,1
-0.1172570548355308,0.05115497024177156,0.8509898219759792,0.27844179346849846,1.6827835400553937,1.4766380618044137,1
-0.4154264917483348,-0.3031404249271187,1.2029472932389311,0.7041113157948446,-1.0103807044524438,0.905573223887409,1
-0.8458818750308227,-1.372663970411429,0.5418495699473014,-0.6514828838451172,1.1225180444574139,-0.2968740131373736,1
-1.3990840272141376,-2.5720234873781442,-0.700600904666636,0.7843159588340662,-0.3763465906190689,0.12551397869239667,1
1.2390596710131738,2.777429880504686,1.6091883059255283,0.4061186190132294,-1.3016792068544052,-0.9101600344755064,1
-0.469505211075499,-1.350337267852676,-0.8539288927992621,-2.0684545919658373,0.7363188171465053,-1.609442006592093,1
0.1173646262920442,-0.02452062123823688,-0.9302830223570988,0.604845729924323,-0.3697673425073908,-2.546116934083923,1
-1.6969027590729366,-2.444670328139878,1.347648134724073,-1.6179862210011968,0.07663866584873304,0.2660704897117598,1
0.9896382366066986,1.0108782663449665,-1.5256713687393866,-0.6287151833606827,0.26868629077164685,0.5394715897265077,1
1.3533193776071422,2.03569407941452,-0.6669777607962408,-1.7719981503994522,0.8740639662666931,0.5418660783049286,1
0.0031049196980737,0.46141555639382464,1.0276743033591806,-0.18855843920508275,-1.356124415532472,-0.9906163989962928,1
0.7938045344517838,1.6451479673883773,0.614879313148719,-0.3438543331388852,-0.6343723901062057,2.5048873591674727,1
-1.2577498904511897,-2.2118241014125566,0.20534813381553393,-0.6442053809447583,2.0072902421470253,0.5961436970035344,1
-0.7558909581738195,-0.8503909708736596,1.3837928316748171,0.8971569323570247,-1.0863974537757213,-1.1068003734473584,1
-1.678946660308016,-1.9826214358588843,2.2195631781400023,-0.5805410188521326,-0.6085051679870922,0.8414026242982883,1
0.5551848157085827,1.3696250206267324,0.02328298901124055,-2.193617996610759,1.3138310396300292,-2.155882017128111,1
-1.481710137937091,-2.043002904650039,1.1727944895115325,-0.7464319089735388,-0.7907127949755789,-0.2035351633720535,1
0.56816090270667,0.47806301959568825,-0.7630973400946314,-0.193573122028726,-1.2379101632705187,-0.8848632464132989,1
0.1800005489368647,0.5838294652685493,0.8551086353658348,-0.4265152895815485,-0.3272968696006333,-1.7838555692531415,1
-0.9561435440091652,-1.224144388754278,1.0617288832723695,-1.5476168195190863,-1.1831353043300374,1.0354141529456187,1
-2.3226307164239377,-4.171771075889776,-0.4569664229705161,0.034811410237185855,0.31540780688120074,0.2085241071936587,1
0.6499453213000188,0.7906853371996372,-0.9937372447379712,0.10511564299276968,0.5169951748811507,1.9524848099888459,1
-0.1232891817643722,-0.6148258612038704,-0.5578196267154264,-1.1247653382252052,-0.4096921702530028,-0.30489004411870174,1
0.4225481642848909,0.7538527632989612,0.45048447664535374,1.0608109527005745,-2.1710231507539954,-0.9251490927427689,1
1.5156256765994294,2.4792964954625525,-0.8982672804168785,0.38309191876968046,0.053301599611858486,-1.326255627646493,1
-0.184382002171581,-0.45410589920910355,-0.10765336793456845,1.4727715488331126,0.717374886451778,1.1744522805369324,1
-1.2439321113234958,-1.5429471027282673,1.4471151172861343,0.20514307835089193,-0.35512079537442404,0.7910128444867066,1
0.4499732995078764,1.266949406728159,1.0680643991431553,1.129068993889288,1.0734887008410245,1.2194602259239047,1
-0.6920626383453892,-0.5422396516898182,1.6333032173593336,1.6540426725817199,-0.30531193050248917,-0.5314286221628599,1
0.4205140749716775,0.1059738920719025,-1.1786124075234186,-0.705250789578527,-0.9756854082673269,-0.8519539418863399,1
-0.9985087145326484,-1.5619006462265845,0.8542516954093897,1.5629620889988824,0.2979577408892877,-0.486035473744662,1
0.4084498211139967,0.6124041573417847,0.1906864493105353,1.265564347499641,-0.722631205603694,0.1840951887512804,1
-1.033509078922085,-2.333167389397278,-0.7373564156646013,0.9588857715132797,-0.2007535117768898,-0.3249472261840949,1
-0.7997992309349126,-1.841820855631858,-0.7108777038284838,0.4916434685500867,0.013551231538086421,1.1178456002277803,1
0.5175892339195303,1.2184112421544697,0.6316527277539641,-0.9715115005630137,0.3682085104460079,0.9292104437323305,1
-0.4367493590316761,-0.561637940808621,0.6385567981488982,1.0025203153005884,0.5717424169207559,-0.8589582727565219,1
0.8894768731836243,1.209528975932803,-0.43033470261078893,0.6095616751474208,-1.9121594291666275,0.25312545641478346,1
0.4628792454951628,0.8129963042666736,0.36191325723855844,0.9503279106611393,-0.13785859614507653,0.4882400381992273,1
1.1222748880303903,1.56435750939572,-0.8586676433422588,-0.7311078486327511,1.1048437952056447,-0.07989483232412316,1
0.4365062254341855,1.0535598589839588,0.329468274450648,-1.8372226098370352,-2.3356301811766054,0.05337317394218775,1
0.7235933826405121,0.6747621187562268,-1.4836786882642876,-1.2911659472936576,0.4359493694979569,0.9242500403663519,1
0.8628934300902485,1.546829876735792,0.2839507743138824,0.7684368152329963,0.7168184277910689,0.1474489901412095,1
-0.1991116144396824,-0.9945638394141795,-1.5216329647087212,1.0122076977154506,-1.3828486522825754,-1.3085218392424358,1
1.747511858305787,2.338679571336848,-1.0830990440699728,0.62904997146007,1.1390280760733478,-0.07644524452820604,1
0.2598911602386017,1.224587073473787,1.597227189244687,-1.2448204176061615,1.434206296211422,0.7521845101642549,1
1.397718637443839,2.7027051194553766,0.9547604864685194,0.904686137582197,-2.557035986852516,0.3333902798138398,1
0.0356503487094961,0.5268437722618279,0.2980327890556587,0.3848172550572111,0.5941450659528201,-2.058275962041431,1
0.8183538882319501,0.8532118972107845,-1.820772769425022,-1.0806275441604063,-0.5907788835755847,-0.11253320048565346,1
-1.4978425704212006,-2.694660982502107,-0.012952455760147644,0.7676013396015104,-0.9117920056766935,-0.21995088349229616,1
1.2507732198168506,1.5242663226469877,-1.0520891418889011,0.16570936818722376,-1.072223458343442,-0.7642837399620045,1
0.2698511837722663,0.5322766346212119,0.03993479485941908,0.5783143924547232,-1.5769046992286755,0.03192344436593797,1
0.985850622023475,1.6043798568718426,0.10938440153485372,1.5704092937962042,-0.12556835199232416,0.4676198375931471,1
-1.2511566354359438,-1.7487492513052927,0.8821735366367728,-1.0264628672792488,-1.6989636022813297,0.8358951685115216,1
0.5159058496603188,1.0219451423262687,0.6457106825168101,0.8290001720304805,1.1944824469949245,0.5125156863034792,1
-1.3772000318443889,-2.3459788463538027,0.05086918453274591,1.1356102925112372,0.7689254732106842,-0.6265558705466625,1
0.1892591623625272,1.1172061114933607,1.7193957004973797,1.0153861685367587,-0.7588898502169997,0.7722176122014568,1
0.2709734399450753,0.7945546904233103,0.5830991192344517,1.943316975868377,0.22120831903859214,0.12377464801001942,1
0.7663092582179994,1.4879957004510809,-0.018391134174067514,1.3397695620670365,-0.08893590291009588,-0.4221135059407059,1
-0.6328636252297942,-0.44874765978099623,1.4381846405405252,0.2648031176943662,-1.055596517405871,0.22192095737725548,1
-0.5794863160106362,-0.06981533708976659,2.0019658080270197,1.19336824291838,0.8636331735828969,-0.3232306082489899,1
-0.1331790642872379,-0.23520247898911495,0.22480117651825435,-0.3918363004025712,-1.66277191340564,0.4805394226670819,1
0.0276542734782421,0.8060206655773541,1.8378093128124315,-0.0625083869890558,0.08914361577062102,1.32180812768049,1
-0.8810926624526617,-1.0769918923733837,0.824395818620129,-0.7778871409740219,-0.9166676028434599,1.1720911690225928,1
0.142124403104609,0.3539120902514042,0.663472533115519,1.6324917443408473,0.8557108914883872,0.6115722125928653,1
0.8678734418570798,1.132207790963481,-0.376419945428547,1.4668909983932146,-0.2666536945773229,-0.2547119268801235,1
-1.228571229958192,-1.1672219997847904,2.321760645775372,-0.7606907855888574,-1.0985109855394832,1.1053169450951923,1
-1.0469060119849731,-1.9360333554779479,-0.20759313324670411,-1.585333136777482,0.08098243871935161,0.998301793017235,1
0.1759323703104359,0.5057986282674038,0.3893690194388455,0.26183301851469143,-1.2993064690933718,-0.28107719653600866,1
-0.2488415910972145,0.15202645292131226,1.0977480817507568,0.02498146416644227,0.7060895622439987,-0.04980022926686338,1
-0.947165494626704,-1.4496191580514952,0.6867010196190098,-0.0008835703075681116,0.8390365093015653,0.19143633459774992,1
1.412167685668735,2.1571792092280213,-0.6405662425928964,-2.0430407234332493,0.5719012038538916,0.6149431468126089,1
0.4248628176413075,0.461931139625787,-0.4398793797826282,-1.1257195173151058,-0.37366890605918684,-0.9867772153375914,1
2.0338274643933087,3.3301516172441397,-0.42755898218163746,-1.714038288427815,-0.26328466416486407,1.199202731071617,1
-0.9450612643026896,-1.3791512453674604,0.01820404255550304,-0.5816063577665627,-0.6169789960603833,-0.12288442339527525,1
-0.2408455158659625,0.07876892467655788,1.2411953850575208,-1.4774853438607871,-0.5682616402150642,0.3367383495163677,1
0.5777702211863346,0.1646220326609132,-1.9096828959655479,-0.867475193886099,0.021539108828160777,-0.07995661534831006,1
0.0553599727444289,0.14063209952571515,0.14546629561647922,-0.7218165954594635,0.7447508123090132,1.3584758017070837,1
0.6126303035541676,1.4362959679748069,0.7998234223852972,0.9464669238103393,0.013005338714503099,-1.235112613664042,1
0.9424333363379837,1.6886805134353764,0.4723754448701918,0.2770387448361427,0.9072152028776795,0.6362571188510863,1
0.0901499141014611,-0.05813887939474566,-1.0238306692602668,1.3552894065574332,1.6452887408497159,0.05407652930746234,1
-0.4641744942546616,-0.8708758353156651,0.0998473711130119,0.284227245562753,-1.9412640221819057,-1.2144347743283814,1
1.9427142913634985,2.704176913501359,-1.1309838034493467,0.20912382772022026,-1.3655891317476263,0.6034527811631675,1
0.1555213361674991,0.6774030299650837,0.5132292720543364,0.8905320794010024,1.1950368544842547,0.6903263138074542,1
1.9264415768577872,3.2026085712391184,-0.4126856965566451,0.2227478639559143,-1.0803986645069543,0.06927416873194601,1
0.0609011125976646,-0.23887877051842987,-0.6691192338876943,1.7567608304917224,1.8899045022855174,-0.42659515608710186,1
0.1742489860512245,0.6104271230468253,-0.19273276346852125,1.1963582214639945,0.8518358404986421,0.864830443698203,1
0.7521407740363044,0.8772214045404826,-0.9267651437779633,0.7758344869692768,-1.483539105916618,-0.3338746310819306,1
-1.907325791474349,-2.784527293187514,1.3033686009610634,0.4196385368968513,0.16514610616103959,-0.38752975349682106,1
-1.6534854733874451,-2.3645568869629385,1.2779632190294108,1.5092999234982132,-0.8896490322046754,-0.33353404384507157,1
-0.0357532002853852,0.44613282003394095,0.22542323967077985,-0.694579781413577,-0.32546132504723646,-0.796492524607248,1
0.0962521820410993,0.22117433760384253,0.5832507889564652,2.1488291840114457,-0.9397615551894086,0.029212537959991427,1
-0.6142061163568675,-1.6065131900620933,-0.9609942626892095,-1.2261111925686925,-1.4372415567100887,0.021541884407708916,1
0.5713873892034911,0.999314506561498,0.3735095786996224,1.9751135317977055,0.6150384321812666,0.8179543361397918,1
-0.8416734143827943,-0.9590946724092427,1.0975782187239445,-0.5173897334103453,1.6113322946334812,-0.5159173056869777,1
1.8514608363120848,2.4290246634307784,-2.0735919817278434,1.2051193154319644,-0.005211477604527381,-0.7258782579623171,1
-0.0288793812269381,-0.1766184874575525,-0.49834766729368785,0.7441812465887434,-2.122029949139561,-1.3354485126812128,1
1.3194412693905124,2.0599501272420624,-0.23870963589799682,1.3697290792401373,0.979250128302232,-0.38291439403786076,1
-0.6269717803225524,-1.0854355884391194,-0.9698533056053182,0.049470278517905975,-0.5313274051538615,-0.495134118972425,1
-0.0916555858933583,-0.7192876476426676,-0.933793932555423,1.0376767593578133,-0.6753011605888525,-0.8982773787479759,1
0.6533120898184416,0.6208841494811145,-0.7623843272262154,0.33644917933020096,-2.2216878510055227,-0.09575613223553993,1
-0.622412614620522,-1.784107132705967,-1.3939138979909032,1.6166350969410404,0.1933374365860954,1.3381258028203007,1
2.2274867952134083,3.4191854355696285,-0.9310514079747154,1.0816517338339902,0.4531997091020234,-1.1523601812992277,1
-0.3531412741575163,-0.6561569786682098,0.2808149148565458,0.3508372698010622,0.8550324826489647,-0.37463330982477483,1
0.8499173430921613,1.484130250061375,-0.28775378787400785,1.0283712210528428,0.5986837705297177,-0.7255409920464725,1
-2.26932354821558,-3.421435777897752,0.9444258521724477,-1.2449914532356785,1.8865775619492278,-0.32179636347050905,1
-0.4859883486136085,-0.8628700584959386,0.2800473817380694,-0.757349034086178,-0.1469522418248795,0.5178481012632152,1
1.205812831893751,2.4176767303360585,0.8916496471224756,0.1493297421683959,1.6151566251951572,0.9829010676504374,1
-1.6743874946059856,-2.17379907328718,0.7334140564771111,-0.34232377585078144,-0.0977700178234119,-0.6079728147650678,1
2.3524079354490475,3.2672298844908174,-1.5720865908369126,0.7222762375747099,-1.3982429763696824,0.6683187770529941,1
0.5715978122358916,1.0699451045559571,0.38642607463791756,-0.8405849720696441,0.687593204439967,1.4723390170115265,1
0.980730328235038,0.8776781466194992,-1.9991710398951792,1.8893881583773013,0.7639827731544897,0.27200191611001096,1
-1.4366094679923902,-2.87191396929845,-0.7911432482594555,-0.399549868526579,-0.37739927831340336,-0.35591259131700526,1
-1.7574344513937428,-2.965844066137847,-0.07729065992503102,-0.0617792968628935,1.097709547006223,-0.5516850285603212,1
-2.104351890812872,-3.9906982954853962,-0.46497488858818364,-0.33546236727866624,-0.42997289103598074,-0.5531981806985665,1
-0.2760563032877995,-0.9239022008829842,-0.6450044735671754,1.09244925006903,1.2127615767982491,0.1605421698318109,1
-0.6405089954070461,-0.9370551928628218,-0.5675314070210048,-1.167087546219161,0.8450555482264089,0.33354118577627384,1
-0.579907162075437,-1.6210056544428835,-1.0742276306690386,-1.5260826990430363,0.377298397061267,-1.2141559279171932,1
0.548942265747339,1.4584792940139037,1.3072067032337025,1.3526024754198192,-0.2950594649265672,1.3111357950745621,1
-2.1392821141915066,-2.749155207262108,2.241070238152639,-0.013995775091306433,-1.2807696326667102,0.9875773354771559,1
0.2221552964279476,0.07409983230496997,-0.5128360689411753,0.43079974174266555,0.22128644956826604,-0.0614815424218927,1
-0.7079145067862955,-0.4115729377539019,1.6973126892792874,-1.9512029198689274,-0.7264641012574222,0.11993608460685025,1
-0.9171451420041024,-0.8641284266481016,1.806373663660132,-0.024542444313158166,-1.6371336733875264,1.487748880108272,1
-0.2535410388208466,0.1184354383395349,0.9448173552438066,-1.8073592962013794,-1.3644131842222544,1.1212215633524192,1
0.1725656017920132,0.5392867285566166,-0.57075453097171,-0.40317574181909105,0.6585081746363314,1.0020450940933654,1
2.3116560081739745,3.7775189875081243,-0.3022708893540788,0.025437620764728348,-0.46467618570562563,-0.1407385948107031,1
-0.9840596663077522,-2.490983606461397,-1.4634278299996182,-0.8196206090669287,0.7708592773628147,-0.22956483056490787,1
0.2510533928777401,-0.2567206632960558,-1.1086742955447675,1.7766434920735759,-0.4175876128276477,1.0199038213076321,1
-0.1517664321493638,-0.30632344685441043,-0.3660163217322251,1.2833380161774905,1.1005837622151406,-0.18368817039577584,1
-1.179893368462666,-0.8763775881158924,2.487414525319154,-1.1346564445184648,1.1448315831760698,0.6180299786934745,1
-0.1424376777129005,-0.8224917892619426,-1.1586008980768256,2.3089911778183576,-0.6106002380987621,1.133874183430985,1
0.1603610659127308,-0.6770639215263864,-1.7487044620177654,-0.27209807115892537,0.08875779897325693,0.540416206388693,1
0.9137456629205896,1.8412875501937882,0.4514388314999014,-1.7351036981348935,-0.057036442306815704,0.30822804224330835,1
-1.372079738055956,-2.783811086498002,-0.6224350469497137,-0.6230610282945991,1.1918189839609936,1.3344551572219505,1
0.2637489158326261,0.9548888420349035,0.4097451203787351,-0.2324793029408502,-0.9116120651462324,1.1965427961971715,1
0.0587267412628496,0.6136159136077357,1.0342906802834173,0.18727748212014017,-1.4425565980341173,0.6713439221700563,1
0.6460875657059925,0.23959342835379693,-2.6187701306019053,-0.5611330992617186,-0.41697361995172033,1.166960128052794,1
-0.8906318399215235,-1.785131791550279,-0.14228392762305572,0.9495854162685322,-0.4286607553926175,-0.28946031881163575,1
1.6982728687238564,2.5726735254068553,-1.326651022078259,0.36772480716072836,1.3427942605911427,-1.295230452937548,1
0.5520284702225604,1.4551851573670798,0.9557789435460714,-1.107515579956029,-2.067284241277195,0.536116333321228,1
0.4246523946089071,1.312436831746581,0.3694111378650114,-0.4397066543321653,-0.8388706748959613,-2.3845654368835048,1
0.502438775586628,0.5961126881568725,-0.2582615995264776,1.4952421377322673,-0.8705602370117975,0.814194227956441,1
-0.7155598769635495,-1.3866346044604776,-0.09112081189884896,-1.1893748766501344,1.0771452954483798,-0.43873168614520064,1
0.6001452036316839,0.2467374916112327,-1.3719918388409655,-0.06074889208068701,-0.5260010562628262,1.0804022071394423,1
-0.3718689240412418,-0.2919169270646023,0.27182040544265196,0.08076077406063288,1.637063966263462,0.6164666084546311,1
0.6428610792091713,0.48145758298099894,-1.3918163017733265,-0.8107028600588791,0.36671137601279874,-1.818002372131186,1
0.5643732881234444,1.1566724363939695,0.5198866655929462,-1.6165445240615635,-0.8612878514659538,-0.7696157736082919,1
-0.8942090314723466,-1.2816450573329723,0.5115120344208013,0.8747125848505072,-0.2866419577462944,0.36422871252361705,1
0.2424961895600836,-0.2504161088160259,-1.1225752223917451,0.5830752084550973,1.2378169555088363,-0.5899364160808712,1
0.6145241108457814,1.8149081586378668,1.0003431792505952,-0.2032562601317051,0.9626213697292352,0.1267748201905025,1
0.4144819480428361,0.44585416355944474,-0.41185405472690917,-1.2936716499004435,0.641599627104848,-0.31596085450647426,1
1.3552833259095527,1.7502930186617371,-1.4317991997624995,0.1860466601096046,-0.7805023756319361,1.4482226726635805,1
-1.034000065997685,-1.7554282562512462,0.2663904632283336,0.9665210965263616,0.03587415780605895,1.111169189840904,1
0.1562227462755032,0.4187766793034743,0.4437255417742396,0.6973378072111878,1.4208734595821497,1.6037615028296242,1
-0.3490029545202867,0.48312369087536655,1.4328890968102104,0.24213642776030042,1.2579867795893023,-2.272713184665231,1
-1.6283048505100763,-1.7360178917340074,2.7439861120734097,0.1688817102085293,0.40792259835894945,-0.37627322585253814,1
-1.3881420295292626,-1.8209451951810949,1.504098548034486,-1.2721737170362657,0.8979555462636749,0.7007267155493484,1
-0.2097029070705542,-0.024096467516317877,0.7519875430430256,-0.861323404808114,-0.8196339271671805,-0.6803650041443305,1
1.4560058174190296,2.403942534505256,-0.20120986867306886,0.2934867847529902,-1.6224605592627663,0.14189240601836736,1
0.5813474127371577,0.5193268258342632,-1.009213984414284,-0.3431246431575507,0.36965134160303625,-0.013311810197436552,1
-0.4896356811752325,-0.8902021498664995,-0.09108044601179145,-0.1926718053722273,1.3753915318913743,1.1612892748234833,1
0.9463612329428088,1.9422602809820857,0.5574329786813205,0.09850484625537674,2.042501495447993,0.711731113754735,1
0.7354472134657924,0.5356558015727203,-1.2068662532177823,0.9507822207815121,0.452945151367783,0.19321565645738284,1
-0.9450612643026896,-1.5018778219126692,0.0029668985857058453,1.5514891355752123,-1.2211498879292118,-1.180239950314185,1
0.4073977059519906,1.6537055473142306,1.4757946045103998,-0.6230763452812018,0.5607273618804757,-0.6069968573131547,1
-1.5703683755888869,-3.199213011748327,-0.8103195405254127,1.2728715119596472,-0.5393304548306813,-0.07051549758094694,1
-0.2189615204962147,-0.04029693191385618,0.9930307757781001,-0.47885741578989577,-0.258235533272234,-0.8538055346268746,1
0.0347385155690896,-0.2780473344493364,-0.5096519918775532,1.3957712159178548,-0.1882569362941236,-0.23103872158536184,1
-1.6814015956860322,-2.563019043399752,0.7725612053552314,0.3505493710047558,1.6119551871826614,-0.9454031832595394,1
1.6035825041432212,1.7826020030718708,-1.8409302150306845,1.3347595619767112,-0.8275972776240254,-0.30170196776926367,1
-0.3821095116181096,-0.6030697233030611,0.20235009631037773,0.4216936389763373,1.6560071586850074,0.842260619492109,1
-1.8306616666694344,-3.2739339988807097,0.04567907781368908,-1.1284934635179842,-1.7272547088418837,0.42639644085426615,1
-0.3290829074529536,-0.33600469729181354,0.5180875286747125,0.49760587149709534,0.3964632252027871,-0.2188524539037605,1
1.7749369935287704,2.7170948853871546,-0.6065447303586506,-1.837645596961554,0.019175484309900803,1.1854173943453887,1
0.5022283525542275,0.5429213461975894,-0.5364538695977533,-1.1017295591539507,-0.5892298993157475,0.49353235933758544,1
0.3074467655613188,0.9678721603658901,1.1800339367155177,-0.9902066538507465,-0.4937365312999351,0.18923614759566965,1
0.5800147335319483,1.2576466838533067,0.8929815030332701,-0.010061698940154217,0.13004925629866043,-1.3175840955062263,1
-0.6370019448670198,-1.364806665244076,-0.41222684469849663,-0.2186843337914922,0.5237091613934258,-1.0161062522095674,1
-1.5068907608144606,-2.1409917647490775,0.895621689883827,-2.017104413841969,0.7274589229499,0.2767371631755857,1
0.5029999036730324,-0.2479291786180221,-2.0384705433738297,1.033252312868373,0.7430634600825315,-0.17974823132895285,1
-0.981254025875732,-0.8835261619162463,1.7928929326952392,-0.39575939962095885,-0.21004168070728263,-1.0601051307686002,1
0.448289915248665,1.5102716270097158,0.7176967766721135,0.5117247974823345,-0.7393744022838967,-1.5246644502344944,1
-1.6954999388569283,-2.762000542433168,0.7256740757860461,-0.11760988811076489,0.9475646060545463,-0.5481160771335037,1
-0.6262703702145503,-1.1233669528214714,0.02191872601093212,2.05151034860572,0.24024672436286312,0.8347837715896508,1
-0.6332143302837963,-0.10315672512801499,1.476626397409849,-1.8069046186811815,-1.1377656422924165,-0.5607103203988342,1
-0.0173762554556618,0.29601256831905043,0.9428709924022487,0.7393672267303324,-1.1885927369070828,-0.1623224924754774,1
-0.1939913206512455,-0.3408394223358949,0.3573827163657166,1.2425020061800065,-0.15733064713235068,0.6339672395046173,1
-0.1462954333069288,-0.3050715329656424,0.30084785424187355,1.2675015894420627,1.0463820238334163,-0.7281056303043906,1
-0.9481474687779092,-2.0265933082392382,-0.7139441110833998,-1.42240753880217,-0.5159048110899178,0.20641947844344663,1
-1.316457916491182,-1.121845382897503,1.8507783947709988,-0.2683672144586601,1.9817066157662202,-0.9801966554160436,1
0.4949336874309796,0.9276722936529057,0.46897226093261546,1.2912687551006892,0.43954793571996525,0.3767976540940842,1
0.6316385174810962,0.8681650645586771,-0.34452190428202845,-0.806859335505604,1.8570029440502058,1.009652347561921,1
-0.8175449066674347,-1.537881773012571,-0.618110868915452,-0.48118521978887635,0.25020011249767365,0.022977157533398358,1
0.5767882470351272,1.4102887650359979,1.2804228447491122,0.5731018070345434,-2.2367992000858874,-1.3752312727947622,1
-1.7543482469185214,-1.7420142492554336,2.1438075127400444,-0.4155150297301571,-0.009953760016161089,-0.498825674387082,1
1.7470208712301831,2.100239316872668,-2.079950763963785,1.085094528493287,-0.2411099406878676,-0.6537552514729768,1
-0.347810557336681,-1.236159338277938,-2.2246476704802216,-1.6380164114679665,0.16044188488219596,0.08239352892647658,1
0.4820277414436911,0.5152707120116835,-0.2916070582961611,1.3982407995280441,-0.12570323715458062,0.6649221844799382,1
1.4825191195016083,1.8624659731767688,-1.653336547002592,-0.1852345480273875,-0.43272399043411497,1.1415071184959011,1
2.264731671948459,2.7258751348140566,-2.2257019700487235,1.1125629214876809,0.06880004764883027,-0.3777981801148698,1
0.576507682991924,1.5379967969767154,0.734084731579579,-1.1737095992395403,-0.01250468997332469,1.4493109690903418,1
0.7400765201786257,2.1399696434946236,1.0286734421696129,0.4192928974045918,0.744058316046496,-1.2568720238223405,1
0.2918053201528149,0.5353948801771303,-0.6431730552242501,-0.6423759731545111,1.1261190532111982,-1.506602885635337,1
-0.888247045554308,-0.7330118448309378,1.6988765223568563,-0.24325125445933923,-0.049709529917662955,1.3834334846287561,1
1.0520637362191188,1.646189852673318,-0.2633724780177666,1.020649927025583,-0.19499735826853123,-1.581087708773494,1
0.5967784351132612,0.4264544049958883,-1.1468242030042979,-0.28620908231905573,-1.3823868981038139,1.0501860848061038,1
0.0125038151453379,0.6380289610314153,1.0959960774890303,0.4768485575728596,-0.7199278930847762,-1.4563056059530597,1
0.9798886361054324,1.3329154331616326,-0.5024726821261124,-0.45216370644346165,0.6625904697797,-0.6518924410199479,1
1.052414441273121,1.601736426514501,0.021514715585729233,1.0805208963942117,-1.3159285244479653,-1.113755178708151,1
-0.2470880658272023,-0.4818793682069308,0.1812653230815722,1.055934993501317,-0.7841427393362415,1.438726006904694,1
-0.2997639649383583,-0.6603216159427853,-0.16991365661588845,-1.5273727719094705,-1.15149563664065,0.08982982969704195,1
0.5553250977301843,0.6789682572923894,-0.25878881126645714,-0.01278550409172565,0.16547221895707892,-0.384433179056778,1
-0.5873421092202885,-0.9845550213362172,0.3427718575550198,-1.3840948485228135,-0.6320967208335775,0.4493319328979493,1
1.9421531632770936,2.9455627749858557,-0.7805003483636606,-0.7375756297743813,1.2554791811876334,-0.39377681757711036,1
1.005840810101609,2.3230786976508195,0.8965259958476087,-2.036914172535401,0.5807954423563233,-0.5537242810445865,1
-0.7682357760747015,-1.4347297601879243,0.04589059471178302,-1.4806354400087471,-1.6336673500118748,0.5723779314040025,1
-1.5916912428722303,-3.083658224170594,-0.48306112859582107,-0.90797549272047,-2.105038941711206,0.8170861876489206,1
0.199499749939395,-0.3230849367882723,-2.3257175334222095,-0.07120889950485486,0.9509209218486422,-0.7604077476320774,1
0.2332375761344211,0.9687658499782138,1.4892202364085028,-0.7415541242113283,-1.417312928297023,0.23861796145019662,1
0.0993383865163228,-0.13630782606247002,-0.6829177450390638,0.9996484169943756,1.6022756328822385,0.9313637971177947,1
-0.4119895822191113,-1.0165642613895975,-0.8518952206671644,-0.6200493065181407,-0.8309477322009652,1.107506089760367,1
-0.6794372564013039,-0.5256324906411947,1.3343376620871774,0.7216175058762234,-1.289400684012515,0.38818768501646933,1
0.9668424080965464,2.0978334930943356,0.666559877143653,0.5073977009161085,-1.5602497909266533,0.9649543257679771,1
-0.2162961620857961,-0.06575219487316093,0.8630814942257715,-0.6865416271693131,0.8106878117695886,-1.4055345587390573,1
-0.1294615907148132,-0.43394981036154945,-0.15289952086449057,2.03706576120684,2.530762605884839,-0.07702492114651238,1
-0.4136028254675218,-1.1981370791812616,-0.9012006213038726,0.6977474757546667,-0.8928579503184676,-1.0660352507643318,1
0.4131492688376288,1.0548790843750473,0.6928396854352816,1.586383331263884,0.12722809248150968,2.0017298095602567,1
0.1311824054197351,0.4517394272779959,0.6813142653581609,-0.3085508453237591,-1.3039130218700241,1.3895933540821177,1
0.4568471185663235,0.8944017896773695,0.6638639128160176,0.14527785150098335,-0.10804580902382384,-2.0858706630508137,1
0.2908934870124084,0.561133430700122,0.5005156327681344,1.115657142426082,-0.9691452551188048,-1.112997701116435,1
-0.8621545895365339,-2.394205532004604,-1.6774992775017923,-0.0823048602922386,0.6520761783031239,1.086948768896994,1
-1.4605275526753494,-2.7136977765611223,-0.2612436465499422,0.9564193524537812,1.195624617778596,0.7440621513216282,1
0.2193496559959274,0.14275981740041094,-0.15848090877500468,-0.13243424782903346,-1.2189621205071073,-0.607665758756717,1
-0.1669870314930649,-0.2996743933772005,-0.9761798494035816,0.09970727701920706,-0.09928497563578143,-0.8716317432832631,1
-0.6356692656618125,-1.1578522801427185,0.15669717248040024,-0.7136794915302962,1.770247813563588,0.6889022184940257,1
-1.6518722301390345,-2.2138512302501545,1.7583639081476024,0.9694820590339515,-0.5027533667741773,0.5649982148685753,1
-1.497702288399599,-2.451258423053995,0.1787538667467847,-1.0664777505574359,1.4641621825916307,-0.32343479815683684,1
-1.01064310940113,-2.0358954201319976,-0.4314424297263475,-0.30773161952072614,-0.7651007142931694,-0.039889510196492735,1
-0.2404948108119605,-0.06468422682229377,0.732803356420667,-1.7782008088308343,-1.0093662695194534,1.3452919391105893,1
-0.013658781883237,0.3915898089606647,1.158817980739476,0.951359599884079,0.13917339842604445,-1.8354312476201617,1
0.649875180289218,0.9662510573870823,-0.1174056827546952,0.6837521369126972,2.259353226691565,0.35008417788887225,1
1.3242108581249454,2.7357252861347003,1.347139697269796,-0.15149929145317684,-1.3482234977452092,-1.4559661513607907,1
0.5149238755091116,0.24520662023945522,-1.1192705342988596,-1.0574119987877173,1.1840841008170988,1.5462096566637935,1
-0.4029413918258492,-0.11039386067358047,1.6474669789330334,-0.6233174064791439,0.5953863021582055,0.13666530120737802,1
-1.0793812999855907,-1.1703803880346002,1.5766711195625736,-0.40872925070478616,-0.6745729510086251,1.5291030772851417,1
-0.7542777149254069,-1.330639327271246,-0.07875592162137715,-0.54061458785273,0.8715179571011877,-1.3751938847276417,1
1.796119578790514,3.4828637592725187,0.8598225899503991,0.08976916693093114,-0.21394955907046737,0.08393901628614546,1
-0.0777676657548665,-0.9156968890403312,-1.4413167180858946,0.16702691444189421,0.828075862760958,0.08270316814538832,1
-0.2503846933348262,-1.2338558144989398,-1.8148553395576625,-0.9247274682051483,0.674533546359456,-0.9722506247275143,1
-0.5670012160881506,-0.3508247275012326,1.5600540540330166,-1.9564650440262437,-0.21611512657973622,-0.9619826054816385,1
0.7813194345293001,0.26534632430270166,-2.166757360296286,-1.058462589989432,1.728448458344105,0.19326546506214837,1
0.0268827223594353,-0.7389085714045531,-1.330900487213048,1.9939756321833424,0.681609252229511,1.6759260954173478,1
-0.2184705334206111,-0.09860787334979584,0.26717248625662726,-0.6025961252406592,0.8698018991289875,-0.12006482050050717,1
0.1252905605124953,-0.2070399031302265,-0.6311178699036575,0.8559250955078506,1.1209494697564373,-0.0740926681356588,1
0.7419001864594347,1.5753987230871114,0.6319802065532176,0.22363323282104489,-1.4144455570917585,0.03623359773167465,1
-0.587903237306691,-0.035038786367336615,1.4821070115550987,-1.5880410856973497,0.8348019009400438,-0.47981422751700437,1
-1.4369601730463912,-2.659332103702113,-0.38065174375716215,-0.9747147892055694,-0.7439060409218292,-1.0727514973325942,1
0.8278930657008119,1.6474396143410905,0.23128091365979175,0.6658512157084421,0.47244930824723663,1.0105296573180658,1
-1.9158829947920053,-2.8850278323905796,0.29422776834953074,-0.7333881266654808,1.8416431131188689,-2.0408885987228245,1
-1.5011391979288224,-2.9788041160646346,-0.5123742018952506,-0.08384165281174184,-0.4771970447285186,1.8944721230080417,1
-0.3104955395908277,-0.6542148348308485,-1.1235767086357809,-1.4350333968169091,2.4299966396485413,1.1161655148570733,1
-1.7680257440246137,-2.891775459025882,0.7324381599704343,-0.024210214216688716,0.3122547058673173,-0.03216889482108392,1
-1.8420946514299108,-2.424804749453411,1.9372041537808888,-1.3028820123197,0.8186177432844792,0.6988978025210085,1
1.313198719429271,2.6342631402836996,0.7363774741532704,-1.2397631102093296,0.7904886584461752,0.4153598519212012,1
-0.6555893127291457,-0.14601838134084058,1.1707460307611994,-0.9340283324349816,1.6212646123978376,-1.6050939229622971,1
-2.1145924783897403,-2.815560927577582,2.075457440696019,-0.5646185113644455,1.1631222461417696,0.09073349683053455,1
-0.6027029905855912,-0.8626425917026241,0.026020389656741853,-1.7216786530827504,0.940126355812595,0.17729272538931076,1
1.0343882014973993,2.0763922767227085,0.11363397947120155,0.5543566523166595,-1.181934608486303,-1.4753287471595247,1
0.8741159918183216,1.7060260902355269,0.5822728754791089,0.8734803313671065,-0.00893498373199944,0.8185582211024156,1
2.2434789456759163,3.979191748015836,0.013467119226968116,0.45538468456327236,-1.6651899495040847,-0.48471656710111016,1
-0.1646022371258494,-0.8483200557594903,-0.9956808136958053,-0.7835355835952158,0.29464950282060887,0.02271668178007845,1
0.913184534834185,1.0892596925884035,-0.8454557167155957,0.5062559912481917,-1.216878540433949,-0.5903267177053841,1
0.2730776702690894,0.4505465383587609,0.12336337746576596,-0.12247511875989377,-0.4637565984479319,2.879638202583556,1
-0.7377244363764964,-0.6594574508079436,0.38779846452296896,-0.7206795294459037,1.0273980060439938,-1.5223987299534036,1
-0.2859461858106634,0.32997040363394814,1.466224146214269,-1.8183829050358522,0.16864435597941307,-0.8810033831152002,1
1.4578294836998424,1.6543356007378929,-1.8182117740354002,-1.7500458165716453,1.4228388936832546,0.43891287149203145,1
2.027304350388865,2.3570983342998932,-2.1646763958524105,1.4424351825428836,-1.1356342883805977,0.7283336465001254,1
-0.8336773391515403,-1.5113645017144974,0.24348503472184166,0.33555928472630336,-0.5439819199954256,-0.8402535986997286,1
-1.3407267062281452,-2.1938687878807426,0.612216064570277,1.7383552833988394,-0.7621400842883218,-0.33667236351709545,1
-0.4972810513524824,-0.37043066211340375,1.1674206318463507,-0.15359756254194523,-1.634978078360474,1.2517980803615396,1
-2.1383001400403003,-3.341607264610207,1.0094613815754125,-0.1013247808834212,-0.7615777779216785,0.3657471150007298,1
-0.1817166437611643,-0.29194699190325957,-0.3584294408186409,-0.13799399965958264,0.3198901210387896,0.7712630878770433,1
-1.236847869232648,-1.7525086999881132,1.0733746121816106,0.8512534521623073,-1.6589724073200278,-0.094634879134249,1
-1.5964608316066622,-3.042413536097137,-0.36639262188061955,0.34452054055521303,0.24665198260697255,-1.2856176821328522,1
1.2678876264521677,2.233677758825303,0.057685126698236416,0.805407326592966,-0.8374515600706347,-1.057873740073406,1
-0.4191439653207576,-0.6533772563660581,0.3938441322644933,-0.10534275094579626,-0.2694150913507751,3.0126591723294798,1
0.1687779872087876,0.4653370586888364,0.6655610783593995,0.4158379385940394,-0.0487211364108555,0.18492449197521685,1
-0.3273293821829414,0.7376566952840815,1.8509543273137423,-1.2627596692714538,0.7822168328809115,-0.23760244316021809,1
0.4766970246228558,0.7822770175193091,0.23066177958198017,-0.3165413567286937,1.7010856272999704,1.623993775504769,1
0.4615465662899535,1.3353308512277922,0.6890661990508623,-0.5267006484436839,-0.37703044792498674,0.6751068653531979,1
-0.5320709927095167,0.1591670079187462,2.077737644974662,-0.08773830781222154,1.735644620144254,-0.9465036908965617,1
0.3798322887074055,0.5786999213136463,0.20267836804991066,-1.56363051398514,0.6357040087649909,-0.9406632912044491,1
-1.3159669294155805,-2.1588928340603615,0.347005269995662,-0.8326770708151516,0.16090906265569357,-0.31083460492409415,1
-1.5107485164084862,-3.123417965005093,-0.7297607340456691,0.7761564373278913,0.8309090567782216,0.5830396925644608,1
-0.3200347170596935,-0.3090855827162498,0.3022230024048009,-0.15449367704067957,-1.394766366801379,0.7172094178543337,1
-1.338271770850129,-1.4051523107127915,2.3720408052707147,0.0021194977463367404,0.7791260373186492,-0.1626346643892523,1
-2.0215153570575146,-3.244068938273712,0.9133516536174436,-0.49259841118044645,0.4431061783999405,-0.03523270822220492,1
-1.4495154139796758,-2.352031855578687,0.48432140320564815,-1.3438415532541201,1.5753926876913378,-0.06373341665679655,1
0.1433869412990175,0.5425776674721917,0.9105276549559064,1.5672658016045073,0.012190665676543878,0.2659030414607654,1
1.0456809042362751,2.3173076386752935,1.4661254335220382,-0.09853640558849688,-0.7400706309106604,-1.6554797865747262,1
0.1258516885988998,-0.3206966942630815,-1.1479954393777496,-1.168257213466361,-0.04344694633961255,-1.2944970382342462,1
1.6480519049907207,3.290986915522626,1.0904367412232907,1.681406101971204,1.7720803515751862,-0.27786479995758345,1
0.9744176372629956,1.872162540251744,0.6456518809698526,0.3649751111228425,-1.1166689910955006,0.13435505775210402,1
-2.3593846060833834,-3.9114169877450515,0.48730276456046173,-0.6448077835023511,-0.5198257468815816,-0.2580947392391681,1
-0.9907932033445956,-2.1090229919319663,-0.49232701888278724,-0.31803413419393783,1.8112980326068722,1.0402223306835767,1
0.3333287985466925,-0.22206369191843894,-1.7286540256355116,0.8081967117983553,-0.18406864659711797,0.42706875304680764,1
-0.1347221665248497,-0.04603858634572982,0.7648755634097519,1.916195702210551,1.6461708526760612,0.25841293320932684,1
0.9023828191709128,0.8155805626728105,-1.5564785204561005,1.0833798145190656,0.4023561341880558,-0.7120905969319123,1
0.4529192219614963,0.4545227409302913,-0.9655269630590602,0.18688950680382624,-0.3092264592398208,0.13341399692649084,1
-0.8695193956705826,-1.8266288184204331,-0.6778188942786064,-1.8724901616560061,-0.4769528426760794,-0.9544788638947116,1
-0.1815062207287639,0.36292584311352144,1.7432968013826187,-0.5060956730896098,1.5528711677310392,1.3418794005534178,1
-2.258591973563107,-2.972159755370629,2.1987238759056242,-0.7562559687279199,0.1848296812943297,0.6261827398941464,1
-0.5686846003473639,0.3286334485929509,2.619564541003443,-1.3732601998840732,0.24732563258402676,1.0234594341235246,1
1.3255435373301527,1.0998187233124297,-2.4117097954563653,0.0672916303701728,-1.0036297383200168,1.1088782322369428,1
0.3448319243179709,-0.13807021638684683,-1.5070537358036822,-1.747637994171836,0.14949855968325784,0.2795107558227138,1
1.865138333418176,2.7665366011801154,-1.0030188921442027,-1.5583991494976919,1.1429603958454853,0.8033529732249702,1
-0.9719252714392688,-1.99694517773932,-0.675168342515829,-0.5930625645141757,-0.5157352935157883,-0.7182661376352445,1
-0.4870404637756126,-1.049746804521902,-1.369425883892068,-0.7748107547752691,0.4063662978635924,-0.3602001064028047,1
-1.689748375971288,-2.4686558589401884,1.324486149451445,0.2391250956994613,0.48886307002843044,-1.126752984698887,1
1.4302640664552573,2.427657678203786,-0.1861778368099033,-1.0496428564575717,0.6774816538621043,-0.4721490103842457,1
-0.6602186194419769,-1.9437025061781492,-1.61009875778163,0.18620858397200657,-1.3187781326623615,-1.4708885448178455,1
-0.8190880089050444,-1.2298254290528914,0.29512087667251935,1.390655636893128,-0.03625904152139924,-1.6115127524504325,1
-1.5916912428722303,-2.5196965307225563,0.29314479798233645,-0.8618147227040056,-0.6035441916205105,0.5108165081986149,1
0.6505064493864253,0.39857305654400266,-1.386323975426743,-1.2612413850015267,-0.07952455128893075,1.128857157624265,1
-0.4349256927508652,0.3791454471341142,2.4960970936196407,0.67974091623544,-0.9295155013652746,0.22378944140116344,1
1.4851143369012243,2.076188012165008,-1.988533226011245,-0.8173455560685893,2.1382603988700013,-1.1651402782928788,1
-0.691782074302188,-0.9395399548891485,-0.46318951253997803,0.010360726077140885,-0.016994843003410455,-1.654147685438614,1
-1.2360061771030426,-2.113503714839628,-0.2759038631239518,-1.5886678403308079,-0.37365088059051327,-0.4179216622435776,1
0.425423945727712,0.2387171431107477,-0.907609326054547,0.5580800475220798,0.8800286240667367,-1.5861743068697332,1
1.6636933503992226,2.7893962841617923,0.05736092864765611,1.8499525303826037,0.03516136879192769,0.24097059078993266,1
-1.355666741528646,-2.032662177276404,0.2893500969411952,0.1889340652793922,0.8214919779424592,-1.4522727378520173,1
0.4022774121635557,1.0261466300678266,0.6042904527780828,-2.6451953186293724,-0.8915869257621749,-0.7268928891213434,1
1.2169652526110235,2.375543329135293,0.9214714816200936,0.8504519908068966,-0.28465706084202097,0.33987304886727526,1
-0.5462394768912117,-0.43463122092490114,1.2080126003116811,-1.8192315903079164,-1.413608907332473,0.7414436736206987,1
0.3066050734317131,-0.14735709501909097,-1.2094995465590015,0.7750224830662337,-1.2544421179535115,0.4102680821221702,1
0.5306354619284184,1.5049282685828733,0.7135633719605501,-2.4289309581183445,0.7467603345391826,-1.543518597781545,1
-0.518533777625027,-0.6316244782293703,0.35012137316686903,-1.0254623520643973,-0.13785051803667328,1.1057697354854452,1
-0.323822331642921,-0.542259400539719,0.15848798430800035,0.9605052767439429,2.1615156805783324,0.2816132677178805,1
0.7531928891983125,0.7754592990523634,-0.9144941921436743,-0.31179651645732254,-0.4784259140805149,0.3613693185358064,1
0.7782332300540806,2.367919701279983,2.238000674019152,-0.12305891260708089,0.3654012674373159,0.5094283071140937,1
1.542559824746811,1.7335025803051363,-1.909664662175238,0.20078181802852207,1.1613604127984993,0.042545628634039795,1
-1.4921611485463613,-1.6295110504681112,1.6515337489951514,-1.1775276351908646,1.4778532643607125,-0.42060117415594633,1
0.3700826882061394,-0.05098895756553472,-1.3902744731436196,-0.1524231917305453,-1.0212912893828203,-1.3722265748881042,1
1.639985688748664,2.2946120304920954,-0.8756373215116293,0.7835808641301132,-0.8897806222084685,-0.2346756368799553,1
1.429352233314851,2.6178626299855776,0.24927698454238048,-1.843679787265899,-0.6044132291594412,0.5162945319614238,1
0.7844056390045216,1.6455442781241392,0.10767813455087334,-1.5399708502558829,-0.6759336253521898,-1.959786965055357,1
-0.7842980675480102,-1.536379239016875,-0.38219654989114493,-0.14211308524787925,1.6851914257446352,0.6881452851362464,1
-0.3107059626232302,-0.6125229667822588,0.045415129255309085,-0.045329504449790045,-1.774774545139846,1.0093327237742675,1
1.109719647097106,2.4465253616882974,0.3314822674002484,-1.4123677771431111,1.5501669810960317,-0.2563660359316842,1
1.5890633149075242,2.4912559676509476,-0.480453012286332,-0.9721376843793686,0.9905174135865569,0.1352250848490714,1
-0.8767439197830317,-1.8420120164595601,-0.43675276637222943,-1.0629977808365603,0.43651844460809464,1.5119831641293648,1
0.1436675053422207,0.00889502871907572,-0.46806467719010153,0.7298107888243807,-1.9409023547368884,-2.095374056183966,1
1.3310145361725916,1.9931493064907575,-0.477317130402012,-0.10555148007422231,0.07297673857932649,-0.07976658631113764,1
0.1541886569622898,0.8801087561076686,0.932935557533412,-0.22838648881731574,1.220516814553286,-1.0637961670255678,1
-0.3344837652845897,-1.1620656671771,-2.316512361759236,0.4023336796890399,1.2628746153641792,0.5833108552019332,1
-1.4723112424898288,-1.8647282108750367,1.1314415877367678,-0.2057995758891349,0.9606245844827849,-0.19752315816032395,1
-1.4921611485463622,-2.6560299427819105,0.279386811326707,0.516186942547574,0.2913526339826457,-0.6256545584351179,1
-0.6807699356065133,-1.3182110133976808,-0.07556477616510725,-1.19833169882137,0.6001180580914793,-0.31263189841638933,1
-0.8804613933554545,-2.044115308518399,-1.1778924980251493,-0.39025870139325197,0.33477125513435874,0.43142748329992125,1
1.165201186640278,1.6315308638804618,-0.4456249533244116,0.932204802049868,-0.2315854614944402,0.7246516622096683,1
0.6490334881596124,0.8245651592633053,-0.4150909452019222,0.8235331485546831,0.9168657239614388,-0.14317964291198695,1
-1.0173065054271746,-1.9385049476443512,-0.4093045117954332,-1.010385026287243,-1.2414719113181705,1.012458619119148,1
0.079278057427388,-0.22981147564073842,-1.7745664416530544,-1.8318322915784386,1.8669290038849249,-1.1819411616308633,1
-0.2136308036753794,-1.4741077082966427,-2.092915360503039,-0.24831607517944407,0.02898589366849569,0.20491901552444525,1
0.3435693861235623,0.9766491373309074,0.7332935462646566,1.393791563698464,0.043232921408737746,0.7122755226930202,1
0.5511867780929547,1.3471946059030175,0.7247985967555398,0.08006363207237055,-0.5504072697416683,-1.9406860514915274,1
1.552028861204874,1.684514925591295,-2.520597697380477,-0.6573370006509084,-0.7100535627563637,-0.2841335897591816,1
-0.7267824386916246,-1.2360431912854908,0.38847766595908223,-0.28209097323239396,-1.7940164791098896,-1.1095292098323262,1
0.7036733355731789,1.3459214721185109,-0.28887191086873865,1.1892014749999993,0.18905895836019843,-1.371511028740771,1
0.020079044311791,0.07155177071287191,0.21765070419500862,0.5437370761286927,1.2235429630014711,1.3985921576588307,1
2.2669761842940725,3.8617333188369316,-0.08109228643993181,0.08033934367265097,-0.8012987889303614,1.384202136173705,1
-1.2328498316170222,-1.8355320317098847,0.5478261294558048,-0.5592796645043004,-1.8303853508377914,0.6442548518570929,1
0.944046579586392,1.9952888383692498,0.9052613713699935,0.11781900702065122,0.9479931112041409,0.7849088749579372,1
-1.2059858244804411,-2.0627042086663803,-0.7387618907099358,-1.3174047544288678,-0.28848085151905845,-0.46369199298991914,1
-0.1297421547580164,-0.5681942678188378,-0.9740149873138942,-0.13944317624848826,-0.783446375904143,-0.6988967585470246,1
-0.0236889464277024,0.7233985222625854,0.7956531497262191,-1.0912324679657217,0.16093819849291965,0.8165561209599878,1
-0.9050107471356208,-2.278523803318432,-1.3092882145055431,-0.5460872525748557,0.042192055482355925,0.7885597897364292,1
1.304360952068411,1.3441714441274382,-2.823476977171971,0.9272025904953091,-0.23184014679370327,-0.9557649578500228,1
0.313899738554963,0.5785476570887823,0.27525956491984743,1.5812314214221002,-1.0136140428742686,0.7814386166815409,1
2.014959532487981,3.3144649061339764,-1.2428954326114294,0.2384615222504375,-1.4182263672037037,-0.8505744682515695,1
1.1661130197806826,1.7089742497862246,-0.3379739826922743,1.170403930108287,-0.740068016739977,1.4443006948034935,1
-0.2775994055254093,0.03586301996457142,1.084888106386665,0.6018184959446674,-0.4518592016302202,0.8197164685014305,1
-1.3316785158348852,-1.560701895874514,1.0977545949288714,0.08154640541335545,0.7583031999081801,-0.4790111061001036,1
-1.1598330393737313,-1.2579672688035184,0.5168464714407968,-2.002402992980763,0.5583500513764217,-0.5126757728740075,1
-0.6099976557088411,-0.3301856675484467,1.3246131948015198,-0.9069824091084111,-1.7866426979232675,1.7799806954814894,1
0.9086955101429554,1.2011001691617562,-0.4337078638378241,-0.6951309234564303,1.3026377479344717,-0.4220860740415524,1
0.8363099869968706,2.1001393309784384,0.7059287908758982,-0.699921329199966,-0.5104914616949168,-2.1183508481337414,1
-0.1499427658685508,-0.5839992095518962,-0.4223403478918844,-1.9003079945819994,0.2983279042295186,-1.280081937732706,1
0.2542097383637624,1.060241052066754,1.367617688766601,0.5879165827020884,-1.5886827264438759,-1.0895363351830234,1
0.3003625234704713,-0.10816527258260425,-1.1156926985449422,-0.0864056282280044,0.1730996209108672,0.5979538970962224,1
-0.991073767387799,-1.5657969283056532,0.7163309240786534,1.1568960224253,-1.119439024272149,0.049153086655920296,1
-0.9151811937016898,-1.6287387532041164,0.26861626576500297,-1.4425901039420606,0.3712590446434289,-0.52547931658819,1
0.064758868191691,0.3031044628931664,-0.6467087678383507,-1.0237906050595567,-0.1680743696025582,0.12504362979648428,1
0.2262234750543744,-0.12014455936532607,-0.663055770396982,2.387810919486937,0.4094733020563301,-0.08386206066778039,1
-0.2393725546391515,-1.1776969020754868,-1.7583882207938903,-0.5218053022112772,0.9642312842313061,-0.3260498565319811,1
-0.0424165963114278,-0.22486266098104019,-0.21308649963950627,-1.9481530172243602,-1.2781210799526146,-0.38860207957431747,1
0.2686587865886586,0.31147796448817505,-0.3023369305812408,-0.16200840546401046,0.0415806298833617,1.3346322469774057,1
-1.290295319462607,-2.427746684514003,-0.25033432473471107,-0.4244840674807478,0.024581745380521446,0.4079086704692887,1
2.2269958081378047,2.8597367189105736,-1.857724721794153,-0.047569407940241594,0.8237270454650549,0.6921119920044287,1
1.1128058515723254,1.9474390472887924,0.24426378422429662,-0.02806623745389469,1.144827227672368,1.7607287759723573,1
1.516818073783037,3.1204537995786716,0.8734782322053408,-0.24863911615196788,-0.002416073786330002,0.57012657985782,1
-1.8044990696408596,-3.3781763498289554,-0.364361669751701,-1.283617653765409,-0.17006215108195888,-0.2922874739605603,1
-1.0198315818159898,-1.9465501057849286,-1.2928489145061446,1.3978755024962604,0.5474987142498627,-0.34173541611401875,1
-0.9281572806997772,-1.333419006679705,0.7448166136341425,0.9256626505201431,-1.2447992938921775,-0.8404973828665125,1
-0.9031169398440072,-2.21807706055633,-1.206737715452997,-0.02319388313358285,0.9861871647854069,1.6556185472313711,1
-0.0751724483552506,-0.16813545025441187,0.09309579614270522,0.20392686378673608,0.3580504274548536,1.8827571429397343,1
1.3886704470505788,2.2416773565570844,-0.06438659324062143,-1.1574986662406384,0.908876134484412,0.9510085400710273,1
0.580505720607552,0.6161468864380637,-1.072598534182133,0.6681124770235202,0.030713478144346804,-0.1363033825112051,1
-0.1867667965388004,-0.21365590557762615,0.6317399579651453,1.4036110175940948,-0.9633962462958285,0.5314262382390654,1
0.5295833467664102,0.792927115900682,0.006173842588762294,1.27753897727028,-0.39410559486794394,-0.31273057609248783,1
0.1179958953892474,0.8027065293031965,0.26924711956894326,-1.5204510177916823,-0.8312727037842479,-0.3343780467737771,1
-0.2606954219224949,0.741335442899801,2.466550459443881,-0.2643336754965049,0.4340515370145216,0.9331257822579793,1
-0.5146058810201998,-1.2427864330156062,-0.6671644074747398,-0.22968623294015833,-0.1520510061982556,0.7512796933390118,1
0.6943445811367176,1.0801595657760479,-0.4028783957107059,0.014354736577630088,0.8109558512820373,0.9911966215726509,1
1.0242177549313305,2.0212232271382895,-0.2456270303157681,-0.6440265442219929,1.061573787143569,-1.548410586963771,1
-0.4097450698734955,-1.4431879205693698,-1.422849478099358,-0.2656594594406006,0.6033330638473848,1.1514326070994458,1
-0.0584087467739358,-0.3334951913065087,-1.1606043803897452,1.2605584574466413,0.2015413198526666,1.1572711881325441,1
-0.0480980181862672,0.47079255263770886,1.5994610185411202,0.5596591116015925,0.21747656732751516,0.09778155714092852,1
-0.4250358102279994,-1.1965806488750066,-0.5286588050340032,1.6178970354600057,-1.1216557397017954,-0.7397957582326393,1
-0.7711816985283233,-1.6650082391450745,-0.7164881671060945,-0.3271647312312536,0.7178873532362391,1.6143022944010326,1
-1.5457488807979216,-2.130937802811178,1.5095518769954128,2.1025806703325527,-0.41596252622478475,-0.9592705389412179,1
-1.376849326790388,-2.523523229166228,0.059280864377613963,2.2294058118404485,0.816329006990734,-0.5458566012617201,1
-0.0378574306093994,-0.6038452249245977,-0.7176161369156508,2.027411301863681,2.7356213383029035,0.6254950741519505,1
-0.3171589356168744,-0.41000759665394243,-0.5852804587706902,-0.14013324976751898,-0.2619355219367459,-2.3231898715996024,1
1.2886493656491065,2.8566306068203486,1.5362959523474262,-0.2063801321242095,0.8610630745709376,0.31257456284535345,1
-0.2487013090756149,0.09291383233310796,1.1884478158678449,-0.025913792611701857,-0.32931007820005875,2.5469928290298025,1
0.9744176372629976,1.265213822707747,-1.393775640480054,0.08462817602255375,1.2167165543101848,-1.5296339509086376,1
0.3216853907538146,1.5295218796702803,1.341859729356518,0.22886588956377474,0.7700543715724669,-0.07400814968215877,1
0.8531438295889824,1.4565362051050317,0.2657449948693854,1.5875852018153394,1.175111570343722,-0.31597009430520856,1
-0.9407125216330596,-1.2714680277829238,0.7180184616503011,0.7157221425306568,-0.750226269447482,0.7338214802229979,1
-0.1553436237001869,-0.7703931199975506,-0.7700528572109063,-1.3889316660254207,-1.9790566942132677,-0.383677502730586,1
1.3732394246744737,1.6143612403591923,-1.2784118423913668,1.1838769931146178,-0.5991151415105215,0.8068581049407285,1
0.7706580008876295,0.9749793606756797,-0.4939769428512138,1.0783105609257315,1.023836255471584,-1.9757109629703482,1
-0.9370651890714355,-1.997147237424842,-0.6959015350414087,-0.3525841126891172,0.32679417126264754,2.0548737176793628,1
-0.3255057159021324,-0.8018385403897592,-0.9873042447171534,-0.7500936521282545,2.0492473714745834,-0.9534867875337989,1
-1.1844525341646974,-2.361588455418719,-0.2541679124044742,0.24501173682836977,-0.9984208740343042,-0.9309910556692822,1
0.6269390697574642,1.410747122390394,0.6141974217807962,-0.43894683189679434,-0.5830637030502123,2.4224620374725423,1
0.0632859069648801,0.6057946320210171,1.0560655231098794,-0.981222217696397,-0.2641098466701326,2.204279460618678,1
-0.041995750246627,-0.5018981723629377,-0.8762431361086845,-0.9470954987346211,0.32826215661161745,0.9452648345371136,1
-0.4666294296326779,-0.7583195301658242,0.38678780206471797,0.02241993855423445,1.5517533114942934,-0.5644585183812528,1
0.7477218903558737,1.0422831712258713,-1.1392691815537375,0.4650523457200764,-0.3639660445097608,-0.44614431339354654,1
-1.243861970312695,-1.9670574629657176,-0.29531779935415475,0.9907930439094719,1.1320216187093157,-2.088260741284452,1
0.627359915822267,1.3795594524332215,0.7736524433438974,1.317596562880269,0.36096425860869513,-0.05690210912583268,1
-1.7478952739248792,-3.64602118372047,-1.040225353301054,0.20163441477290361,-0.3339585898369044,-1.2386740775015044,1
1.1383371795036972,1.7529357397395073,-0.5152722551210304,1.358954705103548,-1.276187559980358,-1.2365214843865922,1
0.5402447804080809,0.5897782028229633,-0.4688046441904676,-1.5326311239823345,-0.7611772300828462,0.37538176538408236,1
0.6791239817930145,0.9068713872513495,-0.8690616919134713,1.0821521332594766,-0.8311338729975757,1.7435738004465537,1
0.6610276010064943,1.7034011349400986,1.2322662043973838,0.2813246799005038,0.9645393466587422,1.0281431203082458,1
0.0461715003295652,0.19688212024788962,-0.31017552625716766,-2.0934439611227207,0.557060167186576,-0.6156468193035753,1
-0.1631994169098413,-0.7841205215502697,-1.0166184765584125,-0.9836982375655449,1.2846470743981153,-0.5509822242292195,1
0.623011173152637,1.2114905327933732,0.46486816183882085,1.4400176676243508,-0.6596691210585681,-0.07516417221262335,1
-1.1215360474766738,-2.3870938485471065,-0.7017587225024101,-0.3054711479216275,-1.660738629344243,0.29760019224995765,1
1.1411428199357154,1.776977370661529,-0.3539573910378625,0.5251039561979803,1.478884178037578,-0.3619634885738412,1
-0.6405791364178449,-1.422429354486319,-0.8731842227284401,-0.055373095451880266,1.888294362608757,1.4644990526739834,1
0.1388979166077879,-0.4233673583319304,-1.2097684532274389,-0.39470442406684975,1.4130917114912638,0.06159757895866621,1
1.5574297190365105,2.2136698466248923,-1.0930557964395229,1.482280586650216,1.3343930687554175,-0.17392506133631788,1
0.3581587163700602,0.7017798581886007,-0.08109813591153472,0.28211604083180114,-0.41475879286821876,-1.6569129719754978,1
-0.0285286761729381,-0.26819692148357566,-0.0032404762885048888,2.845170669687501,0.14606398533779413,0.8822658924400785,1
-0.3832317677909185,-0.15026907179833648,1.2337995123715657,-0.5153183184984529,0.9269716646226882,0.2933099200770089,1
-0.5199365978410351,-1.3617814874281315,-1.3636987476487794,-1.6982974268460398,-0.27308911599538915,-1.3758282880704955,1
0.4438008905574334,0.012373398485802975,-1.4062084633847995,-0.039273986173403344,1.0887704000056355,-0.01626324451426796,1
1.6782125396349217,2.5920426168402204,-0.45048669435680094,-0.5121585929918784,-0.9819131972183015,0.3663875918980581,1
-1.2882612301493936,-3.048266307497245,-1.4224593157452223,-0.450242547001965,-0.420415347538422,-0.3312881627323375,1
0.1435272233206171,-0.31135545826130634,-1.029590025406636,-0.14364126591640888,-2.361037935172355,-1.182031626496833,1
-1.6041763427947138,-2.7442647925216446,0.32395140977429954,-0.037822481906994325,1.1326520767044683,-0.9305973007146746,1
-1.25361157081396,-1.5324060462222577,1.6447931906500433,-0.40917377217997924,0.3922804215608751,0.9729908758924039,1
-0.1137500042955084,-0.19158286551235532,0.23678550313406607,-1.0349660493406354,-1.274054188075708,-0.5074776144093983,1
0.3794114426426027,0.17357410681918076,-0.9495144690306473,-0.7739092671312097,-1.3152202352930584,-0.6178830711417306,1
0.5373689989652638,0.9788353505655464,0.3351109911617224,0.3265179501116217,-0.547665036175446,-0.49453792010283076,1
0.7691850396608185,1.3016338407940105,-0.6190857695521269,0.4055013036477791,0.6462435913639548,0.46766558564040095,1
-1.900872818480706,-3.485318821745532,-0.07358116423876179,-0.26562240334330195,-0.1346519984671569,0.9001071805567824,1
1.793594502401697,2.798423407893499,-0.27614133969770044,1.5823561089340068,-0.2662934720168717,0.6311978777032689,1
-0.2914171846531003,-0.23418308730209536,0.9872322010456489,2.2301956596616352,0.6590115769745737,0.31824434637012416,1
-1.0933393611348845,-2.2758260539272483,-0.8006583132855165,1.233434087380287,-0.2744109577584639,0.48225002374835446,1
-1.084782157817227,-1.5244472932736952,0.2881204484876165,-1.1544787496264373,0.6891879737564569,0.14034758625825808,1
0.751930351003904,1.099365264517707,-0.5913926605632871,-0.5962461637251638,-1.010382652514081,-0.3702041373422297,1
0.2669052613186464,0.6048635027662098,0.5710468263617444,-0.014177816070405129,-1.632369370325548,-0.4794839868325671,1
1.121643618933185,1.3858399732488407,-1.2012827486818443,0.6718384502144956,1.187831335883074,-2.8586377996242085,1
-0.2832808274002467,-0.684783507935255,-0.12672039757930223,2.069690341517164,-1.3044716859634133,1.1878946487212045,1
0.5625496218426335,1.0981325829931519,0.5142472016203454,0.975705530607856,0.027646345411965305,-0.08029566212753006,1
-1.103720230733355,-2.0523872112236066,-0.12207953962121704,-0.04617822417883091,0.29219793363760493,1.9770134726738446,1
-0.9701016051584576,-1.4373123576202844,1.0434026589732088,2.037451056301085,1.3978327408090898,-0.8852848658760595,1
0.7536137352631134,1.7539536527716897,1.2838302570428366,0.3532710071747294,0.9696349651739635,0.6715130575445669,1
-0.1016156094270268,-0.08307317689480045,0.5146689526382755,1.48634759152549,-0.011544646211670239,0.3273549660548448,1
1.53793051803398,3.0900023219620687,0.2688166869805302,-0.8454149119988377,1.2020289825647466,1.0672980689746756,1
-2.0859749459831485,-4.013308938123709,-0.42520811623402127,0.757283041870121,0.3583574007672749,0.4530309305744596,1
0.245652535046104,0.39894510168161634,-0.3557252679087478,0.7339458846275643,0.43747561684776304,0.6345254068693266,1
1.4781002358211777,1.9990208152654843,-1.4803470294277576,-1.60966548465318,-0.7976874637243785,1.177968898840752,1
0.7311686118069632,0.24840359103520918,-1.992340419139861,-0.6865454744016865,-0.9268964330856553,0.9267943352428846,1
0.790087060879359,0.6679951462643343,-1.824801361431486,1.0693686505590467,0.529807851341507,-1.4627464656212943,1
-0.9614742608299984,-2.3989847463257346,-1.4320068435472646,-1.8888457937338172,-1.1153424407321835,-0.2898569622182576,1
-0.0627574894435658,-0.45083428540043124,-0.6997165281948917,-0.11332736613401304,1.0827623210874375,1.4095280068518148,1
-0.5745764452546017,-1.126257108108789,-0.13917051435625616,-1.8687978532001264,-0.36170897266229607,-0.5386429360299728,1
1.145210998562144,2.2138670553218174,0.7602419732605417,-0.6492605262172382,-1.778942712256303,0.9924998219378014,1
-0.7998693719457134,-0.9125243475441431,1.4672293259016125,2.4324346743694614,-1.1759038188665187,-0.17049549426068542,1
0.1931169179565516,0.5357961455476691,0.2406753865757408,-1.3258042917475785,-0.057836819774051064,-0.5745655867790097,1
-0.7922941427792642,-1.1744642322194194,-0.505664081061289,-0.8435478889392334,1.5154223744492537,-0.34381418746309006,1
-0.1579388410998068,-0.09232487153894013,0.8728411220466559,2.9615973134449822,0.042106466877127005,1.3641512898996948,1
-0.1718969022490973,-0.9861328018845908,-1.1659932455670377,1.748060731119241,-0.5858547530949128,-0.8874197925798525,1
1.222295969431863,2.0070703973491497,-0.9944406387346505,-1.7921723435979982,0.6694883690229064,1.367340434403189,1
0.1973955196153808,-0.11279973262743992,-0.7142943662746535,1.2276436603774827,-0.45769795186953127,-0.03274410022239616,1
-1.0476074220929772,-1.336371727286394,0.06549435667696218,-0.2900821797525969,1.5395919066987314,-1.65629956346631,1
-0.529054929245096,-1.2462993613419622,-1.1185830774199805,0.3525757222263628,-1.1941295267226972,-0.6431476647042497,1
-0.0145004740128427,-0.26479547484598454,-0.3291023946924431,0.7405982447721178,-0.8966952319410993,1.3284835275359836,1
0.3282786457690584,-0.12157539586933941,-1.4033165684068307,0.5971307752798265,-1.120443996794262,-2.465603561458666,1
0.0944986567710891,0.3611655041513147,0.3219382081323591,-1.7338038611863957,1.6591194507579077,-1.0592862463485941,1
-0.01548244816405,0.5182682824526028,1.3543193833000433,-1.534863185221424,-0.7889435935809794,-0.5781461879381611,1
-1.628094427477675,-3.208776832919738,-0.43301434681791506,0.7640983173233733,0.47945120192497426,0.3634470987851748,1
0.074929314757758,-0.16178803853566723,-0.4686790030725113,0.4904119489462949,-1.0993193113955482,1.8826887458889376,1
0.1433869412990175,0.6193632638119194,0.95421186625446,1.4650369068165583,-0.00018584312601768122,-0.6094248956957646,1
-0.7712518395391221,-1.5902349778726432,-0.32257066239073445,0.11048642521887482,-1.4346006141343228,-0.12606501138433857,1
-1.483183099163902,-1.4857555285758568,2.5126998401448395,-1.1745423262400623,0.1346309640074529,1.1221153186776918,1
0.3022563307620831,0.9929992199403886,1.2611515523352486,-0.6455055260603169,-0.6004250516763848,0.06194015373584817,1
-1.9494103979546316,-3.6474204615548507,-0.5815327687672888,0.06103862872531397,-0.35012918691651634,-0.7138471673995503,1
0.0641275990944857,-0.5928838289481717,-2.14663613443852,1.5817817149406457,-0.13536405907934893,-0.9191087032332801,1
0.2615745444978131,1.4931537370913373,2.404059815407212,0.3209772396670756,0.322930167934605,1.2938091884153866,1
-1.2099838620960672,-0.9253834781359467,2.0642706218476126,0.2166731452975838,0.500390814896258,-1.7389450970421785,1
0.5280402445288005,0.7112401467725031,-0.29552155324325013,0.2300816693367648,0.775272283388824,-1.6349792835279147,1
-0.1567464439161971,-0.8058971986929062,-1.4410613609045986,0.6762581620138854,-0.49764721639109394,-0.4521179822522426,1
1.0013517854103773,1.912325535689641,0.17874129493447077,-0.7090215766719923,-0.6282208981364269,-0.8304278691650484,1
-0.3047439767051896,-1.2080127698822045,-1.4000230318456952,-0.39555528507508264,-0.6433488105877855,0.4504342883740504,1
1.2657132551173524,2.3970312872140056,0.79508607594302,0.5364760306844957,-1.9571591829966228,-0.5896209363089342,1
-0.493844141823259,-0.029430080375338705,2.0417567526052025,0.9823238059228157,0.286875291173814,0.42209280598173804,1
0.3534592686464261,1.0603357263263873,0.5334532178887961,1.0093629003293332,2.191519678462704,-0.49512023570181907,1
-0.080853870230088,-0.4422418187726679,-0.2533928444586142,1.2560022977960863,-1.4208944651680622,-0.9239347564619954,1
2.2902629998798325,3.945363458667789,-0.04043257883227193,-0.23760501066906758,-0.3003700679151934,-0.6970453016239274,1
1.3493213399915145,2.2058850365903133,-0.8347508201384727,-0.2003699541500858,-0.13673922708276853,-0.6954091529588264,1
-0.8082862932417701,-2.05670945899956,-1.1035456814561313,1.8976089757644585,0.052806490850494915,-1.3419936091860816,1
-0.2531903337668445,0.041548013845811214,0.5314962975627521,-1.077753697317536,1.839505998974306,1.0289904498564633,1
0.0479951666103761,0.045718296354329314,-0.13107709539212467,0.054173800740218096,0.2790134608604681,-0.01070750833874846,1
-0.2488415910972165,-0.14366059637980794,1.0255597789567223,0.7033965924963415,0.6918652320330004,-0.5126498078037705,1
1.1458422676593474,2.084131238189123,0.35832712873644923,-0.8021331310381732,-0.49615035323435086,0.5555346143858069,1
0.3982793745479297,0.2741616824898994,-0.7287997204277238,1.7349129936448027,0.816723777157146,-0.04846425442501444,1
1.0740178725996652,1.8993615722703108,-0.2868126356220778,0.9097121084578828,2.02799951520091,0.1296253348792707,1
-0.6795073974121048,-1.0311582403826696,0.21385111432625628,1.5010850486352358,0.4828743363452787,0.46311695087734217,1
-0.0841504977377099,-0.5806665385270788,-0.48905932543347436,2.93989417413229,-0.2775684517481521,1.404678100411335,1
-1.003699149331884,-0.9025401440785201,1.7405655104703772,-1.4276475820876149,0.3242381754842507,-1.0229846355002483,1
0.1823853433040801,0.4835376985326157,0.6116220070071502,0.7782807273404143,0.9560466249576604,-0.3942906737831021,1
-0.1179584649435368,0.391146825434147,1.38166570186617,-0.1801203596574811,-1.1746055246482785,-0.34287198491154347,1
-1.2167173991329117,-2.1784112623510827,0.14389695218616014,-0.4342780617523785,0.9094907917774968,1.3715163873802916,1
0.9016814090629088,1.1746238791376367,-1.8493406384298805,0.8264662304288285,-0.5220274766062922,0.16872255965097338,1
0.3129177644037558,-0.02724651114092442,-0.9369211783662924,0.21518616804589885,-0.4044089572662083,-0.9750699885228848,1
0.3331885165250929,0.02904093372859877,-0.8444453190990029,1.583893658229671,-0.9702249029927849,0.6528528352006836,1
0.2886489746667925,0.322933747559209,-0.1292479134286675,-0.01947253397081225,-0.12477782844524703,0.12576298531662983,1
-0.9501114170803217,-2.309758795190658,-1.16663944967104,-0.2743732461481557,-1.1549043406213673,1.013341976020835,1
-0.545047079707604,-0.15613376648341373,1.9781004807420854,-0.4698105761233854,-0.043083185883912356,-0.025121710569152314,1
-1.1452437091272334,-2.014580279943653,-0.019570245842735222,-0.16299301323611826,0.7253243420363175,0.45547949768400947,1
-0.8542987963268796,-1.0826067132716084,1.3590867841702687,2.223465448827943,0.2940766671350021,-0.6254989181916818,1
-1.6496277177934209,-3.609922055178131,-1.3112317472771808,-0.19695324328954694,0.27378169009541986,1.8001472664068965,1
0.1590283867075214,-0.027487570012745193,-0.5564664464018346,0.9868381605636803,-2.0308900047792364,-1.4115432906864969,1
-1.4437638510940376,-2.525421675084058,0.2475831229085648,1.9868749944512207,-0.2840975995143167,-1.4624175488489153,1
1.8557394379709136,2.558351121678072,-1.327844563318388,0.9905864892868933,-0.5301276341127469,-0.9563239904500062,1
1.0300394588277713,1.6624859976980175,-0.5726438380713034,-0.852431757589923,0.05760608469296615,-0.48520640344337573,1
0.8687852749974883,1.6397072415360385,-0.529114763559398,0.6779602364545609,-1.6192096541084482,-0.6785391334733404,1
-0.5503076555176385,-0.7174331032843575,0.3603996365898365,-0.7837298989911377,0.4815925510463933,-1.7287194873573248,1
-0.9312434851749968,-0.9736245264956943,1.5482137056891532,-1.4254395495167176,0.1652254993708808,1.7497107412012562,1
0.768974616628418,1.5096165674076145,0.42120626586247106,-0.7330395489663892,-0.0959527571859483,1.2612483868369007,1
2.376536443164409,3.839194279617037,-0.22739526555910608,1.3169249171242479,-0.7669271027634059,-0.09540398620074515,1
-0.966313990575232,-1.1066657166341176,1.475863593064241,-0.6173090509552837,1.8791585540713613,1.3793307094593137,1
-1.278301206615725,-2.2177341112766227,-0.0159856752899107,-0.24439739004752353,0.48173505349153556,-1.0233920795212983,1
-0.0081877830408001,1.2635470585408466,2.146194594743705,-1.6885797625355334,1.5844412220295923,1.3641638903933924,1
-0.3737627313328556,-0.058226358156095434,1.4016688217502666,-0.8538131854555215,-1.028879635271048,0.0536048490512709,1
-1.0635995725554852,-1.076677560517983,1.9307267166590831,-1.2431632011764937,0.7831282523781519,0.7975311331020007,1
-0.6085246944820302,-1.1337033243339694,0.23520925797514128,1.39200502824496,-1.5679523947552962,-0.5547179204920043,1
0.852512560491779,0.6407150721492553,-1.5014444227800567,0.5628115206814915,0.03213250242911511,0.23009023427070988,1
0.093446541609081,0.5363913020048117,1.171510378045252,1.9191282847627888,0.26400223258950695,0.3586936525221192,1
1.4991425390613198,2.7952583277004686,0.48390277763445144,0.0597694204919173,-0.9126562992321767,0.08466511959902273,1
0.1266933807285075,0.8921243791332495,1.0008239375401782,1.6455991463171458,1.2153482168121947,-0.18691993048815905,1
-1.6961312079541315,-2.4671316200833266,0.9714002696001991,0.7037425975669875,-0.3562585958249348,-0.03746552225743395,1
-0.4509178432133711,-0.9244724081032691,-0.07943234526727751,0.5473652840264971,1.257031753863131,-0.48016937280181937,1
1.3574576972443675,1.973904527469251,-1.091296342633885,-0.5540323638591429,-0.30117220591698235,-0.07510302782326714,1
1.7439346667549618,3.0421913313478104,0.2676241584863329,-0.886418547609407,0.1708526514389316,-0.1362955722057855,1
-0.3504057747362968,-1.422108399721915,-1.7282030225444636,2.168957995957625,-0.10477246717754925,0.8149647607712344,1
-0.449164317943361,0.20773456995722858,1.3730730838243428,-0.24697644609756977,0.19012441944052372,-0.0925466796226465,1
1.4087307761395136,2.1458210219204203,-0.24988454412106426,1.1842113114502826,-0.10211169373790845,-0.4830439061798808,1
0.0127843791885411,-0.44518116184205775,-0.6280724609140915,1.149536614637793,0.2126602263411474,-1.132798102051292,1
-1.2218376929213477,-2.4097225978208394,-0.7962976978976095,-0.1723401790511654,2.254811856090973,0.3622518756783085,1
-0.1045615318806467,-0.07405758335123937,0.6897324918863402,1.0092713134203952,-0.7413908526166884,-0.16937554029372767,1
0.5053846980402499,-0.35585180349672135,-2.6630474017607786,-0.20822365203401993,0.46602937362980484,0.5345849934484762,1
-1.2047934272968344,-1.7055822569000183,1.073796336279125,0.27063728213870575,0.19008296290199853,-0.01606627438377011,1
0.0315120290722665,0.46096444436916634,1.216176334760985,1.0929748297578994,0.18620365869818645,1.1758208103242973,1
0.5517479061793592,1.6309770557875407,0.866688933246009,1.348598998792884,-0.5402807924897811,0.024222826846704605,1
-0.471679582410312,-0.3555133859777775,1.2388383252553958,-1.8694663618295875,-1.1033184448526334,0.28635424964258144,1
-1.7953807382367974,-2.6196233332129064,1.2422816627961715,-1.2262284605191627,-0.6749802202790384,0.6801276518619002,1
0.6192936995802142,0.8187961312298864,-1.133062706552641,-1.4921488544874666,1.5252266324783734,-0.20670162841619727,1
-0.2494728601944197,-0.2251183006301742,0.6398305784775395,-0.559783158759127,-2.4067085634192895,0.0019237345417591738,1
0.1127353195792129,0.34165341872041993,0.6911662133049592,0.5272341619440154,-0.7844331074563106,-0.931600871119022,1
1.2780580730182345,2.3399720446966272,0.5012999598180459,1.3366953983688923,0.33179966805824757,1.7815022480025953,1
1.6769500014405132,2.241229720387464,-1.0872495407762082,0.4269013185714615,0.508871024187335,-1.0174520510076537,1
-0.276617431374202,-0.23914012282218897,0.15294354913686792,0.7550329777877623,1.4432252122985523,-2.3577901702772883,1
0.0216221465494008,0.13544999442247876,-0.2880144129349768,-0.7235986284609466,0.20507465378843182,0.47910494546930094,1
0.6911180946398945,0.5155195422087319,-1.4481975641827907,-1.751284733029423,-0.9819579507535263,0.391466571916426,1
0.3648922534069037,-0.3321417875672805,-1.9551605519038575,-0.7363667320945068,-0.3587797005624642,1.0424895646510637,1
1.190662373560849,2.4350207301540534,1.1723338469778288,1.298683456930054,-0.8151719157708912,0.7445164897256361,1
-0.0143601919912411,-0.647798292017714,-1.179492231551743,1.8480039144334615,0.06865364498430407,0.5090278199854942,1
-0.6324427791649914,-0.6964265113922581,0.6857701889251333,0.023810514951843553,0.29004998668593834,-0.19090510235425767,1
0.7414793403946318,0.8772336011829533,-1.3231843337261349,-0.9562563938170735,1.5036972042627545,-1.293484424238596,1
-0.796362321405691,-1.03750321486325,-0.14738100491739078,-1.150310178105374,0.012221439397232432,-2.345833280802849,1
-1.0394710648401226,-0.7170227291917162,1.6337106298092336,1.238640280784274,-0.26608120459924894,-1.9291874784571825,1
0.3379581052595238,0.4152779445030914,-0.27705481236972423,-0.9637119313921353,-0.8542760323191606,1.1984504587178462,1
0.0090669056161163,0.7810629447871322,1.290834149281997,-0.1947060068778334,0.44599574913658063,-2.853508392477825,1
0.1778963186128505,1.0306955885594662,1.7999372160306784,-0.6677375869336654,0.6635764088277033,1.0374781676826623,1
0.972734253003786,1.857721111688413,0.36422998150242364,-1.4028365987458986,-0.8934962278191653,2.1406595417645216,1
-0.7659211227182868,-1.5209202220553213,0.005601300437675395,1.2027899228352772,0.5785749418697255,-0.4525139569799014,1
-0.5761195474922134,-1.1119658294156807,-0.23626265257450593,-1.1091353070281276,-1.6018905809046162,-0.7211223945006033,1
-0.7041970332138727,-1.4731006568662812,-0.2464660166658711,1.9838768472467136,0.49114150401037016,0.5776014872960247,1
1.032704817238188,0.9843379536676791,-1.6145083690230837,1.2754242540714367,-0.6679147101343182,0.8324819660455169,1
0.1264829576961031,0.296077546000284,0.5737227999138624,0.7399541685300719,0.6280392010848459,0.6628874497354309,1
-1.011695224563136,-1.8454664803995597,0.1896553232756954,2.0954153939137865,-0.1144236204903246,0.781079130422195,1
-1.3170891855883864,-1.903570492534746,1.0052117597177235,0.7585541476757055,-1.5674767427953173,0.8071382401757584,1
-1.663796201975115,-3.1645820668850853,-0.32857758010543825,-0.3441578989289759,-1.223948251618511,-0.8322365167582811,1
0.3232986340022272,0.47369484637506915,-0.5394638012291693,0.7501986687087387,-0.1929537409476138,0.9004684271045311,1
0.0598489974356565,-0.047060010194734526,-0.0599413012582255,-0.3014219711526873,-0.4335107116932563,-0.7283142785930179,1
0.2342195502856264,0.447644644376064,0.33120026260943075,-0.8407176632630357,-0.5976283337378904,2.4792564654190086,1
1.6914691906762125,3.420830891870109,0.17843171925520218,-0.41944946369297575,0.3697351489038797,-1.3421440489129906,1
0.8056583652770641,1.9261117443721532,1.2432550632824166,-0.16752891066640843,-1.4935865471355714,1.0546536037162288,1
0.8153378247675295,1.760152027972751,0.8583626955914663,1.4653824042391488,-0.3505824097669687,0.7637006931623018,1
0.1621847321935438,0.14890952166084,0.0752782556242584,2.0745411790175043,-0.2742964823657929,1.1689429704452383,1
1.3149522446992827,2.251609434284006,-0.9012738338813278,-0.12423272655466609,-0.48852553648896835,1.006585909595812,1
0.8929137827128498,1.907552462243129,0.058153913864007985,-0.4687008761794618,1.6939135768670508,1.2470859637994824,1
1.242987567617999,1.4023293047958945,-1.2839789524759397,1.4108036189760023,0.9246984645799019,-0.5083941776553745,1
0.2737089393662927,1.0153506959274257,0.5830983514993425,0.831313042855765,2.042910127828379,-0.49556567285694525,1
-1.3079007131735236,-2.7320239460937006,-0.8062142213888921,0.08848689861922862,0.030311470687418553,1.6046411468034032,1
0.0198686212793886,0.7457210931123482,1.8274476345486637,-0.29948544781828695,-1.6229619526245918,-0.26312594060786965,1
0.6599754858444862,0.6449410434919138,-0.616778806071403,-0.14315129895354622,0.06438515151122348,-2.2727749097527647,1
-0.5543056931332665,-0.3767188451489577,1.6159616248550688,1.3111354881760948,1.2503249772889393,-0.5678750169200131,1
-1.009520853228321,-1.3399763186357365,0.35917123226679204,-0.6502001805591976,-1.2790577511443906,-0.5019606075009648,1
1.576087227909435,2.2746629017077225,-1.270028582528067,-0.580387395625423,-0.20062943039439224,0.48454936479582117,1
-0.4139535305215239,-0.8727427652756552,0.13066712469775318,2.2162733028037054,-0.1700823379304648,1.166706489529154,1
-1.3721498790667568,-1.9763575406008376,0.6334183400782216,0.010617443511620752,-1.4715136740829742,-0.2782319509486935,1
-1.092778233048481,-1.8248234869485966,0.3641682382552851,0.47126972608842144,-1.7017532821757286,1.1395239367872725,1
1.9411010481150857,3.759244743733671,0.32653927783394343,0.005854428038208172,-1.0047762334045391,0.8432795464440629,1
1.273849612370208,1.79497097749186,-0.9386732800015516,0.8736041985701745,-0.35132713196563586,0.24266477259282407,1
0.652400256678035,-0.07639997774511613,-2.3121375700346616,-0.151373692156644,0.3840974859965478,1.2393476187776324,1
1.7602073812606729,2.3202422273476215,-1.9608600696370098,-1.3028020047344024,0.8583200048029146,0.9417067453963005,1
-1.6928345804465088,-2.911505569546941,0.22508291666767502,1.0986199019558223,-0.16632623693202855,0.7248292498566,1
0.0732459304985466,-0.16701058600073979,-0.4435689192563852,-0.8031685361951394,-1.6992842264021428,-0.5052127609524343,1
-1.582292347424967,-1.8335287897158752,1.9829337621296825,-0.947707523984936,0.48241685045196164,0.6575703923188505,1
1.0176244999160864,1.2043527911992176,-1.2875645173868326,0.3393993970443526,-0.2702055559549878,-0.19732940873940322,1
1.0799798585177058,1.1977525631826733,-1.598329573973772,0.04077577653078757,-0.18792473012191305,0.32150576605428094,1
-1.3936130283717016,-2.1724271393570906,0.8638697612705389,0.26938591727720546,-0.45245673704897016,0.7204860458308895,1
-0.0168151273692573,-0.6193423604990771,-1.4796239571172112,-0.759634982047724,0.192346231518278,-0.519862213917659,1
0.7820208446373041,0.4738527850008459,-1.7452616296227845,1.026544476132439,-0.8658035182038846,-0.014263709800325217,1
0.2572959428389819,-0.6423482636776774,-2.4919796205391718,-0.35254755696311463,1.75710463013886,0.12427100664036177,1
0.4396625709202078,0.5197808489179728,-1.273180733862367,-0.41206470143549634,-0.35351237710828304,-2.0967114314564137,1
0.5958666019728547,0.5074525002713439,-1.3528092894009311,1.8585898096611901,0.3108973293527642,1.0505724904022988,1
1.3809549358625262,2.4878652818027,0.026657257858975093,1.0973004381234164,-0.2824770568452076,-0.5489017239031403,1
0.0628650609000772,-0.30421795105864835,-0.7578401228556458,-0.8193520366149728,1.100128594449455,1.1277416288715059,1
-0.7394078206357079,-1.163482032313196,0.6003915799881483,0.8340274658209215,-0.0069344792333772155,1.3955914540224836,1
-1.2388819585458617,-1.8026045129953228,-0.15190078495935666,-0.5738936234227985,0.1441306691689753,0.01139413758971048,1
-1.9867254157004823,-4.21547474831128,-1.3476387192526718,-0.8278551103959052,-0.19795760627393647,-0.3024152631048203,1
-1.8484774834127544,-3.6446105467873906,-1.2895173595198837,1.161618386037006,-0.20261648254491255,-1.0273942992456535,1
-0.4035726609230545,-0.6755316326713765,0.2535455159542571,2.3763505271405565,-0.40340028372775233,0.3030269486006995,1
-1.1303738148375333,-1.6326400881023182,-0.4028924692051208,-1.8815728378285013,1.926168177366641,0.5041074672758893,1
-1.6922734523601053,-2.5184620908341815,1.2229760281212387,-0.2519920523925046,1.205586815885361,-0.5417981295177209,1
-1.9362940289349435,-3.170980432076157,0.605443755346153,0.6694317299648102,0.67434278121501,0.07699946476977816,1
0.4469572360434557,0.22838919460648452,-0.9625117782912529,-0.3959376000945967,-0.6438924433989028,-1.4526578825448335,1
0.6754065082205897,1.599869787619651,0.5130126206914182,-0.6708161628541436,-1.4268403157173883,0.11898902337135164,1
-0.5107481254261734,-1.0323275714987417,-0.13419880848621205,-0.995415770352913,1.0825114121405917,0.2419213435567916,1
-1.1324780451615457,-1.2954631754512904,1.2794234709843244,0.3496519828473139,-0.49405534832874565,-0.7508598799379854,1
1.2204021621402472,2.2985897109855498,0.02915171165170685,0.20117945476777718,0.3071245105585943,-2.023988013645466,1
-0.7397585256897099,-1.0316428571344316,0.8759248526359787,0.4427807885445096,-1.653039336564125,0.21223210559927075,1
-1.4461486454612529,-1.774764566365496,1.5684482387662895,0.13146538272335243,-0.045605596544902975,-0.7552168111041208,1
-1.171476447166608,-1.4948764576822497,1.4465825677060913,-1.0544192484848802,-0.3717822496271796,-0.08557644711721195,1
-1.3293638624784694,-1.6612778496913831,1.063926790164152,-1.316909555686243,0.7812169844857789,-0.2836464029398779,1
-0.898066787066375,-1.3202538092531457,0.399220768328454,-1.2874004550037046,0.0025236325086983253,-0.0494774655014442,1
0.9058197287001384,2.2383959219597624,0.5526437318743005,-0.6671285688000734,1.9809065214172905,-0.3681506734691643,1
1.1414935249897171,2.8002829354708134,1.8091492000689688,0.44219060651117814,-0.03602485775893141,-0.2616601434456996,1
-0.1928690644784406,-0.7025125290096403,-0.8894377147691963,-0.7465895151837341,-1.232253881633634,-0.4987570875597294,1
-1.2808964240153429,-1.7877447308687726,1.0964907250785199,-0.2725223999491199,0.8236490459999549,-0.45968525274259014,1
0.1173646262920442,0.034376116882767864,-1.3316084081470758,-0.5814820299791449,2.498323993818169,-0.22973630439236928,1
0.5197636052543453,1.094997192788239,0.7243873375256261,0.23530307509524517,-2.103074399093002,0.1171100343583769,1
-0.8573148597913002,-1.3342553799002763,0.48786140425834246,-0.28072120143130364,-0.09229623088995052,-0.910504199766418,1
-0.8599802182017189,-1.4602772761649065,0.3454126726603422,0.34061004122639316,-0.8355677599838776,0.43270882937042165,1
0.5371585759328613,-0.0645262757505339,-1.8648759974988856,0.26580301445749455,-1.6644632180126029,0.4301654839613161,1
-0.3766385127756727,-0.5680653929026993,-0.9030161760061656,-2.3301975962917383,0.168327131758544,-2.073003670293774,1
-0.5122210866529844,-1.5029203371775781,-1.4029807198729527,-0.9722008049622531,1.4816750019210347,-0.03938512007230673,1
-0.9324358823586044,-0.8020833373419329,0.706621595584517,-2.074855240536287,0.7478473365942119,-1.4886081954515207,1
0.0862921585074347,-0.038173034718726274,-0.40815566891921695,-0.06489394083383224,-0.8157723351133933,1.5130520333203088,1
-0.166916890482266,-0.46030552523885665,-0.20209627059107999,1.275967568372604,1.857470108498015,-0.6079736888074101,1
-0.4190738243099568,-0.8965044576136375,-1.3119016957340355,0.09657562178467358,0.6725672887209091,-1.3813842197790536,1
-0.2830002633570435,-0.37109899653746786,0.0958048541682301,0.7378264698716412,0.035022902018411566,-0.23293534929403378,1
-0.7267122976808238,-0.9633943872016275,0.5343006294721373,1.349393955237506,1.4149043752874164,-1.2350856324377653,1
1.490655476754462,2.9930578078060464,0.6047139909601779,-1.3811365236574784,1.004180333529969,-0.5567685922577409,1
1.4834309526420129,2.52744962470735,0.20604669283065272,0.8566445120284486,0.17845907273176492,-1.3316143491664354,1
0.1491385041846577,0.7568445767303226,1.2937881075887836,-1.2924582265241824,-0.6096031492142823,-1.05353510157056,1
-0.2954152222687283,-1.2105641015911417,-1.6434089103844218,-0.0010579554759558903,-0.04489972118675542,0.8672957171105834,1
-0.2725492527477732,-0.3510961895821431,0.5949377910201372,0.6268820285220632,0.0745325710405002,0.8429501405627098,1
-0.7340771038148725,-1.7241067252741815,-0.8911569451309755,-1.2401020724848397,1.5036169357995257,-1.07831461482315,1
2.116453575116263,3.518552135196324,-0.26318809223141004,1.0619285833979015,-0.03798923178071405,0.2981281729449821,1
-0.2218373019390338,-0.733253180791464,-1.3103121202487416,-0.4338378561285364,0.9915066504707131,0.3930977328311433,1
-1.7232056381231131,-2.336870789812155,1.2124151517210597,-0.2738109824982645,0.40905398143239496,-0.20193810390118297,1
0.7873515614581414,0.5067780189129915,-1.6244025614714002,-0.28625129803661015,1.0524271551974105,0.7916833620876362,1
0.3403428996267392,0.04402767695242912,-0.922919282979387,-1.6221748018351243,-1.6210419467787376,0.7766046088653376,1
-0.6509600060163143,-1.5297788562721057,-0.7199501336961314,-0.5595673829685168,0.9688603473536834,1.863860627558324,1
-0.6095768096440383,-1.547983372107278,-2.17218501990762,-1.0916406491221406,0.32127843538398704,1.5436144677092647,1
-0.4765894531663444,-0.557222695075364,0.030417578801665495,-0.5181207148980911,0.2369896051936924,-0.10383619640942889,1
1.3615960168815957,2.9662003813845508,1.3044935671152347,0.18607241363776253,-0.6587213020552496,-0.7857008327498077,1
-0.4614389948334441,-0.6197387501092205,0.6549682313141526,0.9659173472664486,0.26715455712110886,2.10061187037428,1
-0.7252393364540128,-1.439973883866886,-0.8495103604689321,-1.4378893108814186,-0.5453713209881689,-0.952950027710106,1
-1.2413368939238778,-2.1757543565833806,0.2692271444207679,0.6016580941685357,1.0525188957023432,-0.28592281822580384,1
1.1284472969808312,1.1767395155381546,-1.5044781558259555,0.6395399364455394,-0.42319443688135666,-1.5148784801545432,1
-1.237689561362253,-2.6110019319675755,-0.666989316668977,0.7654309954824065,1.7858235345969682,1.4471013424410917,1
-0.3670993353068089,-0.2197798920381971,1.0720955759199773,0.7741158769181539,0.6147116247406493,1.8218743806211848,1
0.804255545061054,1.0919841368278866,-0.4577497076636443,0.6390252904402804,-1.7427070894314738,-1.0652918180502529,1
1.8376430571843936,3.341197416746933,-0.20413781817099907,-1.783270035668698,0.005326824507308251,0.8352063589235436,1
0.580505720607552,0.8188083261948491,-0.1663935196951296,-0.5078571460105831,-2.1056650718359187,-0.5090171871915159,1
-0.1120666200362971,-0.15915412378829846,0.35036815014702366,0.3030369582140876,0.9904187362807654,2.135803764235333,1
1.4687013403739155,2.9573609169924873,1.1935519784441275,0.9841648450139446,-1.2664503481541267,0.4573754193224578,1
-1.235164484973437,-1.4724213449158967,0.3811232629510855,0.6858358690842352,0.041988378166091335,-1.5243269321029054,1
-1.481710137937093,-2.2942238970544184,0.856335978178507,1.2454381573869098,-1.5825864713057876,-0.18307038615844395,1
-1.8216134762761744,-2.5019385885121053,1.7965803520148047,0.17778014821196558,-1.1898870026346597,0.6043072226662467,1
-1.6050881759351203,-2.1048737790006524,1.7236311188993547,-0.027903880132363404,1.4852252250583147,-0.5698291116855145,1
1.186033066848016,1.6033862603145945,-1.6011331455098563,-1.5741721620315858,1.8876233419369721,-0.7751241471018164,1
-1.3074097260979218,-2.3694388221186022,0.22560261943704524,1.787696183133206,-0.06818929585219785,-0.5373395082691249,1
2.0425249497325666,3.6914403902812114,0.016214246492992936,0.9920515135871881,1.3164259246103849,-0.4305902458325379,1
-0.3093732834180228,-0.07254505639405492,1.094435784624114,1.4854675607960122,-0.21843295553899078,0.8634296223870905,1
-0.0772065376684621,-0.7874083856225481,-2.295152974630178,-2.211792753680688,-0.8695900857680069,-0.9630417298659034,1
0.0600594204680589,0.2801918102577521,-0.3226047361703753,0.3887046944339759,1.1642633822744368,0.5197931833978776,1
1.5409465814984007,2.3978394653140187,-0.5617011086115825,-0.10342424628382262,-0.07098213214468269,-0.5127440858203043,1
1.983325936616969,2.959906805527019,-0.9520136078555916,-0.8548343038943029,-0.20512375004626465,0.5829055034763255,1
2.0374747969549327,2.8910594626750616,-1.0679832748030513,-0.762814612266687,1.0742518294664671,0.21319829446656136,1
-0.5329828258499232,-0.4296791852745446,1.2917969126634845,-2.0717889184680485,-0.013036126967211329,-0.7146231397583154,1
-0.5985646709483636,-0.3622438502929228,1.8426723494433428,0.6227322611968188,0.17871132727062317,-1.0362648546062159,1
1.2191396239458407,2.8249761174983887,1.459283777949926,0.9490344480433851,0.9726001615398445,0.7410096134726561,1
2.0167130577579937,2.9585977579609164,-1.431374489749096,0.6800512081356773,0.6519673168128514,0.034414380596910744,1
-0.0874471252453319,-0.8092135331846813,-1.2323159564016355,1.0081993900498154,-0.2454018771041827,0.4583594824008717,1
0.3033084459240932,-0.45573018678742877,-1.9102364540364933,-0.2235030672093126,-1.5064888876898048,-0.13713097777767874,1
-0.11389028631711,-1.069679236852838,-1.6576734252336351,-0.24094855993798966,1.0323873207584677,-0.36412224271933347,1
0.4500434405186772,1.515994045681425,1.3104043238470389,0.7184190267478836,-0.24917668570867904,-0.6182789434306187,1
-1.0109236734443312,-1.1870894740836466,1.1325603752428728,0.19936276949365137,-0.7528665773593916,0.7377423442586738,1
0.2002011600473991,1.0318907556132335,1.5201997371755265,0.3492324941126597,0.7562209037651865,-0.05420056280818154,1
-0.4666995706434766,-0.7300482074234409,0.5549824306120416,1.5351945168362457,0.3012821950142152,0.29503018253818053,1
0.7402168022002232,1.311664074966852,0.09574171481996256,-1.0078033949758405,0.6030653506716317,1.3668653382195486,1
1.6883829862009907,3.2545743721125575,0.8438629651371345,-1.3654601027705078,0.3435550688242395,1.17277485040983,1
0.555465379751784,1.5339353134399054,0.6473003091858743,1.083559963242994,-0.30515353967754305,1.6470846325709783,1
1.4414164871725317,2.474122159524055,0.07755207620538554,1.3973567537312948,-1.1361594418806058,0.6702971813623587,1
0.7441446988050504,1.571107018565256,0.961944542396265,-0.08984242986090163,-0.1091338003683102,-0.6150441419428613,1
1.377377744311701,3.0638553068471017,0.8887554551136089,-0.9026592948776618,0.6150879387830585,0.7936815791208528,1
2.052625255287835,3.2747615068691784,-0.8901485610072634,-0.9385386564192092,-0.3623135896580118,0.70634587187751,1
0.7526317611119081,2.081778747689381,1.6742693139360196,1.2638879445465006,2.0348535063287847,0.5567250778462435,1
0.0697388799585223,-0.6122052407456665,-1.5827148190823481,1.1387199672288446,0.2532027513164455,0.2026483510209286,1
1.2773566629102304,2.701835977670007,1.13836159975095,-1.0540143429281095,-1.5439025007361888,-0.6863328786446417,1
-1.2312365883686116,-1.639933156426944,1.0657292532730835,-1.0180418430729061,-0.19143576392176748,-0.5566790758372998,1
-0.3480911213798822,-0.9997859089489796,-0.6233559455877544,0.9789638012359214,-1.8725823884081603,-0.25582706095396407,1
1.426476451872032,1.6073152680153524,-1.8941660938937397,0.22839724936731406,-0.3571373834396668,1.2407493367706568,1
1.3976484964330382,3.1910885879694897,0.9730889251971627,-0.4246076305751583,0.6334181018197803,-1.3340745030799697,1
-0.9449911232918888,-1.7316715411385037,0.12849039582263666,0.6304664269738486,0.3665878535900714,2.3110648890563077,1
-0.4112881721111052,-0.07846546002128349,1.0911696317514659,-0.22635058812680706,-0.5551138119382317,0.31398342806866164,1
0.3784294684913974,0.1330720817442749,-0.957458104736801,1.3593841356298375,0.13012150769916997,0.30035304309840344,1
-1.6699686109255567,-2.7254475067796595,-0.48702351366194985,-1.7930082082679688,-0.8911184577804652,-0.7600921531480698,1
0.1285871880201193,0.17435979566368257,0.21068369811877105,-0.6889904292619554,0.03218874385359425,-0.5176218445570496,1
0.213668234121088,0.05958732302027369,-0.370163347005058,-0.06810669922608474,-1.7848226549863149,0.677169526210575,1
0.941872208251577,1.6484311654058754,-0.010770572374423748,0.5818674785142569,0.43250245908892776,-0.6599717813242011,1
-1.2193126165325303,-1.3399929162669675,1.0241222546241313,-1.018235804857287,-0.47288053887438086,0.07676222915581976,1
-0.4254566562928002,-1.3467794914733138,-1.0607667477408458,-0.28433739619597953,1.6580597038922054,1.052280690271009,1
-0.3831616267801176,-0.9542843809663186,-0.7447606484533494,1.272675411382299,0.6161868491674647,-1.2066048137702505,1
-0.2315869024403,-1.1588245160447046,-1.3620355800409518,1.1444453252823026,0.6734434481201468,1.0571050534763224,1
0.0996890915703248,0.8808491139969303,1.7620709059326185,-2.390382855911571,-0.36005325802380866,-0.33025217572693305,1
-0.3273293821829414,-1.2712860035849145,-1.3603083328746464,-0.21377594967878533,-0.5562943996237336,1.0510082026482892,1
-0.6155387955620769,-1.0133423355508109,0.5659594125400408,1.8630654178972468,0.15338276702582734,-0.8036334607708023,1
1.2467751822012243,1.9093678868189927,-0.9961244861985725,-1.5726580087947668,1.8425958411670005,-0.5615771082930854,1
-0.0220757031792938,0.42621340219946,1.4182694781957557,0.4591867696481799,0.29351936783247246,-0.49685924424638034,1
-0.6148373854540728,-1.3225589958768094,-0.8620516834073786,0.036355044513080984,1.6820172293955344,0.5077482942364637,1
-0.1208342463863539,-0.8841841018301636,-1.6902310791121606,2.390584899621663,0.5308418234721046,0.6539410190530666,1
-0.4260177843792047,-0.4972861520931323,0.8415583256127106,0.4454518054498902,-2.7302744280418714,-0.20799371499972077,1
-1.486058880606721,-1.8166126962113631,1.8853745113096538,0.6846632497204799,-1.6703468346590873,-0.44674279838809505,1
1.2871062634114965,2.0733908928031037,-0.14074190054174412,-1.9919458165174582,1.0282031160155791,0.5034583302912617,1
0.5994437935236798,0.6525034070523993,-0.4057757484229679,1.3205803765000197,1.6760960238298157,-1.018412031323605,1
0.8182837472211494,1.1592658236057432,-0.4471445313286919,-1.0988142248570063,-1.8906513825067282,-0.09016015928718307,1
-0.117537618878734,0.8103450452228982,1.7975665988840814,1.5037810153030209,-0.23393650210134248,0.06643710253779504,1
-0.4556172909370032,-0.7961122559011213,0.187134804609646,-0.5247601866532263,-2.2677210186317542,-0.2494044053126235,1
-1.0378578215917131,-1.6534953282789389,-0.11753227963688025,-1.2905293844983374,0.012318549531780052,0.9034940773736806,1
1.1403712688169103,2.7661949593269397,1.845498383747621,0.7793301227049032,0.48761848247059786,1.3224676615691173,1
-0.2999042469599579,-0.21934740629074242,1.0497454531319437,-0.2267941314485208,1.1983530884178129,-0.33005313629963157,1
1.5055253710441632,2.4517590340536217,-0.1227290730458971,-1.2237673241664562,-0.22855754856521987,-0.13963822703568968,1
0.3028875998592883,-0.11027874234500443,-1.5187551779936836,-0.8379549364966675,1.4923910758370802,0.518914218661276,1
0.0322134391802726,0.16781005180101938,0.460202162183899,-1.7083475971704611,-0.2133536280496193,0.1273394180764623,1
0.982904699569853,1.2780049183844,-0.6806364408981612,-1.3936924254596605,0.061069590343699645,1.0773208584770968,1
-0.1526081242789694,-0.3778275116566641,-0.4682716105294319,-0.059916652413659115,0.706643766492923,2.0798785472394266,1
-0.4389938713772919,0.0021893200250644664,1.3582006563032718,1.0953025833432832,-0.3769245127910883,-1.4799424763335602,1
-1.6799286344592224,-2.649559830474538,0.28218362369842664,0.1822984087022398,0.24506133160319382,0.41066841825640976,1
0.7849667670909241,0.9827698369963755,-0.8193671798666339,1.1979281571561247,1.5465380945263465,0.5691212680743232,1
-0.6684952587164321,-1.5974383535157373,-0.7337087550537222,0.27575641763693753,0.293738301132596,-1.5033087886581518,1
0.4971781997765934,1.097055791973848,0.8075037630722846,-1.181086906236229,-0.26290992526394297,-1.9930253263001554,1
-0.2352342350019239,0.029535697629346092,1.044689904850907,1.4271158098962204,-2.208743505924888,0.6569445657856939,1
0.627359915822267,1.7854064836801424,1.9083514180816055,0.7255435758123115,-0.05416126762925685,-0.39071695092065534,1
1.1280264509160285,2.323515394535902,0.7851046525207792,-1.072064825377188,0.09174341149340981,-0.668460113244621,1
0.1187674465080523,0.16286084877193716,-0.1107583910915026,-0.6106854597280711,1.9846093173555104,1.5041063700589818,1
0.1587478226643222,0.40510394360005536,0.5638307958888676,-0.2758028712396525,-0.8009871039775502,0.3590727263350881,1
0.226363757075976,1.0655633664465507,0.4865070415315551,-1.212283297353257,0.33650638641974134,1.4641256406573533,1
-0.9795005006057198,-2.5739142040077074,-2.0785245919256607,-0.6918432148238356,-0.6113407283536659,-1.8748098970762477,1
-1.115924766612637,-1.3025192551276303,1.6076921539189364,-1.0813452328260635,-0.6378105997039699,-0.32599433352509793,1
1.7226117994716184,2.6695437115322003,-1.0128612484346295,-0.7901675801757434,0.15278877329986784,-0.946991205797295,1
-0.7131750825963341,-1.999682467818814,-1.3158495406867108,-0.1753790926416834,-1.870169527884689,-1.0368071577099822,1
-0.5967410046675506,-1.0153175826628371,0.09727784581703576,0.8716144982010249,0.38383703417108345,-0.07680607010643031,1
0.8230533359555802,0.3571061241000017,-1.9383652212270253,0.4953170387254455,1.6025436080097077,-0.18182825542454648,1
-1.7874548040163445,-2.3705589584144864,1.7574624397492646,-0.4534829680785622,-0.7529720221883917,0.6395858114606463,1
0.3115149441877476,1.4537003446961718,0.9659852529478928,0.6285355729546682,-0.46771166126589947,1.1206005779243757,1
0.552940303362967,0.7244957095474865,-0.46844491296061136,0.5623603072662445,-0.8504481596505915,-1.530895689026892,1
-1.0487296782657842,-1.1896819540818409,1.3891694102819794,1.2629495344268604,-0.9507953950487549,-1.120878655913547,1
-0.3567184657083395,-0.699047234095389,0.15740914694522798,0.9047211948091738,-0.577609583422717,0.7112832978707858,1
1.2013238072025196,2.319663563344197,0.6105438170530431,0.9328006542425409,-1.135684508003617,1.7545421161291916,1
-0.9087983617188464,-1.129550341533676,1.3609097207620777,1.7471042521157094,-0.6255319305794628,0.17303343560965487,1
-0.0509036586182855,-0.36267750852084374,-0.7523962895787857,-1.1988900449188846,0.43803337031881284,0.9739064503624831,1
0.2525964951153499,0.1617469270674188,-0.385625588087428,-0.42516990743872063,1.3524138529230498,1.1787355462809477,1
0.455935285425915,1.2465994330842118,0.7744884880428037,-0.12331901193909822,1.8526731316990117,0.01089229840782341,1
-0.1508545990089573,0.6393680189188241,2.3633986553993416,2.0019958528204835,1.2913720151094332,-0.4849653963100168,1
-0.0079773600083977,0.6377556340453965,1.579156498211013,0.30813477608723233,2.0369618509789125,0.37606066901597296,1
1.04035018741544,1.7337381957768625,-0.21610044755354865,0.1053396737525652,-0.9908416034261651,-0.2088876562511493,1
-0.1310748339632237,0.42230510250274045,1.8493539351579298,0.21304116210129764,0.2609756442306465,-1.6725859403886911,1
0.6192235585694114,0.53061762876385,-1.084867148216457,-1.2436320555174132,0.7602622059348376,-0.6888653969401005,1
-0.624236280901335,-1.5792060268372627,-0.8736594898277675,-0.9229622953091196,-0.023325673429372102,0.23251067323701932,1
-0.7295880791236429,-0.9600727359209774,1.0511152444416814,1.0711254689060459,-0.8119789420909411,1.0675857586864541,1
-0.2752847521689927,-0.9319440236573036,-0.7534997127367874,1.7012024899937093,2.0218077884317247,0.416105709204009,1
1.536738120850372,1.9472332677065114,-1.279602998192169,1.7621163044981731,-1.1364675178070252,1.1224646717754907,1
0.4308248035593481,0.7556574423622059,-0.08930878796372935,-0.8897935487132759,-1.2124314645549064,0.5350313864110576,1
0.6986933238063456,1.6825794874121798,1.2848160050658246,-0.6855415247194497,-0.20339729667046572,0.3137501151141992,1
1.8674529867745928,3.597218553713208,1.1312190801032085,-0.36759617148914536,-0.11482339235958414,-0.7005370349919954,1
1.9290367942574047,2.9624548626846408,-0.9105370812240613,-0.031251088186046126,0.24139667550875976,0.6595599237948415,1
0.3133386104685586,0.40309823735506234,-0.2801890219870758,-1.4758440424835337,0.563149043294193,0.5879688602464478,1
-0.3074093351156102,-0.41989079566928655,0.21044459813982247,-1.6142985504300136,-1.0276422415214297,-0.02288763202950068,1
-1.083870324676821,-1.6718829271976592,0.7321620822006487,-0.953569291624299,0.7803578160053587,1.5194604477344833,1
-0.5175518034738197,-1.268063384916619,-0.510679534522403,0.15716359790922058,0.11515674623105206,1.3724660452923072,1
-1.0187794666539836,-1.3829599524271712,1.099425531871814,-0.0909670041211857,0.31419767855865666,1.3714115389140014,1
-0.0698417315344133,-0.7239373702254515,-1.0383268907811178,-0.07626456441769351,-0.6420374336991743,-1.6191981048379502,1
-1.5460995858519238,-1.382391476338532,1.6824156879745782,-1.2910429004689485,0.015377978687192177,-0.7460398508620302,1
0.5744735936787126,1.197857183980007,0.5301380351439238,0.32044308784399045,0.3373846598720501,-1.4389820111828773,1
0.8514604453297709,1.4080535263878537,-0.7721462713406958,-0.20659212298591603,1.186376892946102,-1.8054681309247822,1
-0.3332212270901812,-0.43209671971048325,0.7165563696972677,0.5758996207697508,-1.4671865157695843,-1.149992669372134,1
-1.0500623574709944,-2.1328393603905975,-0.2722848920985227,-0.24974174408203023,0.9421380027540052,-0.5741850599058271,1
1.7389546549881305,3.3272112600762007,1.0411166004625534,0.9306563044919772,0.9391108776947754,0.5771767350526498,1
0.1782470236668525,1.0925602545893989,0.6384916861788358,-2.361789549518817,-0.5210668844495435,-1.373383964925427,1
-2.747825523896393,-4.693525249428507,0.4478354966497536,0.268889365984201,-0.7794056801749608,0.5483577998184911,1
-1.2022683509080154,-1.2600582934457647,1.9023398373432054,-0.21923820605197264,0.04855793930152195,1.3777474323627936,1
-0.2329195816455073,-0.6288704510443596,-0.1346410700693354,0.10409659429016667,-0.8475395006971205,-0.39198561934824633,1
0.2902622179152051,-0.31511882102146926,-1.40983196190408,1.5660011258456552,0.8596950374522059,0.8873408940611112,1
-1.121395765455073,-2.3297834114735214,-0.597818716369967,0.2273386579747312,-1.7930119298266205,-0.2371427225787964,1
0.7172806916684694,0.2917533003536099,-1.7811860253610077,-0.7014183802917944,-2.3308540858628,0.33741773668986036,1
1.2300114806199116,1.8041516115425529,-1.462293423289659,-1.7493683159912385,1.2214875214853227,0.5391412007847267,1
2.0517835631582293,4.158080938102304,1.1689917028321608,-0.31398731363381377,-0.11359188308941241,-1.5593875037623466,1
-0.8422345424691987,-1.389089207977437,0.4838107601281349,-0.4272475747555845,0.40964217875028003,-0.8443179268116839,1
-0.9712238613312646,-1.2293157693583545,0.2756406900770299,-0.6470768399573869,0.9944487900639241,-0.5441280704689869,1
1.615225911936099,2.967418038949407,0.6411802828055143,-0.753930295074979,-0.5034725397759745,-0.04987442040999826,1
-0.8932270573211433,-2.103873388098558,-0.9024962192637674,-0.8809552239642363,-0.9455807486657057,-0.5529631809824375,1
-0.5298966213747017,-0.7187671558557656,0.4948473445303299,-0.9069285719581366,0.7210388625746974,-0.09293529230906383,1
0.8908095523888356,0.7609668002340823,-1.8251442167789071,0.030258384480988373,-0.5437005239921221,0.38498280299567317,1
1.5246037259818903,1.9649673549991475,-2.264098324862629,-1.645181063504014,1.1415660189184766,-0.20916521440567332,1
-1.1209749193902705,-0.9583328077572996,1.4481458190138272,-1.5689740593170691,1.4246685005062965,-1.854157718790969,1
-0.4017489946422435,-0.7177718016422544,-0.01506132702224303,0.5094872220899741,0.2410434094450241,-0.8335663258251046,1
-0.5643358576777339,-1.2532971263679777,-0.23439297756830385,0.12532794080272805,-0.19490215017049176,-0.5074624167797419,1
1.7274515292168542,2.469028353781266,-1.1122250671160805,-1.1137561665946685,-0.12467951179875848,-0.40396168200311816,1
-0.4221600287851783,-0.4284470197217855,0.7986773532442514,0.5409812161488092,1.3639867409863118,-0.9752088431071934,1
1.3205635255633197,2.1420173119515518,-0.44698975791059026,1.6252017923312174,-0.2722928249457722,-0.018561413327905764,1
0.13630269920817,0.12759026629671888,-0.7822488228371319,-1.247217663960085,1.9892908932102245,-0.5352158707944277,1
-1.3230511715064268,-1.9549989883109322,1.2077914426654386,1.5156980538617393,-0.9014846837522535,-0.5812160174311315,1
-1.5038045563392393,-2.4624152157615655,0.11380403695730326,-1.2257095541007175,-1.6085795096472666,0.8553587752277019,1
-0.0156928711964504,0.16743863999061484,0.6958052114903747,-0.7871030439752849,-1.6765038971522963,-0.2275783449330424,1
0.4221273182200881,1.4259430188550442,1.5791924374481419,-0.9859362670877289,-0.6559286016025713,-0.8558689241143885,1
0.0418227576599371,0.017796444220170213,-0.22497850001375302,0.09105781248421074,-1.5209261467688866,-1.223634636330789,1
-1.680419621534826,-3.647192504005918,-1.15826479164884,0.7513284650637735,0.4494821427180273,1.059459199751588,1
-0.7163314280823544,-0.9694741873473155,0.7949193658981291,0.7202207368493392,0.5921100243186652,0.9022417498845043,1
-0.1054733650210532,-0.5804460950443805,-0.9011154240207105,-0.05803370130933502,0.8158987228439644,-2.5404944074242954,1
1.0063317971772126,1.3648051221313504,-0.6043877228150942,0.31724946651451885,-0.4437851229199442,2.2210676968228333,1
-0.0445909676462428,0.16562657051537738,-0.03497704724200465,0.5169595361050189,1.1010914711294386,-0.6881657420298846,1
-0.9603520046571916,-0.7511615026513764,2.146482665807471,1.004104916235466,0.45523249054924336,-1.0744018698860844,1
-0.8434970806636073,-1.8748535706568012,-0.5719292754317066,-0.3843882790104808,-0.4547920506653043,-0.5935229893088995,1
0.0985668353975179,0.8741157391109629,2.016971099692619,2.103688420106318,0.6563734070900046,-0.14583592771401577,1
0.337887964248723,-0.3085762827943613,-2.097197140262928,-0.6756588658618249,-0.3675639520846335,2.1425246727473244,1
0.4110450385136145,0.9129050982485322,-0.3714260363082613,-2.2175078789263134,-0.34511165449700704,0.6265742275324182,1
1.3815862049597294,2.554981818384016,0.36405186217846097,-0.21469168420888496,-0.7027999722410004,1.924030226491959,1
0.2589091860873945,-0.4870608027475882,-1.5970583441259778,0.48010172457699624,-1.1662396318406572,-0.5395289872058909,1
-0.6694772328676394,-0.425305446160599,1.8727694197439517,1.0264782002227022,-0.11916695422126941,0.3641935265578837,1
-0.1506441759765568,-0.5315379467588761,-0.4029782976784168,0.12830731679305696,-0.3970059513641089,0.34585676255294157,1
0.2579272119361852,1.4319969554720002,1.7902708180451485,-1.3884260709672924,0.5634721464799299,1.763316527073571,1
0.9870430192070828,2.151584716154782,0.9918779211035359,-2.039828017850751,-1.1524698695260676,0.23167491254308678,1
2.0916236572928955,2.6481236603761475,-1.7017749723449418,0.7490042585921198,1.0556254286711118,-0.839889595674802,1
-0.4098853518950971,0.002959185835539125,1.5092547235768587,0.6377234430965666,-2.129510667202535,-0.5143788559799916,1
-0.347810557336679,-0.8483287804914943,-0.8568029145920161,0.5019919183622569,-1.231841228023111,0.6891280601650721,1
-0.6044565158556034,-1.3058466759817413,-0.38980175638831094,1.0156107629452946,0.7112747342452681,-0.16781005103430827,1
0.8598773666258278,0.4442202416456747,-2.3919080966828887,0.03216153218984066,-1.6296670630120456,0.347628041477468,1
-0.6968322270798241,-1.6384108235950252,-0.8191716331365265,-1.132585936226759,0.8285611368036491,-0.969323201156998,1
0.5383509731164711,1.1158265924692026,-0.4826772267941619,-1.0814794814470825,0.2453302348031346,-1.3649942196648286,1
-0.902415529736003,-1.3472497444794012,0.4827604943800267,1.2398046907677374,0.7712994199921217,-0.08456843380606986,1
0.5534312904385705,1.0877441563578902,0.5751264708328334,0.4405275310053706,-0.43682216587500283,0.8540509189755618,1
0.5428399978076988,0.41330607683854054,-1.3165183275019932,-1.5809612318666393,-0.21776484409525354,1.4503798744803171,1
2.267256748337276,3.92815735024334,0.4036038804023452,1.0362695524750714,-1.0315097906084492,-0.20671827843092758,1
-1.1491014647212587,-2.7497475075847917,-1.239752642927187,1.9677744246616584,-0.783548294436024,-0.4371647462092703,1
-0.4558277139694036,-1.7207834248812555,-2.052519477084736,0.6134180305899318,0.6463597325248284,1.719758817912609,1
2.009067687580744,3.339295946882274,-0.7286351895361611,-0.2540639803821906,0.044100969330323,-0.1729851851057126,1
-0.759678572757045,-0.5012432169169463,2.043337941440585,1.7199173455554344,-1.3860485522860924,0.4053865491864831,1
-0.6615512986471862,-0.38812285824701026,1.4410956068332663,-1.8263707105835543,0.2825260326456587,-0.28097239620886044,1
-1.0363147193541014,-1.9432771006033014,0.12491442950003476,0.679439365035731,-0.3757068960050598,-0.321270739031973,1
-1.028458926144447,-1.6931484328699216,-0.48039109124904383,0.04539868096488426,-0.446126043805228,0.805838667772151,1
1.4437311405289464,2.2518204837387277,-0.9715372165387118,0.7178105309741312,-0.08656532609030317,-0.3066363278240838,1
0.244179573819295,0.06589135588368245,-0.6667277032297932,0.34115947404435987,-0.828451888473035,2.0270954777505588,1
-1.3078305721627248,-2.376314889146604,-0.04419487767085539,-1.113043700836882,-1.4262939718574292,1.4788505549648423,1
0.3714153674113487,0.587570352395915,-0.7520365183311336,-1.7854585666644693,-0.29015090119160336,0.4045086607236374,1
0.254700725439366,0.37043293335107425,-0.08180747269965094,-2.042457195083488,-1.5327067346654488,0.016472325414400538,1
0.2838092449215609,1.1270526607829978,0.6947047388393321,-1.7873589814858402,-0.08714523848138284,-1.5553095507812957,1
1.2633986017609358,1.5210880652720244,-1.2366078947192642,0.3758729210246081,1.0149602930428476,-1.0612843919487005,1
1.0716330782324497,0.8879330437260881,-2.0154027408160764,0.2589040843545129,-1.3962372281632363,0.5307060506583932,1
1.2218751233670582,1.1099834109932334,-2.01824080462731,0.2554418087266555,0.3933675795131941,-1.0901915476384991,1
0.3451124883611721,1.0549434927714751,1.228902793594291,-0.6827552226993159,-0.013352895654896176,-1.2962738687648898,1
1.0468031604090822,1.5804855334019985,-0.34956812623679906,0.9707938668141332,-1.234323244449292,0.7107651358828454,1
1.7239444786768297,1.8071085563386917,-2.4174963405944463,-0.08791177708722302,0.012242926719045989,0.7703419875953067,1
1.3180384491745043,2.5160427012596216,0.5652299762362797,-0.5784323621468939,0.7673932237618927,0.4981473656174698,1
1.6073701187264466,2.012729603809751,-1.471052257024276,-0.22965019900296482,0.4239731124360779,0.08090451570073709,1
0.329541183963469,0.9762463658548319,1.031167138874298,2.1033736070417106,-1.020324591659967,0.8110254345709209,1
1.1050201993734718,1.4286188959269968,-0.7740076526703564,-1.1396306668732346,-0.7475302060233739,-0.21886887354633888,1
-0.1289004626284107,-1.0624184418239688,-1.4691254151731226,0.3593165713056508,-0.06613091949459682,1.1168750037875848,1
-0.5169906753874152,-1.284134655894185,-0.615093612799267,0.8315726265939051,-0.5826874036655292,1.8539546283519115,1
0.7135632180960446,0.42889140283967014,-1.545669794527306,-1.7029349850495303,-0.6570917195160052,1.1477732597598733,1
-0.1802436825343553,-0.7029156877451354,-0.431145593643082,1.3495395768336067,-0.004839445885223473,1.001944235518571,1
-2.070473782596244,-3.4814597848368534,0.6447774970048288,-0.6960318171779369,0.8956671380881582,-0.39413093230940044,1
-0.1732295814543067,0.4472629379809932,1.308357946705501,-0.31242259560552016,1.0480526891836306,0.797367873972563,1
-1.6438060138969797,-1.5126857753732252,1.6903131122250474,-1.762107452716188,0.38766172439593943,0.4521077029553955,1
0.0874845556910424,0.06139723783632581,0.07197822741469041,-0.389561720029487,-2.2882831687019882,1.110627656195007,1
-0.5744361632330021,-1.130135063421469,-0.6989715654126837,-2.23929728232666,-1.6645535330724972,-0.5710915437610576,1
-1.032106258706073,-1.1620671075712858,1.5500192271399336,-0.942870968106633,0.22777036321063393,0.2875350866774901,1
0.9084149460997542,0.7483307445105315,-1.2997437905633205,1.4260467786140254,1.0762481036402014,-0.43705957514804844,1
-1.4002062833869444,-1.5505847513202187,1.7027860425641084,-1.2665233578853028,-0.38638599812032653,-0.4440633741168318,1
-0.3219285243513053,-1.450219748640123,-1.6489180237747756,0.40142934470887687,0.489257128746443,-0.7564331110073061,1
-1.468313204874203,-2.318131899105137,0.8236435120788588,0.1258906282443525,-0.6105148319973576,0.3016191700875594,1
0.2831078348135568,0.019321423265046194,-0.7188141156651158,-0.20139421420427447,-0.0028898447938900114,-0.16319835044591904,1
-1.574717118258516,-3.0980625265784925,-0.36614492674062843,0.8147211862387275,0.6839808665112321,0.013565942584947283,1
2.122275279012702,3.127198402059219,-2.0054560256231357,-1.8472625923472323,1.00941517016952,0.07830016742286686,1
-0.7713921215607238,0.03249487846801784,2.9073252867184793,0.05169625460627499,-0.4898459332449039,-0.30820254014820697,1
0.2772159899063171,0.6876913360065947,0.5730470357072988,-0.8554844597586547,-1.2924039920685484,1.9535383201875374,1
-0.9446404182378848,-2.2319527658675082,-0.9936791782610839,-0.02654516710673546,1.593069002091655,1.2351454151213932,1
0.962283242394516,0.8640833901138744,-1.8299370938714137,1.2228228436582336,1.8865175044266043,-0.5222527874485721,1
-0.9033273628764096,-1.6182976577840782,-0.20971681725823504,0.5190145698918719,-1.3417755579882598,-0.3632425153788378,1
0.4955649565281829,1.3549996301760843,0.8093539582566949,-0.6467217689019485,0.33756531503961945,0.5558982240263873,1
-1.581590937316962,-2.024527451308731,1.9222959299160707,0.29054983533909634,-1.2222910875239443,-0.059411772023969675,1
-0.4594750465310295,-0.059627949367374304,1.9540418599422495,0.5529020428219649,0.07606285559794783,0.6835770636396311,1
0.3427276939939547,0.8439022787671655,0.3239325467653598,-0.07303946094950678,0.7932891647305779,1.3614581852687926,1
-0.3387623669434169,-1.0693382996165817,-1.0583047623185369,-0.6777255770397108,-0.9684718559787405,-1.0636398888014853,1
-0.9829374101349452,-2.6594417395730696,-1.604284649698662,1.1896405741889888,-0.5799497197557698,0.2548853992130293,1
-0.7888572332500406,-1.1828270373615832,0.781805135532217,1.5222701948371402,-0.7140341726901973,1.1080211206180552,1
0.8619114559390412,1.5137594497804163,0.20584196748410663,1.167791279390716,0.7393770850878948,1.4945652068295978,1
-0.3268383951073377,-0.6564097439214197,-0.6406642882767962,-0.7984888314764744,-0.5517848944750999,-0.4296522810564876,1
-1.0133786088223475,-1.7746107669859732,-0.030240852711742046,-0.7564866035135496,0.8926087524534481,-0.06367243494894496,1
-0.2341821198399178,-0.620311548775423,-0.11054622338214938,-0.3178320748311486,-1.5771695507780445,-0.49748971221934013,1
1.2136686251034037,2.4922182058283875,1.0975409220851584,1.0466605535655884,-0.41263537891400587,0.7745582789255101,1
0.7606278363431621,0.8072453175174691,-1.6458991504702845,-0.05079905782211474,0.11892898190543122,-0.11154580310987529,1
-0.7185759404279702,-0.37322268620994503,2.0891830818111465,1.0457460493495032,-0.7938464523532788,-1.0873436595687977,1
-0.4957379491148727,-0.9340666623753339,0.2043035438795439,1.8749023186201685,0.6206352188330287,0.9273906246806234,1
1.2569456287672935,2.1101995532295224,0.08539524029866209,0.9718340733583765,0.5816206686257313,-0.12848612977622062,1
1.2820561106338624,1.3620993982503617,-1.5179711372114495,0.9219038419696345,0.5094982076148452,0.2992720848210503,1
1.26809804948457,2.266425324325455,0.4222368256524471,1.0268478163503105,-0.81348981568973,0.3455990744602883,1
-1.3654163420299112,-2.1119800675712006,0.5062528151507744,-0.7257851139347772,1.09003324841465,-0.5802818047931825,1
-0.7976248596000995,-1.0922396707686581,0.445437687802147,-1.32670002938162,-1.491347264110944,1.5816790162443255,1
-0.2767577133958037,-0.14103125362356062,1.048882742395985,-0.21837142533475806,-0.10534129374812919,-0.6945877127805685,1
0.4507448506266793,0.2406735981992572,-1.058707749804331,-0.15177671769143053,0.8253292865358844,0.10352126287823439,1
-0.9156721807772936,-0.5374904844321192,2.48881974216864,-1.1880868671533509,-0.23541304837533103,1.0417394406483935,1
0.0941479517170871,0.3207403704446202,0.7485365543156264,-0.5219478392205845,0.1743332260604888,-1.675905784610821,1
-1.701111219720965,-2.686909452493014,0.9588512088242012,0.9289000643508706,-0.3844149706517929,-0.5328473329125345,1
-0.3984523671346215,-1.302941652517301,-1.0158970810163312,0.44954148184218606,-1.5028570867997115,0.12652430468858092,1
0.8303480010788301,0.9836689047634403,-0.547552094668519,0.956179681877288,-0.37639174641335965,-1.4182143549282915,1
0.3676277528281231,-0.3104740093997218,-1.786421719355815,0.8737507790943434,-1.8979488037666454,-0.7965279619800686,1
-1.1705646140262018,-1.8888418108957534,0.12105285953223452,-0.16766306182645188,-1.0240051556463865,1.256632819728953,1
0.9894979545850968,1.7411250593882794,-0.0035912319311842767,-0.6452668624191323,-1.528648186027194,1.4588727804242705,1
-0.0897617786017485,-0.5668263558683684,-0.6670612277430616,0.4535644631974564,0.2103676261216519,1.9819780209502142,1
-1.563073710465638,-2.031417759151248,1.7486118059690707,0.27603736469964174,-1.595612558351283,0.9758395014720365,1
1.2980482610963684,2.188640469509436,-0.39600885871970126,-1.9598319154149015,-0.0034172221430315624,0.34389890611788104,1
-0.7646585845238784,-1.480913153677455,-0.42493713399365907,0.9113386636676819,-0.4581936003730332,0.2164386939587187,1
0.2549812894825672,0.514453862594944,0.44139550069840194,0.518110809197522,1.7830887172605727,1.2172240589390746,1
-1.6456998211885925,-3.2309049080414924,-0.4192637948401555,2.291154728276926,-0.5555417120386702,-0.21277206680521388,1
-1.049220665341389,-1.5186011886916972,0.9350327789574499,1.4886314865239447,-1.1150001724070557,-1.5946424040389817,1
-0.0832386645973034,-1.0407959728968377,-1.9555217470512458,-1.5363681945726209,-0.024163615318095594,-0.08524751853719285,1
-0.7257303235296165,-1.1334783474888348,0.5811960387847127,1.557493991219183,-0.8063880466723037,-0.755184958357155,1
-0.5196560337978339,-1.549393585868441,-1.2168007374717076,0.5649100782756424,0.38197252148267125,0.9770423216283717,1
0.4443620186438398,0.7481179169987665,-0.4996715291709963,-0.7251769408348867,0.41514623401029443,-0.46032019021241216,1
0.1331463537221497,-0.18665616720009978,-0.652465499250237,-0.08851727669598292,-0.5989402247372078,1.0748465057613594,1
0.2095299144838624,0.9351047575499848,1.5831074923719934,0.5229767223455533,1.062157788709039,-0.31384247388176884,1
0.3689604320333324,-0.2637385269611394,-1.776241097165999,-1.2935730603522873,-0.3822623728913083,0.6452187328625125,1
0.1304108543009302,0.4265517616569982,0.7071789055807959,0.30084117359789897,0.7758787038158228,1.0331359348059794,1
-1.2818082571557494,-1.9726139526121824,0.0691535839758812,0.23692872341952442,1.2572487812743596,0.7146186454296829,1
-0.6396673032774405,-1.7248682694623219,-1.6028135528788725,-1.8444495103121634,-1.632880083721641,-0.35690248925732876,1
-0.2220477249714363,-0.2585541307554939,0.10988568057404113,-0.09243485794744813,0.14926861940824157,-1.6020149803022135,1
0.3200721475054041,-0.10873439689951284,-1.0858482359847934,0.13904473744910917,-0.1592046408823908,-0.7886603445108595,1
0.1099296791471926,0.3257459724463824,0.3623479964161574,-0.21508529790065517,-1.4595208370928512,0.5698255076100145,1
0.0936569646414814,0.1034515130559291,-0.5503013153907123,-1.1734275326696753,-0.25535843091092114,1.8145858460841329,1
0.6888034412834798,0.9855616752408433,-1.131728182808012,0.04943746616629317,0.566063453745512,-1.6141844410065749,1
-1.6529243453010407,-2.469692892090092,1.2233323592079646,1.0611285895274436,-1.4258572738229107,0.5263888895248472,1
0.0546585626364228,0.09542561626494209,0.12215133144076977,-1.9049966342151596,-1.2022544698205493,0.28717748041749397,1
-0.7510512284285857,-1.4520227823380312,-0.12816104543130938,0.003416328225634368,-0.06993857369395592,-0.8756123627925821,1
1.5506961819996667,1.4941819534975922,-2.2492855873354496,-0.5158312821518659,0.018239167608717473,0.00999483109011902,1
-0.8412525683179914,-2.255213357420446,-1.4456604090157203,-0.7794563485219669,-1.0653330775307652,0.9633973177735767,1
0.30302788188089,0.8087761178592774,0.03938554053962081,0.12331039853073442,0.6518363349953347,0.8713099962162179,1
-0.0316850216589584,-0.5865492856253648,-1.0523276275980236,1.0166011834744717,-1.7205890297294475,0.36489925779148913,1
0.564162865091042,1.1382678324765445,0.34866948530433034,1.2907562274529831,-0.3069111813831799,1.9968606199355075,1
1.055220081705141,1.461762484891646,-0.48642989804670067,-0.36055272117478077,0.6226331449112895,0.9993108935279504,1
1.5823999188814777,3.5400232048218006,0.9820828673685195,0.10776203080828138,1.076104706697786,-0.7647802859371192,1
1.7708688149023435,2.7668752297316574,-0.46520983900873336,0.7219448379768222,-2.0601265578559493,-0.44871954565605204,1
1.5483113876324492,2.142309792224746,-0.8841448159140806,-1.3861424433406149,0.45586666818182986,0.9214469824492159,1
1.4200234788783896,2.293467077455673,0.04584242116607352,0.3127863532994022,-0.15205870037611835,-0.02603307231148189,1
0.2871058724291828,0.0683012208256253,-0.7629062017087913,1.212532089525504,1.6435976884134957,0.9562821484764725,1
0.4692620774780043,0.3379917953779062,-0.8401025331478604,-1.0001631497506693,1.5385289342650033,-0.4443318347519586,1
2.3653840224471345,3.188203403620174,-1.677050181614903,-0.11672307872089926,0.511996534063852,-0.46425369840990927,1
0.6941341581043151,0.9927974117216883,-0.2386620779368355,0.17718840723767343,-1.046069285996793,0.5724228998682452,1
-2.364364617850218,-4.438054396307298,-0.36296916253281997,-0.5451834251948697,0.8156321757113968,0.24363257236763108,1
1.1444394474433393,1.6029454727991543,-0.5348314265520712,-0.8055534162734297,-0.29177281063028376,-0.6847004440556472,1
1.034528483518999,0.8982185889800901,-1.5798188315916268,0.6346574246680092,-0.5831774265360209,0.5730660428846172,1
0.3726779056057572,1.3364911893561402,1.4214043813773005,1.8416900109823982,0.04106456869448574,-0.31313803652546557,1
0.0371934509471039,0.6871285172721875,1.3106320176663162,1.0635191008781453,-1.1551729928700112,0.40964902999824065,1
0.3407637456915421,0.554272985313222,0.0876064721193922,-1.3782695259359719,0.603070452109492,-0.2743866127760153,1
1.139178871633303,2.3787016466946556,0.6620814153333975,0.15241998165688786,1.2204081291608273,0.3275086205046112,1
1.2930682493295371,2.4321501455008177,0.13035534360799225,-0.745599420531253,-0.2226209866259464,1.0715041207674547,1
-0.0264945868597227,0.8378596612258103,1.9764162560736327,1.1985173451915707,1.4252373291597493,-0.18083512424842563,1
-0.6846276912005397,-0.7204711600966267,1.456494767176913,1.6828934435533378,-0.28850414008465314,-0.32258226421561975,1
-0.5465200409344129,-1.1161035120008829,-0.30240222736091055,-0.3782033233044904,1.4230220941682177,-0.24551403834582747,1
-0.992196023560606,-1.9798729972901374,-0.9869976811354148,1.3150557447599964,0.37502156349442956,-0.7131594435124408,1
-1.496930737280794,-2.849443101897652,-0.7896905092943846,-0.45276024329984993,-0.7908651957060117,-0.2431481184059562,1
0.7327117140445749,0.6676208698580597,-0.8339692886980826,1.4130959764412407,-0.03887498660233003,-0.8762770396192399,1
-0.2162961620857961,-0.7446065674761985,-0.37453008014915506,0.1434260753211592,-0.9214767688133801,-0.6529502207824591,1
-1.402170231689357,-3.185313046411653,-1.385786746363377,1.3602026136403171,0.5955012160867951,0.6921968427172313,1
1.2403222092075803,2.55607871131873,1.1317191143671752,-0.4659401047805308,0.2655409633602336,-1.732780801378151,1
0.3662950736229158,0.20893054564225802,-0.6466070098252746,-1.256508917703585,0.6040462245231101,-0.5273358168558732,1
-1.3170891855883864,-2.432492494331078,-1.167614235345712,-1.2588634823252645,0.82578415273779,-2.0167631407557485,1
-0.1225877716563681,-0.20490415041350113,0.2801860466606079,0.6157136698821756,1.3494905272855666,-0.34593806268044275,1
-0.5098362922857669,-0.11101446889315378,2.104447866050567,0.7000040314960159,-0.47913222103944786,-1.3856101128671807,1
-0.583203789583061,-0.7867308429275739,0.6349107473391575,-0.4591769216490402,-0.07106953791818146,1.7122932040115788,1
0.9238459684758576,1.778180928731747,0.2896805409628569,0.2441819571193126,1.7792706451884297,0.06619096391134495,1
0.989427813574296,1.07780192022498,-0.9493090069857332,1.7584252704649834,0.40191478633946054,-0.08030258502978757,1
0.1028454370563451,-0.28259731311657127,-0.7850047978066558,0.035070462792819286,-0.6302544485621824,0.9451231438237538,1
-2.591411069811341,-4.448245474903068,0.44159906042004315,-0.13954584060883146,0.13352840692898946,0.38045655481625085,1
-0.6086649765036318,-0.23093063023401447,1.7981939315860338,0.8913666126073856,0.720502307287918,0.9036005061417264,1
-0.5456082077940084,-0.7695128938291633,-0.20461883045014992,-1.2428024998384823,0.9267776862604248,0.9864570098970494,1
-0.8822149186254666,-1.2523368936482422,0.8145706278505829,0.4330270823432923,-0.7691257121396732,-0.026503811770656988,1
0.4855347919837155,1.275723420286122,0.9290587186613631,1.311479806663298,1.319051283345717,0.92242443277789,1
-0.6622527087551923,-1.7201178728494035,-1.0999900099865827,2.0518445174070026,0.17630078773314697,0.27579359443367374,1
-1.1935708655687574,-2.6886056478332825,-1.167926480814246,0.5359886547626553,-0.33078869022251717,-2.1052565256234623,1
-0.0818358443812933,-0.25591372700164927,-0.9877164506838377,-0.8759481318365719,1.7009971696512425,0.859970544057985,1
-1.1736508185014252,-1.8068327286294217,-0.3220453506566906,-2.1939067755506305,1.2563651462807262,-2.3573113653317908,1
-1.3209469411824135,-1.8957782129732874,-0.04440168458654675,-2.1079234758532523,-0.3932903467105843,-1.698518286329568,1
-1.866363441166874,-2.8068718224665554,0.29196465088373497,-0.4559655213821661,1.8026944131294655,-0.5578767086693481,1
1.4744529032595537,2.0534800467528043,-0.8695129285852664,-0.0511309890969665,-0.6370997670964365,0.7991001215015818,1
0.3856539926038445,0.6508031159516607,-0.843218284163924,-0.7066874991289295,1.4898045343767687,0.5742928413044933,1
0.317196366062583,0.6426736720953958,-0.07357654830267849,-1.5577397727157354,0.06933897696511199,-0.5262547105825424,1
-0.1244815789479799,-0.6796302065820037,-0.7181716182160938,0.4409067839589237,0.5432262107291086,-0.2632361437822475,1
-1.8622251215296464,-3.3084809159159176,-0.6954234145166202,-0.1354882156484825,0.14492547832938268,0.06998906573149467,1
0.5622690577994303,0.9398405354156218,0.3996347019215405,0.6671780640518375,-1.1532567346931357,-1.6753761010266106,1
-0.6372123678994223,-1.3164656413983575,-0.40952600342243595,-0.7137640929310888,1.6562848390939902,1.3625723352962367,1
-0.013308076829233,-0.39132830971401045,-0.2766413191825903,0.7357505164740497,-0.5473651574973029,-2.206395661373001,1
0.3632088691476943,1.4930915410994257,1.4102702276536996,1.0352188952295807,0.07696865851909238,-0.15528498569661225,1
-0.5887449294362966,-0.7105004920528529,0.9430666961748279,0.30658163116108894,0.685793772798717,-1.5902262430022374,1
1.367207297745634,1.8029831631584905,-1.2719538903855643,0.5884301350617243,1.1619192210745504,-2.36520642307388,1
-1.0194107357511888,-1.365474413933597,1.0460455758142861,0.022152091635945555,0.36537981994007745,1.0892478282434706,1
0.3818663780206189,0.029233561046954685,-1.1940753419545695,2.1338264685275274,0.3770402354702543,-0.18237901602732,1
0.97932750801903,2.393182149679514,1.4673078284645344,-0.29709368134307235,-1.4456991972062432,-0.48053564993888465,1
0.7285032533965465,0.2989672728400448,-1.7765597212062816,0.10403864975241685,-2.321284227110265,-0.484160038143394,1
-0.8275049302011013,-0.9385086344857012,0.7566409130724958,0.2659507535887794,0.6238587399458593,0.14873667086580575,1
0.7868605743825379,0.9284373773989487,-0.9025661005334079,0.7625420695735459,-0.04692148791663236,1.613461063294308,1
-1.1026681155713476,-2.2992976732282995,-0.7106597537599779,0.7895861261642222,-0.5740351499186092,-0.7542223336845025,1
0.31502199472777,0.22990458470228778,-0.3809126338059011,1.40200215956648,1.6899579689278874,0.7714382688190402,1
-1.5247065775577795,-3.239136436715832,-1.1252374135927252,0.3802806903065938,0.940692102273885,1.8432387709856646,1
-0.536349594368346,-1.0936261574580415,-0.24247075708254806,-1.1674724403613024,0.41877336562402284,-1.481547481131277,1
0.2760937337335101,1.0963989336268918,1.6733608373130222,-0.7713677909151221,0.0027770691445954824,-0.28531206850998836,1
-1.692063029327704,-2.9377427630240454,0.27003446592152336,-0.8613555365861258,0.6634710215667234,-0.45684785248986887,1
0.1075448847799772,1.1187209156516051,1.2948793526417433,-1.837592991140259,-0.8553643183714794,0.6378547652777926,1
0.9429243234135852,0.24186973285999488,-3.041204912999355,-0.7975703914021397,-0.7191988390939349,1.772239123288361,1
-0.9419049188166692,-1.3591147433424648,0.8262470868719936,-0.4884237311374942,-2.017733969596508,0.45760337966884157,1
-0.6828040249197287,-0.5974602976995903,1.4106859816674442,0.7637199219501389,-0.1361232308363752,1.0152706717978337,1
1.903715889358436,2.6766815707386824,-1.4516936585259919,0.49724937954744697,0.6707058992238822,-0.8807249150793247,1
0.395263311083509,1.5531627123774756,1.7470410241481285,-0.3578624426102359,0.06815167319852691,-0.6726797084966369,1
0.1082462948879813,0.05891215764293849,-0.1374251075331332,-1.7297386869360496,-0.36589625345770366,0.381547437051039,1
0.4637910786355693,0.9121855533143423,0.4823403641443715,0.8684992863945088,0.8571107624494094,0.21880651734988735,1
-0.738636269516905,-1.1679725337177074,0.11169887705639342,-0.4302602567357934,0.5411889551210155,-1.6638820587875613,1
-0.1646723781366502,-0.2936608182898684,0.3392665571818599,1.2375719981936018,0.9784190674821521,-1.9357187365880368,1
-0.0432582884410355,-0.5451918908963391,-1.1020931009812192,-0.2772936704372757,-0.6042549474491062,-2.325674352981774,1
0.8073417495362755,0.5824532668211226,-2.1726148513700148,0.5108971166688042,-0.09692741126751901,1.3674735297241654,1
-0.8212623802398574,-1.9336666741449762,-0.74469922002392,2.1580337897891204,-0.1320651371864869,0.6267221844011592,1
1.0291977666981635,2.0589446612965436,0.749582969562224,-1.3539312238851477,-0.3958119801466884,1.4836025298732864,1
-0.3988732131994224,-1.6742256370830517,-1.9864555103574444,-1.0814444188744765,0.031103715775855918,1.0464568085225006,1
0.4855347919837135,1.1465250289798432,0.9963260119535658,-0.3235765737502599,-0.11051004023885067,-1.6522343638969699,1
1.221945264377857,2.1867463615455316,-0.08997994810719195,-2.1000411920687085,-0.3454106452466802,0.3026564969744082,1
-1.5803985401333542,-2.1154901850507337,0.6197213296648025,-1.474023185517036,1.16517309311906,-1.3072735260286188,1
-0.058338605763137,0.16256176837481817,0.7272150908633297,0.9122119555965574,-1.9119629130008455,0.7790363650819907,1
-0.2798439178710231,-0.2773927357156282,0.20798881983940695,-0.5061665919606618,0.6431859597424264,0.06693703784238152,1
0.8673123137706773,0.9154321403169565,-0.9266268692230544,0.32597258348192104,-0.41236192766370594,-0.6445238102955619,1
0.9507801166232396,1.4513166885302464,-0.47848670244598257,-0.06753686705145652,-0.7244499817340603,-2.3031945028893714,1
0.4789415369684696,1.248853058771285,1.0348662055189601,-1.7791622724293783,-2.294234628191273,-0.566357789694252,1
0.4978796098845975,1.6822832331238233,1.8263872797797542,-0.7900783536910584,1.5249023484375273,1.2189253970811882,1
0.4027683992391593,0.7445806750697082,0.31230056125579175,-1.1161884001490707,0.44136453597221487,1.2595596279792205,1
-1.6132946741987748,-2.763742524001011,0.3150613433754493,-1.2840853679732924,-0.13039070620536855,0.27641487478072096,1
-1.5614604672172263,-2.0525324586558025,0.6280762948396648,-1.886188351489449,1.7258396748321962,-1.267191212044022,1
0.058235754187246,0.5403520436021291,0.6283505623962045,-1.1546172070667269,2.123212757435486,1.8269285263150201,1
-0.3022189003163745,-0.31608711717909976,0.7653336858273677,0.840705995760776,-0.20195479364531232,1.7410257091357186,1
0.6441937584143806,1.2019680382380753,0.1636177202833919,-0.004944735479768084,2.011168676270297,0.7622332250505354,1
-0.8766036377614301,-1.449808595567368,0.3457943748175281,1.0005682584729243,-0.9807500093427399,-0.2689526315970621,1
-0.1459447282529248,0.2626206638060876,0.753516151307691,1.257708621756355,0.4729025540811355,-0.6568825321782975,1
-1.6130842511663732,-3.322695365622463,-0.8502615738791539,1.6818086643802834,-0.6069843995332624,-0.3816344314892002,1
0.921952161184244,1.8008580693586669,0.16707012175664365,-0.2576333093003657,0.517507369512555,-0.6609398584956682,1
-2.2544536539258786,-4.067474623545163,0.008034089578059565,-0.6080771619721952,0.23916763874007027,-0.14737054443572062,1
0.3399921945727372,1.06907832948821,0.6043930537862512,-0.5456772138050683,-0.5646652370567607,-1.5603612730915362,1
-1.363662816759899,-2.4355813505111605,-0.17554812489669852,-0.7476292786960558,0.20111614380200601,-0.7201359471082946,1
0.5377197040192658,0.4142195439472935,-2.0971424148231774,-2.0033393473110084,1.0331375440820936,-0.1333303295828842,1
-0.8660824861413591,-2.0277238295447164,-0.8629516403553655,1.841678732923983,0.0836496692499029,0.109398515740006,1
0.1792991388288586,1.1117939144437006,2.000748437214576,-0.46095531533603623,0.5916576597582338,1.300177506823394,1
0.5891330649360113,0.9295337190319714,-0.7384624412461586,-0.700748877906384,1.393093749491889,0.09757969719937036,1
0.0318627341262686,0.8978857393709969,1.92683276054022,1.2184395071813265,1.4561194590387312,-0.7753992468937448,1
-0.0666152450375922,-0.07445141411512705,0.30806138658677457,0.6762718253988496,0.406043307293697,2.4114780294714304,1
0.6062474715713261,0.7332411376196448,-0.29751022400311533,-0.6717442392298978,-0.43911263683371493,-0.5023515953988567,1
-1.046625447941772,-0.8543952463857062,1.0813056112852146,-0.6116159122314193,0.5014129759090102,-0.8175282040121179,1
0.658572665628476,0.18773501913205712,-1.8268544715031518,1.4808770445672703,-0.4774105737420566,2.0749408113774983,1
-0.6200979612641073,-1.4761482118115492,-0.982320047628973,-2.217518467834414,-1.4100718004378738,-0.7012360018666324,1
0.504963851975445,0.34289145518071573,-1.6865711505623695,-0.2490441772931046,1.5158526140407107,-1.7019351330756756,1
-0.4198453754287637,-0.2784911485196641,0.6687748380012818,1.4530609156635175,-0.47202057500685896,-0.9358017727457316,1
0.9728043940145849,0.90763756322469,-1.4325041497105326,-1.4132936316075984,-1.016689698669321,0.3150554714867493,1
0.8218609387719725,1.193895959692071,-0.12931026797570816,1.1748682051660153,0.0704789091489298,-0.5420158985769788,1
-0.3487223904770855,-0.12854672855116,0.8821128201238811,0.8756057855891466,-0.11840707284381315,-0.2778993037907674,1
0.1006009247107313,-0.5609134337615354,-1.228469784231103,-0.6837923285816125,0.6820452700640681,-0.10435581097741774,1
0.0569030749820366,0.8211462746509153,1.3038982517596125,-1.5494912594679426,-1.2878610597679068,0.418056807393645,1
1.166323442813085,1.1564316541421895,-1.6442905882508578,-0.19821464430431976,-0.38565761027104084,-1.3265048234705434,1
-0.9191090903065152,-0.850257104082553,2.1189782363765235,1.4304042575304072,0.7302311313864818,-0.8327768513719023,1
0.4804846392060814,0.3773713232278953,-0.9685709021584422,-0.3689664480913311,0.03987519897046813,0.9347482557852639,1
1.6611682740104057,3.2763237800732012,1.0934192291218703,0.05387746371920474,0.4759722022506201,0.49867345861249984,1
1.1602913158842456,1.573857472285987,-0.6296142426602028,0.9503327518979777,0.969088278625044,0.91546937399892,1
-0.6234647297825301,-0.3319677739057127,1.4350750291718977,-1.7190851664623328,-0.16779386665844845,-1.0101759087568125,1
0.2675365304158517,1.3507546877459398,0.9596182301414012,-2.9461075718835152,-0.35258809787003437,-1.081914161724969,1
0.2374460367824495,0.13956484646993864,-0.2883943068635841,-0.41677972077646486,-1.3277538320566622,-1.0280534110397628,1
1.7318704128972828,3.5671954929535343,1.3337377325957587,0.5426973943143657,-0.13981379609599207,-0.4642563194598849,1
0.0480653076211789,-0.16596208213341385,-0.6027630677021438,-0.8344431703917274,-0.1727913806412286,-0.02065663223167921,1
0.0449791031459574,-0.5273395013542869,-1.140228519986537,1.3205876052171408,0.6682257116638124,1.0502983621567532,1
-2.363172220666609,-4.309914554738695,-0.12473391015534697,-0.08065982646445355,0.047192017700937464,-0.5496686394171388,1
0.3369059900975157,0.45759095202768024,0.024309131878662425,-0.12503085077782544,0.7750019170049536,1.1489073709269872,1
0.6494543342244151,2.310980031764143,1.5167063959587521,-1.7803856073965405,-0.32327125696655706,-1.1217998118314152,1
1.1504715743721787,1.7461812525502576,-0.4996534066231004,0.02338077495452816,0.7597340621044627,0.6906965256657928,1
-0.540698337037974,-0.8982418453408737,-0.3160607827627335,-0.36699760280534227,-1.285062854944124,-1.9726210468367527,1
0.9895680955958998,1.7317802490566214,0.3720581560397909,2.23107146810025,0.08966674964086191,0.9267296986580252,1
-1.0870968111736423,-2.090781544324261,-0.14883489274921216,0.5243758598666657,-0.14663585245146815,-0.617407352463738,1
0.4965469306793901,0.6649747155345987,-0.19496849267684754,-0.44869384165109133,-0.40148216268932324,-0.5733546854952412,1
0.1281663419553164,0.47715338742417046,-0.5082554767113426,-2.110632464065377,0.9926407537286915,-0.31171294967066127,1
-0.3645742589179919,-0.05291775776610569,1.3980571946789344,1.6801690715159425,-0.2677096041824346,0.20684293521187935,1
-0.1758247988539245,-0.12397196853548262,0.8178701499138431,1.9638009203906794,-0.36702476127587036,0.47848531728763,1
1.120240798717175,1.4090519933377077,-0.9513176841549674,1.6136285583526522,-0.3183682962652086,1.7099977830072497,1
0.3883894920250619,0.033759612440519525,-1.0157453270714911,0.07939635556510088,-0.5522760201570396,-0.008211915907038993,1
1.7976626810281238,3.3166045803988613,-0.12905207830819046,-0.9910482082852601,0.595879694096765,-0.5168091738023066,1
-2.22036512267685,-4.149784682568645,-0.6157755983401385,0.7333577687417364,-0.19893683588082112,-0.8624237414335122,1
-1.3615585864358848,-2.203575990908906,0.4446972892732129,0.18744409880831764,1.2031190702076218,0.9173413797049043,1
-1.0753832623699635,-2.137926148750836,-0.3150809200465053,1.3158990741804095,1.3956230137618726,-0.6465241131770668,1
1.1116835953995186,2.305719570715112,0.4977224737277755,1.1168622776944073,1.9240765881614654,0.13033757571759233,1
-0.4895655401644297,0.010067991867356654,1.7591982211942525,-1.3759401400981912,1.1870539666528421,0.28545050946209133,1
-0.9940898308522196,-1.9485761483218422,-0.2018034300173553,-0.45168603606119156,2.468375717094943,0.41953060417348736,1
-0.0877978302993339,0.46886728863301624,1.6318013500483806,0.4803085194559548,0.017271943900113367,-1.0963097515859326,1
-0.3840033189097234,-1.14809487890584,-0.5573778821147704,0.5882332427931971,0.8541766845798111,-1.095527885766485,1
-0.512712073728588,-0.6552154506212979,0.7613380373570539,0.6060893949764006,1.0065512533420498,-1.058689712838932,1
0.4688412314132034,1.344409142369892,1.2121224655830152,-1.4623956772951119,0.34776942260940735,-1.1941448944797648,1
0.4672981291755917,0.02913523587238419,-1.3067115707100831,-0.0734176738290493,-1.8113055241527767,-1.4557678751335374,1
0.1811228051096716,0.09470156469759054,-1.07419995062244,0.5173677518116786,1.1965178576245126,0.15192120092639624,1
-0.7476844599101631,-0.46321998764397176,1.917148325612919,0.735081690430711,-1.2475699483616702,0.07037589178278864,1
0.5084007615046685,0.5964052126397533,-0.26335190264993036,1.5072850770808734,1.1868826229452003,0.6983122277115963,1
-1.339253745001335,-2.275882783103222,0.23110675013061155,1.157670279751608,0.8175433269360993,-1.1917121367168277,1
-2.053710081014933,-3.4070521503359625,0.6490658176063223,-1.263739955956194,1.1599349196142816,-0.7348879222980138,1
0.5469783174449263,1.1075407003423179,0.6068568962580405,-0.9174570871581431,-0.6974392584414674,0.8524915365366802,1
-0.4612285718010417,-0.20877811553385203,1.0232357530299139,-1.0427837274436096,0.07370975792157484,0.37789938238503906,1
-0.4324006163620461,-0.8579796582562433,-0.5286676768480514,-0.4705658832357114,1.7549113570396517,-0.22643615746850082,1
0.8291556038952204,1.1440443816869612,-0.6431321241448674,1.2172634345388396,-0.6026032438960484,-0.8274356492111484,1
-1.8062525949108703,-3.3888956973041284,-0.4543931967073356,0.6244113224532761,-0.18544894963631411,0.3035605225588729,1
0.9137456629205896,2.360861035212721,0.7928165513377344,0.3532472153351502,0.8099356321255282,-0.0195947479988178,1
-0.1126277481227015,-0.9920377528384495,-2.0989660069878577,-0.7377429801854277,-0.6945919060217548,0.28747177218564557,1
-1.913147495370788,-3.8315188105286397,-0.7135787073544596,0.4769773059088195,0.5121206437621929,0.15130597748963265,1
1.7733938912911609,2.9815562310838586,-0.06760755253023375,1.1610406459400093,-0.8187122916936298,0.42648142280060014,1
1.0420335716746514,0.6882316316529663,-2.752467236455391,-0.5304131990855719,-0.6812417637023529,0.080246083060285,1
0.3766759432213832,0.021797172727330658,-0.8711403560025474,0.8657147375146562,0.023731295812275604,-1.485654757725536,1
-0.071034128718021,0.39809630642674537,1.3554185736672912,0.09602299684101133,0.2650867899252699,2.0530400638256046,1
1.6045644782944264,3.1421722807604655,0.7191656367572274,1.6002615987035176,0.3771171677315443,0.0848277240935289,1
-0.4286831427896234,-1.3878571652717364,-1.0858669288354115,0.809677171697888,-0.5486896751194761,0.5215787235703379,1
1.3329083434642035,2.2454295355575136,0.01209066399539247,-0.5803470329286008,-0.9003994395659592,-1.5412429046726586,1
0.9345074021175284,0.859685222483473,-1.4233846262686256,-0.7827501834779095,0.12800751951594902,0.7136683473859504,1
-1.93853854128056,-3.043028080729388,0.7230398229177576,0.6460146297202262,0.18817981979983522,-0.35759435105701237,1
0.3467958726203834,1.1083069023609387,0.7831675140788658,0.3517762881097567,-1.5250869529959965,-2.246857831771715,1
0.1244488683828916,1.037142120744661,1.4501778433383203,0.614942151655949,-0.8360456964186527,0.11065383029746283,1
-0.0047508735115765,0.6771709414628313,0.4498446833695443,-1.6395980738764366,0.7060840283596073,1.1992524283618988,1
-0.2630802162897103,-0.9954194169396902,-1.0358250825188122,0.49329533371355133,1.6769922219192948,0.7965369962036928,1
-0.004961296543977,0.15534909540185157,0.35827583426603943,-0.11373090464948271,1.7730424941317247,0.050355201704311035,1
-0.7953102062436849,-1.3201890567907975,0.48208989365205673,0.4567568791110811,-0.48009540250385024,-0.6864007773875386,1
-1.2574693264079857,-2.993919975425381,-1.5167883283969872,-0.9751331689045213,-1.7454851230733026,-0.4425237667439487,1
1.419602632813585,1.5960418290493177,-1.9712566584307045,-1.4463527063825674,-0.43948845046922813,0.003825237717650491,1
1.145701985637746,0.6568402871290088,-2.436194048707365,1.2814132241422838,-0.43300785918540347,0.5582120504515329,1
-0.2595030247388871,-0.7581374284277383,-0.31652161175329924,0.08551295879822136,0.5390442055447758,0.31014090593747395,1
-0.1970073841156662,-0.33936718271408606,-0.7872170830121961,-0.45115006218726617,-0.8260913357005885,-1.8150012108564604,1
0.5232706557943676,0.8250035527230395,0.029836004304280184,0.5063687846047725,-0.22448216614904928,-1.1815543618747546,1
-0.1876084886684041,-0.41481709398137684,0.09912858526438159,-1.7513135183604662,0.5745528886903554,-0.8607753396727835,1
-0.6125227320976582,-0.5294761990814102,0.693083297501183,0.46933648767307384,-0.11999084602638513,-0.04934002186433148,1
-1.329854849554072,-2.2671478874561104,-0.4327305076973823,-1.3039452037720494,-0.003461564334173366,-1.3875361294223367,1
1.6491040201527267,3.0728780083325766,0.07676634965472255,-0.5702167239376222,0.5972138952024668,0.27033596747579003,1
0.2821258606623515,0.34890913190959233,-0.6793007217592164,-1.903865307187,-1.188140309882704,0.949080290535823,1
1.8988060186024036,3.295399289797769,0.23457218856201748,-2.1608003134465696,-0.06731517246576615,0.5287610064352718,1
-1.5381736516314706,-1.5765112172716427,2.5908999724948596,-0.47045318239615597,-0.9287939366978665,0.6742283551819558,1
-2.015623512150276,-3.4457967844082598,-0.6439649678887285,-0.5469710383149673,-0.30281626623928665,-0.8436706126925435,1
1.1565738423118188,1.9151038492911614,0.08822404292938804,0.7758717797759573,0.02511044417101631,-0.04454461116681065,1
0.0259708892190288,-0.1410597335167711,-0.8174776893910342,1.6374505064157543,0.9724274424274348,0.21025853067689732,1
-0.4657175964922714,-1.0565538042148612,-0.4596596367691242,2.227022954264584,-0.15852118458814604,-0.399916473238196,1
0.1568540153727084,-0.26422667731684246,-1.3265562152292734,0.7473526419518522,1.1565901063892365,1.0747613298737624,1
1.157766239495427,2.115677566400086,-0.07985267665327862,-1.0373596139213432,0.9237701411564267,-0.003869785092806386,1
0.0486965767183822,-0.3711662796149817,-1.2273707187431835,-1.8462104395433205,-1.0395031298188457,-1.0329193250467545,1
-1.2948544851646375,-1.1111504524477531,2.7221962424740305,-0.3155685209076662,0.12588897631480975,0.34934967366782815,1
-0.7173835432443605,-0.7932126470137948,0.7430226587551736,0.2502433931581992,-0.19140992491599434,1.4151204231353103,1
-0.196726820072465,-0.07307107795709418,0.868233429333062,0.6906226025722318,-0.39472901922149106,0.5460669411901231,1
-0.394664752551396,-0.7809384128047198,-1.0490370020052828,-0.611509204437388,-0.3000200332511744,-0.6258402527621422,1
0.6626408442549049,1.0968458174991933,0.05338289444052869,-1.0597505431163288,0.7104679988130553,-0.8923885187381385,1
-2.1959560509182863,-4.082190881981447,-0.25142199493320067,0.364769340980502,-0.18731133940317793,1.3645436928043089,1
0.5692130178686761,0.584355591518925,-1.9986503461099028,-1.7498513967382503,0.5676073553813328,1.1453440469444183,1
-1.525969115752189,-1.6126703438926082,2.4657486141378424,-0.8659775040525961,0.9551218625647335,-0.36868161856957954,1
-0.0046807325007757,-0.32107799321010766,-0.5392313082423734,-1.8503513569190748,1.0169314591681882,-1.530295997408389,1
1.6592744667187938,2.662900832757891,-0.6396125637490688,-0.19403548147358193,0.2553612163626926,-1.2489220338647191,1
0.4351034052181773,0.7835066507411582,-0.7949168976995679,-1.2292897105747373,-0.14821900055039625,-0.20494179041353486,1
0.028075119543043,-0.2577492809207296,-0.48469969945780944,0.8381970455770333,0.11663511833597653,1.1292084287583062,1
0.944397284640396,1.5480200792335355,-0.4660409862124854,-0.16814897395529596,0.3362485601416975,1.2854738687301375,1
0.2084076583110535,0.7843238466464323,0.6330934029978614,-1.4153565623320408,1.0825599661477914,1.9047151512270324,1
0.2403218182252686,-0.09728032941874197,-0.7859049916087683,1.441372910010532,-1.1345900723820797,0.031527923463168274,1
-0.498543589546891,-0.21021941722539236,1.691194254202117,0.15148111530008188,-1.9381293368223527,0.9465497279655275,1
0.1114026403740016,0.5735840958232964,0.720371695024483,-0.9270446023675478,0.04951833959478694,-0.506919728195048,1
0.5087514665586705,0.29324890724643166,-0.8683625951533173,1.9405718721185476,-0.40871839332029936,-0.30153347068052944,1
-0.0504126715426838,-0.5335236727125321,-0.581095586679559,-0.5963929857130402,1.5316623224623465,0.7001466114536405,1
1.513170741221413,2.534918593731612,-1.253030344322711,-1.6353201556037085,1.891711190634497,-0.17504412461304816,1
0.45046428658348,0.9848059727052908,0.6586725084511629,0.997053685877362,0.9005302604878318,-0.6774011145491532,1
-1.0882892083572493,-2.0556374922936733,-0.011989483543320814,-1.0621204305426872,0.4503570010616302,-1.3978371336347528,1
-1.175895330847039,-2.8644103550460116,-1.918936784692358,-1.617342102575667,-1.1544626742259663,-0.9886466037843769,1
0.2796709252843333,1.1718280487054935,1.3739570055893862,0.4432397631967359,-1.7016462859544566,-0.8737012237101615,1
-1.38007581328721,-2.6968947382624733,-0.3365195639395794,-0.517757243479885,-0.22022831389754363,-1.1484944295644095,1
0.4410653911362159,0.41704849826835355,-0.553157668252826,-1.2584048397012941,-2.140857198264096,0.5925314951692225,1
-0.209773048081353,0.010201190847890835,0.7774643876870978,0.03289120777477258,-1.5224566660894936,0.2700578566454985,1
2.124449650347517,2.8658421404806145,-1.5882493166438445,0.4250280532360854,-1.3520521699298302,-0.3194407985111369,1
-0.9051510291572205,-1.1061438306705607,1.3251464306319618,-0.948401078946921,1.6023291705213893,0.8502118820415562,1
1.1836482724808024,1.5429419161226718,-0.8067275909970946,0.15559034248281536,0.3316340777938216,0.03371590654178621,1
-0.1370368198812663,0.5484733871016438,1.9282746773434802,0.44565954772809524,-0.3806391259185318,0.7281039628873737,1
-0.6741766805912714,-1.7894346842347029,-1.064240416105096,-0.25375432286362787,-1.6768467417241661,0.8009209550734883,1
-0.1503636119333536,-0.6705014405086843,-0.44833854880247387,2.330702355377504,0.5763124251262742,1.1725593717543108,1
-0.6373526499210238,-0.695079747660172,1.187534190429087,1.2470347359880178,-1.281305879812177,-0.4563504611644682,1
0.3547218068408366,0.7809537573680905,0.5799378390438619,-0.06058251169209581,-0.4752132936331242,2.7686859127825194,1
-2.205705651419553,-4.413906036112675,-0.9064790407270553,0.10889607819260767,-0.23790139939836424,0.43068728764033315,1
-0.0086787701164037,0.23007492234320906,0.6716974568280791,1.3831648357094029,0.5114537963372775,0.004646860291247364,1
0.3245611721966337,0.3135526333637038,-0.4569123157857321,-0.5334808088756294,-1.0924197483103164,-1.2378676636535324,1
-0.101194763362224,-0.5583948792656651,-0.5515906388716365,1.2374133595345114,1.283572407107239,0.9102581739458245,1
-1.2175590912625205,-1.4511522880651324,1.718435683558335,1.4860475463575276,0.31545006967815836,-0.5475905678996488,1
1.8120415882422192,2.980462036590809,-0.09639016030214209,0.7773976956302077,-2.3017610103732644,0.07337965855687614,1
0.2940498324984287,0.8715719258671538,1.226401141982712,-0.6168536712138857,0.5533888747859308,-1.5259180641721544,1
0.0968834511383065,0.11685069919862512,-0.02116537107950322,-0.8831070604205161,0.39640667795689094,-1.0123047098747648,1
0.3628581640936902,0.3982797509444671,-1.3759759703234276,0.7900626422631529,0.9732674389287057,0.20048154313617522,1
0.1034065651427496,0.14445284342418707,0.07396787638818314,0.32938240248823697,0.9336551901676287,1.583656391237842,1
0.1408618649102005,1.4882939122273822,1.7613859114435582,-0.24180954435849,-0.2483955029571175,0.7822436966149044,1
-0.4209676316015706,-0.2265267801536882,1.354368835083708,-0.30564260549691913,0.0738519766124365,-0.9496851059860402,1
-0.7638870334050735,-1.5718108399833766,-0.3582323637783533,-1.1616490511301278,-0.2297850947144571,-0.9724083976984718,1
1.970419990629683,3.292351604972209,-0.03926552887454328,-0.07734018450872948,-0.05177169108859894,0.5488171141762433,1
-0.0345608031017755,0.8867828758090104,1.9254269135752669,-0.16233088520486033,-0.29764095596781553,-0.3765880745055486,1
1.0249893060501352,2.5402298763856557,0.9637789231354457,0.724139694637458,0.9990746926969676,0.02576210289172269,1
-1.4293148028691405,-1.9521058654417955,0.9410415486849955,0.695960097397857,-0.479035102724767,0.5384095467796801,1
1.2359734665379545,1.858842641753895,-0.47969511122769004,-0.5675612153164947,-0.9489127673811008,1.8864566502928848,1
-0.9223355768033362,-0.9643334439478789,1.4977642827355298,0.25581409995463333,-0.33031656171443985,0.31723584524662235,1
-0.3813379604993047,-1.204319446480018,-0.9572233468824409,0.9882711837011938,-0.17814019705729625,-0.7009248011402733,1
1.1226255930843905,2.0766374768596623,0.09609492623891915,-0.5256650472953683,-0.7006235096794823,-0.16635287102748506,1
2.1083873588742104,2.9335630887048056,-1.2915345041237232,0.330787360854725,0.13768743945514464,0.6934702438586832,1
0.3091301498205302,0.3363907114027413,-0.15424115599794103,0.9273450434134345,-0.3762427665470376,2.7855003446487183,1
-0.2558556921772612,0.38288893025064874,1.54076218484798,-0.5833538287296849,0.9981729070383376,1.6252981380740068,1
1.8064303073781829,2.967067680472596,-0.07129638545633497,0.5542566536682039,0.4045193431832849,-0.45206683144816207,1
-0.2155246109669912,0.08297224963166859,0.42425214126297606,-1.2266919048525835,-0.6103345874747044,0.8507424093691482,1
0.7239440876945161,0.6899173344516275,-0.8833273305083936,0.3882329264083206,0.8930964615756025,-0.26947178515218906,1
0.2103014656026673,0.460495624707236,0.12709458471832843,-0.7506358721642918,1.8636723636736068,1.4463911099477367,1
-0.1866265145171988,-1.4233956694476768,-2.253461341737642,-1.3137760130643137,-0.9029798822435335,0.45863718833848627,1
1.5645139611273575,2.718052674352503,-0.4840862490164292,-1.2242914996665502,0.6026524598816315,-0.4250334181438228,1
0.8654185064790656,1.3372709793420678,0.02300899529502743,-0.14810457755029624,-0.02395762548781522,-0.6955519401062706,1
0.3043605610860993,0.5943975288232953,-0.4060864460118178,0.2060494400592407,0.4848550395802486,-0.07919942567005778,1
0.5607259555618205,0.5887660515996772,-0.4959877214379734,1.5965101875868295,-0.8641116078244133,1.8116124171946717,1
-0.9693300540396528,-1.322883490401875,-0.05909794207861117,0.516863311634483,1.7492782943076246,-1.2912827246719898,1
0.5774896571431313,1.2783943931273034,0.328809601445928,-1.3688721082166095,-1.114576696156448,-0.9903955771553897,1
-0.2632906393221107,-0.6692964526780395,-0.35052257287645733,0.24139483058992536,0.3601519945517175,0.48377035262070134,1
-0.4681725318702876,0.014238052530255403,2.0501102063439016,-0.17696606665774806,-0.17243607923138052,0.3020584616627441,1
-0.5378926966059556,-0.8680802856642987,0.2610515974713418,-0.016614522588196366,0.1023195000789933,0.9093362259076931,1
0.6289030180598768,-0.0221936999915797,-2.722412548803629,0.7913342297983628,0.8178492938559065,-0.3319339608661894,1
2.0681264186747392,3.4610014822759836,0.027592166097190687,0.8278285697634251,-2.2590391160370693,0.22488536204277038,1
0.982904699569855,1.0454230284828294,-1.3496435872326162,-0.759944237570743,-0.8170780153655879,1.3810718054101243,1
0.1189778695404527,0.7063293319103295,0.8521559186078896,0.42810198297956303,0.5879343373356999,-2.154704719391086,1
0.9371026195171462,1.043481852487737,-1.1490805909254158,-0.8877521457849566,-0.45635830119728765,0.9190118340270262,1
-1.262379197164019,-1.8835432715890097,0.9421447093868104,0.6074278212979151,0.7114395130350124,1.0441912427240212,1
-0.8587176800073103,-1.4167915325899434,0.4717730275905731,-0.7615829357932045,-0.998715548314651,-1.363125840065709,1
1.043997519977064,2.224513120308112,1.1065825980535104,-0.002354300734449927,0.4303851457745649,0.36980601045124917,1
0.2072152611274458,0.07044676542477853,-0.30261073065261246,-0.19978505218044218,0.9030609940366159,1.5064489329920703,1
-1.384143991913637,-2.0140428868517963,1.3182440681967702,1.3852278848545923,1.3956062890335499,-1.7541866820726888,1
-0.4669801346866779,-0.8231655836639973,0.23380270642440623,1.5555260638235127,1.223766195320536,0.14434134185920566,1
-2.019902113809104,-2.6201395267835137,2.2533479712997706,0.5567183910347859,-1.274038387346965,-0.07327942087881915,1
0.083276095043014,-0.41507969235060094,-0.6931268938939952,2.1810534491834774,-0.11056622420361613,-0.3046632135394195,1
-1.1836108420350908,-2.433719662148882,-0.8213246629445808,1.9407258518631763,0.050023042555257156,-0.0607166709591864,1
-1.0671066230955075,-1.8989598282703726,0.07588682242997148,0.2891281830999052,-0.0982876460573276,0.5676202698082957,1
1.1985181667705014,1.8401353381097074,-0.13382453944085418,0.5139773278113179,0.5125106865104557,-1.0647124059244466,1
-0.3253654338805288,-1.2795983588493192,-1.3060073526505207,-0.296505755958876,-1.8969429556582853,-1.1696783858443216,1
1.233939377224739,1.6540723817780203,-0.633510646866457,0.6419666304222904,-0.9809641077712563,0.03955659676122018,1
-0.7704802884203172,-0.6531732744014536,1.610179643834979,-0.9562026621467301,-0.3984401670656918,-1.3880118160775388,1
0.1888383162977224,0.6735590530646349,0.8785856072502809,-0.33073355646057057,-1.3912538739751072,-0.3645026774862198,1
-0.3930515093029834,-0.4712132243337701,0.8303648781581161,0.061211278093960104,-1.3890996602602452,0.18576650147818502,1
-0.3302753046365613,0.12051547722729165,1.3239989063370523,0.37621731142607334,0.47887100771342406,-0.8530046612597989,1
0.151944144616676,-0.3632782111095261,-0.888552630910683,2.315868820893601,0.9783937105209584,0.5295799783854473,1
1.3012046065823928,2.342460089176358,-0.31496786665377896,1.2828330792394662,1.0474219234355013,0.49911868256191644,1
1.156924547365823,1.7251492794136503,-0.8888684064173021,0.4060298841529626,0.270330471160367,-0.20529360388474888,1
1.1875761690856277,2.43751775975707,0.7962692028236199,-0.22632283601243267,-1.5618238537997071,0.4567106768250633,1
0.6756169312529902,0.6080325814076515,-1.109712527905693,-0.9339633233926738,1.108107910280274,1.405174992975188,1
0.3628581640936902,0.365618168460043,-0.5804462041307256,1.039723235589749,1.3829611786807625,1.3522318772718624,1
-1.3406565652173463,-2.109085574595377,0.41841242115678123,-0.8960139935849488,0.8387289708046866,0.42609904614713584,1
0.5605155325294181,1.5932728475570213,1.3702151064694719,-1.5673555739585407,-0.923536617468325,-0.056058986939742525,1
-0.8460221570524262,-0.9407584650581818,1.5846852067961703,0.8329009622809939,-1.6946852177266207,-0.615112870681012,1
-0.7062311225270862,-1.5713751321325309,-0.32586167303319546,-0.1657615777038661,1.466685390342921,-0.3446281533329343,1
-0.3889833306765566,-0.9677837799820719,-0.7270813652653033,-0.47643480110638226,2.5041301584611926,0.8981077363092974,1
1.632691023625414,3.268223266895129,1.1107384045537303,0.28384595033982885,-0.950420971492266,0.21077130101353997,1
1.39954230372465,2.3023227814987632,-0.016773763839077648,-1.07253675693413,0.8138256481729038,-0.5568588896544078,1
0.0646887271808902,0.5049572783709132,0.926915567477908,-2.1781778723414065,-2.5426617481865597,0.3099614177687127,1
-2.059110938846567,-2.2311061900058684,2.3545336997921646,-1.2247164284354508,1.0849993248065233,-0.1550780856001305,1
0.1743892680728261,0.14734047364697198,-0.30387356705586027,-1.402070327963485,0.7591862728233781,0.2724635624608869,1
0.7070401040916017,1.3236967160129438,0.33892139164328944,-0.5367118424393594,-0.37626649187643463,2.615226080407652,1
-0.0861845870509233,-0.6802188517634157,-1.5862890341596945,0.4746895734003054,-1.5490000706683198,-0.0022193430322954327,1
1.2251016098638812,2.3666475031687546,0.3317863280331241,-0.703287996921577,0.9738294054557396,0.6179915723738597,1
-0.8860025332086942,-0.9604770800680426,0.883236825273677,0.7044858926433825,-1.8840716430697655,0.06602488992084167,1
1.5311268399863336,3.056227632726243,1.0620517940683418,-1.8950592189805366,-0.18043171336901925,0.7302740074021022,1
0.0258306071974292,0.3011189408357799,0.8923830036251981,0.663627209161966,-1.1359046754890774,0.9214871902250178,1
1.7853178631272415,2.1348994263073804,-2.70516593619084,-0.09967764222454982,1.0629441787852616,-1.0582077939390375,1
-1.896874780865079,-3.178511020322037,0.5362465353024581,0.663956806076338,-0.8043952097821386,-0.004156572203140748,1
-1.5578832756664025,-2.435145255016516,0.6312332932743244,0.8219232382137787,-0.5582031897193044,-0.19659642973474167,1
1.206303818969355,2.719150296447312,1.5988876946409158,0.11152075849971813,-0.5405005977662465,-1.3294176100078965,1
1.0080853224472228,1.7403714341514396,0.06724704483341136,-0.4782444455602943,1.5052186586912994,0.38735460620114864,1
-0.276968136428204,0.19154333793316852,1.5211443280657537,-0.3915281808583905,-1.2984496616308943,-0.4425551370063464,1
0.0865727225506359,-0.06258620349746921,0.018168482895464893,0.8033329907028566,-1.5996027585880632,-2.142081863768575,1
-0.812003766814197,-1.7038563547500556,-0.4315472397550431,-0.8917721351760715,1.2258830176885054,0.36069644553867436,1
-0.9778171163465084,-2.1072433283860916,-1.1410233115477249,-1.1925651750958093,1.952417234708062,-0.15260639607648138,1
1.6131918226228856,2.320119858425354,-2.0630849825634123,-1.9246899933990849,0.9746731224519634,-0.055888266020223516,1
1.1404414098277114,1.7857517958414417,-0.0008651719922040036,0.9751437072090423,0.9571838113701447,0.5006513765768115,1
-0.0486591462726716,0.7077809517098951,1.0276580720090436,-0.976649111672792,-0.6496899962897976,1.059895354340271,1
1.454392574170619,1.9283204579174442,-1.131779300650943,-1.2361425894812648,0.9180417819181098,1.0777579259297676,1
1.1597301877978432,2.347343125659994,0.7677317157529617,-0.3845265913232437,0.5504521859410795,0.2314319245686019,1
-1.052377010827409,-1.5304980061741364,0.18979140596316127,0.3348691697963448,0.6415654538456493,-1.034629308290612,1
-0.2061958565305279,-0.8521158824944353,-0.7733676598355756,0.31489069479173193,1.2841098020723358,1.3823520057420615,1
-0.052166196812696,-0.19774351120919587,0.08639423661278255,-0.17832141124618114,0.4483079866629736,0.9162387121241049,1
-1.217348668230117,-1.5431146151429547,0.7569718939254165,0.6566862448227268,2.172666698860131,-0.999807246647862,1
0.0983564123651135,0.5337373561514968,1.0504776420328878,0.14979246168982888,0.19326885038923236,0.4001664069962859,1
-1.5649675177572508,-2.6330045682105188,0.4345062509502444,1.2704146602196649,0.22286406820494986,-1.0860311039716117,1
1.055921491813145,2.0137333143107132,0.567485011487205,-0.5570704248720338,0.07327113413550403,0.6237446505897337,1
1.9997389331442803,3.9654330832985765,0.9030466774936627,-1.585053744024622,0.26228175992284225,0.9268111800431569,1
1.2663445242145577,2.0155000555564486,-0.5259309189837308,-0.46482205455404213,-1.1124017805587623,0.940348246032673,1
-0.2423886181035723,-0.41572655304756273,-0.16295970344385943,0.4089599383802183,-0.7356818457087653,-0.47075579474051393,1
1.9803098731525488,2.5462914273708055,-1.877577453359722,-0.54850396532071,0.19750991884377223,0.7193158222128128,1
-0.6395971622666377,-1.161683257112825,-0.48426128008522284,0.1885072206412345,0.9911125923936723,-2.6502822838203004,1
-0.0408033530630193,-0.7187646378071454,-1.137451232472781,1.4960770350363104,-1.997141883710074,0.16807124356720074,1
0.2107223116674701,0.7144606575432327,0.7431376254898349,-2.0178782903803425,-2.087327872408931,0.6583356672613483,1
-2.489706604150659,-4.595756955817311,-0.30974041689662124,-0.8497413573797925,-0.7051497424846196,0.473010666736962,1
-0.1199925542567482,-0.6820722615109759,-0.6873458762563989,-1.0281147631675867,-0.7630022496920115,-0.00753785283191829,1
0.1390381986293875,0.17686557449858764,0.1934530529344091,0.09563195185781377,-0.54829576834578,0.8059767632164483,1
1.3637002472056097,2.224211938706893,-0.1849241089106403,-1.1381177231550303,0.42005737069920435,0.6157996477576858,1
0.6562580122720595,0.7964400674273079,-0.8121104186236048,1.6888682923656182,2.468139001273027,0.044452706052691165,1
1.1897505404204425,1.5445477240068728,-1.345957766792237,-1.9157302187101197,0.48564567566972366,0.5248495926784043,1
-0.1446120490477155,-0.8939838699325563,-1.2003887169770517,-0.4659180862620671,-0.8383995058790816,0.3574909082871364,1
0.4150430761292425,0.2043304395029782,-0.8960329178859107,-0.9530912800154766,1.272428210574491,0.38053725185959153,1
0.6823504682898356,0.9588370878844462,-0.9646090996679624,1.5569860885608733,1.7367367749431215,-0.7863140841312827,1
1.3263150884489576,1.8572096468773114,-0.6075661432213545,-0.03185452790466952,-1.9883271872759642,-0.0369040417643457,1
0.2729373882474878,-0.14735631509518737,-2.024376321083991,1.5499356336154628,1.1739874741575167,-0.7252056158653503,1
0.339711630529536,0.46048587908344796,0.0493474627999838,1.5160842735076674,0.9399614484142078,-1.329589131048897,1
0.4759254735040509,0.3070743919165533,-1.0101979765360538,-0.6641708108971707,0.08559503015707638,-0.7808479873809552,1
-0.4098853518950971,0.021948946105373995,1.7334064650358498,-0.4751258019606444,0.3349671783471574,0.8079983069824067,1
-1.0610744961666685,-1.9267110984644147,-0.010269646369512487,0.31371897112182207,0.23079137861419988,1.1327852819516968,1
-0.8331863520759386,-1.6349010944599593,-0.048253328891600326,1.0173178344318812,-0.7714548995778416,0.7127092387369575,1
0.827472219636011,1.5334353235599008,0.49716318150544325,-1.8645280886206073,0.0609024283344264,0.45399929587680954,1
0.5076292103858636,0.40930526611242785,-0.9571439974705899,-1.0072804488498888,1.1908298265506971,1.0187459468900277,1
0.5541327005465746,0.20412425328447908,-2.006289225962611,0.9661131909439613,0.8941436711543307,0.35781752917360465,1
-0.7959414753408882,-0.6113322398660354,1.2529848137357746,0.3003575445423202,-0.9282051114372456,-0.040140196142539004,1
1.221173713259054,2.2795973450826676,0.45383116488201636,-0.5777267280373025,-1.247340357800847,0.8113628539734453,1
0.5060861081482539,1.1991597333571367,0.7307435516138351,0.6921016435203139,-1.7045057713001335,0.33084702023882084,1
-1.287419538019788,-2.30520703713729,-0.0799233668417733,-0.2021679572715716,-0.09519648957723828,-1.0304281147617265,1
-1.131215506967139,-1.882418535035286,0.22981955773222623,-1.1351902787231525,0.22459008013940973,0.8096165084818066,1
2.047715384531802,3.0601974279735678,-0.773469455877103,0.42487320557929154,-0.4947196235364061,0.4542658127416585,1
-0.2814571611194337,0.27136000056812715,1.6372293680860948,-1.5898237735711769,0.46692518797839233,1.3507317857570644,1
0.7097756035128211,1.10448849438707,-0.027004363237377167,-0.8739027197412028,0.6416725808064265,-0.7241673014780734,1
1.552028861204874,2.7435160571965844,0.392243337934621,-0.5655778428778893,-1.9978762120297537,0.7676315670992603,1
-1.663796201975115,-2.283809137454202,1.5167117745465,-0.7870814992364586,0.08800763854652498,0.8356968083254867,1
1.250492655773651,1.7984211198824869,-0.7101084705498962,0.7045092411310001,-2.037480914210716,0.1587836174938708,1
-1.562302159346834,-3.599918029305686,-1.5408438281685244,-0.39334083528897035,-1.1387063506392716,-1.2982530350542052,1
1.417007415413967,1.5409236891552327,-1.5712274859513535,0.12694276983045447,-0.5522411400143822,-0.9965315277662987,1
-0.0304224834645479,0.6520161904552084,1.8134071963960245,0.3591691846078273,-0.9493022589450503,0.5933833759861309,1
0.4517268247778866,1.798877658143529,1.3156853723148711,0.042431555176701115,1.6989008068745484,-0.6954649416652078,1
0.990550069747105,1.0761315441166892,-1.3152275042733126,-1.3392473971521328,-0.5907662222866633,0.35794910230020377,1
-1.110874613835002,-1.3122969779634166,1.5156675468661422,-0.3578956116219018,-1.3048340917613506,1.855273852484163,1
-1.3817591975464212,-1.9185543538617584,1.2771239055989505,-1.7101967650227583,0.4906615996213824,-0.9200639417347244,1
-0.8559821805860909,-0.9194087699855684,1.228064827739258,-0.6021174173047101,-1.390724953976892,0.3441536017938381,1
0.0298286448130552,-0.5432155826673958,-1.4549523264671047,-0.29656002363274797,-0.4483229458835559,0.6218873574661932,1
-0.8912631090187287,-1.2554908339137123,0.8954283256277574,1.010466991555564,-1.279997413202401,-0.639433086821662,1
-0.2505249753564258,-0.5513776315504412,-0.14918397195766842,-1.1486085118251494,0.9659964392616103,-2.40302885157275,1
-0.2556452691448608,-0.3855651592747428,0.20841720978332426,1.516959485313461,0.6781706457680822,-0.031278381306086046,1
0.2442497148300958,-0.33904471036740735,-1.265027847270406,0.44628276883557927,0.7339083135759815,0.08993908005586099,1
-0.0382081356634014,0.15040259116932406,0.41760465355348375,0.5514995338873511,0.7070747624662024,-1.4097463934329386,1
0.053115460398811,0.3880797337545714,0.9621898711777269,1.767617944464702,0.49355945325169015,-0.5571068962108361,1
0.2035679285658218,-0.17608987628306924,-0.8973644852198389,-0.29562847393752384,1.63086581214315,1.796000144173592,1
0.680386519987425,1.7139713754152028,1.1980026435858318,-0.6128089755827535,0.2329333008857242,-0.7620227527456653,1
0.8964208332528741,1.0383167938020985,-0.866355729771978,0.3508324209150228,-0.5479958932548227,-0.19350414593781626,1
-0.5038743063677283,-1.617031523399212,-1.2159248110119152,1.2102079132595895,1.1450344035334767,1.8311927148892486,1
0.7502469667446907,1.197804289954766,-0.01794373147034443,-1.619094662396328,0.2782407648151049,0.12519902962758267,1
-0.5266701348778806,-1.2678154212337094,-0.6517366991554198,-0.7776830859885933,1.208643730862099,1.7733187930239136,1
1.7403574752041386,2.941949657755935,-0.2277887310480626,-0.5218719002969913,-0.20793200777789636,0.51889946268293,1
-0.7062311225270862,-1.4161879902733043,-0.5453563466007173,1.9426199848282948,1.8729681402942127,-1.232116251700813,1
1.8573526812193244,2.5685911641276937,-1.200221084324529,0.32562832005738496,-0.2714430383910993,0.12170943992821082,1
-0.7807910170079879,-1.9084797952795043,-1.6369772698556921,-0.7871373118651994,-0.7866646347252391,-0.49110872374257303,1
-0.7067221096026878,-1.7187258837509343,-0.7167062695369683,0.8156161100200308,-1.3319597274966515,-0.3646461393262256,1
0.3053425352373046,1.3546153181079315,1.7077619863332365,0.592819040413463,-0.15751091363230585,-0.2752960426929742,1
0.0202894673441914,0.5330266857958565,0.9800652014331188,0.3686909210020879,-0.40853683692762094,2.5095638348220284,1
-0.1891515909060138,-0.5606908897005084,-0.8389263443999906,-1.541016514819254,0.4662923095099531,-0.61933541865002,1
-0.7774242484895632,-1.382738293596959,-0.06070912334098063,-0.8052404838811074,1.2818036475829155,1.3093585799666394,1
0.5415774596132902,1.1824600822766227,0.8304428119276446,1.6691801908310449,-0.8630510002371605,0.2001147546605047,1
-1.3681518414511298,-1.586204763275486,1.7346623207302836,1.619107445837461,-0.9609684865278837,-0.8207887043228033,1
0.6323399275890983,1.2111996931982894,0.5459382841395013,-1.085376535314014,0.47060595603986577,-1.329820837050659,1
0.987674288304286,1.6195606008480374,-0.14511534389736258,-1.0530087346551136,-0.17640533754080667,1.1525994663020538,1
-0.0126768077320297,-0.7355339124585967,-1.5407494786775964,2.0695814143949214,0.6233008744506872,1.1997213619082392,1
0.5684414667498713,0.7204518903858679,-0.7371525596318519,0.07620500307819687,-0.23346064032189878,-1.6706313177167593,1
2.1202411896994886,3.8696829798293306,0.6886071791734224,-0.4601523586462143,-1.4687437666721077,-0.6139530913615547,1
-0.639456880245038,-1.094097169274719,0.1964942233648656,-1.0369061954655667,-1.1191106534682749,0.631943107007961,1
-0.559916973997305,-1.0515665338207376,-0.21962416779479613,0.1228275619847474,-1.2313970605501796,0.8666467125190656,1
-0.9461835204754964,-1.1352944007667847,1.3563482562383122,-0.22278093233031673,1.4869166571651784,0.6813956269732471,1
-0.8465832851388267,-0.7715767923324073,1.738556421013753,1.258652146689721,0.023975714374702015,-0.7950191717443383,1
-0.205424305411725,0.40675881991319585,0.7336909017361809,-1.325080781913316,-0.016326052156847636,-0.8989061933528849,1
1.926511717868588,3.126944839076573,-0.041686866413386814,0.654093127760122,0.5986762933824676,-0.39179650277298217,1
0.71854322986288,0.36338499219073916,-2.8275210926759025,-0.05315558136721636,0.4446103117087844,-0.054167001974231896,1
0.4220571772092892,0.32216053530360034,-1.449568704970569,0.310680009888017,-1.4863265994051769,-0.9882838409077778,1
-0.5685443183257622,-0.6341816276556018,0.7320228519505986,0.28061657917937116,-0.30465165593945975,1.755990983383241,1
0.3040098560320953,0.5953932609001988,0.42891695145434944,-0.5825753737696772,-2.6334897393924632,0.4493968158276071,1
1.2233480845938691,1.4329180094170917,-1.7547262711966698,0.2401220758068495,1.086691080924934,0.32280242379048846,1
-0.2427393231575743,-0.9182502760522734,-0.9834532787937538,-1.0790109376806278,0.8059016256436228,0.9685613544560993,1
1.2657132551173524,2.02784790012453,-0.22178085613025275,1.658346942687183,-0.6475759300237792,0.31383959751726737,1
-2.204793818279147,-3.442452064357232,0.8370978489403706,0.7468269142745915,-0.8307620724510776,0.03949292799771822,1
-0.3699049757388292,-0.4287170813964462,0.609872205021267,0.5245318423525374,-1.067080689857782,2.000878552769944,1
0.607720432798137,1.2544918622075933,0.6311703840371758,0.8881547911552428,1.3352622017871438,-1.2646424641037242,1
-0.3390429309866202,0.1728044083562688,1.876536760358328,1.1065572558280874,0.1708424897999068,-0.4961614356274579,1
0.1115429223956052,0.8887088930303537,1.0883978759557158,-0.7241805478140304,-0.32749413322960463,-0.6648576729598773,1
0.1003905016783289,-0.2628789632085211,-0.5172943097806545,1.832178373242808,-0.34848587084987703,0.13957232451468157,1
0.5445233820669101,0.7488979231249209,-1.2596413341127577,-1.7046048430920462,0.683600119310396,-0.284366327848606,1
-1.2513670584683452,-3.043471812727741,-1.6153976956854694,-1.222782609904268,-1.554996102467999,-0.8560823170465711,1
1.6312882034094058,2.8855777893390298,0.520028882140646,-0.3500327735244985,0.6977144646397349,-1.2627360980827915,1
0.2673261073834493,1.1841994034521128,0.6390788419644364,-1.7962596277498406,0.40281391029159674,-2.0844950848399417,1
0.353880114711231,-0.012600281353432281,-1.5064183856342122,-0.7259230193403415,0.5415341823850321,-0.07762168882280852,1
-0.0723668079232304,-1.1095935026550494,-1.7708487767370085,-0.48169957934678953,-0.24701689422489215,-1.189966505240438,1
0.3909847094246798,0.48851822999379846,-0.09064998511443695,1.0713855251340376,-1.0079263034385855,-0.4261759964488497,1
-0.3707466678684348,-1.6411162607246763,-1.7382819370764826,0.6358395934244866,-0.6194390406614161,-0.9322990979699589,1
0.8011693405858344,1.9259164995725784,1.0843978481306558,1.36365116673251,-0.14148095412474596,0.6691349747315966,1
0.4590916309119373,0.5816026593638619,-0.03427074876391911,1.1210765296882468,-1.6213072563800135,-0.02868609328277924,1
1.9324737037866289,2.812187762280066,-1.452165094898103,-1.0366311354556184,-1.3798688988848313,1.627147427845038,1
-0.3286620613881507,-0.11604552822747145,1.2778534170546563,-0.6848493443573228,-0.1815746595438969,0.02127514382904723,1
0.2509131108561385,0.6200005431766161,0.2106144528866768,-0.6467703552907619,1.44891134038163,1.0560507083363413,1
0.3441305142099648,1.504700560962099,1.6754985063950196,0.2885768508263034,0.8149793113156695,-1.88751961591389,1
-1.2076692087396526,-3.131197925784762,-2.2722741083898317,-0.6480812576252427,-0.24998020088377074,0.24916462878350942,1
-0.6532045183619302,-2.0044577410583346,-2.2126933611573225,-0.35297636620723466,0.09850934898238269,-0.38562496933604545,1
0.3588601264780642,0.8645260780201884,-0.14553997798067292,0.3927366341258228,0.10928263492741928,-1.3807640876485745,1
-0.3165978075304699,-0.05794852237641898,1.0611356981308653,0.5080610128091827,1.2917829442261475,-0.41465111809753635,1
0.0682659187317113,-0.36005137357180284,-1.630892325648047,-1.9946158167047943,1.2203373517408296,-1.835722853711701,1
-0.1345117434924473,0.07936005482476022,0.7026019672947826,-2.126346987478201,-0.49583059429636533,-1.0128901878174534,1
-0.8501604766896519,-0.9783849233960892,0.07616233648922295,0.5967262188817909,1.2789400962510629,-1.990882097373795,1
1.4829399655664113,2.5634281745416234,0.028245295091793174,1.1790962251128927,-0.9206360090145235,-0.35804856473031077,1
0.0775946731681747,-0.10965457854402229,-0.2780315022717766,-0.12470767096581434,-1.0912604037485356,2.2964711619278795,1
-1.1721778572746142,-1.8061277227382946,0.4547711100689079,0.1486130409859521,-1.1723128567370553,0.46410839644514157,1
1.7775322109283882,3.7949363040205757,0.6986663833073873,-0.5768000511099032,-0.6119860154158862,-1.336978543019222,1
-0.0697014495128117,0.05296677804354884,0.2800796393067273,0.2705661830577813,-2.1647009824141263,-1.5521109267305797,1
-0.3048842587267912,-0.40271895542587066,0.6473657836800077,0.8079919781781468,0.18236038150423034,-1.0074622012730419,1
-0.5911998648143149,-0.7577988734587976,0.5074312578449417,0.9217935384047634,1.9820190047393478,0.6252339460576909,1
0.3788503145561982,0.9492435338742309,0.538837642719904,1.4216937273290726,-1.3512037687861862,1.1466053873601325,1
0.5633211729614364,0.5293781879983905,-0.7472122390842948,-1.767453039633976,-0.30688162887995213,-0.8783271357510551,1
0.1807019590448688,-0.25275581611428477,-1.6096744994686252,-2.2042381233313817,-0.7776436905678671,-0.38940489609738604,1
0.9291766852966932,1.3181903723803505,-0.5381939942224521,0.6741462441392615,1.5969314464953575,-0.1044026785538304,1
-0.1137500042955084,1.0494061503678376,1.6290236099299653,-1.1799883172370242,0.7978222343477959,-1.015319057577954,1
-0.7398286667005107,-1.3456003136033734,-0.4914871686993205,1.2271923612408857,-0.37399058129838497,-0.6060182122139324,1
0.3107433930689408,-0.3017417638393761,-2.2745766408385744,-1.5084711551416963,0.2715997189719937,0.029114140854973672,1
0.1364429812297716,-0.1599707790070463,-0.8174362784307366,1.2364439929362205,-1.080996128818614,0.7213103061486279,1
-0.2912067616206998,-0.30335318289919544,0.7799387270484262,-0.4405066706338072,0.8547110646619933,-0.2357970909192244,1
1.3599827736331849,2.074595366760464,-0.6941102262387329,0.6163544085827419,0.6509242702748672,-0.08697649959562771,1
-1.495457776053985,-1.8022126522545074,1.7031565408318798,-1.3960241181704018,1.3330858040616744,-0.1478134770448045,1
0.1507517474330662,0.056738316373699874,-0.6767655521315006,0.6514764262455898,-0.32226420366086683,1.2638861660180183,1
-0.4138833895107231,0.22809599274096762,1.9810297901422649,0.2710527519091483,0.052935897750164586,-1.1025540093681199,1
0.6112274833381575,0.972278978691545,-0.21132311571458925,-0.7666594644634276,1.5006160226924439,-0.5481902360396135,1
1.787772798505256,2.648148903127274,-0.7787773984133457,-1.3842212511340248,-0.19028387094727636,1.329415094320873,1
0.3017653436864815,1.2491970143802742,1.832666477846762,1.6620759535096967,0.7036151211140885,0.4784164063264384,1
0.4053636166387772,0.5391764182820814,-0.08373416106470334,0.07388887288250687,-0.6580530120630129,1.7943117004798064,1
-1.202829478994421,-2.0324091215309323,0.38679578497809053,0.6962460060592063,0.8699518339854977,1.234808833458699,1
1.5133811642538155,1.9006475723606169,-1.3953519505622676,1.6249613450695757,-0.422379943888583,0.6160212890545028,1
0.5760868369271231,0.4111500248909024,-1.3237202637138938,-0.7003145876500139,1.2297027621282282,-1.3366094827947415,1
-0.5474318740748194,-0.808482215981285,-0.346113810365964,-2.292603795937437,-0.5555770627659834,-0.6913609920104072,1
0.1782470236668505,0.6208523885281741,0.403992525056929,-0.0484601174208368,0.13431823969326165,-2.3291218166743897,1
-0.3125997699148419,-0.5404121491639021,-0.9667122861077627,0.1416285749881733,-0.8793272273441024,-1.4834774480585995,1
-0.5245659045538663,-0.776552971842831,0.531865497612306,-1.3523049472738469,-2.322972669015382,-0.12457090076994946,1
1.2890000707031084,1.7540250645966522,-0.9591743659372916,1.0388694666747473,-2.2186259682516254,0.09042576944064573,1
-0.5881136603390934,-1.3555530254979535,-0.4331722950433659,-0.003964420890405984,-1.7808516253981215,-0.5291722566279606,1
-0.7912420276172561,-1.6971210541827142,-0.9132101211467315,-0.3907487200758027,-0.7336413523448818,0.06749451631774415,1
-0.4919503345316471,0.096422818652827,2.296700140240193,-0.14972015064891478,-0.02022992781969965,1.0629796509955198,1
0.4645626297543742,1.4552414778431706,1.3644173405752695,1.005678046327533,1.599501353603975,-1.667529345906229,1
0.4894626885885407,0.7753648331826392,-0.9191497336058937,-1.2530936263149277,0.14349968800414273,-0.7310391688998699,1
0.7335534061741806,1.363262110683374,0.17778371319877875,-0.626313936708059,-1.5969605875145723,1.7589379937815306,1
-1.890281525849835,-2.553738537090481,1.8471533158355369,-0.8444234208320466,-1.4357417314211507,0.8906985279115333,1
0.8957895641556689,2.4905767839772337,1.9501544464238354,-0.7836092143653525,-0.7970346947886857,-1.2246508344489715,1
-1.1296724047295283,-1.8457503019993897,0.4842904343585139,0.1985013478057324,0.34262189060791526,-1.5496170642339306,1
0.960740140156904,1.500525914009592,-0.27872498309874916,-0.35477050741133287,0.3291884224886958,-1.4887668569574035,1
-2.6737566164910938,-4.83652923679869,-0.2917958964962461,-0.15130350618490732,-0.6697505083915786,0.19222807773024703,1
1.0909919972133786,2.163386837045823,0.1676041221527247,0.4679531959748822,-0.6024278839640009,0.05669345116083543,1
-0.0095906032568082,0.4489886757952765,1.0979719777832369,0.7294555409624216,-1.594319016367817,-0.9088582827535856,1
2.204620825692455,3.657843324277938,-0.34767634706260087,-0.9531146558709408,0.9080791244613906,0.031831043786287705,1
0.4510955556806853,0.4799227677430125,-0.37067379289881924,0.95429662558517,-1.2576405182675972,0.14983010125836527,1
0.4265462019005189,0.7086194679390728,-0.7129731129544673,-1.2079555103155901,0.6353679314453156,-1.2823422076456135,1
-0.511589817555779,-0.8807102132838402,0.2867403856479865,1.9818978679359964,1.3401109055347225,0.5832511957128161,1
-0.7798090428567785,-1.488028456452848,-0.16739294896854523,-0.7855985162713192,0.7392165717206128,1.972286688979309,1
-0.2220477249714363,-0.41205462429150436,-0.08376419595592584,0.6501189834663931,-0.37693808760563285,0.7022687787271827,1
1.649033879141926,1.9089074746177368,-1.8967901068176172,1.451709756776747,0.7150538839347593,-0.008466149987467956,1
0.3632088691476943,1.094901275490523,1.3148355227238482,1.7299177573428262,-1.7732084859104542,0.056423579635262275,1
0.5001241222302113,1.0486488686307698,0.3245899093487468,-0.816474485510286,1.538884680779308,1.33478552721638,1
-0.0603726950763504,0.32122718792133254,0.7726044780222511,-0.2230276805972771,-1.635918365346368,0.35551431366197833,1
0.6359171191399234,0.9180485585945698,-0.2546874219089681,-1.0005550638835843,-1.3845864542816013,2.492713230670364,1
-0.1938510386296459,-0.6980961419800844,-0.3430160366245548,1.152527810649693,-1.066969407429789,-0.6225968922091479,1
-1.35019574268621,-2.069758620770032,0.3796600542430419,0.33027619594224444,1.5609070159147769,-0.7582787427755568,1
1.2018849352889245,2.0520786581761636,0.26066903205757946,-0.31518398545866394,-1.0497278695426857,0.3600907808279586,1
-0.6562205818263509,-0.7385545576916779,0.9598096475672249,-1.4321565528474778,-0.6525205043805622,0.02407751991889908,1
-0.935522086833824,-1.820934459678462,-0.2926725258831203,1.7350223890256906,-1.4186218550289107,-0.22775590239283827,1
-0.3304857276689637,-1.4514224113325536,-1.571345681724394,0.11298221253878515,-1.694590174550856,0.08547015777585126,1
-0.3076197581480107,-0.35310627804602884,0.7486851445640472,0.043488755550539805,0.8645432264361278,0.8107473331739385,1
0.5055249800618494,0.35394548168591206,-1.4563418495936664,-0.137169684169823,-0.060346482229269,1.3439572449718316,1
0.0258306071974292,-0.17114299637115102,-0.6253128982880123,-0.7625349320844941,0.8395349120718001,0.9256564404088011,1
2.2183684638093477,3.6703812086584153,-0.09556075575979435,-0.26589399630867805,0.11061618700216144,0.15437566497043004,1
2.074789814700786,3.5164739771075477,-0.07800460897714609,0.2900619714289511,0.0759674774326385,-1.566408112546603,1
-0.8737979973294098,-1.0330953527550275,0.8550306657486371,0.7409393750761146,-1.844300911934664,0.03999481728536594,1
-1.6650587401695232,-1.8233262349820591,2.6757105375307475,0.3155591709135577,-0.4776384276654594,0.26375211325221337,1
0.0106801488645269,0.6861431546199703,1.1877754814009824,1.030347339138621,1.9769585778075855,-1.0294399764791466,1
0.5835919250827715,1.654138899443912,1.4954698801427206,-1.0567722661425931,-0.421201664297104,-0.07951725453146016,1
-2.3262780489855626,-4.243411503644322,-0.3236155835546981,0.188073043718494,-0.29952971890536706,0.33858840746769664,1
1.3270866395677623,1.8110116898414998,-1.0183436578830298,0.7299596147935596,-0.7680986064443617,-0.97886409151613,1
-0.3594539651295569,-0.8166182264609649,-1.126477536078319,-0.6547037730293538,2.6096562386971143,-0.6776176736217169,1
-0.8704312288109871,-1.8221471544434575,-0.8123692063350981,-0.2641448532798022,0.595510557320416,-0.8475968598456319,1
1.4198130558459872,3.231968101035234,1.131546982913298,1.2252570298815961,1.6353897490244205,-0.9992791750658426,1
1.129709835175238,1.988036962830123,0.28282436772692576,-1.1847718405463699,-0.20669899071427472,0.5606176989881416,1
-0.6136449882704651,-0.7865438494384458,0.938315786900804,2.2222061161104683,-0.014250482157676025,1.1050036989938772,1
1.5520990022156769,1.941972793264143,-1.231861511296265,2.0291154107001295,-0.406687432313702,0.35326036250315374,1
0.1103505252119975,0.33673875112022456,0.5080891183757817,-0.177674841790924,-2.225942714166704,0.40254562273170175,1
0.1471745558822431,0.26369521706955174,-0.8041639347593738,-1.8565710747449118,-0.42126218513482094,0.9860633043194291,1
0.7200863321004897,0.5027379540078825,-1.3107694023892082,-0.3432623233157823,1.2424842069119704,1.1142766467706924,1
-0.8280660582875037,-0.8522975366099942,0.7503168744528786,-1.1432794871948808,0.9638990319554801,1.4342279677308531,1
1.1033368151142624,1.8327719134504497,-0.315205653982321,-0.4776836807695065,0.9588338937985849,0.032365992161573195,1
1.2359734665379525,1.6201310609583637,-0.9064892471356876,0.0025552827900575522,-0.8166274988114207,-0.6642833539407169,1
-0.9716447073960676,-1.6695378134243217,-0.5116932696916098,0.22962354534456142,0.8160844644273403,0.6624866021321797,1
-1.483112958153101,-2.553377874807515,-0.3224909424835882,-0.3771979898884519,-0.7728916611697246,-0.7609108430513666,1
1.0482761216358911,2.040893970293561,0.7602731399061984,0.4624119939288115,1.4639797529399834,1.5221288251854879,1
0.4776088577632603,0.08037757816932757,-1.6921300198150429,0.5884405031083693,1.0024424924700834,-0.1646950915574874,1
2.321125044632037,3.817467128867634,-0.2765193051145541,0.6657333670220917,-0.6615828895666617,0.43778052809703316,1
0.7863695873069342,1.071074733630003,-0.3175480168954939,-0.7735897866373906,1.3373840308592233,-0.015090099283062867,1
-1.1655846022593694,-2.115064521975763,0.2952947003232386,1.519883659239459,-0.2822638361238828,-0.8963131468354418,1
-1.5494663543703464,-1.5316883115932851,2.3208762873872906,0.07723633066464711,1.0853099919139493,-1.4426689476018575,1
1.0891683309325677,1.7906265231598366,-0.992858070989359,-1.0269929977126504,2.1315776251590237,-0.7236728814975983,1
-0.6605693244959789,-1.2500497756611497,-0.050270501825265185,-0.4778521037571383,-1.1223931904982238,1.258026276704155,1
-1.1314259299995415,-0.892752480695477,1.8253182490714546,-0.4750234631800446,-1.3950172936498209,1.344056477085717,1
0.5741228886247086,0.8243593732837559,-0.16299129823849678,0.11913316924982734,1.2955911969647005,-0.7594023251922752,1
-1.0098014172715244,-1.1310322536017037,1.4811035430550714,-0.27740016623352726,0.1019884031605972,0.6422789711328589,1
0.9742773552413958,1.0290914564496558,-1.1931252060544368,1.6119620246504216,-1.24986638939779,-0.4240356164430129,1
-0.5064695237673442,-1.005839860476439,-0.09941567126999679,0.4346231348472792,-0.06749663514350289,0.8848861494190167,1
0.7137035001176463,1.2043370455214397,0.35423939809500077,1.688568327659585,0.5726020049542626,-0.2553425993535731,1
0.189329303373326,0.2735001560489655,-0.5136059409455591,-1.4539661130093997,1.3517303057226433,1.7248298457112963,1
-0.1524678422573678,-0.5685404478453943,-0.532944433369191,-1.324208369515112,0.4326411460116986,-1.0033777673850017,1
-0.3908069969573676,-0.9205298367860072,-0.7380196084995886,-2.2533870085440766,0.7273553593672999,0.049525870347194634,1
0.4252836637061103,0.41808094790978323,-0.8758566580988666,-1.5100621840940964,0.9727913335901323,-0.8628193369329331,1
-1.3504061657186106,-1.3748028582633811,2.200566238834462,-1.1131708359272383,0.5999302850098482,1.2484725332854805,1
-0.4711885953347083,-0.21834717233576129,1.5804810611512683,0.025230376419745747,-1.3843718889359293,1.3365528436367022,1
0.912062278661378,0.5983809966763135,-1.9656780229595718,-1.4466836323487968,-1.3773474085794826,0.9586464728449825,1
-0.0073460909111944,0.551732490680185,0.8951898632846494,-0.7561221209034216,0.733358429091407,-0.27599968971361016,1
1.5708266520994003,1.8810381508620806,-1.5674453501390033,1.2370203611356667,-0.02743273689817364,0.6737772517002262,1
-0.2303243642458915,0.2827656148361904,1.6823247043797893,1.193174736665354,-1.6768742026787682,1.7818548849108269,1
0.5616377887022249,0.1636633902195593,-1.4662738330765792,-0.6750369243126684,0.6993037865921524,0.22609117834874776,1
-1.198059890259988,-1.1932702883844961,2.0068633693261537,1.7521796096048918,-1.0436106213641967,-1.2540980016835757,1
0.3514251793332167,1.1578924609858128,0.9002205388844957,-0.2672490448808723,0.03953633402284061,1.3835818980808898,1
-0.0372963025229949,0.03668965215457261,-0.1109401179867328,-0.47439208040876507,-0.04143092374851776,-1.2530090391751232,1
-0.4014684305990383,-0.18816868648314952,1.414613463834695,1.3871784403513612,-0.36668584831366297,-1.0492205539232138,1
0.4799936521304777,1.793791746492875,1.8921834483337527,0.6886543031662681,2.281679823670042,0.6424829690204723,1
-0.6424028026986579,-1.2456079984289987,-0.17716772474079442,0.4812031477163182,0.034150521899073076,1.378682746247781,1
-0.8135468690518067,-1.5801935737897195,-0.013192524031396142,-1.009454590889882,-1.7040842153525912,-0.8319757718709409,1
-0.4809381958359724,-1.047321565299203,-0.307062116793903,1.0343402845079241,0.13767794577369386,-0.6039491863867865,1
2.30204668969431,4.145666901934026,0.13055257010411597,-0.3997203958629231,-0.7328183619428104,0.3104887660404875,1
1.2911744420379232,2.8752499845843165,0.7028604492623636,-1.4285968857534697,-0.7217304933334314,-0.5832490581256728,1
0.5462067663261234,0.5487652462357236,-0.8185051493863927,0.5959930541095121,-0.22650139590976448,-0.7215909512732236,1
-1.3798653902548084,-1.6026008934731777,1.687366019012609,-0.7673150629830003,1.000416985765132,-0.5636909221198981,1
-0.0813448573056916,0.37076406064433015,1.4835317473515823,1.2676225371037892,-1.6520888669542744,0.7863766063077069,1
0.9584254868004894,1.9974666994393664,0.3487826846447107,0.5809137566653635,0.08313606148330889,-0.2539017094974344,1
0.6627811262765044,1.7015899474961882,1.4071190770138806,-0.0185777327488329,0.9798691491447384,2.0608268466700372,1
2.06370753499431,2.7734751176455936,-1.7203008608185868,0.7907645700618124,0.7526194525071251,-0.7154486588909453,1
-0.0933389701525716,0.1272323386880778,0.989076449572941,1.4453876665978747,1.567584043469395,1.0396202894947162,1
-1.5600576470012184,-2.351234462653199,1.0286545770493776,0.12126697173078269,-0.6118005338581679,-0.31520656043519035,1
2.22902989745102,3.0075301395418292,-1.500309195965223,0.87181866715523,0.7776638855015608,0.13879320269482168,1
-1.4466396325368576,-2.0816327761518867,-0.1715582023090675,-0.5350556207272975,1.154102621811087,-1.2214986407914254,1
-1.590709268721025,-2.562776031136455,0.08592324866407834,-0.3149470098272783,-0.72259352033038,0.02713226114798493,1
-2.394034265418818,-4.380459045502464,-0.3156633002730186,-1.0693611600706334,-0.9267577648895421,0.9243645778544903,1
-1.8010621601116348,-2.8407634122967145,0.7109173366204169,-0.5703521048107069,-0.9754363661256189,1.8164993434095051,1
-1.4187235102382694,-2.3887872362911855,0.415695149514006,-0.17903033406896662,0.21434442105486692,1.4017353969320123,1
-0.4453767033601334,-0.9615767030164906,-0.08765264907046229,1.457972849464971,1.7829073974412442,-1.3916644394378523,1
-0.7556103941306163,-0.9340574828838143,0.9400652162851277,-0.8140796934512401,-1.3914880774036547,-0.26651017824533824,1
-0.1385097811080753,-0.062289862923940974,0.7963417788621954,0.058276288175869766,1.1625541326622035,-0.4333496723651411,1
-0.6665313104140195,-1.9024584418250505,-1.114923025118912,1.9270356706987777,-0.3538600038895284,-0.5672071490149181,1
0.0703701490557275,1.0474943582655722,1.9395431525612477,-0.4457827881431138,0.37054033439002915,-0.17101149644770716,1
0.8669616087166753,0.9733657470877038,-1.2471586457105737,-0.10253970781988737,-0.7599557562466683,-1.4738986100190319,1
-0.337990815824612,0.5492777769377469,1.3959950716135205,-1.848826334692844,1.7745184975676997,-1.7402978491139602,1
-0.9780976803897116,-0.9764742015371212,1.6205693940717685,-0.8378725323025011,2.0214438353374016,0.8738545781011626,1
0.9169721494174106,1.2018203490004586,-0.5211376073851404,-1.6794493198132978,0.08389858991329126,-0.3416510228824085,1
0.435945097347781,1.3908123618779271,0.2618793722299202,-2.169246688766199,0.7548266047769052,-1.0460135427826949,1
-1.3889135806480686,-1.7089265067848436,1.8835167515957472,0.12430821375219446,0.9574731866034046,0.1393489094310391,1
0.8407288706772975,1.6305794820804909,-0.06689682423102418,-0.14831465772932917,-1.0935298733326024,-1.3179869913182132,1
0.1416334160290053,-0.18003569039000777,-0.7556354924219522,-0.05864272673023055,1.9041325332560355,1.0695744521809847,1
1.583662457075886,2.7812612678035,-0.07025094206618897,-1.3018617871244904,-0.4259379331271281,-1.5430162352910959,1
-0.3383415208786161,-0.2150865677975222,0.6163309949300497,-0.7101957242781906,0.866422693839925,2.0118163724982097,1
-1.24161745796708,-2.80311133347913,-1.101432523523885,0.1346377261102205,0.44185271792612824,1.7227052159369811,1
-0.7316923094476571,-0.6662918320783194,1.7627247963066823,-0.14234920321863645,-0.5799741837383191,-1.4923943077447415,1
0.8040451220286535,1.4928867422746257,0.16838450499311497,1.807710157843347,1.4093359663503147,1.0751115155096767,1
-0.1166257857383275,-0.31478458779996293,-0.022783809396384466,1.9728521873297842,-0.2428089860478883,1.42429428208238,1
2.4111861024998413,4.462571154042188,0.6957602492497339,0.49421330605653785,-0.49263645248261123,-0.36865317573843126,1
-1.0885697724004524,-1.8052310891646948,-0.5585592816528447,0.5189597893450345,1.4090798389096681,-0.8525318248380382,1
-0.5387343887355613,-0.6686452638952215,0.8948612153655067,0.5289135727210854,-0.9857803464953007,-0.16193029497814307,1
-0.5246360455646671,-1.2619342098173012,-0.6875457185273358,0.014336926123896424,-1.5676763065189325,-1.5814000377792992,1
0.2495102906401303,0.7272607538113798,0.4224512961254551,-0.7483343074278014,1.188088100716538,0.9735459654427293,1
0.7804777423996965,0.4082316502801963,-1.6650924357491312,0.5666954301663751,0.7174208111888348,0.8130447495036139,1
-0.926754460483767,-1.1495282042910029,0.11487672114272689,-1.0853166770432143,-0.6326461630266665,-0.10967201810898863,1
0.8308389881544338,0.824278129304828,-1.680964791120097,-0.30720727617190824,-0.21002461236781342,0.7075802838889046,1
0.345884039479977,0.7555385396634201,0.6309888515584511,0.5942818656703956,-0.29614787040474067,1.3243837045011961,1
-2.2332710686641377,-3.90372410315708,0.04470983119223675,-0.5280084218786628,0.6072017435271462,-0.13913364702226894,1
-1.2401444967402702,-1.7549033966919036,1.1002435344051325,0.07525215146523387,1.9656150626168876,-0.1429800411634414,1
-1.1847330982078967,-0.7927603087025161,1.6882147395097802,-1.575095011703611,1.6360342615260568,0.27887299528109327,1
1.5717384852398069,3.3217128807154648,1.6430996793558799,1.2692921505229844,0.41147479080617116,0.44484963002035005,1
1.199429999910908,2.2688266051593335,-0.47215689455479576,-1.8070050727795437,0.40999284202778297,0.7336755355964821,1
-2.0479585181292927,-3.1185191996205175,0.7387072355562664,-0.5184346760377267,0.5189011342843075,-0.5801255675970599,1
-0.3248744468049271,-0.3487546101759613,0.05133408581512768,1.700947103084793,0.2498413463005087,-0.5259168386147813,1
1.596708685084776,2.5748964864741133,-0.3580506525790614,-0.4487994200618218,0.4909964994952446,-0.32253550855463586,1
1.131814065499252,2.0990376324883306,0.44641971239130973,-1.27790878405703,-0.752338812359518,1.785037325246938,1
0.5357557557168532,1.5064778056600931,0.9579700331133327,-1.6234165350221725,-0.41137936170505274,-1.5056152633160615,1
0.5316875770904265,1.3016142906028572,0.12992974540414404,-1.7470942087620276,-0.03615422940883309,-0.4651144320832902,1
-0.738285564462901,-0.9164262221232786,0.7672122773494771,0.38631972447964974,0.21252323754650457,2.1858537964016844,1
-0.8055507938205527,-2.446363540525963,-1.869696935759547,-1.0294418364884974,-0.8081760537391611,-0.37347701122061633,1
2.330032953003698,3.8507684425148163,-0.4015935525222412,0.39522023829611447,-1.3806870681984633,0.33045149344342795,1
-0.015482448164048,0.581361257867079,1.4677816305558102,-0.4379522328839764,-2.2330962148234192,0.037504225794178475,1
1.6102459001692635,3.1736916878044164,1.1146045751220148,0.18457152274847385,1.012717199199202,0.4187197241430129,1
-0.511239112501777,-1.0225679526066225,0.017700326742484354,-0.9204608106290353,0.33107643676236503,-0.6854462524982537,1
-0.3687125785552195,-0.2663591019273372,-0.14087864597261482,-1.6755876901020663,-1.7253983519307665,-1.3064267858696994,1
-0.1521872782141666,-0.9896117942950506,-1.4890681791967761,0.7527755909834384,-1.5974314783877688,-0.5721178599671545,1
-2.051605850690919,-3.08290608386766,0.39620629805473845,-1.13838973381563,0.1362257775670365,-0.8412361753976798,1
-0.758556316584238,-0.7795650052524372,1.3622098007832182,0.7618165305817742,-0.6685282919167306,-0.2879927276815581,1
-0.814879548257016,-0.15442861084815174,1.739820207233785,0.7052275535006947,-0.2610694386640878,-0.804023859314025,1
1.7424617055281528,3.2012063474139425,0.08104786268007812,-1.0397854143733292,1.2414007991487033,0.4073719837362108,1
-0.4214586186771762,-1.609338154279347,-1.5942854335484558,-0.09780582918014998,-1.1073373206456687,1.0387581396820726,1
-0.0455028007866513,-0.2782278521506148,-0.1767437230777216,0.9808494687325847,-1.088088272262195,0.45502347773534685,1
-0.2970986065279397,-1.6280046456862762,-2.557144031267937,-0.241238999092487,0.1590474798169944,0.0896052105436605,1
-1.068439302300718,-0.7590239636223612,2.1332737738947603,-1.7929845596251281,-0.060097078441587355,0.24849382245299226,1
0.6227306091094358,-0.2748613962298444,-2.7492974010844016,-0.8254459520964139,-0.6050915976329361,1.1818671122796456,1
0.710196449577624,0.1918971624640445,-1.9467821835451393,-0.16258291244613715,-0.6253537951520649,-0.8340855564623352,1
0.4502538635510776,0.8267287452540908,0.3955000504336262,-0.2971041011565685,-1.583274983812295,-1.1397752502657683,1
1.9434858424823036,3.653480525354687,1.04711661647518,0.6671097680155146,0.19720532094129317,-1.443481873094386,1
1.0851001523061408,2.1186725964495716,0.32304584080389226,-0.7385851198218089,-0.6145394853716318,0.5645967749316927,1
-1.7579955794801465,-2.0443793984138434,2.439468727747085,-0.8180416300698427,-0.1164504086557793,1.2349622430593983,1
0.745407236999459,1.1214889467558453,-0.09712866685471513,0.9197867217176791,-0.7891058031486996,0.9384161581089645,1
0.5384211141272699,0.5252887567174144,-0.763039659599416,-0.64854588718833,0.6151370826467366,-0.008443146370924259,1
1.8100074989290056,3.1067002637046848,0.18249724549426846,-0.7798583319614684,-2.067789404700047,0.9892155607787428,1
-0.0455729417974521,-0.4436761760801257,-0.4780768278096561,0.06675699161481154,-1.7433156166605814,0.7783858373063244,1
0.8283139117656168,0.7151712151512591,-1.1902796501882347,-0.9409095759777923,2.2864556109082694,0.19113212943963082,1
0.27034217084787,0.4789849709952626,-0.4823382243526603,-0.9761558603015433,-1.4045977460667742,-0.2465821315760696,1
-0.0839400747053095,0.4286304138481974,0.7740458876978576,-0.1686337118928077,-0.8105230638681674,1.1844078371315139,1
-0.747333754856161,-0.43734364707561435,2.291432396287154,1.0710838586413487,0.5165632860747904,-0.4307831539121477,1
0.9562511154656744,1.1851086552604957,-0.9795410449428202,0.4254812659992678,1.49547914873641,-0.9777457565048541,1
-2.39466553451602,-4.021086663447489,0.6004673296676236,-0.2147217638288004,-1.1299439601161638,0.3603250234657736,1
-1.6823134288264388,-2.128349881080478,1.8994572602609827,-0.6624595218963623,-1.7253000790301052,0.7203194118433273,1
0.2088986453866571,-0.7989236223564236,-2.2866109450316596,-0.16578822380967648,-0.6438339528913092,1.4549324641049046,1
0.1085969999419853,0.19431970768156442,0.0692737067772326,0.11028291916919229,0.11098207323145336,-0.8970265536159001,1
1.3818667690029327,1.7197546924747908,-1.0120447198097327,1.3680927314327842,-0.00561171053683393,-1.2632084896885558,1
-0.3375699697598112,-0.5880267400717685,0.18760659606082974,1.2682859821425652,1.517026255031631,0.025440660883598355,1
-1.0014546369862682,-1.551877665258606,0.6763329282068435,0.44049159703671736,-0.29923191056849313,-0.21259766030360316,1
-0.1963761150184629,0.0819813113441194,1.2197190642948141,-0.7316776935495587,0.12561487855665776,-1.0156129886149705,1
1.8471120936424563,3.5511346738151404,-0.21929286097974648,-1.2342191203352813,0.7341494531801531,0.2532438483098835,1
1.5964982620523716,3.124856397555288,0.03381879299999739,-0.051367363464970374,0.7393139749760078,-0.8163757975271504,1
-0.7722338136903294,-0.5867477665808736,2.0177922831394386,2.1840241592865484,0.2496543663641059,-0.21957115824712645,1
-0.1321269491252318,-0.8011589167114093,-1.2784832510481092,-0.4678503037873331,0.33649838542426785,-0.628095897066734,1
-0.64745295547629,-0.8271384747665238,1.0401149377423649,1.0192012695639059,-0.6083964871615323,-0.2568182039539105,1
-1.3908775289504822,-1.5471717170624362,1.9738929966593275,-1.206108070505906,0.6083195654967377,0.5994018948576357,1
-0.3198944350380919,-1.4180058974018597,-1.4817234289863395,1.1361125206228722,-1.2609760991150916,0.05902651285472329,1
0.2124758369374823,0.4550164925259147,0.04518632206269436,1.5608483942293645,1.1828217200961737,0.8391676246974554,1
-1.173440395469023,-1.052458757565704,2.32778432221925,-1.3698212938403789,-0.009440670112314203,-0.4171655876365717,1
-0.8844594309710825,-0.6759875884121169,1.8096578058046333,1.4984245810900814,0.7943844101912482,-1.0383280824256145,1
0.7277317022777396,1.3091011733424707,-0.6520320254821866,1.6062430099450493,1.6259374318440878,-0.21470880008027204,1
-0.5244957635430656,-1.0674783460315143,0.09425384055605843,1.180794948099747,-0.9569318135096403,-0.8222208203447208,1
-1.2217675519105466,-2.2914247344331797,-0.7019974796754324,0.9316882542471573,0.9107418174894315,0.4447527737065631,1
-1.1826990088946845,-1.3785756533712965,1.0230419378031559,-1.290677304294043,1.0574722355150685,-0.055396159959436614,1
0.835468294867265,0.5473652384599622,-1.6283157294421526,0.15353039963718723,-0.6597705790784643,-0.005398849082036883,1
-1.5522719948023669,-2.765098842738759,0.19925388876559602,0.4241751991195317,1.4599835197702746,0.08393339545220485,1
-1.1856449313483042,-2.465881153165944,-0.5407473996350891,-0.7723861136039667,-1.877229589094665,0.02140174447894682,1
-0.9974565993706423,-1.9144092936579997,-1.0037034535757374,1.3411749970513722,1.5331630546950106,-0.19851444905758228,1
-1.2701648493628714,-2.6851620305801034,-0.9585794179538601,-0.40122186534725146,1.856616377167758,0.8302783343601121,1
-0.0828178185325006,-1.1131945930524707,-1.924194467082908,-0.1464765473373121,-0.060481077788268646,0.45192799139799006,1
-1.2872091149873863,-2.2182735043737325,-1.0740922106372934,-1.359410433680917,-0.0861639719738876,0.9055932598950701,1
-0.3939633424433899,-1.100909965296834,-1.3218046599032733,1.0790133930028356,0.060603133532820846,-0.6247917890548,1
1.5311268399863336,2.2285373971084277,-0.7564157472993206,-0.06820956838001473,-1.5774922364911113,0.5490921891005046,1
-0.9727669635688744,-1.758377816988647,-0.014781282031499482,-0.39909323104192745,-0.2266911909738326,2.2483500945277872,1
0.8034839939422491,1.379958019211574,0.28882289559803637,-1.7641009222336579,0.3468964119513369,-0.010672764976122039,1
-1.2052844143724362,-1.442140308741757,1.1635166484643507,0.10107891241531965,-0.5750727270958124,0.21421220865399584,1
-1.617923980911606,-2.998401139049288,0.00433877279444924,1.4964163239593447,-0.06593074706397008,-0.20547205183398154,1
-0.0531481709639033,-0.24957767967947225,0.12114381025625472,0.5872020352714508,0.8627802456963348,-1.5946426044480335,1
2.0392984632357454,3.5602763425496806,-0.08301548415422527,-2.008548096060341,-0.6891263515439093,1.5239062543341981,1
0.7245052157809185,2.0707067451925454,1.845026961620107,1.546414418156672,1.7968361674597624,-0.39243508619650497,1
0.4852542279405122,0.6745832910116973,-0.6306022809642383,1.0126813945845745,-0.7290141535012932,0.35366625699311144,1
-1.5872022181809995,-2.8796065061543623,0.06802382151595268,0.7788450755810967,-0.0967777070304022,0.21160239237882728,1
-0.6402284313638429,-0.6160037638774812,0.6059529902548108,-0.8407556466023104,-1.0577594844155236,-0.11804649175262213,1
-0.5848170328314695,-0.9616427282918901,0.23241059361217545,-0.4021014952868663,1.2120384434341382,2.303596633482765,1
0.9864117501098776,1.4556126306098016,-0.4669039923995998,0.335391701849783,0.4618596795578336,1.2144182106759651,1
-1.4434131460400346,-2.38667745140959,0.14968543905791043,-0.05243962727752793,-0.3638986110538724,-1.1785781684911065,1
2.0323545031665,2.56881707811321,-1.64300176350072,0.3997052486411214,0.42285928663695566,-0.6028367283837596,1
0.4623882584195592,-0.02675609196670814,-1.5120617798878617,-0.7063410922101946,-0.6548577975768258,-0.06113138257608097,1
-0.5153072911282038,-0.2671837883276902,1.3716021150208704,-0.4408241903989568,1.2356618205740382,1.1153177790031534,1
-1.1728091263718186,-2.1445769467313274,-0.29368501661218493,-0.5618441509611026,1.8636581668747385,0.8447299289394299,1
0.2831779758243576,0.2807213835194661,-0.16968727451856058,-0.5140771481874108,-0.36666126757483647,1.4056779302850728,1
-2.160955686528853,-3.793163895518031,-0.19351130774106995,-0.9041624236793964,-0.8343308898284625,-0.33977399155472926,1
-0.2347432479263203,-0.6127326665898725,-0.03161638628385923,-0.046040663016469335,0.44007665786848515,-0.6616136441397151,1
0.1215730869400726,1.4774278282735709,2.2924874090674803,0.07385082583665992,0.8212791800742002,-0.5127397347075106,1
-0.721171157827586,-1.3224739044893223,-0.3492942306534978,0.5850608958491029,-0.8342927955628575,-0.40772532202428846,1
-0.2924692998151104,-0.037873581311351594,1.2684700755424712,0.38272223078773615,1.3164276141346498,0.0666477058832894,1
0.0027542146440737,0.31048337015592575,0.05636958835061568,-0.23766265553091737,-0.8894632928115545,-0.23440751747670757,1
-1.6689866367743484,-3.0832722953460765,0.015540100135790122,0.37765294514103487,2.246389800280693,-0.14481652213485796,1
0.6145241108457814,1.3277873784697676,-0.30442383211001156,-1.620392492888325,0.21128886038222583,-1.2077068429509088,1
-0.2418976310279686,-0.21853345167224647,0.7297143143145017,-0.15216379128042185,1.3780652078533049,1.5873699018435188,1
1.6441240083858937,1.9008380133612115,-1.7275010381370353,-0.1322799701736457,-0.03988323769437846,-0.6288414430307047,1
0.6718293166697665,0.6359124393012745,-0.9249755629038421,-0.9621445548513415,-1.6993328326315849,1.2663531224843834,1
-1.0537798310434203,-2.6683264451168247,-1.874670494082166,-1.6395536475880832,-1.5037004534883476,0.31905586171385314,1
0.1684272821547856,-0.48777740967522,-1.4643545101433548,0.06735135572809775,-0.007775015909026906,-1.7745807571881902,1
-1.3660476111271145,-1.5189037822720304,1.9852511568069133,1.589649644475471,-1.5504415339444517,-0.30077806659993267,1
-0.3931216503137842,-1.289667279370536,-0.9482657647075364,-0.16864261780763964,-1.1637053933600812,-0.6723222326270143,1
-1.774829422072259,-2.0753604258949956,2.3071148146662686,1.1141179193348425,-0.3805545956002797,-0.7546537569901065,1
0.5325292692200281,0.2573731725442362,-1.1233907718916374,-0.10692845159399342,-0.423657213688536,0.6492134610535251,1
1.2333782491383345,1.8230431392528776,-0.8253240654776361,0.930826727305978,0.25512486683371927,1.2302833601868965,1
-0.4657877375030702,-0.385747379381698,0.9871386389478035,0.5762900716042733,-0.23268897076997735,-1.3863195944217284,1
1.4586010348186471,1.804137890206679,-1.5172364796767814,-1.1173963008853056,-1.2883880314470897,1.4075677899710242,1
-0.682663742898127,-1.002534123300105,0.6747935901628369,-0.7596703016818084,-1.710719232695196,0.2231936062311944,1
-0.1223072076131649,0.1507480022388991,0.47480152643564394,-1.030764656802614,1.2119447693953742,1.3786682703465394,1
1.6335327157550217,1.9693864533156973,-1.5785209298866805,-1.0078939402457643,-0.08609936633527805,0.014209593637372054,1
0.6144539698349786,0.705857351905943,-0.9666929753725797,1.4694850028838933,1.8493520572558944,0.22208314652228067,1
0.4964066486577865,1.1336558387590658,0.8399984721561582,-1.632780127078693,-0.9000281025096011,-0.9279692715146671,1
0.4595826179875409,0.258263235317513,-1.4470787622433225,-1.2944607413287783,-0.7024421916863768,-0.9148190680081469,1
0.6398450157447506,1.232679342509236,0.5137532048107781,-0.38262914901238965,-1.319394251025617,0.2658634417912485,1
0.511136260925886,-0.3970154028870868,-2.676893624742961,0.9169037844355438,0.06914097455240907,0.41311351167123744,1
0.9524635008824488,0.8431217396428016,-1.7126320115133191,1.3465748868781715,0.34322518851161965,-0.48791629137222536,1
-0.209071637973349,-0.9315361628133151,-1.1678431006880858,0.7530722606360669,-0.024721438747659367,0.6386466152001297,1
0.1969045325397772,0.5619562016167597,0.6205650654737941,0.5972690253388218,-0.6627890514661599,0.8427334570539059,1
0.2824765657163516,0.8983609024477447,0.470346757996908,-0.9773668579743124,0.028841100122867763,2.222958717729246,1
-0.2206449047554261,-0.9986902812169351,-1.6595703626061826,-1.365720579686063,0.554362357092781,-0.4447116189617563,1
-0.7315520274260555,-1.5787476507386453,-0.5786846171654727,-0.5835833989103003,-0.9124365052206324,-0.5343666459349459,1
0.0831358130214124,-0.37965154260620143,-0.8012903488054899,1.2561293625037753,-0.3269987943297954,-1.4827168910150297,1
0.134479032927357,0.3197265250124266,0.6726153364327202,0.8304625396261357,0.29180074998394545,-2.758723258589762,1
-0.092847983076968,-0.4308390795456269,-0.2538178382472993,0.842778237160167,-2.054628107031679,-1.0102794028881066,1
-0.3469688652070753,-0.49021215949688174,0.20919102245458812,-0.4899402438201182,0.6293317129154419,1.3791280149797136,1
1.009768706706434,1.872487206136944,0.4002717033251628,1.1108996694625346,0.008124201600873003,0.07684553007656031,1
-0.1860653864307943,-0.9440038750883614,-0.9303884861197074,0.573174866528049,0.5053099139386037,0.4097681181673267,1
-0.2009352807204934,-0.5906643629357683,-0.3775763604045719,1.4192205306559844,0.15359065633522767,1.424100891086406,1
1.0253400111041393,1.3422591938550021,-1.2894337339412196,-1.5235625558226071,-0.6140831845108243,1.8011678973257732,1
-1.0773472106723774,-1.7023368146736824,0.13645692331527323,-0.5018479014916574,0.04649834791506833,1.6379555459163848,1
0.2811438865111422,-0.0002772777541710556,-0.7788281265024739,1.627404901708153,0.6431587640872964,0.49544868268614706,1
0.8593162385394234,0.46481124353467784,-1.9595613096491948,0.5243391137120846,1.5274347449407484,-0.9265893489087067,1
-1.539857035890682,-2.545393023104408,-0.14361538135771312,-0.39140848446506143,-0.44098081844033843,0.7966936169703921,1
-0.809057844360575,-2.2158909763394345,-1.6737455735363798,0.26439602814434954,-0.67296303609712,-0.6119713122899669,1
0.9103788944021668,0.9347453233977685,-1.0562020981542948,1.1631905202535298,-0.9366369934568027,-1.1558614208396907,1
-0.6902389720645782,-1.4400522999398684,-0.6922311087094171,-0.19085150226767267,-1.9791135778454831,-0.7014868800518987,1
0.6904166845318904,1.2389735056660531,0.08728431432548371,-1.523162238965529,-0.08000883694818658,-0.47762726148893786,1
0.4391014428338033,0.5712161828027749,-0.7779592706700708,-2.0427313143767956,0.8160330917280992,-0.4467751837677941,1
-1.5976532287902698,-2.0598560486613304,0.7270482005673045,-0.953181875433726,-0.3107233504093563,-0.23248841194717781,1
-0.1735802865083107,0.030434056754609647,0.7957195356979226,1.2187609950608251,-1.3025629695655303,-1.4153040100322758,1
-0.744808678467344,-1.153748481099689,0.6582060753688734,0.27832276124898514,1.6860480058621705,-0.5245524204009046,1
-1.0090298661527175,-2.419540240673417,-1.7033800499733467,1.0547496041040767,0.29255987590064303,0.8146214908637455,1
-0.076855832614462,-0.7834011648916908,-1.1425279899755285,0.6787125563412376,1.0542067198986824,1.2413347659105283,1
0.5346334995440443,0.4677311405506681,-0.6395428055700727,1.1438368536687542,1.3265111182652294,-1.3367329840568052,1
1.1038278021898662,1.6109348052615946,-0.6320427923831509,-0.4640542778471023,-0.8987842098746058,-0.1516578877879993,1
-0.1552033416785853,-1.4939190333203516,-2.174172110795834,0.9978202646889861,-1.3679241562886393,-0.7432185303197989,1
-1.1817871757542788,-2.2646651574023378,-0.13224625205975474,-0.07122653841641734,-1.0942804806714157,0.15232767154583068,1
-0.976905283206104,-0.7520841501146436,2.146970815856644,-1.8429330654739429,0.5538761142169738,-0.1416095805373157,1
1.084328601187336,0.7695625534256232,-2.239380371890728,1.6272000982020447,-1.133992505054646,0.4128932147171462,1
1.1917144887228552,2.4790934839295957,0.6828350240014435,0.8463246356916813,-0.6642151738857665,-1.237640624304526,1
1.5545539375936912,3.236009522237661,1.4896883603704172,1.1905224151686313,0.21041329483750817,0.8549279456147725,1
1.02281493471532,2.256314325528398,1.4413024593264665,1.4534687080094897,0.7774874431087581,0.04044478859758829,1
0.3228777879374223,1.1246796547935598,1.4971287488712444,0.41150749271086484,-1.3165619906265573,-0.5605108021407988,1
-0.1526081242789694,-0.6619674170795136,-1.5131906155961294,0.3984205122446693,-0.1685794499552459,-0.20509379993035332,1
0.221313604298342,-0.3324579472249946,-1.1639298751088083,1.1414429825008654,0.37854677997689806,-1.3675426413416087,1
-0.2688317791753485,-0.9114887128104072,-1.222459011743455,0.20445533254977583,-0.49856874866548945,-0.14028131165400284,1
-1.5319311016702288,-2.8702226290404766,-0.8482954089922511,-0.4677772272368022,0.4475646554683797,1.2136199869177884,1
0.7372007387358046,1.1048271091907509,-0.20393182008521565,-0.0426436463386349,1.2183030160757775,1.9570174313893374,1
2.537510062951491,4.104852716549583,-0.29736065175555765,1.045623741504773,-2.0124071848286893,0.607529233692843,1
-0.751331792471789,-1.6801654870738998,-1.4733919380783074,0.6834329658606774,0.7967381004505861,1.1245945842120741,1
-2.15772920003203,-3.4526846089613885,0.43217005971045075,1.5916840854420338,0.22630606553569238,-1.3752616766430028,1
-0.8338176211731418,-1.1194950327999642,0.39966393872512557,-1.6993233243948784,-0.19451092920730623,-0.9276377899024794,1
-0.2740222139745842,-0.8939202865598476,-0.6219078001051294,-1.430311956256906,-0.8301008316746795,-0.4441340509407569,1
-0.8316432498383268,-1.6221313895902951,-0.04653403050676278,-0.34142893538855507,0.9212140288274148,-1.1818914079607956,1
-0.4823410160519826,-1.0756762123339931,-0.3608151138606667,-1.465477354996726,0.28195253085476224,0.6186461497510375,1
1.3012747475931914,2.28690826993575,0.0497013121693733,-1.802292677611432,-0.21166117003324111,0.23620300651068096,1
-0.85591203957529,-1.123914168609856,0.8546961317586215,-0.6491963764340244,0.6707207535710302,1.1074067657672413,1
0.9907604927795054,1.5990724463208272,-0.4248119148152732,1.523853942886192,0.29173896864664445,0.21324566454996494,1
-0.0725772309556308,-0.849085710627447,-2.1346416214912174,-0.7823553714931093,1.4246149163742288,0.7855001503521873,1
-1.6090160725399456,-1.6924411552601923,2.6563821060350694,-0.2710889949864793,0.09073637173510576,0.417800120669813,1
-0.8672748833249668,-2.1522585572189437,-1.312919113642831,-0.13043103135851672,0.38719521933233675,1.5903458178168959,1
0.4063455907899845,0.7065762374099583,-0.1864467366838404,0.559150460099629,-0.2646289263073945,-1.1172320428492497,1
-0.1381590760540712,0.24527105321881643,1.3372481651394166,0.7866651974660092,-0.1440405203169847,-0.3090333968908606,1
1.7275216702276528,2.7147242310160906,-1.1293186978727767,-0.22810040393177697,0.2281091832259,-0.436678684000894,1
-0.7727949417767319,-1.2645804939276215,0.28689662113140085,-0.7127004330652714,-0.6027933800787645,-0.9246752956969254,1
0.7123006799016381,0.4851577851636451,-2.1170765923889343,-0.9880115909104615,1.7491363155247825,-0.1053635038627348,1
1.0372639829402204,1.156141405959807,-1.0502604184960433,0.7212813096230296,-0.09877610140700253,-0.41449906328186537,1
1.8526532334956924,3.481304627853834,0.4300381979379472,0.6467768445894123,1.484141068932073,-0.7472366999863612,1
0.7249260618457214,0.19190704065733719,-2.333523231905095,-0.6518249012052862,0.6494756599857433,1.1081894125362834,1
0.4796429470764757,1.085064097894181,0.867301067227605,0.02893578021845597,-0.12246121584095458,-0.3029191741971048,1
-1.0412947311209366,-1.6279965234177187,0.5538583666104636,-0.8155038164280823,-2.2033874123271726,0.4177888103665769,1
-1.5158688101969209,-2.7355857065190854,-0.15290751126359364,-0.713254624495927,-0.2721534272079747,-0.563052859020188,1
0.0817329928054043,1.0958691886359033,1.026475805714785,-0.44767299661017623,0.8467964682615378,-0.7128643216644401,1
-0.8423046834799975,-2.211128715859849,-1.1595290237004579,0.18806175764427677,-0.7432077964446641,-1.527220621743392,1
-0.3123192058716407,-0.7675478326704126,-0.2927980730361794,-0.9534526009288229,-0.6027442810314395,0.25482597386467937,1
0.9263710448646728,1.093202632104337,-0.7391767368875182,2.3113335819282943,-0.711105890268936,1.6843670164106792,1
2.0752106607655865,4.023352575515513,0.6011892625160187,0.16558628561856695,-0.6687851533055841,0.06966329073206379,1
0.2314139098536101,0.22167234017921245,-1.2305876847375234,0.25158672830782586,-0.4188055623481959,-2.7908435676063506,1
0.1776157545696473,0.10516524858198883,-0.6793092789084474,-0.2547120512703515,0.008360988496456999,-0.8758280506337781,1
0.0922541444254753,-0.2504052516373667,-0.9662394908573958,0.1433104342635792,1.1334352077123482,-1.2128778117052978,1
0.0303196318886588,0.3202141302079501,0.6511330911283555,-0.3745760183315796,0.5611599626001045,-0.31968321622550394,1
-0.6256391011173451,-1.1180171070634495,0.03596626175912941,-0.8692080430241294,0.28855717345456044,0.62358467236069,1
-1.5916912428722303,-2.373631161900453,1.1010562731712124,-0.3205755746290059,-0.3153848736543787,-0.21607733548943134,1
0.2438990097760938,0.9419754546031923,1.5507583932532663,0.8739191048443945,1.196681623822278,0.018611800863564485,1
-0.1212550924511588,0.4484765877204239,1.4705858337907236,-0.6746420654545081,0.6781815294977231,0.15759425722615222,1
1.660677286934804,2.2911310204734545,-0.9287575237331286,1.2458061899518587,-0.9067097146933556,-0.2367306922446084,1
0.3838303263230335,1.2728761316434813,0.4993626510399276,-1.0690390811982435,0.25205120061224245,1.2661185162811657,1
-0.0551121192663159,0.13009794325062146,0.26047025934802903,-1.1674447799420948,-1.385448712650131,0.17654582759103976,1
-0.4574409572178162,-0.3277865222012939,0.2934625468678682,-2.1065721918434157,-1.4499251821566423,-1.0526677091408272,1
-0.0894812145585453,-0.7094938372559043,-0.9631083017065034,0.4764480213654689,-0.8552388139122938,1.1522375869024333,1
-0.7071429556674906,-2.1381473863215215,-1.673503677283126,0.05851403599817858,0.5906885350108768,2.3630843910141257,1
0.2613641214654107,1.2863812174386342,2.0438865283587924,-1.0660630639982,0.01803498000242014,0.7429707249878558,1
-1.496509891215991,-2.830347682383116,-0.4766781328540703,0.09733717797551401,0.8059834978520787,-0.8423297378028805,1
-0.0506230945750842,-0.28556093724360726,-0.8117264873085459,-1.0623666180004228,-1.34993249811732,-0.5591522764032584,1
-1.0187794666539836,-1.8460600051450118,-0.29900976604208734,0.1452915586662492,0.6058078769532836,-0.5917078184379425,1
-0.2549438590368567,-0.6232752229507763,-0.5573025426523703,-1.1373207541512553,0.6907514718877861,-1.0492988631026878,1
0.9850089298938672,1.501217467972284,-1.5508971189535692,-1.3318961349571847,-0.7616262193521899,-0.778985686353716,1
0.5473290224989303,1.406269907077602,0.1793104698670943,-0.5006134272365201,0.09775453057854691,0.6989503083502578,1
-1.2362867411462437,-1.1050520870697451,1.8981489097009938,-0.3308152495188017,-1.198105380760962,0.9606629508084313,1
0.1764934983968404,-0.5791952271841142,-1.6622078900174444,0.1833046706571773,0.6884017137875599,0.8905678401607954,1
0.3837601853122307,-0.21182085072362822,-1.6084650209836284,1.4290144491605563,-0.20571188233806706,-0.8358989793729409,1
1.0999700465958395,1.7530058848491832,0.1200703495093235,1.7817474200154093,1.0661354931882592,0.4119505657448836,1
1.8962809422135865,3.485927491968828,0.3953984417149039,0.5704110347983994,-0.7039646905300468,-1.2782388109990979,1
-0.4161279018563389,-0.9601037109510213,-0.4696648186386282,0.35357581137598854,-0.6366295888615351,-0.2347443318370924,1
-1.844128740743124,-3.04250282640037,-0.38251587910868945,-0.09299334390459071,-0.43333313598378465,-0.42592363408042844,1
1.3070263104788296,1.7277364341209762,-1.9719426934572093,-1.7741126384672181,0.2961914317038422,-0.036585644402544776,1
-0.2031096520553064,0.47941994543249,2.111332428031434,0.8906830865761143,1.3144928698119587,-0.07435621272261315,1
-0.3447944938722603,-0.535056569739873,-0.006582285039195196,1.9395040732743218,1.903821211120681,-0.8936634432139772,1
2.1132972296302426,3.1852693905560754,-0.7718326152532328,-0.4068009785828782,0.6647926913519928,-0.48593228687039397,1
0.7848966260801252,1.8071194560719297,1.1653980322451079,1.5174011617079637,-1.2955290517043145,1.5224332417756135,1
-1.5483440981975396,-2.19436399602314,1.246388391764637,-0.5487839621354969,-1.6592839333743346,0.8753356487604863,1
1.254210129346076,2.5108595801040123,0.8680924013050121,-0.39005731302911445,-0.24555523546250294,1.2727039533077582,1
-0.5257583017374741,-0.23665781108575326,1.8098945567032179,2.2075883148494695,-0.29631489100407316,0.4765463842810282,1
0.5469081764341275,0.69786424234459,-0.46775560895243296,0.4227836839342228,-2.2304430084974185,0.4263070863064759,1
1.0665829254548156,1.909490004678724,0.33378136084938353,1.1236943005603757,-1.1206782613361856,0.3021006182446297,1
0.2351313834260329,-0.32248357631029195,-1.3562025919409035,1.2930691866224566,-0.07261484350088754,-0.474820327053948,1
-0.967786951802041,-0.6143373641545776,1.9553264452064751,-0.344400070035168,-0.9663635639496839,-0.05746599120847972,1
0.9876041472934852,1.4571060276216716,-0.9814076731257055,-1.1126030293406872,0.8784812256444997,-1.6137471298445654,1
-0.3195437299840898,-0.010285810145371376,1.2342227615611943,1.420534585029674,-0.8861242251874624,-0.20317261036699674,1
-1.0410141670777344,-2.5058362419080957,-1.1016760615679353,-0.5795047652860784,-1.3057698694520736,-1.117542552499138,1
-0.886072674219493,-1.5858517511272425,-0.3026055439834849,-0.7581710044746127,0.6115006629976488,-0.8874725555978231,1
-1.4719605374358269,-1.65413259547405,1.109464611514405,-0.2141952408325367,1.3541823548503162,-1.3584285528521363,1
-2.045573723762077,-3.6336960611959106,-0.16127254627643367,-0.346889529787859,-0.33030890872276897,1.394553380449157,1
2.011873328012762,2.2153038969934675,-2.47629944684152,0.5881687206778045,-1.095143641258539,0.565637763154569,1
-0.7924344248008658,-1.7265782733094686,-0.7361874543200061,-1.5439877693494406,0.6256228936581968,-1.127338478977312,1
0.1891188803409256,-0.32300282622714765,-1.6501687868612855,-0.6378833299544507,-0.590670077887202,-0.7815513062039213,1
1.270272420819383,2.3658586754293895,0.43147037122416926,-0.39879160002637287,-0.13214493440952266,-1.0310894418557803,1
0.5041923008566401,0.6684560239038573,-0.35471250775718266,0.09333464617021438,0.3066430184574435,1.2478980400039632,1
-1.6969027590729366,-3.1510104156741336,-0.10131417348064262,1.435971513513248,-1.1301320847245382,-0.2970497169242356,1
0.0983564123651155,0.0418663957401313,0.07206174031310508,-1.101916027235938,0.2539036455330661,-1.5909204617695025,1
-0.0073460909111944,0.3779554499191551,1.175241114861133,1.294961683797594,-1.261742735111484,-0.8246037192900189,1
-1.4302967770203463,-2.5458411175572,0.35292992189294237,1.4903693348430167,0.7805487548712686,-1.1044205547036323,1
-0.347459852282679,0.08463371062594775,1.2530719160649804,0.6195566936170224,-1.2848984907695542,-0.007266325682678897,1
-1.2034607480916242,-2.0553606793017822,-0.019785467441145486,-0.7640310885591449,-0.10598674553670433,-0.9647515473046748,1
-1.7857714197571328,-2.873556845496535,0.9270490666057662,2.5000526559071767,-0.9719808200093379,-0.6439768159005127,1
0.2028665184578157,0.5655273879308416,0.6036145037611476,0.3909860440218252,1.425431664589365,1.0096646350068257,1
0.107264320736774,-0.19038469803875369,-0.6387525351151188,1.678512012090451,-0.15416758631875166,-0.760708987389374,1
-0.1516261501277621,-0.6078706231366855,-1.382543203721938,0.2549574184500259,0.5808704554372027,-0.6243176259552392,1
-0.61006779671964,-0.17991011581988872,1.0006192842873094,-0.6455108072730994,0.4547799898387019,-0.15775825422448936,1
-1.0626877394150789,-2.1206047278364504,-0.33700071827176425,0.4927424023919441,1.232048983004695,0.7361150466030795,1
0.8879337709460166,1.8547111647525243,-0.17346284573025164,-2.2241354462735465,0.04935082000016281,-1.4730360220980723,1
-1.08365990164442,-1.1397902347283153,1.6287475217529261,0.40331959663184436,-0.5287999801080442,0.7657900493194189,1
-0.3790934481536889,-0.4799651134757937,0.6014497050769712,0.21861843964183425,1.1421613792969836,1.2303032153166953,1
-2.0694918084450378,-3.7776521963085417,-0.06257612406512866,-0.9076279998607185,0.08236368180798985,0.14493985224989478,1
-1.3214379282580162,-2.8324502132444285,-0.824326402706036,0.5471467434051469,-0.08151677969338995,1.3340422508860998,1
0.6383019135071408,0.30365756955555334,-1.4636907841811446,-0.763599017342496,1.3096885125233764,0.8682783872739676,1
-0.0262140228165214,-0.7009295612978432,-1.3512748450777285,0.5336481942896717,-0.28405043451930706,-2.4441480881095203,1
1.1404414098277114,1.260126799484266,-1.2466857386706833,0.42680633990599237,0.32946799780177694,1.1581040389619228,1
0.0656707013320955,-0.41643832247706936,-0.8394525049012818,-0.12683988974273858,0.18946389732772526,-2.082424011776591,1
0.7585937470299466,0.6136323993723523,-1.0459090611578974,1.073847954117454,-0.40225459055571566,-1.7661833898588029,1
-0.5416803111891813,-0.9247055927226956,-0.7928954853625979,0.7406627712216369,-0.31576084133093263,0.6591566952230983,1
-0.9851117814697584,-1.0898327537112689,1.4417341355691384,-0.5306210046866618,-0.8817129973600139,-0.8759738272438801,1
-0.7016719568250538,-1.8517032596501388,-1.0280644368958094,0.17118202374699285,1.2958061821587639,0.9967812114159588,1
1.38025352575452,1.468560952476167,-2.1456901559273414,-0.2730419293793235,-0.5256755010822278,1.407008641897174,1
-0.7855606057424187,-1.607781497650304,-0.1087125517444401,0.13023464350493552,-0.790378391061701,-0.9355907842877926,1
0.613191431640572,0.5290054268958566,-1.3737751318996283,1.6769697401167922,1.9751928906661218,-0.6320815382033597,1
-0.8293987374927131,-0.8256736835546307,0.2720129646177345,0.32534118504857096,1.2143889478332655,-0.11327510399140124,1
-0.3405158922134311,-0.6502377014975688,0.11508613946914993,0.412778267624363,1.4795176776966694,1.9511900599603116,1
-0.4239135540551905,-0.6104790946958646,0.5173812667931454,0.33250642265572605,0.2586378712923496,-0.9814332637489558,1
-0.0863950100833238,0.36501138997596744,1.1209711327008192,0.7750741913322182,0.24669744844735936,1.575815923179732,1
0.0012812534172628,0.4522369835392508,1.1785270976257762,-2.051586341367715,-1.5361872037817041,-0.17905951398311232,1
1.423109683353607,3.059114693520476,1.5162751598983046,0.2037174538708641,0.4935429942038066,1.3222308018589621,1
1.7494758066081997,2.635561479316682,-1.1091602524956474,0.31685756749081506,0.0344488326364816,-0.30888749606574,1
0.1605013479343324,0.8962977368463649,1.697238046523577,1.0446633231041205,-0.47042364531197467,-0.23211883691728843,1
-0.3624700285939796,-0.720921305185478,-0.17901838450312918,0.07560490664678618,-0.4537652601351843,-1.6029922273134023,1
1.855038027862908,2.7934522712221534,-0.8643364102572691,-0.9115137359510097,-0.922322070712891,1.035069100557269,1
0.1640083984743567,0.5231326182628414,0.08775466798994552,-1.2599642400561513,0.5503030061347626,-0.4197246177299629,1
0.1787380107424542,1.0620864655437858,1.2975316851077214,-0.6093141763876512,-1.0034430005289028,0.23652393989591153,1
-0.8211220982182579,-0.7698979717731771,1.5989242866825109,1.3972916327991807,1.2104697310432235,-0.4628725456101424,1
0.1950808662589662,-0.023718530153195243,-1.0219974713678401,-0.002706484332564881,-0.4088604280696454,1.6836648958484481,1
-0.0014542460039526,0.6123645901463189,0.5414657174921594,-1.9932236632296567,0.9557286328855193,-0.309072178049003,1
0.857983559334216,1.5754361738191285,0.34666599041412505,0.15539474219988136,-0.5321196168469698,-2.506552036676476,1
1.2744808814674111,2.19153309393179,0.10370097951870438,1.4938787566547413,-0.028177597481860526,0.4266647304498599,1
-0.2155246109669912,-0.26080838520386307,-0.21732982566073128,0.4464200291535579,-0.859025989790414,-0.7258954037682258,1
-0.0906034707313522,-0.23892839594919288,-0.6952271725050622,-1.8807028998667916,0.5829321703985111,-0.8480535806152564,1
-1.117818573904249,-1.5068191146459278,-0.1669803968990795,-1.7526463969765476,1.4779860320076796,-1.6481836834368744,1
-0.9483578918103116,-0.8101480442204936,1.8041646910409623,0.5841864691195863,-0.8103893370479506,-0.12143660090494424,1
-1.8451808559051324,-3.528893582815047,-1.152420759375737,-0.04331172741181459,0.6093953576314556,1.3812351978344226,1
2.055080190665851,3.283030984241627,-0.21013575973688575,0.7948508510135881,0.9241557866496628,-0.2317246483024345,1
0.5622690577994303,1.5242092770573825,0.7956749764534361,0.3734916918532256,-1.8267876719746967,-2.034407820720964,1
0.1100699611687942,0.3342891937028676,-0.6949381184664009,-0.376081381835265,2.3520168324906607,-0.34690108909811174,1
0.0261813122514312,0.31559668888135795,0.5149620596674204,-0.21437493560674925,-1.6662359088119005,0.6351774301357326,1
1.0416828666206492,2.5986657528323036,1.1318984969696624,-0.05205137487075388,0.5763290088891594,0.2648639319784199,1
-0.5766105345678171,-1.3345652491342264,-1.5849460487847338,1.2775881775590254,-0.04017610854193406,-1.3584649623171503,1
0.0841879281834225,0.07070143343615527,0.22367896420771552,1.8750141871491202,1.2028284476263424,-0.08230281741637235,1
-0.0491501333482753,0.10299071061195052,0.45010864026583525,-2.02743983182427,-0.8801740633437626,0.11607875877792243,1
-1.4600365655997476,-1.9182143013425184,0.48871728657247204,-1.8130655683618382,1.6562878057852097,-2.016574699296665,1
0.6359872601507243,0.5754158371888975,-0.9947332070755983,1.83936382571645,-0.08923632283220465,0.5837785747672083,1
-1.6594474593054849,-1.8317730136890422,1.3200821486081953,0.19457105907935232,-0.37822880181248175,-0.7673119915882243,1
-0.2952047992363258,-1.4688477973591223,-2.1427239753026934,-0.2551842941785319,0.07709084402585051,1.0538212267799112,1
-1.4117795501690216,-2.027479777204605,0.9797966250305702,0.0892045908017933,1.3090875115967717,-1.0659132306437238,1
0.1725656017920132,-0.18206529772462735,-0.764558554077567,0.49129715957771747,-0.4841165747732464,0.1329830007477946,1
-0.2511562444536291,-1.145724641774275,-1.2661731384296737,-0.04606192741680187,1.1056124555544389,1.0148331137945088,1
-0.0345608031017755,-0.03612655199098295,0.3747666383328447,0.8854742980940916,-2.183206900638254,0.10137808653852974,1
-0.6142061163568695,-0.8323717620653469,-0.08240637977003543,-0.623428757292033,1.7484073559175202,1.0975258711181892,1
1.1536279198581991,1.201400236634125,-1.6368342947622558,0.21893498508603693,-1.0326272607114262,-0.4397706648045737,1
0.0518529222044045,-0.3402698488314929,-0.5612322390973403,-0.1612911377364898,1.3299525936811698,-0.18927254167245067,1
0.4670175651323905,1.25623955512221,0.858991753804882,0.29905881370942655,-2.0266353522202554,0.047899386139545405,1
0.8392559094504886,0.9167219991376883,-1.2081886556316819,1.3414088684036118,1.6302935437083608,-1.1259645787037442,1
0.8645768143494599,1.9645167760942994,0.7031769272460561,-1.703135506606295,0.13910113619705336,-0.9856922620766524,1
0.4741719482340388,0.8215411997605194,0.3316399192397404,-0.1598962415607779,-0.3692905735344406,-1.4776980951892702,1
0.6866290699486648,1.1129176085765837,-0.9626919331263738,0.15966022177737613,0.1324357248144855,0.6846194878001263,1
1.2034280375265358,1.6160062032684372,-0.9383341546440134,-0.09358246321204879,0.23583669923408304,0.6054022355657597,1
-1.293591946970229,-2.7103091225846945,-0.5580129196278756,2.5383974420583932,0.06014202669316113,0.06007666346480168,1
-2.101616391391653,-3.83857417031266,-0.14344816767149207,-0.06073581367662704,0.16601362643067813,1.5763021299868032,1
-0.1196418492027482,-1.0210360520363497,-1.4174044096955671,-0.24906481359587015,0.8525407132578289,0.6768834843222442,1
-0.4077811215710829,-0.42364366431691236,0.517988590146997,-0.7723348680171782,-1.1381372438373485,0.4154535972693276,1
2.026953645334864,3.3710110852962187,-0.4559097787034967,1.3358739504915604,-0.9081036235574621,0.8445766315464135,1
-2.0245314205219365,-3.38431973922447,-0.5388964085118269,0.5697799117162066,1.5375013328956146,-1.7946795102497428,1
0.409431795265204,1.0105094748160781,0.8946343896069054,0.1172640021718976,-1.19592560320431,1.193215913819552,1
1.2022356403429282,1.8363693644125412,-0.29897330590929,1.1829421351604792,0.5159050738463715,0.7013698315078593,1
0.7856681771989301,0.47721513963396966,-1.8555668392823619,-0.21061244006316532,-0.8736448540990842,0.6099873658021024,1
0.4957052385497825,1.1713501749882382,0.5447079650961515,0.6933058517490693,-0.7236662591936174,2.265026193156306,1
-1.3050950727415074,-2.5887515169637942,-0.3483937909587483,-1.0440779069488366,0.47996853017255137,-0.005336450039303318,1
0.0949896438466928,-0.18025835016072758,-0.95167986134338,-1.2133955369608924,0.8383278998157871,-1.8367034933906567,1
1.5714579211966055,1.9358236259836668,-2.034331647132799,-1.8973061205529127,0.33579616054141065,0.8056592724130384,1
0.6597650628120838,0.8423314079120994,-0.18429756559492963,0.25239051294003917,0.42459246704158393,-1.5237534890586883,1
-0.0168852683800581,-0.32286651668618993,-1.7083678821635873,-0.2330507269241045,0.46428826022979486,0.42231903876089194,1
0.6935730300179107,1.5190929659956829,0.9136504477039333,-1.870491967586998,-0.5794804884485887,-1.0395402432685033,1
1.274971868543013,1.6515909776479205,-1.008291548914904,-0.2354741405157953,-0.6344562676803038,0.6472215080764063,1
0.4474482231190593,0.36175339596857337,-0.5323361974266492,-1.0489109087294648,0.8910341263822439,-0.5299331144381383,1
0.3394310664863347,-0.0567650120171877,-2.1531788818738233,0.41489231516644526,0.2100647507055625,-2.7293391890460583,1
0.628832877049076,0.9643462486898211,-0.0012970314263186147,-1.652737290467795,-1.4674559397976388,0.7276304852627207,1
-1.5724726059129002,-2.150934841611631,1.193304833517304,-0.18013476422395233,-0.25889718627172215,-0.3813263511722403,1
0.7697461677472229,1.6047658366929058,-0.41443584951445617,-0.036011476893346155,-0.6103381590974845,-0.25767456930991806,1
-0.7776346715219655,-1.4713962603043775,0.21464829296254961,1.8501533527100393,-0.8339028655698949,-0.6995359450340294,1
1.1025652639954575,1.6181182264225362,-0.5137474057755106,-0.867014616460501,-0.9486689848016555,1.4636651094805055,1
-1.3802160953088105,-2.126361793613385,0.7245173890388429,0.868444208102303,-0.5434312265058897,0.5505960746469521,1
-1.2578901724727902,-2.087902044589223,-0.3647268735343274,1.7990137853519168,-0.7445979742020803,-0.2828387511399431,1
0.6296044281678809,1.0511718218720851,-0.005566984565160387,0.6451200666545251,-0.14967234189910483,0.001017631452145687,1
-0.0939702392497749,-0.19415953993958854,-0.2301663210427999,0.3126422984110441,0.782226764333601,0.7524254514393635,1
-0.3672396173284105,-1.335998832464758,-1.188178625392983,0.6363842094389832,-1.6463611451455364,-1.5518086729421003,1
0.2615044034870103,0.10031959480329228,-0.5557024106807112,-1.6112564406123513,0.39574702314783805,-0.017116552035623928,1
-0.7211010168167853,-0.7997237296586098,1.0590281715284273,-0.5630428930772746,-1.1207386858044273,-0.878500100823805,1
-0.0936896752065737,0.14669003490977756,0.6689036270261294,-0.30344789799580374,1.5448351132486324,1.4861912078153985,1
-0.1733698634759083,-0.538130075887985,-0.38318767808757104,-0.4284785541035372,-1.5398089723488049,1.0940699481650578,1
1.44562494782056,2.5216949123698247,-0.7391671826553481,0.05089196752616599,1.2313052432745173,-1.4632186677325973,1
0.1325150846249445,0.24212745201698058,0.3755224090264305,0.03241254436648923,-0.37297327247174034,-0.6671188531178215,1
-0.1804541055667558,-0.31315185081702135,0.1907445776015079,-0.6839482349280268,0.09496203510196322,2.4490751161655964,1
0.2878072825371869,-0.7123860491972576,-2.3517916765774123,1.5620431442719038,-0.7548862476832185,-0.9834470015608372,1
2.26915055562889,3.9962866146628566,-0.6002892472902617,-1.5493018401781546,0.31965806706809546,0.37183300163069,1
-1.6311104909420946,-3.1032184395677467,-0.2947445834250763,2.205719295846627,-1.0746850946104232,-1.108815337319162,1
0.3266654025206479,0.8462435393826632,-0.23948354039075834,0.777198368825697,0.2036490850751018,-0.2225580676777592,1
0.4344721361209721,0.18451728999613187,-0.8468684858430587,1.9443906883253808,0.9287847141525482,-0.04051853759518263,1
0.163166706344751,1.0825206464020023,1.5808546835010002,0.9974468902123395,0.8675742880803913,0.2815131951936491,1
-0.5207782899706408,-0.6339671333491547,0.5127814828190016,-1.7430840264450638,0.8363836380266824,-2.2507796230558426,1
1.7548766644398357,2.485325507987725,-0.8183446495624759,0.4802759520828154,-0.46055319627388996,0.628169493683393,1
-0.5612496532025124,-0.8548951867586962,0.26611581071309676,-0.8915630549931328,-0.6828527101204216,-0.09076698751055894,1
-0.6286551645817657,-1.8578249044764876,-1.3694127265050142,-0.8177565481436767,-0.8083391194080928,-0.3386343696367887,1
0.010259302799724,-0.4420428881407779,-0.6653140866592002,0.5255793557170734,1.0026230657538595,-1.1816404942466274,1
0.0163615707393662,0.3827090736698142,0.48159705145212833,-1.965550295930535,1.0226320255044474,0.7892611753635778,1
1.1575558164630262,1.8499176192925881,-0.9963002806641484,1.0440835609240269,2.464362783158193,-1.9501686745373445,1
1.4557252533758265,2.0240953070168257,-0.7640987853224981,0.19375179037647625,0.0038697508695439563,-1.3515972512757084,1
0.919006238730626,1.9147349274090246,0.9584053148079279,-1.0235801307615897,0.21495464625430602,-0.6002325143495048,1
-0.1963761150184629,0.6692185578723763,1.670356599892859,-0.2260437673032811,1.8210921740328705,-0.06896605724934986,1
-0.7977651416217012,-1.5176607248888472,-0.46889444609299763,0.1501004550253817,0.2690585307443173,-0.49773723746855025,1
1.800889167524947,3.39619206400207,0.8762916072826467,1.0530607889409047,1.114741679922959,0.4172275164026161,1
1.868434960925798,2.9595347293994467,-0.21988978658708402,0.3655789400256061,0.4003782548465699,0.15987473855366086,1
-1.256908198321583,-3.115515615313698,-1.6516084787263945,0.22450863526300308,-0.17942840990741762,0.2822003637082019,1
-2.0647222197106068,-3.6278746225371434,0.21833977181321637,0.412801519974169,-1.314003032441204,-0.38599987498314287,1
0.4339811490453684,-0.2456969649434792,-1.744316515619822,0.7554556295112206,0.1934318940196628,0.6374496533361158,1
-0.6760704878828833,-1.2109899189130808,-0.08221407108958194,1.150399549946919,0.8562399593591752,-2.360023903101714,1
-2.0041905273897997,-3.0948218957484133,-0.2569814563418822,-0.9844140535046423,1.93217975915085,-1.247560281902388,1
-0.5571113335652847,-0.5987239964986237,0.6792470710095533,-1.5563823338027203,-1.1701819752003417,-0.7317601741674127,1
-0.6098573736872396,-0.5805006507571849,1.4308596936950881,1.0210112549209829,-0.07535142963469682,-0.392505308658558,1
-0.0283182531405356,0.33402369017606354,1.2245308901924477,2.450215596947826,-0.27960012088945413,1.3792656298772834,1
-0.2041617672173165,-0.038324174604911984,-0.3180901236331654,0.8770700278074602,2.1726353789819965,-1.100984444366925,1
-0.0948820723901814,-0.5864138406258304,-0.749141425942143,1.0127538184169322,2.3565093094273464,0.7020438713265859,1
0.4489211843458703,1.949616787413049,1.5582175760843804,-0.9315508650535893,0.9386481519123561,-1.8040988061424459,1
-0.0530780299531025,-0.4611194792223505,-0.4652163837398763,0.5870692311966281,-0.9814153303359984,0.11983410909096827,1
1.149629882242573,2.48832602080004,0.8467534986064259,-1.457914747361717,1.4957826124521063,1.4772145445453333,1
0.0703701490557275,-0.5757572103242873,-1.196366184597686,1.010944600372843,0.06935563752420679,1.6133096248998355,1
-0.5362093123467443,0.10432452175824684,1.1161076639159702,-1.3912895685279485,1.0098360600026508,1.3677519698809935,1
-1.1605344494817351,-2.0773026490908677,0.16864132063426998,-0.3410679240488883,-0.20740321126717326,-0.4567818982747056,1
1.1550307400742093,1.3801471665780816,-1.346550078791207,1.2281319095493999,0.6492054671339252,-0.35413333694162163,1
-0.7175939662767629,-0.5290383340586955,1.3709478055360842,-0.7788243838069273,1.6613819189768837,-0.6667570331863207,1
0.7823014086805073,2.0192525100603755,1.4971523907845865,1.01034388712722,-0.40894055734016205,0.4303872936880062,1
-0.657623402042359,-1.3053713595794247,-0.33441812008326754,-0.6148962680212807,1.6198980282858932,1.0048423121509291,1
-0.7900496304336484,-0.480933663021922,1.8140326603236696,0.16850839183655109,-0.08274392960399218,1.5953690529137348,1
0.4144118070320373,1.1149958408429588,0.9757960526391565,0.6349068425987497,-0.4510186187399535,1.7894224316827825,1
1.1552411631066095,1.392716448791739,-1.0829411737685382,0.6230837186887193,-0.22460163731356006,-0.21915223575881276,1
-1.7354803150131943,-2.946527002495488,-0.5339814246400875,-0.15206292940549399,0.06027690825104308,-1.2261169126435896,1
-0.719347491546773,-0.9279304770049536,1.0173093779369606,1.6776636082183765,1.9395836108878985,-0.7701479304586839,1
-0.1608847635534247,-0.757519088280681,-0.8454767403623495,-1.222424142198333,0.9504312504168884,0.8629854031818589,1
0.5882913728064035,1.4848918222013288,-0.027233619356036517,0.04729223279677333,-0.41618425308801726,-1.2607464986418067,1
-0.1183793110083397,0.41497844545080886,1.4540715144814083,-1.4815115393088654,-0.22923705281998905,0.5159958316635012,1
-0.8763932147290296,-0.8710903708385114,1.747975156943212,1.2247728991277993,-0.7800012311769983,-0.28192918767625547,1
-0.2067569846169324,-0.9242366793979943,-0.8973060335553519,0.01644577168723509,-1.5042005517974506,0.2036636186192597,1
0.2765847208091118,1.3043637400920327,1.9939071711099172,0.028200037213793654,-0.7402974578176118,-0.04826304386957175,1
-0.4617195588766434,-0.9639714695795389,-0.06978322267808808,-0.8722503652414171,1.583305903183391,0.19538549393458374,1
-0.1385799221188741,-0.5952739465435471,-0.7335877758309669,2.1771328119556417,-0.41524461388157,0.9250345822304327,1
-0.461859840898245,-0.5420936000801784,0.6529471150314868,-1.5843122956750517,-1.2057613943533199,-0.7196513620556813,1
1.0825049349065208,1.9117847617059098,-0.37543711779505184,-0.814440811321374,-0.8827376399323752,1.8229783524373073,1
-0.2656052926785274,0.5375978120107999,1.9867841621092475,1.04173613220574,-1.3087349365521939,0.7767897686942888,1
-0.0249514846221129,0.3945438490345623,1.0524700798578333,-0.35550871326141303,1.4203844235615695,1.0269044250428112,1
-0.7161210050499519,-0.7316676666841423,0.6305438354491969,-1.4017367872586146,-0.9895663384090845,-1.5605827462408737,1
-0.2920484537503056,-0.18395595285641356,0.6029289170339909,-0.832179444131456,-0.23915864570043427,-0.5725499298023327,1
-0.1481892405985406,-0.3531074398142062,-0.38011829206285475,0.5822118914492751,-0.3178774432835372,-0.352532468153104,1
-0.6745975266560743,-1.1259728204072184,-0.19361960268820572,-1.1055632860052587,-0.6013028719234356,-0.013758727916442691,1
-0.0386991227390031,-0.7113952214784304,-1.3229214963867524,0.8024272607965852,0.9037371554118478,1.179132584879305,1
-0.7996589489133149,-1.7719033037923795,-0.536843537981615,0.3740035958731548,-2.56690924580628,-0.1611307766533491,1
1.496898026715706,2.0267047432613166,-1.6389768048027245,0.05865425420357881,0.7112654924626609,-0.7442296083725431,1
0.3014847796432802,-0.2077658898562666,-1.332407782682017,0.7613827802089164,-2.5961922315685877,-0.9454397576697433,1
0.8245262971823891,0.9011603679119957,-1.3829834817045308,1.333674881166079,-0.4671263941341971,0.028486445642934285,1
0.8298570140032264,1.519298986462368,-0.5469169380984507,0.0871304208090848,0.8931720342839026,0.2465179021645855,1
0.3489702439551985,0.20568835803453722,-0.4233551739748083,-0.31657579865755786,1.310352219560776,-1.1009333592842625,1
0.6891541463374818,1.6131826166639343,0.9778153418710775,-2.4965591659036175,-0.6283140333549384,-0.39837792674296424,1
0.1294288801497229,0.5070221017589267,-0.11392104393111455,0.7887019691269928,0.39733390163668425,-0.5537837255668472,1
-0.8310119807411236,-0.4227104100670035,2.44736764778862,1.7327717517815282,-1.5233200607907609,0.19281268637513957,1
0.6629915493089069,1.1910100373408938,-0.4286668472456078,-0.5704921067507547,-0.4104173354422641,-1.9240305660419623,1
-0.6414909695582515,-1.174664532377627,0.08817559759318475,-1.199240703044068,1.1102299203609336,1.5754261356730894,1
-0.015482448164048,-0.48558049632817846,-1.3014358252757114,0.7977057850447238,1.0968304019423103,1.5665158649377786,1
0.2212434632875392,0.3292318444734652,0.26384115187417445,1.439817298449511,0.8524021588213291,0.7989430722945681,1
0.4183397036368645,1.24476849872131,0.6426812682069191,0.5065299082721227,-0.9682871232875463,0.6260542724658629,1
0.4489913253566691,-0.1265290790311608,-1.7558455076055408,0.8055570091771885,-0.935396721359087,-0.3880195812508845,1
1.0622341827851856,2.009935804006367,0.7238223779569082,0.8629812984450914,0.754138920701046,1.2147705563799946,1
-0.893718044396745,-1.2188710765416926,0.4351796875258951,-0.46778264556096993,-0.8728821822486291,2.131370276607099,1
0.3615254848884809,0.2975842692562944,-1.6305032798145638,0.7066907769235922,-0.48024852110606164,-1.2420976098685643,1
1.6548555830383649,2.550485287278595,-0.6153158726943485,0.6574055673698338,-0.7920138630555855,1.0212293331353854,1
-0.1792617083831481,-0.24001970809220116,-0.3667540710089415,-1.5834217184152328,-0.4436711346455505,-0.8917907601088929,1
-1.601230420341094,-3.321857131990146,-0.9533107476439673,-0.3615282122208733,-1.699612168514209,0.4499204829800403,1
0.186804226984509,0.41150349392151925,0.36543493777514807,1.5805779603388286,0.04769384261689961,0.7596318599176317,1
0.4649133348083762,1.6076987881822598,1.6541782332086372,-0.005592636470828038,-0.06941048836600788,-1.7292118759032291,1
-0.9066941313948322,-1.3201241674193926,0.6906608989578582,0.06415868229309657,-1.7390565444763166,1.7723405370101826,1
-1.814809798228528,-2.8944990457894217,0.3082856447819436,-0.9097019299031993,1.2749029956944367,0.8444798780453342,1
0.9182346876118191,1.9483235603592945,1.0099634626460812,-1.997963374318176,0.044640972318496355,0.5113554218014227,1
0.6052654974201188,0.4803031379230493,-1.4515019386080845,-0.269820618804076,0.26793130816914373,1.9126236384370725,1
-0.8848101360250845,-1.987053967288313,-0.6335414625072769,0.7138624310184843,-1.2077856713414354,-0.38481682125741296,1
-0.2307452103106943,-0.76530413351278,-1.009731770296755,0.24300977835352827,-1.1784088054903008,-0.3377519314777323,1
0.1070538977043735,1.049086281638308,2.0541638184631577,-0.41113600271891354,-1.1493715879038335,-0.117412620465597,1
-0.8353607234107516,-1.2297837053691554,0.2790903810962037,-0.6060581833340268,0.3714153923106255,1.6002565201777879,1
-0.5787849059026301,0.28282927531175994,1.9286398998818712,-1.562151551199028,1.526738194459209,0.205476637584647,1
0.1802109719692651,0.4524414528825385,0.42741679988729253,-0.9336600911036996,0.27670826343329247,-1.8071812166128494,1
0.4051531936063748,-0.04669745355731795,-1.724597742232724,-1.3101407496555582,-0.8119564689406595,1.014861581522974,1
-0.3520891589955082,-0.1269452606759341,0.9604956689696281,-1.2167667639519852,1.0929760543738105,0.25226020036696156,1
-1.643665731875378,-2.230739568836551,1.7738363453459318,1.201643099795381,-0.7011192441103267,0.12514041963498748,1
-0.2874191470374743,-0.28711443623184807,0.16981354698362772,0.6606055264649845,0.4650187964695104,-0.08653959864377288,1
0.2656427231242399,-0.2845637999637066,-1.231257166666594,0.9795379848772874,-1.2279635865074634,-0.6160191299537834,1
-0.0215145750928894,-0.2463751845220635,-0.6151266223743895,1.154983019261817,0.07271612022455204,1.7880753829623985,1
1.856090143024916,2.5906079274638643,-1.9209015186950495,-0.25730029043827823,0.0681789425221565,-0.6032433414712142,1
0.5368780118896601,0.903158252636879,0.02545533529253437,-0.17486687759391234,-0.6419912725951349,2.2215378819563183,1
0.5569383409785948,1.630966883208852,1.4187625374205812,1.9124442726502129,1.3784560246496544,-0.42881756820061456,1
-1.3879316064968623,-3.243385575725897,-1.4699495726903367,0.9486570599479428,0.7324047047019486,2.005594939287425,1
-1.1530995023368869,-2.3140166171026375,-0.2968483265862096,-0.8208757012361219,-1.4922235951046665,-0.5755999139903955,1
-1.0101521223255263,-1.6658074995998784,-0.0277443719068075,-0.03790421421149923,0.06386524309313597,-0.07388365799542693,1
1.6698657593496655,2.801717546417759,-1.0036680388043717,0.9866751137941363,-0.9276938860016617,-0.5942611515457141,1
0.673512700928976,2.1342491427917394,1.9778972751278905,1.3881365015276232,0.7330643809948306,-0.4176015279263673,1
0.6389331826043462,1.5743960390611709,1.0968928635317714,-0.183527675398808,0.1781717918237557,-1.7304405889577776,1
-0.8596996541585157,-0.8070284231729908,1.4048895994246546,0.5188737565784007,1.1029810090545236,-0.5045126861638085,1
-0.5908491597603108,0.08438661114802105,2.7651797998883065,0.1387028398702136,0.5582552833650188,0.19487746223266375,1
-1.4589143094269388,-3.0056764252532173,-0.6183811540248978,2.354803892015053,-1.0313315078273009,-0.10713923519029522,1
-0.2716374196073687,-1.530581112959675,-1.8183100134530805,0.9376273602266272,-1.1019392258427168,-0.8449634965396347,1
1.2100914335525783,2.1108851414132532,-0.04646770275829612,0.7436770399810537,-0.38347790665623,-0.7246093273286184,1
0.2795306432627317,0.6192283990440608,0.0408565573449587,-0.5058992087786024,2.068150296545912,1.0375234007122731,1
0.2821960016731503,0.0043948374998977096,-1.1483440871663022,-0.5499319466309551,0.7441293572349557,1.0183803936467948,1
1.9264415768577887,2.628247846482911,-1.4947402327929615,0.702056997114297,-0.7294616928179936,0.4297363719204513,1
0.0517126401828029,0.05850861558338646,0.08964076551562325,-0.2562555879456319,-0.4719490407194779,2.499063392528205,1
1.542559824746811,2.657524848548658,0.3142639040821191,0.8049882259387348,-2.3111813509081096,-0.46280806446912603,1
-0.2409857978875621,-1.3596653324909072,-1.8632967553798578,0.06973725097834654,-0.16110748469363614,-1.3824617316292551,1
-0.4648057633518649,-0.45448445806581783,0.7372686031406751,0.8418782693793209,0.2822460533517616,-2.368849582920242,1
0.8837253102979862,0.8041568778786178,-1.854461528836812,-0.2684113210438365,-0.7842054822072346,1.669692592589672,1
-0.186556373506396,0.04323348666534407,1.1380737709717414,0.09008595082993866,0.11261662244005172,-1.9230258872888197,1
0.2182975408339212,0.5858987482840647,0.6176640387885372,0.2334320382043611,1.7575144552322348,0.37303881172932873,1
-0.1318463850820306,0.5882589769637468,1.9340985387618972,0.3492924144488341,1.0439853739310687,-0.8787549269954942,1
-0.1223773486239677,-0.5674020319298374,-1.1060787243029868,0.6373791395127818,2.9692309335367026,0.31614600031054346,1
1.2921564161891286,1.6263238597377647,-0.9810693064765336,0.9877470241667319,-2.5211801745766205,-0.3440913727326995,1
1.297767697053167,1.507381970430431,-1.2465944728381841,0.535795534542753,1.6129878559503437,-0.6253728397830955,1
-1.798466942712018,-2.4807298663127613,0.9051396128860508,-0.43015584483121855,0.32746560459415763,0.39891088963737625,1
0.3879686459602591,1.3360362516950752,1.4802050861129203,0.7905000789138674,0.6921551211701773,-1.8074773930488965,1
-0.0849220488565148,0.32327405971648515,1.0724299541283968,-0.2886927049695625,-0.9286129249769797,1.5093132198718775,1
1.7289244904436631,2.303904901542489,-1.5773679538180232,-0.5342480271216891,0.03971052214309649,1.0638452771827338,1
-0.9919154595174046,-1.3944785340286394,0.673461278991315,-0.47542814090378543,-0.7152866506294712,1.2812328626432377,1
1.5986726333871886,1.860464844520321,-1.7393570948566326,1.5184675726096497,-1.2592753985311849,1.1440069296501394,1
-0.6315309460245848,-1.1954272915241264,-1.1883314865476438,-0.5001732100340661,3.2232485627812526,-0.16774202139803102,1
1.1595197647654387,2.3887831179690635,0.7641126130596215,-1.0652671501578712,0.7207618007664679,0.8763405785331678,1
0.0064716882164985,-0.17511046739032146,-0.6282015850003775,1.020072004218483,0.08973841128911711,-0.3916475534349101,1
-0.3370088416734068,-0.5305163321814859,-0.7770039473257261,0.29050082576257336,0.3167333655043666,-0.2879872317778583,1
-1.0112743784983351,-1.838142448487402,-0.07242629935634151,-1.2712728602609116,0.6413690446943537,-0.9069733033309827,1
1.033406227346192,1.2994177532239028,-1.55850365996003,1.185947950994293,0.9906730680770853,-0.29058264100892883,1
2.1914343156619656,2.743592362567133,-2.573080925491589,0.8143128937107847,1.3887997690381269,-1.250128920644133,1
0.2051811718142324,0.38677381342615924,0.1626163996977375,-0.8322278775616517,0.6037281330836053,0.5760316669702318,1
-0.2528396287128405,-0.5853782962155218,0.1733887661758053,1.1111178129020085,0.17741423945792809,-1.1932701967726633,1
0.5852051683311821,0.8880101490180962,0.01468953035306905,-0.7045809832968206,0.4124626966861583,-1.783784830607612,1
1.7057779568795068,2.1463736124975084,-2.0370449558636037,0.4369869594182368,0.6374656643984727,-0.012984791643407684,1
-0.3938230604217883,-0.41681232494366527,0.48860504404692423,-0.8195329161786152,-1.3780611075123317,-0.40528945926526105,1
1.1969049235220908,2.3344361748856417,0.5787296330689677,0.6445146691955458,1.647039694119578,-0.30834006890597554,1
1.1501208693181746,2.7170666221633293,0.7237457039204683,-3.2360942834283852,0.06344602790656317,-0.5781882659251586,1
1.4582503297646452,3.5693925696398634,1.5422541092270887,-0.7136816790255534,0.5454248342791194,-1.1909971887830555,1
0.9937064152331272,1.5495599943316776,-1.209024222438204,-2.0812454205210646,0.5330814004386614,0.9405002204837012,1
-1.0527277158814112,-0.6344413425232914,2.6219478047878892,-0.34963954562276095,-1.4388028384710887,0.7590288551421436,1
-0.2987118497763502,-1.0341974446131523,-0.964821679373336,-1.2440982147397206,-1.2523487840217213,0.5374538172007776,1
0.5441025360021072,-0.008938957312332218,-1.9135470212437917,1.799208055327205,-0.5945842791684808,1.7478633194173294,1
-0.2950645172147262,-0.012377073827618467,1.4206945765460652,0.060049536572305134,1.0311429627798194,1.2735958225624004,1
0.8611399048202364,0.7718023815957936,-2.353862996832099,-0.4840534829757666,0.034258384271671376,-0.2044637149830756,1
1.1184872734471647,0.9933472467589057,-1.7524692991501285,-0.4865143411774711,-0.10239526158900158,0.8838098263496615,1
-0.2650441645921249,0.5619133402281168,2.34810662052946,0.178206288802111,0.24993548116823022,-1.5806239668081474,1
-0.7053192893866796,-0.39104473549700336,1.5817682218932057,-0.38631592468882203,1.4224766786496803,-1.6434867812362843,1
-0.5914102878467133,-1.5939252942391982,-0.8745503616337942,1.545160613024572,-1.3536661494048803,1.0803716454787926,1
-1.6561508317978628,-2.122821367589597,1.6478794195256394,-0.6655824545304592,-0.21616597310347932,1.5116535998892413,1
-0.0359636233177856,0.7789112358846262,1.6194922382041625,-1.5184556316827715,0.43068813205464773,0.5016638472145835,1
-0.1707045050654896,0.4293318364577053,1.262337964969687,0.863610357342708,1.4073548402638902,0.419494242005255,1
-0.1984102043316764,0.27718984231453603,1.1707409847413746,0.3891375203130447,-0.09139039457631135,-1.8273661951772155,1
0.6769496104581995,1.0434368768472901,0.07774004028368696,-1.379397745699066,0.925773984561144,0.026822385186881893,1
-1.8226655914381813,-2.133015782633752,2.013751517942788,-1.7025629821573107,-0.8471314213248963,0.7313237446424358,1
-2.5401379909161976,-3.7938369259376006,1.7211517969931567,-0.18718880457992906,-0.12843977266269205,0.18165193567030136,1
1.313058437407669,2.2834800754764326,-0.21087648085431315,-0.6410660501208898,-1.1730402479375237,-0.6037372589056517,1
0.8626830070578461,1.2717647738734275,-0.8160706265847607,-0.25373844387409994,1.4134145236752007,-0.3927942343101461,1
-1.835571537425468,-2.656827206725099,0.9663181954116956,1.552020058977161,0.39234333027606555,-1.097672190383477,1
-0.9992802656514532,-0.7051643483416782,2.2287967216446054,-0.7401939874632769,1.4544660224129449,0.894692635827799,1
0.4242315485441023,0.5006283552050134,-0.8595186284059846,-1.2618428749939734,1.7282191966572382,-0.400348059002999,1
-1.3541236392910363,-2.792134755614046,-0.7327512341734438,-0.3622847076920147,-0.7313587139161707,0.37131413448698414,1
0.8309792701760333,1.8441232543019939,0.5963614332687419,-0.21220922321948202,1.4228620986658613,-1.5880613486675652,1
0.7665196812504018,0.6945368044778424,-1.0263026611861732,1.1045017035696565,0.9564586780398976,0.7090683028337109,1
0.5613572246590237,0.6185426327739948,-0.43978355140146025,-1.4863901743705725,0.8152955986807316,-0.7240268257965434,1
0.1098595381363918,-0.3459764804406644,-1.358543237862492,0.643672503038809,-1.9489593882581664,-0.9820238277548141,1
-1.4067293973913897,-2.255930217279843,0.7340221696670709,0.9592098929860926,0.5287896157228004,1.1723981426243995,1
0.18968000842733,0.7944291345739202,1.3690800385034048,1.1825634935024927,-0.4897443471827353,0.5621221070670723,1
-0.6259196651605463,-0.6808510625097675,1.0491476720344837,-0.34943657905227743,-1.6278386879775795,-0.5465222000581733,1
-1.91188495717638,-3.2356216291493225,0.0887874839918557,-0.7677540121249053,-1.2283982487694383,0.8683252178299742,1
-0.3071989120832078,0.8873485207355452,3.0874076234972505,0.4537518838534738,-0.020105692079783268,-0.22976165145978997,1
-0.9765545781521,-1.4735609681665252,0.7589412909877138,0.9160928446612028,-0.996270231879052,0.17499362674847135,1
-0.7170328381903585,-1.041427732384486,0.3687387412443724,-0.553370770456824,1.5655057878453085,-1.5379433835228236,1
0.7582430419759466,1.3538528367963787,-0.11276781221237352,-0.4813488934419995,-0.41010500991597937,-0.18727965574893324,1
-0.9981580094786464,-0.6142837236525723,1.8506244782383525,-0.6565400460423739,-0.8860830027884478,1.2720670251948654,1
1.6113681563420728,1.9343471894553923,-1.986976086329993,0.2154150029063671,0.14958353571467045,0.5934177593443091,1
0.5763674009703245,1.5770443875299753,0.30319050835180594,-1.3738124017619315,2.0571725947891135,-1.0141046535425375,1
2.5821898868313906,3.8663172292259396,-1.6255897487670325,0.1081526243446763,-0.26949079865058495,-0.12139854815565278,1
-0.2825794172922426,-1.5535048178485655,-2.355004947919408,-0.5988887614815033,-0.9649942135006797,0.23973463227066993,1
0.2554722765581689,1.1929142049849708,1.2549778452301923,-2.9852876807377937,-0.020259191470217885,-1.2756048445866024,1
0.4576186696851264,0.7237360145561339,-1.0353349272270513,-1.421803837674828,-0.4830093031093073,-0.7952970737506234,1
0.4458349798706488,0.9867779886935578,0.5193481321705352,-0.6574127744613825,1.0046644935075475,1.050001606362224,1
-0.7323937195556611,-1.5313838563666398,-0.2220143567657606,-0.07185290592690793,-0.4713505689701376,-0.4316770159171553,1
-1.7354803150131943,-2.3160375546565657,1.4574724877986813,-0.7052222697678697,-0.534911276791607,-0.029716340651949943,1
0.4254940867385128,1.3371502822060335,0.924756036085706,0.17127024891582412,-1.2743099346457443,-0.2510287133023077,1
-0.8536675272296762,-0.9849726119978118,0.8563027211962665,-0.9895652739924182,1.3582313640724721,0.2193640874538146,1
0.8023617377694422,1.5334593722668381,0.6366973926854916,-0.21968889864463478,-0.04762030558333619,-0.9358185782632791,1
-1.5620917363144318,-1.5623357157861992,2.6946361368573135,0.6834668633763143,0.0012347764864387362,-0.2210019698910864,1
0.1498399142926617,1.281942711274865,1.5052035918884858,0.7149804062585852,-1.3055364654859907,-0.2740619823611149,1
0.3000819594272701,0.3444176797355316,-0.10471557088806584,2.1477488721161526,-0.9671834556361306,0.9745741810636882,1
0.7528421841443085,1.258451908525319,-0.6249189089996798,0.608133994967759,-0.9169834228290539,-1.723828785130833,1
-0.0076967959651964,-1.0360461555956415,-2.4182423691609602,-0.31110873343958545,0.14021722603217257,-0.8206515135559365,1
-1.0375772575485118,-1.5144260634772229,0.2921616072749218,1.7417774292359756,0.0683522286909876,0.11171126353989151,1
0.7507379538202963,1.8972708097596955,1.5130697516195277,0.8218483884771103,-1.2658683374500626,-1.0233942478128712,1
-0.3444437888182582,0.20516651788090237,1.7350446521343001,-1.4475052791681895,0.6597151399152072,0.9506846340777321,1
-1.112698280115816,-1.0371542321099803,2.2763457655187977,-0.049845048252973485,0.5439070260508272,-1.290280060080296,1
0.2211031812659395,-0.5426124346186189,-1.889575056816169,-1.2316585883329998,0.11277337089090965,-0.8235066663388427,1
0.6701459324105532,2.152731716789212,2.0315334133851097,-0.2674290887877621,0.012414607278280617,0.9171597918124231,1
-1.532983216832236,-2.220870430721932,1.1444620557952583,0.35966842514854663,-0.2847548372470668,-0.11218961065740947,1
-0.7391272565925066,-1.6581856235977022,-0.6676472080577309,0.3205268885539919,0.14991042140504,-1.1725859143419908,1
0.9435555925107884,1.9520770397776321,1.0218997115046327,0.3521431990517789,-0.8540294056109649,-2.4873358367064697,1
0.0827149669566116,-0.5867324234118192,-1.218959723293916,-0.09244107854642007,-0.8588909272214008,-0.2449499841708083,1
1.6636933503992246,3.0797814377328376,0.44759034497639605,1.3391531357032096,0.6848198094814297,0.19885703186721645,1
-0.0327371368209645,0.8304068905819869,1.8942589076158967,-1.0487351546374628,0.68787954360766,-0.20056236620358475,1
1.411887121625534,2.8087707388202685,1.0111112714847117,-0.6346508346941003,-0.6177257419094958,0.945856638230138,1
-0.0696313085020129,0.593538809434095,1.8630810645813263,-0.2943307219245024,0.915772920116714,1.0233680237829867,1
0.6984127597631443,-0.07254130122238281,-2.5100972569599658,0.2930619440435664,-0.44715034488839384,1.480077142140899,1
0.6427909381983705,1.210844992293526,-0.7186451382581055,0.015325120722240152,0.8677972920109166,0.9865032596769124,1
1.495354924478094,2.377533955708076,-0.20805896568101456,-0.2546324262035574,0.6927316976142033,0.7994185198397034,1
-0.7089666219483036,-0.6241351891292914,1.281692142657187,-0.6387782824090517,-1.2361807225600985,0.6743374393633665,1
0.1492787862062573,-0.1133464390395458,-0.7132221833802571,-0.47143101981570357,0.5780125724298405,0.11223176515617088,1
0.3124969183389529,1.0632074361480888,1.4054091776771722,1.286741896451761,-0.32161960644565285,2.1219291665721864,1
-0.9254919222893584,-0.7155621822240059,2.156206513872098,-0.26602738787845454,0.7154623236115456,1.6403995370173112,1
-0.5095557282425657,-1.3763933732798748,-0.7985705203822284,0.6926892603668705,0.414671193313358,2.354196622404544,1
-2.363943771785415,-3.7105257028750134,1.1915287277456845,-0.7736696630884943,0.49225470868189025,0.03362649746224248,1
-1.0652829568146966,-1.4746393139402163,0.8331726097415402,-1.0284000913373996,0.5111935259251725,0.9849170205874227,1
1.353038813563939,1.808687224046326,-0.942344936821085,-0.544980207614062,0.011921024850763884,1.3111368878109442,1
-1.420827740562283,-2.3399409835716884,-0.5442579936970474,-1.361708789229705,0.8623378876742686,-0.3060828434363291,1
-0.2008651397096946,-1.033638967223626,-1.4837504992222375,-0.2369788076193168,0.0021587219798409963,1.1914933772053184,1
0.3350121828059039,-0.3474984617622051,-1.7517781486236814,-1.3086534317853673,-0.028688239854927595,1.0479229332663809,1
-0.0769259736252608,0.3117730955220384,1.2882753217140566,1.047552294704658,0.1177692701508765,2.40476081625418,1
0.366224932612113,0.0001977889376149536,-1.1913340936524133,-0.28773130411760756,-0.7222894322052086,-2.316256379881803,1
-2.4450267802707586,-3.6232665918083393,1.369729139698661,0.03145954456989229,-0.25582489274693976,-0.27695743902673214,1
1.197255628576093,1.0309280844717845,-2.3686988722798086,1.5845295537648132,-0.5001403000280985,0.34494966256664467,1
-1.73302537963518,-3.594495485663664,-1.1430845297976775,1.1674101688114218,0.3702204751025345,1.6251948756748666,1
-1.832695755982648,-2.164269533028073,1.5850673398110326,-1.6358749226103244,0.2687091009700876,0.36401118874574645,1
-0.364153412853191,0.03097603007823641,0.9714271291831876,0.7421633300946415,-1.7261358615619184,-0.6458088698898861,1
1.075911679891279,0.5078696570758777,-2.7147260782944356,1.5538350019531815,-0.9145749980387001,-0.004137843042554238,1
-0.4574409572178162,-0.5090017518420836,0.8625066720783854,-0.015882778049394114,0.6193313584155901,-1.4264423373511035,1
-0.3418485714186384,-0.2854392357785347,0.6135111803740573,0.33369864306571917,0.5281491743916448,-1.0666309996046761,1
0.90806424104575,1.8220344315886599,0.7344371962811572,-1.119777979541713,0.7033336078331917,1.289167899128475,1
-0.951864942350336,-1.9980589023958757,-0.6174513417090339,-0.2853351348842119,-0.614879562989786,1.3801235145588375,1
0.9610207042001072,0.6658346187415853,-1.8571279486751509,0.7406814918630873,-0.2933433271508816,0.5619288559322274,1
0.890318565313232,2.017690811876634,0.17381741496813163,0.574656412343141,-1.5998649914295853,-0.18840116400979967,1
0.0557808188092297,0.781658088519996,1.2039883153167121,-1.5281410781772982,1.943265024924056,0.14539899634972028,1
0.9906903517687048,2.116556671861341,1.1764877786105556,0.57002098360939,-1.693107129363667,0.8659043430278857,1
1.165622032705081,1.3297467336681346,-1.560524832864922,-1.2659594464809107,0.4616273202334681,0.7685653770104457,1
0.3416755788319486,0.49535709462155014,-0.32010885942218426,-0.5247145064597499,-0.7296141772517686,-0.3023189873935218,1
-1.3554563184962447,-1.9518683681133768,1.30582445073287,0.9507091958181985,0.8728683159235652,-0.7141998360832946,1
0.3699424061845398,1.0672680322076917,0.8976836843017021,-1.0827460583513244,0.3243164931814981,2.1747073377312405,1
1.1579065215170303,1.696498150684232,-1.1303713619784175,-1.431717957177763,1.1610279854752623,-1.564532128826533,1
-0.1799631184911541,-0.5604582857132284,-0.6438278224723516,-0.134030870028038,-0.5882924405205222,0.1428603898047049,1
-1.285245166684973,-1.9322150697207188,0.24768767137171963,-0.9376792177142395,1.0411430531792139,1.1519471333546225,1
-1.0666156360199048,-1.418028703160619,-0.25600409586211,-2.16795630609271,-0.006283528929318521,-0.3923919039658852,1
-0.1246218609695815,1.012838756124923,2.60121908318328,-0.624392989611916,-0.7654643912475725,-0.6158377414108245,1
-0.5522014628092523,-1.4280770332139527,-0.6932098400929801,0.18329819980523537,-0.9477994195396998,-0.2811033351267297,1
-1.1202033682714654,-2.4586746407708553,-0.8129108234853458,-0.08494777069544145,-0.3004441645627303,1.7203827084291348,1
0.3726077645949564,1.5061303034695217,1.9714003606362538,0.22332517738650826,0.5758542009314479,1.4796512486720028,1
-0.235935645109928,-0.9115050194314868,-1.005309630361242,2.2861633276327487,1.147857658814086,0.4217693134342756,1
0.3811649679126148,0.37091594429957564,-0.4874381574211331,-1.2940067740312546,1.5430277503049858,1.9855564571423518,1
-0.1198522722351506,-0.08767348653741612,0.3701419221452494,0.31735592103063165,0.18328285399201683,-0.1244262932033543,1
1.0693184248760352,1.64921804822341,-0.6602904960361272,-1.782808330720123,0.04207720159173241,0.7376265762402772,1
-2.8174054066104586,-4.822064700050519,-0.08064304490091781,-0.752371775285242,-0.2880430701222431,-0.07719195757765425,1
-1.8706420428257031,-2.5771097509582463,1.6660025353076018,-1.1048856114304204,0.08121911750214669,0.5299922641566757,1
-0.5270208399318826,-1.3202555894322527,-0.7153845684508657,-0.7182727553587951,0.06087252462824174,-1.5408506396436328,1
1.5697043959265935,2.5127984213276027,-0.09340327437290108,0.05634781349581279,-0.9580579072197485,-0.5936836256802758,1
-1.0677378921927128,-1.993571293561718,-0.021280808768900244,-0.49391146665658536,-0.9774170013798978,0.16630016334271583,1
-0.3722196290952438,0.2525645238398909,2.0232297666422,0.1724485829798534,1.057367388937518,-0.9254948205275597,1
1.1127357105615243,1.4033760152103618,-0.9776262437961725,-0.6467936392579616,-1.2006064658539408,0.9190550054217769,1
-1.6224831466136365,-2.5369799684936223,0.6045922911743986,-0.21205014720700735,-0.7555298659350983,1.586862170749395,1
0.7747261795140563,0.6244155383366761,-1.3739183233674277,0.34705056004522616,0.3125188690031044,-1.6021384453939238,1
-0.2771084184498076,-0.9109346276001031,-0.5604894630876486,0.7343112042576306,-1.0561949412673481,-0.7964183393610902,1
-0.2515770905184339,0.4589842308088951,2.2988731543345704,0.45567554468468724,0.021775956460162303,-1.0677952836468632,1
-1.9420455918205823,-3.3368705016357207,0.21605745568573417,0.17498627787938484,-1.0003083562952029,1.1513794420199708,1
-0.1049823779454496,-0.3018718449658626,-0.1591477168644595,0.5811318218338071,-1.725145993868088,-2.125877974715996,1
1.0634967209795942,2.220424450267059,0.5338174663930005,0.717187016143198,-0.934595017768337,1.372673865807002,1
-0.1796124134371501,0.8467379815152432,2.947980460909504,1.4404621714626225,0.6774480060906723,-0.35780000613279705,1
0.1251502784908937,0.10957008467647485,-0.11201366969889767,-2.229542992355886,0.04705293480266279,0.5170403275331095,1
1.2305024676955154,1.3400234115507215,-1.433435851413752,0.05105625612554573,-0.2779450458909349,0.06958397065369942,1
0.8433942290877162,1.507277992223736,0.31522345405506186,-0.7814182189811307,-0.5418277093033298,-0.7697708602627037,1
-1.210054003106868,-1.230604022400973,2.0748673379420084,0.9106119383801481,-1.913356003997396,0.5847678576542352,1
-0.5822919564426544,-1.5956854368453808,-1.1703892621474588,-0.9262457475457806,0.2029608865121645,0.8641956157680024,1
0.4343318540993705,1.3201270292602576,1.334081831241907,1.5614593326038275,1.4904801098225244,-0.24967776597085498,1
2.0555010367306537,3.5675253479055846,-0.08389017638277116,-0.8997131393731843,-0.1261834233659633,-0.45446952055285494,1
-0.4180217091479507,-1.0437958228078457,-0.41836607229307327,-0.31649251862570865,0.10649471829103344,1.5898208980609037,1
-1.2272385507529835,-2.535828488186436,-0.9399475790195195,-1.8288816049912815,-1.4717715522832016,-0.12391807473151463,1
-1.430507200052748,-2.739689257477997,-0.1157446619923472,2.069583609615414,0.04253727663905338,0.12365258088055908,1
-1.4550565538329123,-1.746795015073559,1.915441325733448,-1.0183205528228547,-0.2725177919813405,1.0370145029391542,1
0.6805268020090246,0.2845348617534709,-1.7697212177315318,-1.254693899794979,0.15273912425320788,1.1800244221086904,1
-0.854859924413284,-1.1999909008243623,0.07595213137026696,0.04418484585831938,-0.1153170582760742,-0.1326383624856655,1
-1.1714063061558084,-1.9549476865209814,0.21810128408886442,0.4695547380058881,1.1089128951519676,-2.0111956388878847,1
0.060410125522061,0.08854071397689994,0.2009869297669597,-0.8952682673758368,-1.3283781760270157,0.23824292043567996,1
0.7397258151246237,1.6330112336619813,1.0367222754748133,-0.09121755391961021,-2.899089334214409,-0.36873355725832924,1
-1.3860377992052484,-1.842792477735299,1.173613174061073,0.33950052455254814,0.4516818655748571,0.8714234906383258,1
1.8387653133572008,3.021325748337853,-0.06183357106895157,0.5714986339587336,0.7639795814889706,0.7743781468962211,1
0.6165582001589948,0.9885385369688728,-0.3537955400130376,1.132039799275865,-0.7582586928083427,-1.7218207077049252,1
0.3490403849659993,0.21338058420935813,-0.4294950636958602,0.10559851248449445,-1.2090582376010037,-1.0912259763492405,1
-0.1927989234676378,0.2916823142321743,1.5122826207071893,0.2791507460319266,-0.649014323608984,-1.1364964797037729,1
0.0286362476294474,-0.286307712197632,-0.3840215779321673,-1.440375354349411,-1.021680782371282,-0.8555992207097914,1
-1.8432870486135204,-2.7173074761617197,1.218959584465328,0.791302314111783,0.6227104794699039,-0.5846638402903818,1
-0.0125365257104281,-0.2701191760989944,-0.5886770314099686,0.9874269218822616,0.38594043107547893,0.23177456181443512,1
-0.6703189249972451,-1.4301324263794664,-0.4737296090918884,0.3432538637708831,-0.13885361699888268,-2.25953441885037,1
0.8910199754212361,1.0582202059549568,-0.6845620546384581,2.2866213636776234,0.5919550847602834,1.2698373400373577,1
0.062584496856874,-0.9341702812539477,-2.4391765741711606,-1.641275215991282,-0.6901567750785585,0.17244759820576094,1
-0.4995957047088971,-0.4145633397474615,1.1978456557660213,-1.1025383600036456,1.7126483715846799,0.27341905836473573,1
-0.8364829795835605,-1.3950347929054243,0.13527443306600176,-1.5007082726220853,0.9415070714280095,0.2766795330663944,1
0.7507379538202963,1.3470910797273936,0.41537416115128467,0.6143778919834789,0.7205964305194505,0.7606961213252842,1
-0.7259407465620169,-0.3085130396291197,1.5521661854388213,-1.0895254634405993,1.1764105649339496,0.10248222640919237,1
0.1637979754419543,0.31374784168410913,0.03166111275535993,0.011100197141773849,-1.694048752629279,0.17873029011423652,1
-0.8792689961718487,-1.6187753269197118,-0.8418293324771257,-1.0581061130130491,0.4140026018340077,-0.5232350507515368,1
0.1907321235893362,0.7178791446794708,1.0584398212093569,0.7626264727224106,2.0854689967754663,0.7309802877164814,1
-0.7253796184756145,-1.9224347574257097,-1.4246662836412778,-0.77055613614367,-1.2731878286628124,-0.19546012135888208,1
-0.5017700760437142,-0.08207799619273984,0.7608823827692072,0.9210627933215666,0.7802033777382039,-0.5507480498925194,1
0.7245052157809185,0.9616557671160896,-0.341329348958101,-0.30489882185170486,-1.3699967237235617,-0.32003093796198934,1
-1.3438830517141664,-2.4040666261482246,-0.03542745360141646,1.6539190040895688,-0.7717997937459755,-1.0959967598846663,1
-0.3729911802140487,-0.9874225352308921,-0.6984788768432934,-0.3238505011884647,-1.2352179654843607,-0.07083658599238171,1
-0.9994205476730528,-1.6338735278289203,0.180186120186795,-1.694549931420718,0.9726007912840404,-0.3360857091772726,1
-0.0707535646748198,-0.8066549537394008,-1.4059101887550707,-0.7923953273527915,1.27247993638839,0.3107942661774801,1
2.043927769948577,3.5198725597343614,0.31923692015785404,0.49479877329080607,-0.03186710306535126,-0.594483425103536,1
-0.7482455879965695,-1.4762830968431349,-0.5400407291347531,-0.6746536190817095,0.24326711281580823,1.5575870737674007,1
0.0984966943867171,0.7459438718600162,1.5359421118458512,0.17128505874276836,-0.675515661678908,-0.8445021125591223,1
1.7611893554118785,2.7422973928313605,-0.6750057068647892,-1.2504061665196713,-0.42270764151797985,0.3269298874673955,1
0.1499801963142633,-0.6122341108170466,-1.518253950755755,-0.8849909240742907,1.003398724095633,-0.18635301352506112,1
0.3808844038694116,0.3757553612288199,-0.6170653611157056,1.0828559530074227,0.01181497223746217,0.019678847655184784,1
-0.526880557910283,-0.9643951512958273,-0.4742694449054067,-0.7520114758492243,1.5316734249510409,0.3090709317637381,1
-1.3863183632484517,-1.1415345993835486,2.072166680854275,-1.1551840889721583,0.5623904691205533,-0.9063748223471482,1
1.0048588359504016,0.8226056935194317,-1.7299861241752905,-0.9489850216835728,0.6211495954986431,0.4268082488581613,1
-0.1204134003215531,-0.20229509013670946,-0.2994127056651421,-1.7516571337959852,0.19849923167354383,-1.0262878019420325,1
1.5616381796845389,1.7808627206856305,-1.671833443784713,-0.9585403411210444,0.3433337036918531,-0.571532961673065,1
-0.2764070083417996,-0.15326939721105662,0.2910147580994995,-2.553586109373969,0.13607146603407763,0.039921567492617056,1
1.2671160753333626,2.1263063326048925,-0.17246765762501218,-0.8748807823229854,0.8099600311726349,0.6197689697911754,1
0.4820277414436911,1.278013729648663,1.116243226062953,1.2361103696222318,0.9881949841362023,-1.2323047672044267,1
-0.1932197695324426,-0.7694076484469644,-1.9426644952420713,-0.6920573984918883,0.664292232227516,-0.24121639644867404,1
-0.6243765629229365,-1.7395500767342569,-1.2084975150332686,0.7037685505473874,1.2772896816206174,0.5669048757560595,1
1.4789419279507834,2.047713123916944,-0.939127465789934,-0.1234335979255979,0.2142117323219785,0.7103579827155723,1
0.2718852730854817,1.3202553352213893,2.0237528263679696,0.6047155900793814,-0.19111520063595389,1.8991705607746356,1
-1.0134487498331484,-1.2553280871810766,1.2623354198971617,0.7753242112650752,0.5525012621455024,-0.5940979802537718,1
0.7772512559028734,0.6054636715976085,-1.4135713038218864,-0.5857544624074524,-1.2662720318784033,1.9062331139405175,1
1.73734141173972,2.324847242875269,-1.2307929148058139,0.6604093373031923,-1.7068645119809511,-0.050057958570162694,1
1.225592596939483,1.758240452876307,-1.3488298525495837,-0.2524723013526016,0.9279537113424942,-0.7805419064212572,1
1.3306638311185877,2.036235608237877,-0.6042319283645662,1.1543141408566728,-0.6319219700095123,0.5234352215254099,1
-0.2938721200311185,-0.8160053591738603,-1.355607863120418,-2.147451262645995,-1.1417240035513527,-0.15808591076584014,1
-1.1935007245579563,-1.38357685264583,0.848654853600906,-1.7557128756092582,-0.32736892716162935,0.376336326586115,1
-0.692132779356192,-0.9522401113758656,0.8501173702471502,0.8401524390629274,1.1589268185697406,0.16253435733218208,1
2.5795245284209742,4.175259452427025,-0.6274561483681637,0.1063632176935906,-0.9207469410500249,-0.01905992000191292,1
1.4468173450041677,1.764391148638334,-1.5030778950046992,-1.0260809278704772,0.08417894930707336,-0.8798021343852639,1
0.0066119702381001,0.3079952599415315,0.8331700903592775,-0.4572460324398006,-0.7675042486255026,1.4571846390912528,1
-0.7207503117627833,-1.0809019437316543,0.06994867114976573,-1.5663839985395729,1.1499279888606404,0.698018563857788,1
1.0746491416968704,1.5903985755483863,-0.5821975627935908,0.4915710993526436,-0.6196889184700295,-0.639782838686593,1
1.3876183318885709,2.259496323974672,-0.12767689877916058,0.8962188195848,-0.6611293186190683,0.46669774745940645,1
-2.3774809868699047,-3.3392454434590704,1.1617549578189907,-0.5775268613735312,1.0132121346113883,-0.17986084653122697,1
-1.3551056134422406,-2.645184288730015,-0.39756498992250966,-0.1702332459256947,-0.23234087904157466,2.346673937408786,1
1.8046767821081684,3.205488378627831,-0.05023596960277194,-0.7430098231905202,-0.5238940451670273,0.1496338035391039,1
-1.4890048030603409,-2.660349033779645,0.14228121738018487,1.2918515791696752,0.4312696021627757,0.43543771830684397,1
-0.2623788061817062,0.1864838637550255,1.7484463898355196,0.8438079095887646,-1.6660882722102224,0.6660796011456617,1
-0.8721146130701984,-1.6767904686225847,-0.11016697347643967,0.5902293982501292,0.6954942492736761,-2.3827837557730915,1
-0.4697857751186982,-0.8930534116713678,-0.4184179256916803,1.2802802482705624,1.3129846046852394,0.35226193240439174,1
-1.4053265771753782,-2.3424539405223905,-0.07619043435667103,-1.2690654036886995,1.9685667605594417,-0.36222976812292995,1
-0.494194846877263,-0.8524929559111197,-0.914312146019982,-0.10331598634742344,1.8994332079892056,-1.6416868942858784,1
-0.7419328970245269,-1.5775340180246709,-0.22947596646568422,2.0910439161054755,-0.7202622715494441,-0.35971942667054335,1
0.6558371662072586,0.36538804552914184,-1.7791149638664616,0.9464917274001201,0.23004597636359786,-1.5422777016525313,1
1.1871553230208247,2.7946902225495354,1.0450061750415582,0.7988007372111489,0.6587552155160749,-0.6174008961690823,1
-0.0415749041818241,0.2762747206483214,1.0287448833436557,0.03678758934849679,1.6386446524811538,0.6879298557002925,1
-0.4333825905132534,-1.0263073893985035,-0.6594007438134428,0.6123822080712307,1.4043695295743197,-1.0294021203477046,1
0.1861028168765049,0.26535036345201807,0.024180209321230217,1.247570868112164,0.3655638041355013,0.9818717166817832,1
-0.7067221096026878,-1.006144608339476,0.5568268075149555,1.815144277939959,-0.15084112176586015,1.2104008272744287,1
-0.1247621429911831,-0.3587280007047037,-0.47192162764721407,-1.3493286603964345,-0.5513612959081183,-0.2668061548069031,1
-0.9154617577448892,-0.5315103427638045,2.5288133860312056,1.3680678870828926,0.8117321019286178,-1.536347330357774,1
0.7661689761963978,1.2325014235312803,-0.39293126409317924,0.037839060405066426,1.441805991646803,0.42258496047137667,1
0.8541959447509905,1.299571458896815,-0.08229324847005169,-1.3244684528382011,0.9096184652743242,4.402496953124343e-05,1
0.2408128053008703,1.031258334507737,0.17103035456848917,-1.9725337310721156,0.9325340975521096,0.7408140904122464,1
-1.3166683395235834,-1.5441099547890114,0.5721336751326571,0.08449173781337131,-0.9265312623644147,-1.103132853725251,1
1.7628727396710897,2.4211107489977497,-1.4856846307560543,-0.9622489019248811,1.158447197930019,-0.21938556663023387,1
0.7550866964899243,1.1643098741236315,-0.9505651738366775,-2.256905011554161,1.2093465290085,-0.6161126533942853,1
0.9295273903506952,0.1856463048059684,-2.7162079624743525,1.378416581951043,-0.33226608156920245,-0.0948499683606684,1
1.8290858538667327,2.8984592363468327,-0.8248798645282727,0.8524597840367264,-1.0514857590568958,1.3835534481164578,1
2.083487300040042,3.0198372713182318,-1.6202934650536889,0.3465805279928147,0.6174604938648162,-0.49769176764669565,1
0.9779948288138206,1.632933511026657,-0.22171593833370382,-0.829764651013793,1.4644203636253816,-0.1440782489356573,1
-1.4170401259790582,-2.4844672640097425,-0.22738104568212616,0.44101326539329955,-0.3283908171114399,-1.487201218085764,1
0.042945013832744,-0.4634107663982775,-1.393416076977491,-0.833709443345766,0.1359540967474634,1.379052418663538,1
-2.532141915684945,-4.383415607771411,0.29563569070988915,0.12707544273223623,0.5867161195242364,-0.47488620381249314,1
0.8603683537014315,1.2233385012725606,-0.3078104264175721,0.05632539277990878,-0.3424312609585616,1.3941943565449308,1
-0.5100467153181694,-0.1708728270895575,1.5767867078035527,1.1730330024451592,-0.5343421559225849,-0.4675508156304552,1
0.1098595381363938,0.7721235859568032,1.059342496607758,-0.38887654956913287,0.5512776936769711,0.7003588083553136,1
-2.2648345235243488,-2.7736871098820077,2.831128960281516,-1.0830054866860943,1.1701528754098909,-0.4164812336153599,1
-0.8330460700543371,-0.7702401567883573,1.4033644586734684,-0.2800511761891383,0.3199585517362565,-1.375228422926255,1
0.7693954626932209,1.0856080976259048,-0.47119068856784624,0.7746573489220492,-0.14965730380933787,-0.9588889747207967,1
0.9286856982210894,1.1823293626998324,-0.7452727668823549,1.5525147021764711,0.343525780343963,0.6316493278095978,1
0.1569241563835092,-0.09121916313725109,-1.349529498035412,-0.8956652661265214,0.5057628717259149,-0.15040219851142095,1
-1.4917403024815594,-1.7766771327228446,1.8571395513352387,-0.9070543017357046,-0.6443596077327473,-0.7670979324867194,1
-0.8458117340200219,-1.8260598482032533,-0.5779643132422514,-0.5863940105833719,-0.12681730289988868,-0.0520635744300136,1
-1.201637081810811,-1.9588601586261265,0.5240675063272426,0.7068334800721692,0.9436135177853682,-1.7530992642083356,1
0.6426506561767689,1.3693313284254776,0.6840468124953322,-1.6045719170323913,1.0339266769687385,0.031881623948217794,1
0.9850089298938672,1.1456399658807426,-1.099862416276611,-0.9489948593977038,0.5942431317491395,1.5481901532692819,1
1.5258662641762992,2.6857390436762594,-0.0029765416642103045,-0.6093915526870021,0.8734364205992469,-0.8318341548644548,1
-1.052797856892212,-0.5452025183511728,1.8428649332922566,-1.437338222054712,1.3788730775427183,-0.594834538283613,1
-0.9576866462467728,-0.6001189502278095,1.3718022144400772,-1.603135295345579,2.177783842853293,-1.0985588119502945,1
0.470454474661612,1.0983809455464932,0.8149338083717687,0.3710203628765629,-0.41819045474478195,2.855799217699347,1
-1.373903404336768,-1.5858096284696572,2.0039479053551683,-0.3438613041927407,0.669960042010024,-0.19710491434718957,1
0.0177643909553744,0.22194272055168793,0.717400965505248,0.3214334909948618,0.3848480424660083,0.2451894452874002,1
0.9209701870330386,1.1005236574384334,-0.556807301627573,1.1793416767606124,0.21502560807142523,-1.9948614061743377,1
-0.1719670432599001,-0.5310372235688728,-0.22450993177300366,-0.25434773769765445,0.15505390331587088,1.0768232461696723,1
0.8514604453297729,1.8567914936536698,0.9830833801122261,-0.19210493228174,0.6537074477175625,1.4523854306937412,1
0.8133738764651168,1.0142123545075985,-0.6120797128561124,0.7563405575249823,-1.202361587827664,-0.8462733195885197,1
0.1290781750957229,0.4814749338321126,0.306073350324482,1.149389018085781,1.4251002612113883,0.19451555061223746,1
-0.1024573015566325,-0.3189261796484896,0.04000584161820863,-0.21495755904763636,0.7847607297064786,0.3936022564978279,1
0.3554933579596435,0.6359291892290575,0.11656844101113105,0.0501896019253891,-1.9296760242398505,0.08942263867371938,1
-1.304814508698304,-2.835543450274535,-1.5343292090949938,-1.2159435386870532,-0.5315598154763228,0.040058622687811275,1
0.9199882128818312,2.0792534716985624,0.6179759633510759,0.015241074909374699,0.5594262608010387,-0.8771837518452736,1
-1.172668844350217,-2.2074731985745353,0.07288675905583154,1.7975011743483882,0.11809894838121858,-1.144739039982516,1
-0.2322883125483041,-0.9090965625294023,-1.2780663775317542,0.8239606291017207,1.678753100534004,0.07192813518671198,1
-0.0937598162173745,-0.10307196670997869,0.16340743568897823,-1.9065307415353605,0.1511406595494268,-1.7274955728873433,1
-0.8179657527322375,-1.670066724249703,-0.21022720151095692,0.837769587841903,-0.7923880236080428,0.2690172894528813,1
-0.6989364574038363,-1.3162073414190196,-0.10857605911234403,0.035457557199903456,-0.10685232534257307,-1.5536006026211078,1
0.5344230765116419,1.7995422689037046,2.1324020062297104,0.09314206321279858,0.06459451942063,0.5068046597032773,1
-0.0068551038355907,0.7303643013385178,1.7536110936548908,-2.0199928489975334,0.05236378004296312,1.1150628490573258,1
1.103126392081862,1.7816510192711619,0.06216585879268072,0.3666643492112466,-0.7069891345499341,0.3190022158308564,1
1.2617152175017263,1.8497092447504453,-0.6575728308552978,0.6266358455176424,-0.982541957004425,1.8217761965765895,1
1.4102037373663223,2.3597170371173664,-0.08392023421291463,-1.1834618373001429,-1.4044256191272795,1.407862338061418,1
0.307025919496516,1.330455297019117,1.320933630996638,-2.345776940001055,-0.0287459527862153,-0.4897465569584249,1
1.079909717506905,2.3797885435330994,0.12659968322275875,-0.8586601689795426,1.0107974463868497,0.41043037074255373,1
-0.9855326275345612,-1.9019517293341308,-0.2769538166099419,1.0040972938739154,-0.10851656877291085,0.5989419221030989,1
0.913956085952992,0.6240420378969672,-2.008427154518662,0.6341180712925625,-1.8561875660755938,-0.7540620953954899,1
-0.0933389701525696,0.9210734138538035,1.488341230721921,-1.5998438526173213,0.18701423552137092,-0.47285020406456557,1
1.0727553344052567,2.399548335272944,0.26291550964601246,1.015128414377864,1.0985471618441922,0.45487788125673034,1
0.6999558620007541,0.6888233245716132,-0.6994179966625755,0.3558349762587471,-0.42225068670324034,-1.6224990823214627,1
-0.2569779483500701,-0.4864261326600248,0.034570797744347355,0.06467469816010435,-1.1662726855723464,1.6469255749637863,1
-1.1558350017581052,-1.4818977376433207,1.3150776587456874,-1.009866982215017,-0.6443192878365676,0.4706654889806589,1
-0.3000445289815595,0.29344547220475825,1.7538230320015133,-0.0482703518586236,1.8798058005702578,1.058193891315756,1
0.3615956258992837,0.9575791472103636,0.7303803126239959,2.072396112682439,-0.3887475732219536,1.0598899188595858,1
-0.3826004986937152,0.28706976679423585,1.8110037681481692,-1.2214080366556683,0.4890749279899691,0.24944363423947666,1
0.4171473064532548,0.2389152083284862,-1.1514456888486517,-0.525516822812584,-1.1658960891507568,1.4972202721543488,1
0.2133876700778888,-0.002936115125462152,-0.7378360489068533,-0.6791548050366489,-0.846336185353693,1.5489370445827162,1
0.5253748861183818,1.3751351856084932,0.6324288509589228,0.910371481336606,0.5349669906260204,-1.1942471905419996,1
0.2822661426839492,0.9490842355979051,0.7485464468117343,-0.8910505485198712,1.7476140986149948,-0.6275910109338707,1
-0.4551964448722003,-0.7566730824720277,0.22240057706866145,0.14587992876862593,0.19719604047582434,0.22980592522443732,1
-0.9176361290797042,-2.17210111206768,-1.1612645632814005,-0.5883068185241125,0.35718533589938073,-1.9787145336584386,1
0.8525827015025799,0.30693108928944074,-2.2003265654839046,-0.288094913325632,0.2802751750914267,-0.35548041071805186,1
-1.2864375638685828,-2.796668030374367,-0.8826142725124093,0.6815222718621191,-0.33106422878735287,0.7451171411918737,1
-1.3805668003628115,-2.093961385722421,0.6684049536522669,0.9279757370407241,0.22927998429225904,0.2780467565924143,1
1.7745862884747683,3.1826853113073414,0.1787579295299469,0.43672597629061305,0.9349167353310793,0.445603211510294,1
-1.3370092326557204,-1.2890876090680987,2.6143453168777224,1.257213719400467,-1.7089893011489206,0.1706501706405013,1
1.2942606465131448,2.346942543767872,0.5246092831347666,-0.22742872312738965,-1.1332589415865468,-1.1075982509861062,1
-1.7528752856917125,-2.6334273123299217,0.6270745902226628,-1.4662809257618588,1.5458787058361632,-0.7353992164529987,1
-1.04627474288777,-2.1478388018817207,-0.7954809846624201,0.7773013148394102,-1.3142810173519948,-1.308448412202688,1
-1.7299391751599589,-1.9198920346867665,1.6237781986246027,-0.9686536875778666,0.5217624061584486,0.19337021021710266,1
0.4282295861597303,0.14677375582623986,-1.1195899095814132,-0.3237644533968298,0.10830357653879187,1.857105263796805,1
-0.8113724977169917,-0.754396947855498,1.3415767764342292,1.5946628981945559,-0.8757777471039602,0.06138854890647885,1
1.13286618066126,1.5336793518585712,-0.7910728852610222,1.0214148899795836,-1.223140616207368,0.03742821984120295,1
0.45481302925311,0.1240206800608961,-1.1802247979819545,-0.972057847730055,-1.0642496342938192,-1.248275333121987,1
0.6134719956837732,0.6017897670232967,-0.6982359974413931,0.9577821857252593,0.3018284089431083,0.31049928171298324,1
1.1829468623727963,1.904050359756479,-0.45062055219658737,1.7993774254432349,1.3671250652534621,0.3698484484507207,1
-0.4317693472648428,-0.5500677270986194,0.22227608040487198,-0.04375932612832527,1.3805330904595483,-1.4979890599176116,1
1.5178000479342444,2.3636364021796834,-0.3524339912783273,0.37323593998001303,-1.4684482873771616,1.604197170561746,1
0.9758905984898064,1.80113636513687,0.11399368688104713,1.2681316686166173,0.11982572988069369,1.6733941544921407,1
0.902663383214116,1.7407913991884136,0.60610435797655,-1.036188262925405,-1.1102606268926638,0.7735387330544148,1
-1.0856238499468327,-0.9494794235898416,1.4233458295640786,-1.1103239190682195,-0.6652916487556512,0.8949773780698425,1
-0.9985087145326484,-1.768359836152537,0.37189071943675933,2.3210491626857612,0.163197581614514,0.9385614439552332,1
0.1651306546471636,-0.04661006315935764,-0.5956277818025497,0.2723621441555384,1.0534580318053366,0.4809781168687755,1
-1.9217046986884465,-2.395383200860997,1.7077723513247063,-0.9933562287583346,1.5454951389801626,-0.552950241245185,1
-0.1908349751652252,-0.9094325082373058,-1.0548776276609277,-0.6846844877393659,1.5652131479114044,-1.0786740304796274,1
-1.2028996200052198,-1.3109605620702844,1.9914243421661912,0.2694162730463911,-1.1110614374065468,1.0245400846823947,1
0.7275212792453393,1.2422825194418272,0.040409044138291626,0.7352002640200132,0.4307862531598895,-2.3491493097961396,1
1.884006265323503,4.00301463060873,0.8927170901937843,-0.23083438834229206,0.8843651026553443,0.31088407046492084,1
0.3938604908674989,1.2084207516101348,1.269411010899078,-0.11361673088274557,-0.9399593558329028,0.16178674079252445,1
-0.7123333904667284,-1.0641021430233844,0.7766747878578257,2.109197730660875,-1.1076615145796942,0.055136387169873305,1
-0.3557364915571342,-0.5798167059650753,-0.44868380083703374,1.3533430629028262,2.785123589427526,-1.3673613731325613,1
-0.5187442006574274,0.05738075547515416,1.1950788402735797,0.5995665490123617,1.9741485866791093,-2.3504693328790354,1
0.1778963186128485,0.9117893207768819,0.8944029274862686,-0.6279222731114579,-0.1316714746016315,0.5298178600631887,1
-1.4440444151372387,-2.325656731389481,0.4100764883870309,-0.40484982715674156,-0.5404786720396069,0.7352783595093081,1
0.2039887746306246,0.9956315800394521,1.7329322942621603,-0.32717993941025325,0.24751964235440763,-2.2738041065009877,1
1.4914270278732669,2.7269116738687864,0.4758555579909633,-0.6220004986633842,-1.8756021006115962,0.2988849938420048,1
0.0193074931929841,-0.81393913378997,-1.5747343165129657,1.5156359108557627,-0.3812644425210557,0.9493322245112946,1
1.878605407491867,3.247662595636756,-0.24826766480401374,0.2955891620278162,0.3177052597039864,-0.5501266933886437,1
-0.6713710401592532,-1.9420153265104867,-1.4449667539869173,-1.6604687131831175,-0.7412446985567529,-0.2959969997378634,1
-0.4910385013912406,-0.2765556812131427,1.2530569364252602,-1.0158063040922916,-0.7508423003842417,2.3178326151413655,1
-0.123710027829177,-0.5608099689597783,-0.38552883971502394,1.0392896868131476,1.377462611059447,0.9994609455166921,1
0.0729653664553454,0.792080873397845,1.380668494544181,-1.3094867742587524,-1.15492764555318,1.083331120900129,1
0.7781630890432818,1.3943265986555975,-0.36525482662339315,0.8562354021436084,1.1110734027694704,0.0031424963005464916,1
-0.2151037649021904,-0.953368356988364,-0.9761031427611797,1.5786373253613462,0.06393630993529383,1.2112756591488152,1
-0.7327444246096632,-1.007854540782555,0.04798948792190895,-0.29648026254338433,0.16534171536281836,-0.6847149349636408,1
-1.6286555555640794,-3.3016380124949647,-0.6219509025227232,0.19573158365430168,-0.7008660775423764,0.11587444877367818,1
-0.3131608980012464,-0.4970237419250722,0.4129870875666452,0.38276167187662374,-1.4066045151155369,-0.8081253025254649,1
-1.00194562406187,-0.7579400235907755,2.5172295224121592,1.360980979959205,0.4913310080288846,-0.7982296794535071,1
1.8500580160960765,2.9449652992204007,-0.2767133028640057,1.7873623010658986,-0.4040755459984786,0.11996574399877935,1
0.2330271531020187,0.8753690711457527,1.0458427142441362,-0.8986625050249776,-1.25769149573646,-1.105535798672141,1
-0.441518947766109,-0.09207899261539768,1.5752503382262941,-0.40858287032743645,-0.7789660591223975,1.9439670518846668,1
0.0437165649515489,0.8014883586448347,1.1495382266904415,0.4973279947512127,-0.6704589077183235,1.1895483196909147,1
0.4684905263591994,0.4874479459523856,-0.4407264501147871,0.9493384389557131,-0.31801448946307626,-0.5816585349601598,1
1.5002647952341266,2.5518281355596537,0.11258976128638282,-1.5892771370277008,-0.21407818663954023,0.22433548924125132,1
1.6007067227004022,2.224410886425904,-1.586354538205267,-1.254415928562541,1.0205401209414733,0.5064305341850712,1
-0.2176288412910034,0.6143735927486311,1.6212141010685548,-2.043851992613612,-0.9660804891638372,0.04289674027699009,1
-1.535438152210252,-2.4780391186537902,0.8251038482193743,1.1884926569001943,-0.2027712011603005,-0.5456310485589301,1
-0.2759861622769968,-1.0082746475855047,-1.4910639496503644,-1.7758475265958127,-1.0592429341945182,0.2335788960277053,1
0.6781420076418072,0.9531568098464555,-0.40736345464452484,0.8675268422307856,-1.4059429571999273,-1.3935759611354812,1
0.4867271891673232,0.3087623139267753,-0.9861891327370734,-0.41824354706869105,-0.29902517773452036,-0.033993006857500556,1
0.1644993855499604,0.7138108784087631,1.2618264936930634,-0.39341981843750135,-0.6969682948368809,0.7516599853476685,1
0.4376986226177932,0.29716016949088525,-1.0564723762588728,-0.3659860463522244,1.2713018090162005,0.01769057311444052,1
0.4655446039055795,0.049774010529956905,-1.3445679170452636,-1.0697640833012727,-1.5801527607561368,0.177021950833316,1
-0.7327444246096632,-1.9764534629860728,-1.508879455000985,-0.012984555804368485,-0.2026369308948501,-0.6396177299893999,1
0.6079308558305355,0.8474096151843167,-0.32234148022507064,-0.5649626244915208,1.1321539743428426,1.4891842912572466,1
1.5283913405651162,2.472358015976092,-1.150399580081908,-0.5379220122620967,-0.06716051183910061,0.6832587336435834,1
0.7791450631944851,1.0657310729435303,-0.5608570543171588,-0.1479302356444968,-0.8444174167312388,-1.413814122060357,1
-0.8216832263046603,-2.0063719790645083,-0.8139970726047537,1.1713992532451498,-0.8854213488600859,-0.55639655958787,1
-0.3174394996600776,-1.4934666165361572,-2.1482207571732315,0.21442212266212649,0.46452854596451865,0.8605114192856742,1
-0.7581354705194333,-1.4682584089494708,-1.018199285700873,-0.5049785534122774,-1.4151609895029897,-1.2398512918160203,1
0.9621429603729142,1.992549472081672,0.7758166188372001,0.2565294473287116,-1.4616639029407033,-0.41100535249315423,1
-1.569666965480882,-2.2978345293042284,1.004639379369376,-0.7776621030292731,2.234210587986344,0.28929246048925944,1
-0.9686286439316488,-1.7808951577895755,-0.4479882440084106,-1.7177294030354757,1.2910930318219924,-1.5420944688177771,1
-1.239793791686268,-2.278351683272013,0.17692314965832445,0.5192608236258253,0.4598750056980321,-1.0622911775277397,1
1.2922265571999294,2.0755889866443105,-0.17058704950281156,-0.483347305436122,0.10041737803692397,-1.2796695652624683,1
1.5424896837360105,2.0088841804995416,-1.7133339742181402,-1.6991466883254929,-0.08547739416194707,0.4099480380477939,1
0.4846930998541098,0.5919364602896445,-0.05382711679101166,1.7119911209744278,0.4145824994748678,0.3905024285576064,1
2.0396491682897477,3.6203358031401023,-0.6221383142958551,0.21009194751887778,-0.07395324619530584,-0.2708141459510244,1
-0.7227142600651958,-1.4887946343585596,-0.1331635589111474,0.96605286583144,-0.38763924151768026,-1.0123351203789281,1
-0.6858902293949501,-1.5951684120068725,-1.2470921985457633,-1.5287706689769585,-1.2280318286073801,0.041338281500278386,1
0.0521334862476077,-0.042896066857793076,-0.6281890435858792,1.0410100120555126,0.4687150299901006,1.0449143397245753,1
-0.6471723914330888,-0.8020346482373966,0.6929169931714034,-1.228523141709406,1.0117835355701141,1.2391500797727004,1
-0.4357673848804688,-1.8523525703134096,-2.0423265060558737,0.49329068395327275,-0.8951381680033641,-0.9795481088849425,1
-0.0603726950763484,-0.5303505632433249,-0.6378501919052192,-0.04793332285486588,-1.7345918123902848,-0.8209497583996549,1
0.2063034279870393,0.028337855192809455,-0.9538370653582778,0.5136020764512208,-0.19431980991586384,-0.09929232427814978,1
-1.520568257920552,-2.7506092403533984,-0.07815488039421646,-1.340785019269932,-0.9475869536784327,0.6036859778087144,1
2.234009909217852,3.5468961580924963,-0.4293641305510837,-0.16063744071797553,-0.4066353232535969,0.9452543514907483,1
-1.6489263076854146,-2.949984098499385,-0.05237577278462883,-0.8685183022913117,-1.1206094952025116,0.8391194276197749,1
0.6016883058692937,0.4293568217814999,-1.579302227914698,1.266802613715069,1.305351291108916,0.6695664801655592,1
0.3453229113935726,0.1535715493522894,-0.8772036639299485,-0.7884841304062821,0.21893844325354833,0.8441581174552484,1
1.3921073565798003,1.5810952626772536,-1.564318614769285,-0.06300058672509422,0.3873990279132117,-1.6013116992095904,1
0.8148468376919258,2.30160844075204,1.133074764297835,0.6626731016902235,0.22989047933223106,0.8577020834031231,1
1.543682080919618,1.8195503815125533,-1.730117504107367,0.40515541367162516,0.280862499971467,-0.6210486222963317,1
-0.2113862913297636,-0.18699059192491538,0.36946856998000344,-1.845505020480548,-0.36182344915260845,-0.1555529946331871,1
-0.6114706169356481,-0.41731640082349375,1.334942316846522,0.49953730030724164,0.008076701773572623,-0.14786040463034203,1
-0.787314131012429,-2.16761334482144,-1.506430324354913,-0.8660563225091111,-0.05785271372881326,0.19883262780799507,1
0.6392137466475474,0.18237121029786418,-1.6836836083980282,1.2876676912617437,0.39242781516631503,-0.8808585143272114,1
0.0745084686929551,-0.033023098801072855,-0.034677127250958256,0.6586205548177314,0.09237704505221128,0.8828900972959047,1
0.2496505726617299,0.8937484808785502,1.0015399557204627,-0.01638248362975633,-0.35246473645746784,0.061853230410678355,1
0.1015127578511358,-0.013637866323760168,-0.16676555647631638,1.1128743102940386,-0.9968190145720209,-0.7654259652529047,1
-1.1866970465103113,-2.184263967803381,-0.8706384633791868,-1.0061992514390077,-0.7880546148194564,1.7352333028632565,1
-0.1031587116646366,0.05559235242280556,0.6473947587703058,0.20175531779985942,-0.685179876703473,0.2479543935517396,1
1.74049775722574,4.015968740717081,1.4271694177718948,0.9023854578036835,1.60787115355874,-0.2573802403910527,1
-0.536349594368346,-0.9685358793300044,-0.4252288935641965,1.862924081751407,0.4427892630669214,-0.17372775318534292,1
1.1257819385704126,2.202483097933539,0.7186817950911945,0.7557736270897041,-0.554843603939903,0.652798495274074,1
0.6805268020090226,1.436711649292101,0.6593737460990006,1.0606681026767288,0.09667934957610455,0.6236899301798807,1
-0.0786093578844722,0.35106838096129195,1.4080253911798084,0.05794194737090608,1.383807656990259,0.11537335185789843,1
0.3044307020969001,0.12849630673844867,-0.8166029048827985,1.1919717481275975,-0.13569938929569475,0.3452215703040034,1
-1.3800056722764091,-2.9516836955609267,-1.0439213985223388,-0.5125455399334446,-1.0933446819176318,-1.08771509220484,1
1.787071388397252,3.221938542222677,-0.42072947484950773,0.620940148974787,0.18843895191463586,0.22539861161335845,1
-1.4530926055304998,-1.633797998317504,2.2601547411554295,0.9914701287961416,-0.6976550063993614,-0.4412295895042463,1
-0.4764491711447428,-0.7330363681368164,0.22341610971931555,-0.9111328765965397,-1.1758163620751505,-0.7794183568051977,1
-1.5577429936448026,-2.7551681854163483,-0.4843520691263418,-1.5938902578905252,-0.977081746875291,-0.2565559442817711,1
1.5281107765219129,1.9331686078835,-1.256860579641601,1.1784430219796163,0.8923179219922709,-0.033466317472176904,1
0.9185853926658232,0.2558467883867709,-2.5563051857516212,0.477324116458615,0.4567013595431419,-0.4864069445434446,1
-1.1986911593571925,-1.1433616740126382,1.6788696046102478,0.9819574062080882,2.155002707418839,-1.4851701288117194,1
-0.2810363150546309,-0.788193336029837,-0.4765614327040611,-1.4399290883194802,-0.2643379083280562,-0.25495450567401545,1
-0.8024645893453313,-1.8709550798998484,-0.7729482109090633,0.025792161193609515,-0.6519631624847638,-0.23243954112336748,1
0.0892380809610546,-0.22232837013859025,-1.0105392638006732,-0.959109419207209,2.190977406648638,0.5996646569536211,1
-0.172387889324703,-0.005920490766875643,-0.14225285089338904,0.8866802569960458,-0.5741812452612034,-0.7739496127850624,1
0.7758484356868631,1.7803861497892466,1.0781147314063528,-1.4219737034160536,-0.6809765942773504,0.07444169554506247,1
-0.4570902521638121,-0.9330745386326904,-0.660033478660408,-0.12704645306693288,2.9172249397075873,1.1163893297121958,1
-1.6962013489649317,-2.8070954975687545,0.07970169405158813,0.29918003356825396,-1.5438124343923267,0.6916430886459359,1
-0.7521734846013947,-0.6382219351527872,0.6416948476222629,-0.33032220656617106,1.7088504928602075,-0.5155017281435115,1
-0.3512474668659026,-0.15002760577014,1.2090359986039994,1.430077824722998,1.6713402744679988,-1.0825164211770733,1
-1.250034379263137,-1.0867447351759085,1.3247970512145288,0.6116477009153541,0.8117597975329426,-1.4454704906408848,1
-0.6954995478746128,-1.3099998898280274,0.18988698273443766,0.2691850361316752,-0.25081682410804973,-0.8370075421961463,1
-0.0844310617809132,0.16168801029751856,0.8899594902083107,-0.39859660777436184,1.0436190243910648,0.24775187787339448,1
-0.3374998287490104,-1.1212357375274224,-0.7130219900566526,1.269231788443346,1.4978889640497683,0.4511970601650074,1
0.6180311613858057,0.2532631743339738,-1.346014443236705,1.1924531628709958,-1.467242930412611,-0.427284080796555,1
0.2307124997456041,-0.30398180598658864,-2.4679104568337427,-0.9991680149197482,0.037508334019927606,-0.46994111060009824,1
-0.1018961734702301,-0.5960872055317227,-1.1332039045328264,-0.5013283220658603,-0.41563771242453423,0.8808809896073334,1
-0.0472563260566615,0.006366640117575454,0.3428768765597656,1.1815739028325905,0.12169601226788318,1.4443406768060603,1
-0.72046974771958,-1.2415859059414942,0.1524216354706768,0.7429020642053192,-0.39870162716828256,0.256542866929401,1
-0.5785043418594269,-1.0570510651899903,-0.10014844099086744,0.8767364685813469,-0.19540232603681812,1.7162199809385341,1
1.492549284046074,1.599341154392641,-1.971386206388464,-0.05806787346516113,1.4858177911298687,0.0030987163478165343,1
0.9202687769250324,1.5198329967053041,0.20701740849223055,-0.0061853485372897424,1.4278293246011193,0.8057240063880342,1
0.5687220307930725,1.5969332251085906,1.1030224596125269,1.227364529736425,0.4428905124949599,-0.01135427656019947,1
-0.1148021194575145,0.27390417527086364,1.1058998854853928,-1.9779758341229638,-1.2961363608391197,0.3635637177082233,1
0.130480995311731,0.23467049474160206,0.10076156219675682,0.5872935708297153,-1.5842166598090464,-1.416683107571016,1
1.223698789647869,1.5178071246387497,-1.291161355332046,-0.10802827047642397,0.6768409294573917,0.26758688069852615,1
-0.5632837425157258,-1.1688381440180104,-0.052611725229859706,1.6869213546304207,0.8842348000068292,-0.8471102802372398,1
-0.5289847882342952,-0.09291814376116618,2.0975551433591693,0.3691530253533073,-0.25416652744490853,0.28391202589157494,1
0.4064858728115841,0.11304769083497208,-1.0710352410680208,-0.5082362299054898,-0.7282618491153668,2.415848249880899,1
0.6639033824493134,1.7063807062985032,1.4888964773988416,0.1402840040134391,-0.7247726957293389,-1.9990389795637795,1
0.4300532524405432,1.5124971056804362,1.7411752881766671,0.9060552959521225,1.112379228993994,0.35501165479763663,1
0.2974166010168514,1.1215562892258746,1.155372466973649,-1.6852287339557408,-0.1561224478514912,1.5465624869382693,1
-2.43177012922947,-4.2240201357257074,0.31934112619742294,-0.3225102052922186,-0.4660796850493594,0.12589953512044408,1
-1.1716868701990095,-1.6094930676106134,0.6550704303056931,0.6095980873344168,0.5494906860746646,0.02754914462862388,1
0.8306285651220333,1.7689223431984897,0.8559593333580974,-0.5683784889192601,-1.577727482856386,-1.0999062127049601,1
-0.1533796753977743,0.20490641595764603,1.1613275449405025,1.2840203867065614,0.3105964016682778,0.5116533675486925,1
0.4715065898236201,0.7213510906552645,0.11628835011983785,0.7948302948425374,-0.12765935829457106,-1.0322261957272405,1
-1.8293991284750255,-3.140444474554879,-0.142791287459696,0.6964626624908165,-0.8216919507959816,-1.14402122751008,1
1.3514957113263293,2.5275752130227476,0.5551680735115198,1.2347936749616284,-0.8916530593879952,2.0880884267277513,1
0.5526597393197656,0.5646867069017221,-0.6483529155011394,-0.07746039422681635,-1.8799648673172773,-0.4420087831279279,1
-0.3173693586492748,-0.5128422264782024,-0.4552431720939695,-1.3987141965561356,-1.1184414696272804,-0.059762093448493106,1
0.5274089754315953,1.3138724095596281,0.9335761995007581,0.7239363920305195,-1.6577388649575746,-0.9546915181034481,1
-0.5177622265062201,-1.1666501313450321,-0.47495091489684715,-2.035233463883947,-1.8162472069305151,0.4875696362153273,1
0.9317719026963108,1.4709112998624587,-0.09442378327681426,0.1453082659159669,-0.636434182598406,2.5779690105985003,1
0.1635875524095539,0.6288538947799005,0.07981392782334426,-0.18285303121916613,0.609648362827203,-1.5788714897150968,1
0.5979708322968709,0.059696505942650635,-2.7837486594674488,-1.5955225023762694,0.47962821016927637,0.734811365301006,1
0.0282855425754454,-0.35483767245564596,-0.5952364736578155,-1.0517820145569765,-0.611375990413588,1.414931896343546,1
-0.3010265031327668,-0.12991843741844847,1.1601837129199646,0.41588488077409524,0.6607090031794176,-0.24572133148626912,1
0.5748944397435155,1.3481592207765152,0.08734622743484424,0.2560692508752723,0.41290249878460294,-0.1577940308781426,1
-0.6828741659305295,-1.227426800803065,-0.015796557974016866,-0.18155317389913833,0.4866767682411877,-1.0235705609982098,1
-0.5016297940221125,-0.19081352212779107,1.6461924246719564,0.1111081005828945,-0.2309866148709002,1.9582633375442586,1
1.218578495859434,1.2634721005074765,-1.4884741403769857,-0.4764186842072389,0.6764830853933523,0.4161752054272126,1
0.8070611854930743,1.496893962246313,0.08267364846803356,-2.3426556815722126,0.956461166156536,-0.6616151431768763,1
0.4446425826870411,-0.12271619868719111,-1.6686497536873752,-0.5628194746450463,-0.7262144685616905,1.6327514602116588,1
1.0791381663881,1.6529973936068347,-1.2402580935833296,-0.5287486775217584,2.254535133379553,0.27412646210687086,1
0.3021160487404835,0.8768533072951203,0.5715626073068077,-0.9457060565119488,-0.6134197330170242,1.8180351622019988,1
-1.8770248748085443,-3.5489443624004053,-0.36944492080583613,-1.1864566898814632,-0.20228683594828514,0.39671008251409035,1
0.4800637931412785,1.491628458415467,1.6168702882010741,0.06705457158777389,-1.3470373680659544,-0.3490178730733184,1
0.042945013832744,-0.0851959702580518,0.003189654538098549,1.4667327196620947,0.9137381611581717,0.17226647683684282,1
0.6068085996577286,1.0283971038333954,0.42066192908034244,1.3075946675955865,-1.9889772189095882,-1.2670127028202998,1
0.5998646395884827,1.0601734894525656,0.12506447122673653,0.9510074506083653,1.1500708686311485,1.273581903927794,1
-0.2301840822242899,-0.2943549165675005,-0.08281722172723843,-1.7762676303729,0.9539654718436783,-0.7204977116488823,1
0.0693881749045222,-0.28431218347759957,-0.6828600197937644,0.5609286233084266,-0.6028676078808416,0.5693147798075977,1
-1.2124387974740831,-2.437336636955685,-0.5660789873269955,0.07055234624309228,0.1124063897204217,1.6462787568935133,1
-0.2683407920997448,-1.2371489999246421,-1.2973522108364355,1.10406520593083,-0.3118190543761232,-0.17347266981052623,1
0.9859207630342758,1.6472748239234098,-0.028286187918721385,0.08075186072121474,-0.3727076258469727,-1.0033581943561962,1
0.2449511249380999,0.6072213607635687,0.7499696570642932,-0.22491971892387885,-0.19999905646954244,-1.7424704332440561,1
-0.1491712147497479,-0.049090936167845774,0.9400917844564112,2.2836578813302197,0.34142527095400577,-0.15698638380771776,1
0.6840338525490469,1.4745216372588978,0.9705993634905626,1.4865247749658825,0.843814114633844,0.5196586088208747,1
1.573912856574622,2.111215481816526,-1.1144396067800768,0.2570681976997464,-1.4500323835346511,0.42526336411720733,1
-0.2980104396683442,-1.0901704510167807,-1.0779545876676058,-0.8078737954536217,-0.410943370174057,-0.12690750134100678,1
-0.3544038123519248,-0.9402072310655084,-0.48024388136424345,1.1653572399573209,-0.785706774908421,-1.8857094264512992,1
0.1395291857049931,0.6274581171490604,1.1443063469559995,-0.3862252057108442,0.8334019943394767,1.5997919018361553,1
1.9355599082618504,2.4507436966309157,-1.667416519049504,1.105353912534194,1.7262162455556813,-0.8456499549718978,1
-0.702653930976261,-0.8985930505045793,1.0427162239193573,-0.3246319601001031,0.9658671867986103,-0.17638536326258025,1
-0.2203643407122249,-1.1895348677908462,-1.7771237471196681,-0.7928750265560683,-0.5303156715335672,1.9760499059878134,1
-0.4423606398957166,-0.934470996655346,-0.1247259220449716,1.2617780941128363,0.39983875180578715,-0.4932409421879416,1
-2.088710445404368,-3.518423443365417,0.4833422893994856,-0.018977304475518843,0.028390010983333117,1.4254936753241563,1
1.29524262066435,1.919614412152198,-0.5124189765833881,1.1141489834982274,-0.9894606783677032,1.40463332840956,1
-2.0680889882290288,-3.073110739803977,1.1335049704261393,-0.41803431009018027,-1.1853084973673058,0.9875946558182409,1
0.2448108429164983,0.5750990276670119,0.32645773394267763,1.4048151527821626,-0.1849670940367384,-0.47872897904378725,1
0.0071029573137017,-0.20487595391447833,-0.7105566548898656,-0.15516400516722056,0.19866334359011656,-1.7665990084993026,1
1.1181365683931628,1.415410847346934,-1.186122662428652,-0.5844620832373666,-1.1344371795188273,-0.8966733968336513,1
-0.4212481956447718,0.03133922779409462,1.295055560842019,-0.2374107675269117,2.0804783122943142,0.3206256145356076,1
-2.066896591045421,-3.199788828423962,0.8440697478439751,-1.165217735964434,-1.045753917213074,0.41365935016349853,1
0.2517548029857441,-0.43980151463459005,-1.512001389212259,1.3224006238643236,-0.2967766639498656,0.07013162675974685,1
-1.620098352246421,-2.3920049424092906,1.2432779053149556,-0.3331523259023756,-0.3788419823005752,0.8789724098020496,1
-0.5162892652794111,-0.6735168321544645,0.5914132777538409,0.3413743195048034,-0.2914497357461259,1.750877128942933,1
-0.6567115689019525,-1.0882599509523605,-0.3732005860890331,-0.5496674914985467,1.3435472910239115,-1.8503434415461257,1
0.2837391039107601,0.4874772446576552,0.07122181934254067,0.5347079149350025,0.488451636225914,0.06077162692304927,1
1.3037998239820086,2.0960147109637286,-0.2941837543181019,-1.7514741933834723,0.5331524089864065,0.22751472540677312,1
0.9432048874567864,0.4700304144171162,-2.595889419637053,-0.7338659613702213,0.8058748785960459,0.2634852172286364,1
0.8109890820978994,1.038865461341409,-1.3226351444147533,-1.039522924510729,0.049799967108601795,0.9795205728422948,1
-0.65145099309192,-0.6936012763731587,0.6834753782006828,1.1913415946105312,-1.0684787909188673,-0.13551915946538773,1
-0.2552244230800579,0.34410547143301773,1.6831676248952459,-2.5771155825620675,-0.4037783527652728,-0.7260241075168543,1
0.8036944169746515,1.526876307099789,-0.07451636185218465,1.5685282263468987,-0.9373144984311578,-0.1353315973317136,1
0.2156321824235026,0.39676008187634165,-0.33266607678125165,-1.4693112174465677,1.461690735169241,0.2199795659339476,1
-1.233621382735826,-2.9266360485824023,-1.3174272262674889,-1.2964703566434765,-0.5803166050520182,-1.3476962419462972,1
0.0087863415729151,0.36831605763304276,1.0388643785668108,-0.2460176888168195,-1.980289905947602,-0.4348418459467609,1
-0.0582684647523362,-0.43897873691384737,-0.9428391282091065,1.0760998569240745,-0.08484351389545292,2.2004337542441665,1
1.591307827253138,1.426026598136058,-2.7628706507566787,1.2529892691946405,-0.923249397962185,0.36887697044299944,1
-0.4564589830666088,-0.10537066423022809,0.47520058085464717,-2.556917159318326,0.9750187542905814,-1.7450923310614492,1
-0.4893551171320293,-0.48796473529669343,1.1244597608193538,1.4149538887889375,-0.0798649086146895,-0.4023524331286962,1
-1.8592791990760265,-3.2445465736670616,0.02936576247570768,-0.20686397670298204,0.09554342968239136,-0.7504434807393493,1
-1.4523911954224948,-2.0470051738747963,0.9847327487393416,-0.2610453407784468,-0.34373950232520295,1.580532769704643,1
-1.554726930180382,-2.949443224312222,-0.703736057985601,0.4615696369071316,0.5917582829112108,1.658938331265827,1
1.7583135739690592,2.483100603444586,-1.4583334976675812,0.752071327732809,-0.6441194963505947,0.2988507034812511,1
-0.8057612168529551,-1.431123475191053,0.12916483147921198,-0.9393511971453313,-0.09124597937232784,1.6539210937743047,1
0.2615745444978111,0.303018849903237,0.12997669986079038,0.5457741769360994,-0.08323073162117883,-2.6238146245500076,1
0.8544063677833909,1.5596697413447584,0.5204486288508852,-0.3729840729975292,-1.0320073697193626,-0.4222958318997747,1
0.5598842634322148,0.8957855539346947,-0.05430950513437522,-1.1970646910341938,1.1288003061790741,1.9673111556711833,1
-1.4967904552591935,-2.8656090816006112,-0.3374955908278439,0.5255825867386634,-0.7861632697690389,-0.10999508628754295,1
-0.30460369468359,0.1397776120129845,1.2312198541801134,1.0291999779392655,-1.3759559083978317,-0.050639557412627496,1
-0.6543969155455379,-1.7871188454366664,-1.1282290567767068,1.8823028940871478,0.1129851939316221,1.1780560470001107,1
-0.3802157043264978,-0.08431678287435422,1.628155902112628,0.8598042096186652,1.5238981442606307,0.8990266524516197,1
0.3614553438776821,-0.08107721063489823,-1.6399188117704306,-1.8286616871014647,-1.8478990614319932,0.5491047879533135,1
0.7924718552465764,0.6267885000118225,-2.1951261028018934,0.8763662361084228,-0.9636228453093403,-1.2871004726978548,1
1.5173792018694434,2.866921006037158,0.8420479371561816,0.37428959172525855,-0.572505044098881,-0.8343084729712202,1
1.5919390963503433,2.519136521210965,-0.3052071952786501,0.670711072259547,1.319341395527721,-0.025272809235900324,1
2.022745184686833,2.472893249962571,-1.9227652103268804,0.30878284950322077,0.014237980864126457,-0.13000439964189894,1
-1.5600576470012184,-2.564884784180093,0.7524990094952305,1.0052391319378093,0.2931668265209093,-0.7807071403137663,1
0.1727760248244156,0.10270388151444267,-0.5890186687050732,-0.5682765633290422,-0.5308040789679813,-0.8028839089500692,1
-2.171546979159723,-2.8017540061829758,1.8149371944744537,0.5093290486811507,0.5956873006073966,-1.0411720232469814,1
-1.778406613623084,-2.719367505917544,0.30259148464752017,-0.9481328442399715,-0.5034788844417827,-0.13968497068255165,1
-0.7088964809375028,-1.60816753916875,-1.2517879219488113,0.42794002087908567,0.5273387409711485,0.6262766394860949,1
-0.9428868929678744,-1.0126506830389115,1.4158787448227337,-0.6572575764332189,1.37522266137822,0.24955327342385925,1
0.307025919496516,0.7799104901926809,0.7291444517630343,-0.8458328265197878,1.528844106428198,1.6686083930029416,1
-0.1834000280203757,-0.09449254675987868,0.8676923171649852,0.3873624787230358,0.5967771507388845,0.7979707985679034,1
-0.0717355388260271,-0.4534654285921092,-0.4460251480002517,0.6334496868459049,-1.9699157990065854,-1.8691413001776715,1
1.2708335489057854,2.294135798721041,-0.4987929155883555,-1.1814273974156637,0.8768481643765768,-0.6858389065851991,1
-0.0767856916036592,-0.7421943005140651,-2.129073450688881,-0.043036513718971804,-0.4363459160509773,-2.36895695671775,1
-1.7527350036701117,-2.4011940364329085,1.54315004426902,0.17289219019840396,-0.035757263393210156,0.9218526704991791,1
-1.4168297029466568,-2.5933899003655583,0.06132572040612221,1.1299696449016852,0.9380697645371163,0.9077507669279753,1
-0.0434687114734379,0.17744860208243526,0.6108021323900976,-0.6045876184171779,0.5851634231694522,2.413982314791394,1
0.8140752865731189,1.5010678699501494,0.20799469038261242,-1.6636439886883234,-2.212067338062286,0.9318107260375442,1
0.4257045097709132,0.4595292256223916,-0.5758108500092686,1.0232237161473625,-0.6296999955530286,0.6463977891715724,1
-0.4883030019700232,-0.1811008879746708,1.5225700604807282,-1.0315376792445343,0.8465468391742356,0.5381523982000846,1
0.0781558012545791,1.253855228089258,2.4945705368014175,-0.36883578921695476,0.5664299206112625,1.087802775145431,1
-0.4803069267387712,-0.4117613536797557,0.43453105873196773,-2.114236745599461,-1.1027274744593274,-0.6185137120773603,1
-0.4584229313690234,-0.7826264127302908,0.29601750932518556,-0.32670362683194326,0.20094047083173114,2.5487885862155872,1
0.6426506561767709,0.8203927264656062,-0.6139812166892725,0.37529763057906346,0.7268227428455205,1.0280879711566782,1
-1.401819526635356,-2.197367317318668,0.7911756261318151,-1.1744247318605594,1.4188639070718998,-0.46890280049615857,1
2.11722512623507,2.9955949887783184,-1.7705398393486054,1.1979538244505317,-0.9165010721381487,0.8659266725861265,1
-0.6857499473733486,-1.1539712454768505,0.29791642001424534,0.2446819662669682,-0.5194185142495391,-0.6844673756309234,1
2.278900156130154,3.5973839865183526,-1.0544899865699648,-0.7560921154585833,-0.9429639242551795,0.9232883976203754,1
-0.93762631715784,-1.962147221258817,-0.8479867059349641,-0.11128659383200469,-0.1136956502467004,-0.22392096808591683,1
-0.3116177957636367,-1.1482809143082684,-1.300357962261451,0.9026667233236098,0.6856706412928693,0.9602377799665667,1
0.0815225697730018,0.19791460084920395,0.06948216357024745,-1.8876255452584636,0.8167775630720528,0.27758286922134834,1
0.9257397757674696,1.2423017050205576,-0.9377450964144819,1.3325014635540593,-0.4973142823245843,0.4013478522860495,1
0.1520142856274768,0.22832473277536064,-0.34226350025264346,-0.5454178404668453,-0.7906626143064059,-1.370761034028614,1
0.6120691754677631,1.5169959084914821,1.1516601399017647,-1.916787134565505,0.20566722636151546,-1.074519308115788,1
0.4290011372785371,1.0342113214409063,0.5300866897743117,-0.9446553884571643,-1.4788041343791798,-1.037423709799096,1
0.7258378949861278,1.2553494633671278,-0.6211984304348945,-1.5913328460658898,1.4728970833656219,1.2159003562364405,1
1.9876045382757987,3.244195157917794,-0.19498816225773236,-0.3944609779508886,0.5234296385795559,-0.5932218626258162,1
0.9467820790076096,1.5584226022990013,0.08733567430797069,0.7873821473885243,-1.0633574296550443,1.72550191360401,1
2.054378780557847,3.2396514958121023,-0.6182316179911895,-0.3153651912668856,1.1296026984605705,0.047225502177988106,1
-0.2613968320304989,-1.0215281514660568,-1.5069568340232615,-1.8720526248768985,-1.8011479414939278,-0.6290899133220208,1
1.215422150373416,1.0883522565210082,-1.9387691581317883,0.3932802208740948,-0.1725628709645213,1.209967696462876,1
-1.224923897396569,-2.231626476192662,-0.4726746260195767,-1.5901110687343298,-0.7410134027554527,0.35889523948245167,1
1.2565949237132896,1.7395491448757068,-0.7790616989032657,0.16359258514496836,-0.4901973003049836,0.5238127953547195,1
0.4705947566832136,1.4348357193995116,0.7558517589944218,0.08015729243030487,-0.49413577024383243,1.4978065760334645,1
0.1430362362450135,1.1896357312809893,2.1998768548792635,-0.7375978218048718,-0.43952208863644293,-1.0775133238204093,1
-0.2999042469599579,-0.4634995268947135,0.4461696072118193,1.0807798175579975,-1.4092792283084858,-0.03264986541467741,1
-0.3528607101143151,0.004168292482699796,1.5902453459377264,1.614575636889522,0.8672695643024868,-0.4323448931439318,1
0.5359661787492537,1.3371543337875822,1.0360800225036195,1.5746294688274702,-1.3008368360883746,-0.6865644537235371,1
2.1294998031251517,3.65907153734131,0.3473450365324318,1.328116173128594,0.6131707198782159,0.1656622207124275,1
-0.7562416632278215,-1.4963831953896394,0.08382491921502887,1.97598664429971,0.3382475157437311,-0.3282198551438385,1
1.1462631137241504,0.5942615233917228,-2.7517518766234614,1.2977481450867456,-0.05852213912888431,0.3888844569433663,1
0.2516145209641445,0.9826938731951316,1.1753606892359378,-1.0602766494217866,-0.4393561876513589,2.010226831243731,1
0.9995982601403672,1.4910841611226795,-0.4741822911388804,-1.6588209459505878,0.4851858757622082,1.425976441116737,1
1.1271847587864228,2.4685429085642316,0.894475972621712,-0.5645319555838175,-1.3083873850627945,-1.5488493447642901,1
-0.0094503212352066,0.9597401289623528,1.1433213386861063,-0.3937978469181565,1.6546703968947056,-0.41960022207709635,1
-0.5982139658943616,-1.173340137977814,-0.4036056539143882,0.8454442074079447,-1.4148478388517414,-1.1301022146410953,1
-0.6673028615328244,-0.9258019033042345,0.4176082422034069,-0.7156249719510784,0.19563375484746032,-0.3665702517507288,1
0.9913917618767109,1.5849861833592307,-0.2301666798173587,-0.7917676241118691,1.0824308434884915,-0.6159429607154755,1
0.8957895641556689,0.7586918969857437,-1.7871090337877256,0.6588036563224147,-0.9527206207574692,0.4511185878153265,1
-0.5307383135043073,-1.608905932703007,-1.2491743223263743,1.0673044235159777,-1.7422504599416717,-1.650779865152477,1
-1.1743522286094283,-1.7015142744469154,0.42037231761237437,-0.7728724710895938,1.8509447238835532,-0.049606451355062996,1
0.6123497395109664,0.42414815793707483,-1.8238262891100678,0.8169192923017458,-0.10206612657681166,-0.9427273120372558,1
-0.5319307106879171,-0.9284070344217398,0.04010213445355103,0.4619469221978837,0.07763713129015798,-2.0097505719011877,1
-0.958317915343978,-2.1398060518691477,-0.8642041163229256,0.07412116600809344,1.0439836060556202,-0.28893405348892565,1
0.5152745805631156,1.3615796637922883,0.8574566069719824,-0.6210686768839188,1.6786815577376077,0.24468622325623288,1
-1.5940058962286447,-1.8168205260771597,2.243262311324713,-1.4650172011944131,0.7993034227314063,-0.611114801671739,1
-0.9170048599825008,-1.149050936240667,0.7726552697209333,-0.7593948117017011,1.6489071717912174,1.6708296018882218,1
-0.9787289494869168,-1.591718425421768,-0.1480303247413753,0.5955915220589613,0.5240714736537374,0.43862754340266225,1
-0.3980315210698167,-0.06103237023006394,1.5809563510890199,-0.21975972478050676,-0.08764251394013264,2.692527623445011,1
0.2505624058021364,0.03952641876812426,-1.3929853239086911,-2.4521915210825247,0.21092326955270502,-0.9713613377985585,1
1.9176038094969277,2.46618023588438,-1.4478326650910727,0.8732865901766089,-0.05313998149290285,-0.13886861906340936,1
0.215842605455905,0.03874344810489776,-0.3382734098662031,-0.7258896921388697,-0.5511391408419329,-1.4285879557104204,1
0.989077108520296,1.2719586669317358,-0.7745661183507473,-0.35517230356216034,-1.2826667990532195,-0.18389853625237532,1
-2.164112032014873,-3.935557902523037,-0.2470825859761666,-0.19713565659720161,-0.666284991475546,0.5636941415539579,1
0.6038626772041087,0.2811397516945658,-1.2599342704576781,1.8694373608510586,0.3961712147534813,0.3188917088110717,1
1.1668845708994895,0.950653897403609,-1.8962238960516313,1.3926178661430106,-0.8994433625334304,-0.38346790705635503,1
-0.2743729190285862,-0.39126525984631383,0.4831859198102349,-0.6711637018641435,-0.27542589011060375,-1.674321329915624,1
-1.2941530750566324,-1.379364964991259,1.2728620006370763,0.6813619888781832,0.430003060069774,-1.311986499640076,1
-0.9727669635688744,-0.8395791161537385,1.4423927604739077,0.2456468248387716,-0.037480516908583644,-0.2463918214037265,1
-0.2492624371620173,-0.5391428289965421,-0.543955051168583,0.9453154190458533,2.2697360662801547,-0.9691392303430467,1
0.5374391399760626,1.6018782772491744,0.7934898856513418,-1.8318323189748598,0.549411277519662,0.9946494056088252,1
1.977013245644927,2.8436020089886593,-1.3390573967768606,-1.219492290374297,-0.30126494289345,1.2053554869297995,1
0.9181645466010204,0.685407869635333,-2.0280550933248076,-1.2657121378574734,-0.29908825502794195,2.07770616705252,1
-0.1633396989314409,-0.6112344252440683,-0.5665113794507738,-1.5321619635496821,1.169053317217505,1.2375945641967048,1
-1.6653393042127245,-2.173390135415559,1.2869443181277815,-1.1496532652914246,-0.18742236368908427,-0.9913446138137247,1
-0.7824042602563964,-1.2118704967553904,0.5724969341048567,-0.323160865920221,1.3157352427890567,0.19850318710175346,1
1.386145370661762,2.2039220793411776,-0.3902879804981015,0.5160219738454156,-0.02783765357680652,-0.7014122053032742,1
0.0118725460481346,0.17744274325387693,0.6159828426282037,0.494053407683376,1.6863174365712466,-0.15234980207445892,1
0.7316595988825668,1.276107350334657,-0.08038300179197497,-0.4763817222227442,1.5982941164484372,0.8845178715249753,1
0.2335882811884232,0.8446678575398278,1.109745902569428,0.8432349895716278,-1.051015996746498,2.8742895881953463,1
-1.0673871871387108,-2.104926505069418,-0.23065117214854125,-0.6806428652722684,-0.999684825803607,-1.0273686567436742,1
-1.5872723591918003,-2.8606095555565365,0.13729516170704342,2.5320486221578533,-0.7698399126722439,-0.16372795752545616,1
-0.5415400291675796,-1.6954808293431516,-1.418694339764964,-0.47431949004881807,-0.476109651440129,2.459650493556462,1
0.6664284588381304,1.426079994550891,0.5459128429790872,0.6412484580070243,-0.8900595048635123,-1.0830467021176962,1
0.8848475664707951,0.8321166539853911,-2.2530570805747963,0.43052107516315974,-0.7274082718765346,0.03528989463727054,1
-0.6316712280461845,-0.9372275704301505,0.4846744894383533,-0.769640909567768,0.14882478223625176,2.250733304106599,1
-0.7318325914692587,-0.5577195563516624,1.7328305824767078,1.0092191586654196,1.6885615026473608,-0.3324462895547606,1
1.6251859354697658,2.7389843578902875,0.014936642273611335,-1.2609702825881204,0.9407967348015485,0.890500119798964,1
1.455374548321826,2.1598459999255892,-0.8056544194122723,0.48522656234623196,-1.1118046701665587,0.021669173986071506,1
-0.8729563051998062,-1.6365421340217163,-0.01076072925768671,-1.463383695495767,-0.42532129728279144,-0.31920767136069805,1
0.6378810674423381,1.0638488329675848,0.2549391604495386,0.48890500593021546,-0.15795937752612002,0.012443979375445594,1
-0.6485752116490989,-0.7394216506782982,0.09482602940671428,-1.021272028246075,1.643276119764688,0.4349981996402959,1
1.1858226438156154,1.454911378443715,-1.0003005592074503,1.9181791851662924,0.8640943040388867,-0.36204143443977715,1
0.1485773760982532,0.39461451378060236,0.27964397089243637,0.5106144935561777,-1.8614781742272222,-0.999206426712193,1
-0.4657175964922714,-0.736024545190678,0.2991992572430249,0.4367640511850021,0.8453811767984326,2.0350985896460907,1
-0.7725143777335307,-0.34808631537120177,1.3563836738450668,-1.2281565219760502,0.602237458550263,-1.1339658933276247,1
0.2899816538720019,0.42991691620503103,0.021420106473147273,-1.0317041742117061,0.9706626993002422,-0.2152282400964339,1
1.0422439947070536,1.483493009196075,-0.43544329098243106,0.6134139915238309,-0.2522390473048129,0.35056374306421834,1
-0.1725281713463046,-0.7691349519525349,-0.7650198394752047,-1.4916701059823483,-1.2879562073180981,1.0654803236512993,1
-0.0849921898673156,0.223786346296886,0.7280417337897396,1.214395141783322,-0.04999875063156747,-0.23661753269908706,1
-0.0847817668349132,-0.4801393455469355,-1.2296151979365268,2.186955487343196,0.4180262801686748,0.9799345775671415,1
0.6062474715713242,2.042279330114939,1.9712256442681173,0.1515255990424384,0.9692841515815184,0.8635220398266146,1
0.3329079524818897,0.5143742260818893,-0.2593291654293433,-1.4273517170447554,-2.7112920041522814,-0.16363311034655875,1
-2.235655863031353,-3.652503068658468,0.9138778383736766,0.679183641942498,-0.8724327765545076,-0.35668781403222033,1
-0.8989786202067794,-0.8211078744294339,1.1933229009798183,-0.2542819024889027,-0.26531845684185834,-0.26475526525283766,1
0.1839985865524907,0.616023744637619,0.700800986306218,1.5701314463018679,0.24641873150215024,1.9111633691677323,1
-0.000963258928353,0.26362851700996076,0.8205668949043597,0.8122120864280103,2.1728613462043214,0.011643899135980516,1
0.9963016326327432,1.5932944942973886,-0.9721439152892134,-0.8039332311669478,1.3749845045716254,1.293473551316087,1
-0.9479370457455086,-1.7285420822158866,-0.2676527262035573,0.7614235103217905,-1.416660594497286,-0.44868425519647104,1
0.2942602555308311,0.27832217753747235,-0.20712583255320122,-0.7690196340721366,-1.3171679071614413,1.2522902636827116,1
0.5300743338420139,1.75535847568944,1.514356737952296,-1.7109847611930473,-0.8708166849777117,-1.118693719784246,1
-0.558444012770494,-1.4150549341250733,-0.648959723884374,2.0687048907477736,1.1034629451437254,0.6089930464763569,1
-0.1852938353119874,-0.38017036144217736,-0.8338435282094474,-2.155851966219875,0.4503333634473229,-0.35564429001422454,1
-1.1255340850923017,-2.2367191417591092,-0.26657362280987773,0.8548445219184783,-0.7704662661353175,-1.159550922874471,1
-0.3891937537089571,0.046972843855336587,1.4358794997416837,1.6924464859263029,-0.31436318613032743,0.40198340909155456,1
0.5034207497378352,0.6352691915971602,-0.8854741149251717,-0.6013065803211025,-0.17973012508059197,-1.214083874083582,1
-1.4990349676048074,-2.6658921887270033,-0.7272312226072182,-0.787546216942498,1.5017270907450875,1.1164882746551767,1
-1.628795837585679,-2.9620271949511627,-1.1536284989800636,-0.06463438078946984,1.5271209953537608,0.3222263853855995,1
-0.6405089954070461,-0.9269759844121568,0.7386677798218598,0.6350287997893918,-0.3794374662352151,1.822109967863926,1
1.7148962882835677,2.8392396864847727,-0.36330375751585703,-0.818783575264324,0.7158274836976412,0.4024970610322517,1
1.0875550876841569,1.655574771619002,-0.1750538951150541,0.7034784580984381,-0.3951273771299697,-1.0242872206394789,1
-0.7481053059749678,-1.9511474107891158,-0.9728314905645443,1.2230915130329632,-0.10848461995104336,-0.0989588589365972,1
1.6967999074970477,2.921589281976244,-0.6793053707143046,-1.580220932887955,0.5575004069814945,0.25440089888641204,1
-0.5123613686745859,-1.3764219206624044,-0.6187673046417599,2.2950664368539986,-0.25402549951798686,0.27367770306838324,1
-0.2458255276327958,-1.2591433933657434,-1.4588043420605534,0.22774632221224608,-1.3369693507212503,-1.8348073379727508,1
1.1430366272273271,2.139870556279965,0.4714344006550191,-0.615677142347127,0.9229879676774441,0.4198141856927682,1
-0.3985225081454184,0.0029741663212139737,1.771046595542114,-1.0168533442345178,-0.836953267025015,-0.5634055680436715,1
-0.6500481728759079,-0.45603987915364197,0.8036726898257839,-1.3397324673963162,-0.4870621783844219,-1.249421159870276,1
-0.1958149869320585,-0.3349816995350178,-0.14676631821049216,0.9995746590062099,-1.6371201026595268,-1.4356419906235636,1
-0.6423326616878571,-1.463341375915784,-1.2959326398509068,-0.48252623675470474,-1.376138546233128,-1.6128107599153292,1
1.0739477315888644,2.3045659696200858,1.2956825546111277,-0.28591265037576136,-1.273210227883662,-1.6491184859693724,1
-2.688626510780794,-4.641836421912679,-0.37712087709213266,0.16350798878895703,-0.13141952609994978,-0.6853515773089821,1
-0.2683407920997468,-0.8026545004281106,-0.3660019416907299,1.4643354691259247,-1.4197763279327758,0.8158811234173184,1
-2.654818543574967,-4.421930986848456,-0.06980163170696657,-0.5674327887013288,0.6256428625732433,0.2945693468633736,1
-0.871202779929794,-0.6222355293072982,2.2982386670904176,1.8043117481966966,-0.4182773673543442,-1.1265659321650876,1
0.6246945574118483,1.4073136788616274,1.0183344511141308,1.523682310007132,1.0388500440741688,-0.42485862046440875,1
-2.5437853234778207,-4.635086706124281,-0.05716046863267409,0.8190330196657933,0.152000709326442,0.30455051230883456,1
-1.23874167652426,-2.2166983343061606,-0.15846142140397285,0.5604798836920806,-0.208652931922855,-1.261932933560275,1
1.2342199412679402,2.38673247918235,0.28783967999053073,-0.055657521433314566,-2.278739553406178,0.10851024181599138,1
0.5700547099982818,1.0263923660334242,0.5488887233146343,1.1099763498706476,-0.6358649353155725,-1.6512021233271053,1
-1.7567330412857398,-2.5688430370958133,1.3769045667256878,0.3315524852022493,-0.6746914370197327,1.2620636214730485,1
-1.6825939928696418,-2.6889993910934895,-0.49162068068053827,0.3323370149161217,0.7546652385368144,0.15896553115071418,1
-0.1554839057217885,-0.26893102305022376,0.2815628611089726,1.9130877908509218,0.2314369343658668,0.5294642471671879,1
1.508120588443781,2.5755856169619293,-0.41137816871263966,0.10348770810085318,0.6840572676097284,-1.4006275592312554,1
1.6594147487403954,3.2765555980926937,0.9942455587035286,-0.5355319688131237,0.32541005394047967,1.608787479969759,1
0.7407779302866278,0.22199804753609714,-1.8618776790043272,1.1438685193740472,-0.16409151297084926,-1.5181348942680823,1
0.2664142742430428,-0.028284111098846147,-0.8935699813555408,-1.5876893725765147,-1.7093656217394022,0.9200908085853625,1
-0.0310537525617531,-0.8017820894067872,-1.47965402426825,0.5842242737339659,-0.935425935622702,-1.6774283726772399,1
-0.724467785335208,-1.037635376129891,-0.05419746896427992,-0.32576561664043185,1.4231480048443332,1.0422320275098165,1
-1.0645114056958906,-1.9478676930898389,-0.01959205646283272,-0.9461983007578061,0.721889377331242,-0.880696287513473,1
1.4188310816947798,2.560198808767391,0.5393930087555279,-0.7837144353472958,0.49124304474220126,-1.2222476365401616,1
-1.4220201377458914,-2.5922336030677435,0.15577174009680686,0.7157536652488062,1.1350219990572594,-0.00545541690504617,1
-0.0048210145223773,-0.41789657588741436,-0.7669423664638864,0.6216241464579871,0.333508706526041,-0.059219968153238746,1
0.515134298541512,0.7901345334571811,-0.5215634595543247,0.4999807473347003,1.7417707812237413,0.38826945702734983,1
1.0201495763049016,2.3316312854180947,0.2775280063019992,-0.7123573306408231,0.2744949067596488,1.4884135273650596,1
-0.3535621202223192,-0.49794774748336273,0.5851044515649976,-1.3048696457887168,-0.2447072260479974,-1.1466169932164154,1
-0.1627785708450365,-0.9237631412818694,-1.2427085375014637,0.5533748734001903,-1.3041777068647908,-0.43446420337524294,1
0.4334901619697648,-0.43945177432231386,-2.3191985954953087,0.26235482836160223,0.06259035957746531,0.46621604455767734,1
0.6002854856532835,1.0393115533039485,-0.6838033998667437,-0.5645471960704586,-1.3660092148643201,0.3361321349139187,1
1.2037086015697371,1.2787724791751351,-1.253976722704396,1.3924209738667568,0.43650250025215176,-0.8639879605404205,1
2.435174328193604,4.241431062832319,0.2663585325210547,-0.6068168999107374,-0.7876550728636144,-0.24406954435076125,1
1.0647592591740027,0.7663715680177041,-2.391666752499586,-1.3430457567943797,1.8372167927688163,0.04167287079026593,1
2.010751071839953,4.027900027831038,1.1840324496465888,0.01100145747894609,0.4678537566227533,-1.0515334259754774,1
0.018255378030976,-0.8607301837499741,-1.508681753220526,1.875941673123475,-1.2772645904923845,-0.03443490618150705,1
-1.0111340964767337,-1.9402081705344594,-0.6940939903888267,0.388532272748537,1.0388485450986307,0.213891603776176,1
0.6895048513914839,1.087555983000113,0.033904742934956746,1.7644156791335281,0.061558521025862616,1.397793181957129,1
-0.0452222367434481,-0.5833123085521985,-0.8266018228616151,0.2591566369429187,-0.6462462263791313,1.4278231072202563,1
0.4113256025568178,0.8828953229116002,0.3845644514939158,0.22015054290524932,-0.8019636506252826,3.0324442769451534,1
-0.3577705808703476,-0.7755859678620473,-0.2284209920156734,1.0966305751965606,0.041236009228530594,0.6609690524969314,1
-1.828066449269817,-3.342854055477056,-0.04363228929697033,-0.13070428850678875,2.271202343957709,-0.19542980125737386,1
-0.8862830972518935,-0.6760635551285183,1.4357431000528584,-0.8503999276914525,0.7239846020362626,1.4328846226253436,1
-0.7039866101814704,-0.8762254652189225,0.8148823498629048,-1.3084962334393546,0.4376797106776303,-1.8439639016030709,1
-0.6338455993809995,-0.7932001879551812,0.8391577654626726,0.2908393654803377,-1.223340340908631,1.0772869548361272,1
1.0390876492210317,1.2232541614774524,-2.033773037369418,-0.4533872809771593,-0.2274757182590999,0.34231172662043796,1
0.2412336513656751,-0.15374601122618672,-1.2440612063325516,-0.8933757585443037,0.877902929467968,-1.0298936097767617,1
0.4257045097709132,0.696776989907322,-0.38786932351684417,1.7890810179731065,-0.260276397316212,1.0908204190878101,1
0.7369201746926034,1.3191131271803052,0.26812769957181193,-0.9026312224250816,-1.5066422414552922,-0.048773240532623455,1
1.176844594433156,1.6035037467605333,-0.5451210886062181,0.25303687664192887,1.7008426792979205,0.3015966713262087,1
-1.7256605735011294,-2.9429980094132726,-0.37653570075732845,-1.2943346844268928,0.7414872087656746,0.695565658465094,1
-0.7501393952881813,-0.6757900753981736,0.8580406393039701,-1.8672278589184788,0.6228501529291794,-0.5250170600622615,1
-0.6772628850664929,-2.3532173330448347,-2.36053979368913,-1.0566869866519515,-0.6951897247804253,0.047552044830741026,1
-0.0773468196900637,-0.7017172395611335,-1.1272828390057696,0.4565509034146359,-0.008071929881762656,-0.2238665192640763,1
-0.678665705282501,-1.1624761139733757,0.35552823966473046,1.2063988680137738,-0.5289231874880291,-0.05756521661927062,1
0.5220782586107598,0.7291456855303896,-0.6890960251614964,-2.3238843878612174,0.06997626759927458,-1.0505800069341173,1
-0.1662856213850608,-1.478958434771983,-2.350671168957925,0.2867920440670212,0.2863691406967063,-0.21046111739439663,1
-0.9867951657289696,-2.4498081039899735,-1.5896787669363166,-1.2464130003898706,0.08305341665744764,-0.21116209081734194,1
1.572720459391014,2.3780684551399633,-1.0599842804733468,0.4651526805391304,-1.379042509293819,-0.29267860331304596,1
1.7883339265916605,2.9711063227179384,0.012899934355186058,0.5775138820082353,0.4936947648378384,-0.38150073264828027,1
-0.8312224037735261,-1.7894019875905918,-0.4884691984337027,-0.20631391789185333,0.2822823346334629,1.7592780430872499,1
0.042945013832744,0.3118591859296291,0.28907403932380593,-0.7455505740662581,-1.803543453382734,0.7156872731204571,1
1.6437031623210887,2.0403766537014363,-1.584320293842919,0.6637382968676858,-1.115157373167577,-0.38395985145756556,1
-0.7351993599876794,-1.3346359581478786,-0.6387176403588065,-0.48283811951099276,-0.049047589398972094,0.822898944756488,1
-0.074681461279647,0.1052542660398911,0.8215167412098383,1.3062245829050163,0.013860713775735218,1.6767592166303422,1
0.0096280337025208,-0.16907078080032187,-0.734678421542202,0.08755118872820228,-0.251098642589946,2.2547117797334137,1
-0.3224896524377117,0.035987938170069636,0.785687733283588,-0.3391631938072128,1.0535971272489961,-0.4692217277957113,1
-1.394524861512106,-1.5981205182094256,2.2578187694580722,2.222532657673186,-1.4179245632145094,-0.4304741674942624,1
0.4691919364672035,0.48393075588483203,-0.6540841268951314,0.912264142344167,-2.121028914860785,-1.3061754409719737,1
-0.2401441057579564,-1.5175302350878188,-2.015506583064796,1.1671633040984157,-0.43813332591500137,-1.3769852985066104,1
0.1734774349324196,1.2315235443203048,2.2488296744833165,-0.38443105234283675,0.875369032115752,0.8758096740289485,1
0.4184799856584641,-0.4076819003254802,-2.253561377790425,0.17901245273660116,-1.1638000637043322,0.8117912809906278,1
0.4198126648636734,1.0529329169218864,0.7783805314575388,-1.2478691189878153,-0.10909432256091821,-0.21414565805936575,1
0.3495313720416009,0.5651944312647189,-0.028621751674208076,1.7103749892490432,1.8037260363607412,-0.851298040773296,1
0.686558928937866,0.9476675754552667,-0.18837603521382237,1.367958380876575,0.1358023410730716,1.6018169621586928,1
-0.6702487839864443,-0.9254399140098937,-0.03796234227999157,0.4292489480170589,0.797859509675272,0.2758030583054753,1
-0.2707957274777631,-0.5582894409618174,0.013422301862365042,-2.3416052632809063,-0.8080531272800671,0.12161998618022228,1
0.3806038398262104,1.1382754656895953,1.2412831848636439,0.006600546426523225,0.23458701236080023,0.6571233770688657,1
0.3536696916788285,1.3324807484790755,1.8387002229671543,1.7442157946621448,0.9528746491618459,-0.7683997917254031,1
-0.5350870561739374,-1.2084450699774933,-0.6534154713526148,0.9751065605240793,2.57934220823638,0.5861043568470506,1
0.4117464486216187,1.0125788324403955,-0.0647145205447694,-1.884844663533688,-1.0567202247770144,-0.3757572641092078,1
-0.3383415208786161,-1.196671066455517,-1.3143584007715516,-1.7377128153556107,0.5495507123764998,-0.1965167012841579,1
-0.2865073138970678,-1.3142843362685481,-1.5330343511214655,-0.006724259726189997,-0.8857362165917613,1.237709785477583,1
1.6571702363947816,2.978655722475001,0.5760962846472215,0.8444685095798105,-0.7447675714754265,-1.1401824917784331,1
0.939697836916764,1.6365871773333875,0.24437386228745217,1.5988904203010637,0.2354934340571544,0.3247420546243782,1
-0.8089175623389755,-2.0515154859533244,-0.8773667738049671,1.5102242177485379,-1.4149187831630465,-1.6591518737673954,1
-0.1396320372808822,-0.3234316996865122,0.2076196112554882,1.3642839576534187,-1.1585860189018264,0.9426055129975486,1
-0.9627367990244088,-1.6734348926702616,-0.05391346560116643,-0.10023798603868386,-1.5703531512929694,0.25939832191225787,1
0.5537118544817717,0.8821637979399051,-0.6541854289985941,-0.6468708665717917,-0.7028315692800562,-1.1069125595739233,1
0.9282648521562864,1.5083193200864569,-0.0985172536256922,-0.02562079653399827,1.3703789615966468,-1.0391346230093401,1
-0.048518864251072,0.7530665036361943,2.0665282236776443,0.05230424435662809,-1.3576396406560054,0.18721452339850128,1
-1.8723254270849128,-3.4536061473993827,-0.2615286574861693,0.4021308824892394,1.5528591527081776,-0.3757052510650341,1
0.1900307134813301,-0.12709652387139783,-1.1311020483224226,0.8211224212155066,-0.4743153681571286,0.9110634059243193,1
-0.0899020606233481,-1.250424426292286,-2.1488795481490186,-0.7326653417056003,-0.7957581549795834,1.0015627176462663,1
-2.62984834373,-4.749928269654995,-0.12854256925375013,0.1243030921143431,-0.2612066592910651,0.19545944904807688,1
0.8407990116881003,1.609930910694465,0.7913845491325242,1.314483274304174,-0.7381685853033642,-0.3300551858127996,1
0.6371095163235312,1.500828367000428,1.1048618974568956,0.578161605389012,-0.8713377568887595,-2.0930057361607854,1
-0.2791425077630191,0.33133102300021827,2.071640807586179,-0.3077492040615954,0.0473615276975427,0.2411014053410641,1
0.5744735936787106,1.0114336232171028,-0.32690552655116784,-2.260400886434902,-0.8495337896708018,0.42169161160871577,1
-0.9575463642251733,-0.7109302119406717,2.4507324173495895,1.4670730189674088,-0.5718029459421432,-0.4345216400214597,1
0.6189429945262102,-0.18284584839761797,-2.734944027462177,1.5893424421609021,0.10350174702824479,0.4395356681857885,1
-0.3420589944510409,-1.377256271742542,-1.4523167696062724,-0.6355549450437141,-2.3339188106174547,0.059161341967061014,1
0.2147203492830941,-0.294191733423842,-1.081282895235415,1.1147042194312289,-0.6846716658106559,1.2094430360799935,1
0.3389400794107311,1.069168464605858,1.213407505960993,0.29573500446609524,1.0621417024705775,1.1920393904093467,1
1.812602716328624,2.344027752259993,-1.4808521573613933,-0.005252179776105338,0.2095900854807585,0.5255291748175056,1
-0.977606693314108,-1.5294587449064962,0.7979983532670549,2.1276920744393557,-0.5401215647735799,0.5217644927677253,1
0.4261954968465168,0.15831063271704787,-1.3798801215703822,-0.8134378448895879,1.0288901859300816,0.9917910037552412,1
0.4884807144373334,0.8650196870573891,0.03726383047878054,-0.747058487925951,0.7841311121571231,1.8939567762065281,1
-1.4013285395597523,-1.9662595738557607,1.2820901117119496,-1.1582594884389548,-1.5556155198428063,0.8165814525229174,1
0.2442497148300938,0.2063360336860922,-0.33576256475068356,-0.9775886446100536,-0.2079284453983428,0.5834199366843844,1
-1.1702139089722017,-1.6719824081922503,1.1102721641813098,-1.2999783406155032,0.15943668342948314,-0.7511598999638265,1
-0.8596295131477149,-1.696871788367597,-0.2946547107470356,-0.1124126758010809,-0.017467656030138057,1.5346791032909433,1
0.1075448847799772,0.33001499729183265,0.542611113360238,-1.4231788814770345,0.550049423594401,0.38533414724949916,1
-1.8914739230334427,-2.4465229188381192,0.5895902070327849,-1.0283723871903443,-0.1034885202213431,0.3889707167960817,1
-0.8947000185479502,-1.5012302060390728,0.08822676446524877,0.5028074472150614,2.32925391080806,0.7696965337965079,1
-1.656711959884266,-2.6713449813946166,0.7527290145853774,-1.531699668516005,0.9184264875225323,-0.9510121519396084,1
0.906661420829742,0.8285564497021977,-1.6955715544924697,0.27135737947175603,0.059895717862083954,0.7398027437357341,1
-1.5900078586130189,-1.9497981223308,1.816374706035436,0.4941720452151276,-0.8327211143793598,-0.7082108281205298,1
0.3613852028668813,0.9529829873997988,0.9700144610981908,-1.0543286171813793,-0.5567271601899709,1.442722449612612,1
-0.3802858453372986,-0.5371865329038589,0.3528389139928333,-0.3162364844609855,-1.9618219712988907,-0.09202871863028922,1
-0.6842068451357388,-1.361594682518856,-0.6891037714974465,1.5899207586469373,-1.2352932950238849,-0.6792490823220894,1
1.2884389426167058,2.184790372867053,0.035224495040498946,1.3522026477405593,0.6145912719865119,-0.8076142495357489,1
-0.620939653393713,-1.6375700553230526,-1.1074966933545338,-1.479604400534692,-1.4530161422544932,-0.09986338193807776,1
0.3888804791006656,0.1370691878371887,-0.8013502307679384,0.9646563907468529,-1.3326874318685658,0.552801501406054,1
1.0151695645380705,0.6256282953560577,-2.1919084657705628,-0.24779628127175773,1.2183108948422379,0.27091335898528307,1
-1.3558070235502466,-1.3045458385967152,2.311442871079798,-1.688395486862449,-0.3600213344505931,0.32214310548597164,1
1.197816756662495,1.9424725594326036,-0.4117125000848595,-0.6669994996891138,-1.3306826845221176,1.4302616627693872,1
-0.4333124495024546,-0.23084659746284478,1.4610930565120015,-1.0909451315394307,-0.6917999685818005,-0.7448249079969692,1
0.1443689154502248,0.4122969157032881,0.5314964874723064,-0.9698391967856543,-0.10229798050080006,-1.043696540794502,1
-0.0353323542205823,0.009957258218354201,0.13846781545294456,0.08234970732109999,-1.8951050006687695,-1.3186966755108205,1
0.8565807391182059,1.4571338108567573,-0.020282165034902825,1.4125557392802992,0.5619866435667672,1.3039360271703841,1
-0.95256635245834,-1.3523960666783164,0.43086939072592223,-1.274602974338024,0.314461383209959,-0.2915462701392189,1
-0.2097029070705542,0.08125890872845964,1.3399736723816469,0.5839346204528574,1.5205091666126782,1.4982884550989217,1
1.2359033255271534,2.100068697464734,0.12461298912293697,0.017491529929455987,-0.26516468530383036,1.30579900910808,1
0.5577098920973977,1.1898003739423217,0.3760716146156126,-0.909918398823415,-1.690344992815513,0.06928473259209128,1
1.3134091424616732,2.9581974879986572,0.9267277705650077,0.7974064720836221,0.7131597323722302,-0.6643566129137314,1
1.1727764158067293,2.6780715890247815,0.8272267321445896,0.3797002057690782,1.7448839391194753,-0.38258595115553307,1
1.3601931966655874,2.6184645981181784,0.6083823715692092,0.4496501251723562,-0.40699918961272114,-0.9761666618852852,1
-0.7577847654654313,-0.14676131382087618,2.642154653301779,0.31372569958062196,0.7892510492014209,-0.6902760669183609,1
-0.1726684533679062,-0.014401972643122677,0.5410907732177097,-0.5760755519265334,-0.08284978319496601,0.6590902920219059,1
0.526006155215587,0.5144971033503645,-0.5946151195674593,-0.3293226640566457,1.293001671430833,0.8698215362140684,1
0.7907183299765622,1.4552718520839731,0.5749210271486429,0.2866199327378762,0.7041911166736066,0.49193990842371993,1
-0.2015665498176986,0.5570612422894015,1.8984614375036755,-0.8322325621524234,0.6296629444816607,-0.9166778738388549,1
-1.006364507742303,-1.5980685010148024,0.21120243742414693,1.0436851756841004,-1.1493630625549167,-0.2065053585349528,1
1.8100074989290056,3.307948517467796,0.5402497211164384,-0.4474304868330125,0.4400695786752521,1.2621376160612416,1
-0.981955435983738,-2.275357440433398,-1.1076533674500904,-0.7933703549565679,-1.1703331445298821,-1.3706322640192965,1
-0.1112249279066914,0.5726132248442274,1.29662496805441,1.5636651495378642,-0.49933295043051557,1.3130238208165446,1
-0.3387623669434189,-0.12369400074035,0.6876999102765385,0.46499075048866595,-0.24012334210905834,-2.4019780106608373,1
0.6105962142409541,0.8149424121961361,-0.7629276854291369,0.09848966423591983,0.35890226193284314,0.4530486884322029,1
-0.5161489832578096,-0.4720487450534061,1.2985986607980329,-1.4571733106054692,1.1221666749385948,-0.7536933360993627,1
0.0146781864801529,0.7801921571401824,1.6343235242347005,-0.8352680139028942,-0.7960725030646808,-0.9846758378959343,1
0.9860610450558752,2.5949149471204063,0.7417334596507823,-3.0014908729935326,0.7266605088126636,-0.37184210128972606,1
-0.9280169986781756,-1.4849969898760886,-0.31430896386823065,-2.245403633216822,1.330080876684041,0.15277513110290541,1
-0.419705093407162,-1.3184454467010334,-1.305599959570125,0.5099145109940727,0.17257209809699647,-0.8383154282301245,1
0.5068576592670588,1.0874049740304963,0.49031830442440155,-0.5297798163751304,-0.9050744622366838,1.3520657994519518,1
0.1543289389838914,0.9365305338654385,1.6403996196225605,0.32387412046935427,-2.2175245802337082,0.3226817675953719,1
-1.191186071201542,-1.9249061732574222,0.3437989066319488,1.8416686050413429,0.8597162995163574,-0.7789324906041533,1
-0.6091559635792334,-1.8180733911258915,-1.3124576069904015,-0.2569599354966741,1.2502431469580417,1.3081255178755422,1
0.4696127825320083,0.6151441501314737,-0.20489004265194402,0.7370835678796929,-0.36865714154213824,1.0227410922650524,1
-0.3005355160571631,-0.9594545141441482,-0.564137119587982,0.18541916686329477,-0.45946232582992813,-0.7551924648752787,1
1.1966243594788877,1.9720069189997416,-0.5640412863839472,-1.8001217033013035,-1.4702462248463244,1.0745166257553536,1
-0.097196725746596,-0.7321315177633752,-1.2436997609342235,1.022893512933753,0.7197288587091046,0.7422707607438155,1
-1.426859867491124,-2.854687864511787,-0.5696145970921366,1.7592469191818623,0.16808345134699776,0.7548404818111555,1
1.051993595208318,2.2228275385125706,0.8940363814741871,-1.1439668666999039,-0.1883468691836211,-1.6717188724000436,1
-0.8048493837125487,-1.8559975474444725,-1.0874196568488816,1.0518096297623487,-1.6000404381269744,-1.8244823432108712,1
1.3942817279146154,2.0461399855617244,-0.3925032512917808,0.2580863541221482,-0.382355974988711,0.24420576116342166,1
0.2630475057246201,0.09187497794041977,-0.42130768721353684,2.490963397641522,-0.5355397562613108,1.2703954507046051,1
1.3991214576598472,2.511553720606199,-0.22833323766331523,-0.6785635246598265,0.7993786467372168,-0.5884735939281784,1
-1.117047022785444,-2.70515837541654,-1.337893480745235,-1.351546889970038,-1.0996928475621415,-0.5400246343667365,1
-1.3968395148685218,-2.7625720160895515,-0.4676861987496709,1.265687546500861,0.16012610400396443,0.8044117003535206,1
0.0314418880614657,0.9497668254862985,1.8538201174788058,-0.08320585239259645,0.9083741579237009,-0.48248432667891766,1
1.0404904694370396,1.030670881924328,-2.735448749170795,-1.143588744316735,-0.5127143713877326,-0.6030828156347917,1
0.1126651785684101,0.7307773671666458,0.6285193789003198,-1.046165351403655,1.7046415913657977,0.7626018917481245,1
-1.553253968953572,-3.5374728406167795,-1.583608125755832,0.2820652399411331,-1.1297901888292818,-1.3827164330926118,1
0.8450074723361267,1.674887964156157,0.2203396869464243,-1.7314761236601848,-1.6563158327744318,1.286767420381897,1
0.4118165896324214,0.5739067523542155,-0.9591787296986113,0.19551471065267667,0.4537071679695017,0.06877344917596495,1
0.402908681260759,0.3069933148429552,-0.7740281604956262,1.2427517538567157,-0.2670905143103647,-0.6126599244238803,1
0.2440392917976934,0.27301709854887063,-0.4750803792616304,1.3756086668303245,1.2386344476278472,-0.012997328984376283,1
-0.4942649878880618,-0.6836077459877722,0.4307868978928268,-0.6608078025980039,2.132415687436679,-0.09305862047011712,1
-0.5511493476472442,-1.2368271707194471,-0.9578117392037174,-0.1281283668209165,-1.2768936101731014,-1.8169904202131388,1
-1.3443038977789703,-2.2006194911021804,0.5028676943089893,0.6608960052330888,-0.7826522887119153,0.3269863141603554,1
0.6046342283229136,1.7141655895681698,1.3210272431711656,-1.0661205924205688,-1.7090319127447726,-1.0742241859359591,1
1.1511729844801828,2.2840293670686083,0.8313389860636409,-1.7600600810501852,0.2579292951411128,0.8290757867134253,1
1.1188379785011668,2.0863721326683686,0.24338372698448135,-0.7716187063507379,0.8089015037341668,0.005797671390237612,1
0.1263426756745034,0.15410726394831292,0.005264423559261372,0.0881144851941571,0.071684340625683,-1.90757943239265,1
-0.7006198416630476,-0.4534190215964608,0.7815892091768136,1.0272471000611427,0.6572453015767602,0.2103901324541007,1
0.9636159215997232,0.9728193170216729,-1.2514342148296296,0.7314877518766774,0.569711797841531,-1.2648115733777239,1
0.0216922875602016,0.20370117373880864,0.6735953431621207,-1.215314360557082,-1.7550532249611357,0.024999091443820055,1
-0.6499078908543082,-0.8237379810989917,0.6323812191609633,1.6700160087628169,2.0784406268220987,-0.9928258316132705,1
0.3227375059158227,0.2961955754224587,-0.7107677230912701,-0.7162245712090408,-0.6486920022272809,2.0560033437557776,1
0.2431274586572869,0.6812438421583087,0.8074057492212945,1.4847294085410159,-0.07002020354428992,-0.5619374295933228,1
0.1063524875963695,0.8420320758565785,0.49718118094243935,1.0015551905631161,-0.6546673416314504,0.964038425550151,1
-0.2396531186823548,0.3377377227371424,1.935509518605534,-0.14203195152312276,-1.8971317408313244,-0.08877076776408463,1
-0.2195226485826192,-0.4878458073685508,-0.1170680986285704,0.006935072121133684,-0.5164326992002648,-1.4916334435711611,1
-0.0305627654861495,0.5280053537609551,0.45375051157875346,-2.7896704920124953,-0.24741624104981846,-1.390215021635655,1
0.1969045325397772,0.29806168575043707,-0.2188541077995605,-1.1819602541082008,1.6934497211199093,0.23993380719821747,1
-0.541049042091976,-1.7072162923036445,-1.676256157072371,-1.390107784323613,0.5049556668968416,-0.8767046185439376,1
-1.654607729560253,-2.544940902026986,0.5489624497116633,-1.1330926428417143,-0.8398097070715191,1.2935886140367805,1
0.73958553310302,1.9146333707520635,1.5519000105492828,0.13792237438263288,0.9569426783601496,0.9690813601628435,1
-0.253751461853249,-0.7739777677286509,-0.7640540624621376,-1.590687723887176,0.5407969095318366,-1.8408397240802101,1
0.6079308558305375,0.786149045453372,-0.6954763756847563,0.43104822660708614,-1.734589777791399,-1.2361206738642347,1
-0.0434687114734379,0.3955438231277879,0.8000564133349267,-0.7132476170883794,0.5097030404901505,0.4094216519408098,1
0.4469572360434557,0.9912685145813713,0.8195435034389967,0.09824491811874647,0.6650578000891102,-1.2762032283056115,1
0.1670946029495782,0.9191435383716784,1.2570631601725992,0.6399498539898796,0.8402747199328733,-0.3205734982933579,1
0.2959436397900425,0.34503102827787707,-0.4639514374088181,-1.3536495540266689,-0.03968012103726398,-0.6309653962296876,1
0.8586849694422201,0.9796972674085994,-1.383407236225792,-0.36235270066176944,0.2781506105198454,0.5251397209362934,1
0.4177084345396592,0.3360184325121806,-0.4157888086739783,1.713314819110652,1.3371626959539529,0.5422873182307906,1
1.1980271796948978,2.643606801709756,1.1729640133329486,0.1591266621817771,-0.09289178596192932,1.4329655786224569,1
0.382567788128623,0.2799481183341781,-1.26878219911689,-0.9496770335457027,1.9382965202449451,1.0091933120937535,1
0.9025932422033152,0.6785356499196445,-1.4659439118956175,0.8434320235424881,0.07203831380261075,-0.7898467933116539,1
-0.757854906476232,-1.1892217224473611,0.04367865754265664,-0.5931132052968745,0.40002145447049264,0.6233446741992925,1
1.3045713751008134,1.5165660343929417,-1.2885968585407064,0.08192061455113456,0.10460160465577004,-1.0171095681468065,1
0.920058353892632,1.258374425753234,-0.4897179029188876,0.18999347468100025,-0.21075140866396033,0.267593765006698,1
-0.462210545952247,-0.32866314723504353,1.178417488200851,1.499424629339296,-0.02442198972352175,0.24174809842835665,1
0.0113815589725329,-0.3734751649857589,-0.7595881103106817,0.7458321242597816,-0.991761916337774,-1.8907311236285136,1
0.0479951666103781,-0.8978553240922872,-1.6842386462276646,1.9602483473555534,-0.3344329611333551,0.5495508726280517,1
0.5672490695662635,0.7731422740133788,-0.4915068143358336,-0.44793618318410483,1.353863904632442,0.9774872286323752,1
-0.6689862457920357,-1.6987158435402012,-1.1540284789269104,-0.08637673029981277,1.670721015880921,0.7135319223650018,1
0.7024107973787703,0.8247206067551635,-0.8740022779468175,-0.13199280861682247,-0.05873388191915739,-2.329069528602302,1
-0.7809312990295875,-0.8003600471912606,1.0714904044664788,0.05990440365815024,-0.5005548247567609,-0.5218059336368003,1
0.1060017825423674,0.6122797611111503,0.8249430243028699,-2.1062994898822964,-0.12084726911387067,-0.16714299812888772,1
-0.451689394332178,-1.260367482480903,-1.5718657328127932,0.7553183736129344,1.4059060348438195,-1.3625886215510399,1
-0.9964044842086344,-0.62773518648669,1.4476921453928355,-1.2809038931333858,-0.17460274316518315,-0.6195767654768951,1
0.1837180225092895,-0.2441423771613275,-1.1775167839028666,-2.236240413121051,0.6958604564311864,-0.31135135103035555,1
1.199429999910908,2.2418892774718224,0.3445417882243862,-0.07970632850654201,-1.7327553472342896,-1.137322625645595,1
-1.2938725110134313,-2.003515837544617,0.100749272029467,-0.2148521593748616,0.7265396243929853,-0.09327705949759643,1
-1.3272596321544543,-2.880705299624984,-1.831109118108718,0.39512544522174026,0.675380182738381,0.6407881960094943,1
0.6951161322555205,1.4094409371825158,-0.15045426047600197,1.0129082100357218,0.7344162043478787,-0.16040248919200092,1
-0.3614880544427704,-0.013103371660215277,1.2279450302594372,0.24064557758216984,0.09153905159991037,-1.4823270334398897,1
0.1048093853587597,0.08150880843817464,-0.1884475313721665,-1.6316236797371095,0.9718984077076935,-0.17497036631417673,1
-1.583414603597775,-2.1467040266125217,1.0327952768928894,0.44981546926570204,0.10368455948708098,-0.9490688719564282,1
0.6179610203750029,0.6219844461136952,-0.7163294537583854,-0.5674386367852199,-0.5985542424349748,-1.50048846757275,1
0.8574925722586124,1.7926930176156848,0.03754958597497538,-1.4474224491601384,0.0012817960210753457,0.7879725515090096,1
0.7242246517377173,2.0413123708974403,0.8385175022664301,-0.5105154989714674,0.5344787796850153,0.7711047539960312,1
-0.1614458916398291,-1.086652191196962,-1.4919889944171298,-0.6991289319987242,0.07538129806765662,2.1576728030889125,1
-0.2386711445311455,-0.2683430078501344,0.37747232680525455,0.8305567598105218,0.37241570501153565,0.12868056167027897,1
0.8937554748424555,1.7580202436249353,-0.15067621842037263,1.0947648166761006,0.1578946443593851,0.8228430994975979,1
-0.8451103239120178,-1.487512604760204,0.2793661330388881,-1.2507680580114786,-0.8496598376474566,-0.27122383143770773,1
0.5664073774366578,1.7079191259975297,1.1622279638819641,-0.3272563962203962,0.27157890789237343,-0.9007482261499041,1
-0.3523697230387114,-0.5988372326658681,0.4656641135166128,0.8857684574779104,-1.7965910203573696,-0.9358180156475876,1
0.6565385763152627,1.6861504585643226,0.3319393870587711,-0.510990218483226,-0.3998994591305092,1.0000988076082273,1
-1.654607729560254,-2.8911813035386653,0.3507924967052104,1.4961215756099042,-1.008169095865128,0.18361181646562622,1
-1.8040782235760564,-2.8673126797645376,0.26099297877498645,-1.3162959365988047,0.0441154503127519,-0.47931988430216466,1
1.5318983911051385,2.473300583102045,0.002382774265192321,1.0991912796173158,-0.987731836177766,-0.20270133934103043,1
-1.5778033227337365,-2.4446020057585782,0.8651156016150855,0.5751844081304899,-1.3293587370637827,-0.18968074001165988,1
-0.4029413918258492,-0.5319438572984249,-0.03656599892965401,-0.5579705820720648,-0.49511976499145943,-1.5935125988412595,1
-0.9973163173490408,-1.1558626224381852,1.584985359570642,0.4660924350540129,-0.43789465948968437,-0.3450634891161963,1
-1.3667490212351203,-1.4793962069822593,1.963138342262951,-0.1133571874241532,0.1328422693164677,-0.7337101724671119,1
0.616838764202196,1.2084314354914167,0.6759912606980678,1.363501809169044,1.7206259241657063,-0.6084414888813608,1
-0.1012649043730248,-0.5633803379330814,-0.5910377012336214,0.5871244855717561,0.5855242630435576,0.033269896018721566,1
0.5622690577994303,0.7417767509653517,-0.24662042785354307,0.6829972057942967,-2.3938995166832417,-0.5656937341773508,1
-0.7070026736458911,-0.6915041307587655,1.1286587492250901,0.434560938578534,-1.285279568154739,-0.28167329771568494,1
-0.19890119140728,0.2759320764209005,1.6432112725924477,-0.2830007306590427,1.3512989270926046,1.7235261866378158,1
1.1316036424668536,2.189895934946057,0.6729301521931678,0.8273950452776135,-0.18836362068356355,-0.7577523616520089,1
-0.4060977373118695,-0.7685366388369208,-1.0827671451707375,0.32487945621224756,0.023784263657885905,-0.3422351147517727,1
0.4716468718452217,0.610549623207734,-0.021161058864069077,1.0756430239383086,0.10995853983932032,-2.2346492755458978,1
-0.0673867961563971,-0.6776220837360979,-1.0268318488033017,-0.5937519676724157,0.9328920121974719,2.579071185023101,1
1.5975503772143798,2.8128975591530576,0.24006520937880682,-1.0460507948369613,-0.8954494888326425,0.1535989736624404,1
-1.4895659311467433,-2.5395399452428444,-0.11424589280989682,-0.88669850679423,-1.0258138580244318,0.3243325511097051,1
0.1759323703104379,0.9083552810484052,0.9648492045795188,-0.029521116375030274,0.28230056841984386,-0.639751002906738,1
1.6618696841184115,3.1476862271258272,0.6922215901558882,-0.34630203122542225,-0.7997711677653128,-1.2466229211962996,1
1.108457108902697,2.7153758126291665,1.2748345033266837,0.04731144006720391,0.15397226030454286,-2.298921150469224,1
0.6012674598044908,1.6091697040246682,1.0786253831596424,0.14907018831518393,1.2236545252679774,1.6897364556183372,1
1.8754490620058464,3.0582669606976163,-0.2938941257240925,0.580927555289432,-0.17219499432838836,0.8176206737119124,1
0.1443689154502228,0.9054530876252549,1.1909303951162145,0.41778913150957153,-0.44194646619186345,-0.7333500110666806,1
-0.1969372431048674,-0.5078781542557522,-0.3576447020700486,0.42107962959282946,-0.12390988305559991,-0.6616052724378558,1
0.7470906212586703,0.4771900986967807,-1.980786167409137,-0.939020651939215,-0.6565376641268066,1.12234143189508,1
-0.8466534261496276,-1.7290811317387371,-0.3667850939033313,0.2463670282926656,1.2172623112101264,-1.6800958584966992,1
-0.6872229086001596,-1.4635861073992908,-0.20280088074504724,2.422291805943591,1.0483311823849624,-0.18598338095701344,1
1.5691432678401889,3.0913162977311823,1.123394169931243,1.3401375656412409,-0.2601104354594504,0.0020576610884737966,1
-0.1808749516315586,-0.3419089892841411,0.16226150969956618,0.6707472726329511,1.7120230041246443,0.5720159054355979,1
-0.1306539878984209,-0.8502049209074626,-1.0391058213457052,-0.46654307562503344,0.6943884941587217,0.9053177722225493,1
0.589974757065615,0.9561374970845885,0.0179557985651139,0.2337013564485462,-0.33818096775118206,1.407713747484716,1
0.2516846619749454,0.18858486895147225,-0.13188749683987142,1.2775063456558873,-0.9513074155824511,-0.48545830045052135,1
0.271043580955876,0.49881308490255694,0.30207540884138234,-0.8527065163132189,1.4798250228935934,1.9894867801075968,1
-0.40301153283665,-0.9694539907013536,-0.5751993593254732,-1.786401330256916,-1.7883568266362204,-0.6969349548056035,1
0.2622759546058172,0.9350819226346567,1.406627047932934,-0.8012315995754128,0.5643664982464114,-0.9391053472163696,1
-1.1426484917276165,-2.0285318078927794,-0.18509544628618643,-0.026128371420758273,-1.9539893333033336,0.18852657690507682,1
1.9299486273978117,3.484004056665609,-0.10842348086759977,-0.6833461200208569,-0.35990369298592356,-0.5558505261835993,1
0.2037783515982242,0.8765856568898478,0.0511771351219053,-2.270717866502821,-0.717708834501149,-1.3956515522052881,1
0.3672770477741211,0.24682674725055603,-0.7937638566305715,1.9420672078440298,-0.006002816067256462,1.160769628557278,1
1.732922528059289,2.3646292963519633,-1.1859652142522648,0.37696536277153264,0.3885023517566132,-0.36744716180851533,1
-0.3382012388570165,-0.0197042827564551,1.5321349089708771,-1.0891312074927835,-1.2001842979513675,-0.3584550579654803,1
-0.5944964923219368,-1.4427903074045667,-0.779584279718236,0.6613041032552351,0.08397154803787107,1.3739976702140528,1
0.5564473539029913,1.3191222586193663,1.0538183027528036,1.4008123732169566,0.20089739353747477,1.1821959917148195,1
0.8151975427459278,0.7537874209379473,-1.0889917364829376,0.35492276548748136,0.38715559592437515,0.1355569505321071,1
-1.4297356489339432,-2.0222495473597806,1.1324081694074104,-0.3865589974869602,-1.1714212430213826,-0.06082177397928213,1
1.935209203207848,3.5111791611250527,-0.4010879050169844,-1.239866194417258,1.235309311053043,-0.2958243389297351,1
-0.7892079383040427,-1.2410112949626568,0.5891501262681642,0.7786336242262267,-0.05196126391241087,1.7879995186469333,1
-0.0390498277930071,-0.7452302808022025,-1.3122462777299246,-0.9559983297540964,-0.9321822497978081,-0.27520611146729346,1
0.4276684580733278,0.8375996286511721,0.4635317624359407,-0.40234862842324964,-1.912162891017941,-0.05114127891141235,1
1.0124340651168529,1.7473257677090417,0.14378264709535324,0.20710247174503116,-2.083655980695452,0.42170508390160777,1
0.352407153484422,1.036786584304313,0.495160592543202,-0.061063395636291165,1.3189327745170694,-2.5510387274889372,1
-1.5837653086517771,-2.531623011916802,0.39108302632002123,-0.09746312157048011,-1.0100769661013569,-0.4550250861547913,1
1.0458913272686756,1.9770757929511218,0.18468672587002422,1.3061747209176862,0.09119411051669861,-0.0500756183233228,1
-2.365486874023025,-3.4063074148091106,1.8592318895214244,-0.7852577147282966,-0.5175891974298089,-0.025006572080547917,1
1.1988688718245035,1.139946868049631,-1.8225076496431774,0.15410929313764613,0.9589465125410107,-0.017037088897742435,1
-0.6350379965646092,-0.5188516268575051,0.4305964554206774,0.28759793714367915,0.9375755712858534,-0.6081476418008775,1
1.5727906004018128,3.3899662354283477,1.268250871367259,-0.693456807127454,-0.42915825901784294,-0.16785892776275152,1
-0.7093173270023077,-1.900380304024168,-1.2510134603342948,-0.11912193938373176,-1.8124413451983168,-0.7619755680634093,1
1.876711600200255,3.6880841673642313,0.5231989771792525,0.0015275160761915253,0.5865836883906808,0.221498408295442,1
0.7458982240750627,0.6957002264734035,-1.4491952474739658,0.3321052296260757,0.5366860632651882,1.502074934446758,1
1.0789978843664985,1.5205659614017157,-0.7759437029998745,0.6489192442291609,-0.6711397744251998,0.5775024771406333,1
-0.6410701234934486,-0.8911564020083975,0.9885993878560827,1.6232156041812633,0.6628179122130958,-1.6603499785393256,1
-1.277669937518522,-1.4735900353065854,2.0199500142559645,1.452227130859783,-0.2668482312915614,0.30436309691679014,1
-1.6367217718061322,-2.9123050398798846,0.07275538430186967,1.5030920674234416,0.44246501699103447,0.4234185216923202,1
0.1109817943092007,-0.4309593006112412,-1.367272392717093,-1.4254575271901555,-0.44911301202638254,0.8013143701987911,1
0.3855137105822449,1.242607718405865,1.3546555633549375,0.28920090399076037,0.28766947670074605,2.29828378167628,1
0.0902200551122619,-0.7495965265146094,-2.160447395299001,-0.05267719208591513,-0.6437908936703072,-1.15915596417256,1
1.214861022287011,2.2745463588468353,0.05098160588803952,0.4048063305154814,0.1227173845881816,0.2686411194844056,1
-0.6093663866116359,-0.7490199673195024,-0.19304665482511377,0.4833581429295614,0.05993698727180237,-0.9560852296250905,1
0.5693532998902777,-0.06133836711582516,-2.726739951883671,-0.49736265300888527,1.3007080212148956,-0.5437152515682385,1
-1.0760846724779678,-1.6230247811398268,0.8644133839931978,1.4197170417352964,1.4791384055829404,-0.4336339578449357,1
-0.8189477268834429,-1.5108455608776032,-0.49013559852707195,0.3865675941889687,2.163159577756077,0.5033493470236818,1
-1.9485687058250256,-2.88368500462673,0.6704815497258244,0.6418321918039728,0.8672247786588274,-0.4462525589366786,1
-0.3065676429860026,0.04402112971520747,1.4305736494100456,0.8337301050035861,-0.2599076240187098,0.25020377665287735,1
-1.4067293973913886,-1.9479168884058347,1.3714871771403687,-0.623699944950816,0.38554927747745216,-1.2599811175721352,1
-0.3670993353068089,-1.0383750504171487,-0.5022389477304697,1.272051606507392,0.8532951912668767,0.7736122606878201,1
-1.048098409168581,-2.5376455567409413,-1.2761953773402184,0.20801096386279816,-1.3364664476388306,-1.0630757741702184,1
2.5750355037297425,3.8660451597124372,-1.4430434784785837,0.09165304002748352,1.2006200730834988,-0.037504417197547976,1
1.847041952631656,2.4583558629691504,-1.2539482353209144,0.9553242678591496,-2.318671857397182,0.2154698444637427,1
-1.2421785860534835,-1.9941016099372906,0.4532344895044989,-0.004151986031023009,-0.8490620715444402,0.1446328235991988,1
-0.4217391827203754,-0.1486787120977079,0.7567108456404553,0.1455320119509791,1.26099504529689,-0.4958954453084357,1
0.6962383884283314,1.501199298099936,0.542887769970635,1.6753740776471324,-0.11320229532888137,-0.029936310520234027,1
0.4080289750491939,1.6036456334947589,1.2501136476760106,-0.06288903035292823,-0.1875482221641492,-1.739620769097612,1
0.4477287871622606,1.3919203274575995,1.6100996986213683,0.6454485307944319,0.22096207694077527,-0.39105843739159424,1
-0.9216341666953322,-1.7744604878468433,-0.3062324551162669,0.47174881042368016,1.024300171678048,-0.2588483071072035,1
-0.6515912751135177,-1.6798446967965328,-0.8606887348484861,-1.486409615067659,0.3390642137889853,-0.40268484001625127,1
-1.4390644033704054,-2.775226547086725,-0.3563087419996068,0.365160905884107,-1.0934281410287499,0.5327951598535181,1
0.5298639108096115,0.2602066370696748,-0.9958475113758402,1.0009630041119457,2.2976188466296694,0.32608050451043424,1
-1.1326183271831471,-1.3159308933714693,1.288905320698035,0.91775376895847,1.5484573922973592,-1.1394453065313532,1
0.7004468490763578,2.1106159259639647,1.7304702594507444,-0.8541476974803349,-0.018411907635507787,-1.068365723027322,1
1.2447410928880112,2.431371902242665,0.46268755465615063,-0.13925719621069738,0.2201230648253981,-0.5787849404769789,1
0.7794256272376883,0.5669957128457195,-1.3614838303796517,-0.3845406697466132,1.0702233668844536,-0.33896220118764353,1
1.5992337614735912,1.887759941862167,-2.4532348339267225,-0.025027507882416103,-0.9434692835777098,-0.05806668688955975,1
0.7609785413971641,1.2848360820576876,0.2349025577299942,-0.8045698949061516,-0.5443740543057937,1.0810468754156317,1
-1.8246295397405936,-2.4265771623798456,0.6203281832731639,-1.5370028225522652,-0.3469664373194918,-0.2380845281064159,1
-0.7029344950194643,-0.5833725188484908,1.574359979928415,-0.7539187228698383,-1.666526995599942,1.919135746493005,1
1.0782964742584964,1.8679186638521723,-0.002276616330626589,-1.0050148305311255,-0.7955791659405238,1.6230513835408078,1
1.3745721038796828,2.297754635743344,0.18751732599969279,0.8393819421753077,-2.0935502638732095,0.4728132805716527,1
-0.7253094774648157,-1.3054781849965595,0.2356040899935383,-1.344253614868003,-0.07818953041463815,-1.1204181144904193,1
-0.0787496399060738,0.517282311249152,1.7253011473148332,-0.30982175985681126,0.5415657272924893,0.21855480211724856,1
0.3188096093109955,0.4882156644358448,0.15086367576898055,0.4715951146648914,-0.25641858195159456,-2.4524605546400218,1
-0.0990905330382098,-0.4045808660708761,-0.11494496008533588,0.8645102447741144,1.513891954665627,0.7058708876498653,1
-1.9715048163567803,-3.478466728031747,0.17307024305179086,-0.5929660422352606,0.3436786135199058,-0.627946939120455,1
-1.4945459429135777,-2.4431897799169353,0.7139299404004427,-0.3703711213796542,1.2943258738985675,-0.9164557514874746,1
0.3497417950740034,-0.0019807870601582247,-1.0028640217916258,1.1219254717849365,-0.41822271173529235,-0.6385432088662829,1
0.3012743566108778,0.28146672545732065,-0.29568392232901847,-0.7856903840133447,0.7355247465410928,0.07638929385718347,1
-0.8993994662715823,-1.7783779714843018,-0.15068934865805483,1.1096177910028855,-0.5570031041905968,-0.1926214542592281,1
0.2492998676077299,0.9984334089433455,1.5300344479771826,-0.16926440034583137,0.6515453370702449,-0.4928547813881682,1
0.2778472590035203,0.5602645304660342,0.16919972005199552,-0.191095423586077,0.7941906262980843,0.5943123836706211,1
-0.9351713817798238,-1.5003671156284566,0.46027165205882603,-0.6891484260092418,0.09787348199554359,0.7527232617094702,1
0.3620866129748853,0.2308396063287789,-1.0058121024308349,0.40044277669100636,1.1227659831178405,-1.2503961619011053,1
0.0806808776433962,-0.3992817275151937,-0.8215856876109733,0.4058141687719278,0.8189155852415319,-1.984226016544131,1
-0.2024082419473043,0.06267494658907063,0.987565893386775,-1.052779439946501,0.622587073874564,-0.21527843281379883,1
1.3193009873689128,2.354656733741926,0.45016181953304335,0.7120668116385978,-1.7828505299108224,0.7094433613389626,1
-0.2216268789066334,-0.8216678374110219,-0.5733649890053855,1.766665356516562,-0.3844192538688987,-0.6033548979284598,1
-0.3409367382782319,-0.5846024267303589,0.26642370329841697,2.4710943317385836,-0.5173989613379781,1.1144700733281163,1
-0.3547545174059269,-0.3924830230096273,0.2536773399152555,-0.807285597421564,-0.8164297381147665,1.2990241305353527,1
-1.4557579639409175,-3.1679735845319104,-1.02015515173052,1.1023452408955905,1.0557650543183645,1.6133900969018709,1
-0.152046996192565,-0.08401679735148954,0.6778369480356546,-0.7819452913367176,-0.3242837438323988,0.7543923772983381,1
-0.2181899693774099,0.15966223719689104,1.2157740324608013,-1.4422910240389046,0.6384878121468309,2.0584946303831986,1
-0.5276521090290859,-1.290608227878517,-1.106293735007332,0.8413060575946409,0.19542288845360162,-1.7548544334519394,1
0.2702720298370692,-0.24468718062022865,-1.20142464237626,-0.8752001516969978,-0.39041280461114314,-0.519046252006782,1
-0.3842137419421238,-0.5100729571131137,0.22146533958887785,0.349401571774901,-0.4494542602252592,0.9480795548223766,1
0.4560755674475166,0.7214348805534548,-0.760915570461926,-2.0055081992487187,-0.5186855283484186,-1.9194327475366433,1
1.2734287663054031,2.3849909091070187,0.30977470907108573,0.3653894054012277,0.41198146864923507,-2.1246406239078834,1
0.2575063658713843,-0.6758824630442185,-2.0834068319722303,-0.348444749710045,-0.5761138010948514,0.41947263156466114,1
2.2143002851829205,2.7649800039258223,-2.082853437277233,1.0426576752652126,-0.7353808081151185,0.6904719055046562,1
0.9649486008049324,1.0561222282369582,-1.0727830394934388,0.6622774818009454,-0.8634910304149921,1.8622426168075001,1
0.1440883514070236,1.2377035018986493,1.9148237663820724,-0.6880806567947494,0.14303262288326282,-0.4538529486879244,1
1.054448530586334,2.2684435129156646,-0.0881491247565021,-1.740738198197138,0.8415902312917793,-1.4464293141257605,1
-1.236918010243448,-1.287603560692376,2.0181618002382344,-0.943705673650777,-0.2881054641241613,-0.3707909203899193,1
-1.569947529524084,-2.49104325164838,0.6736734305217423,1.0285415063251533,-0.4349890494236544,0.11409773257608605,1
-0.0653527068431837,0.2266095253196664,0.9409448331496594,0.6742362379089948,-0.5060930393408221,1.9617293625317707,1
0.401085014979948,1.0289104515176397,0.8606077206966607,0.6603565337761824,-2.6444155680842005,-0.6768987281215165,1
-0.7707608524635186,-1.3699127561548723,-0.12225477538354179,-0.02809656292965365,-1.6722759689259101,0.5668650377914441,1
1.479362774015586,2.440960873155762,-0.325042618029409,-0.3407304419701865,-1.33414947627885,1.1536164761248822,1
1.7928229512828902,3.9582314946664963,0.8665581326449018,-0.052326199920463216,0.10550873664263684,0.20867777667754892,1
1.4628796364774743,2.6280707748027865,0.4347331369943932,-0.2536549788598225,-0.8904552022842321,1.7787887995667617,1
-0.0755932944200515,0.2524170171191132,1.0887482677595508,-0.11280012646065538,0.03864792599805601,2.001382879785537,1
-0.4173904400507474,0.29613569251156213,2.532917433025625,0.8519218909429492,-0.7743118038776401,-0.4155273300920328,1
-0.4929323086828525,-0.4346562064215198,0.39699876520684435,0.27555181924069305,1.105142782686274,-0.0019153602863167117,1
0.046592346394368,0.684883365185285,0.7759842261712679,-0.023046248247928242,0.8698116824347646,-1.0954218687711015,1
-0.3938932014325891,-1.3929965390718955,-1.2703355643185108,0.5298708356426102,-0.5803669817955717,-1.0920953860263654,1
1.8820423170210905,3.206521053448324,0.14269754178651434,0.37686725998881504,0.5893498495400414,-0.06030394156858575,1
-0.6306892538949812,-0.50531536368668,1.6528159265735278,-0.19643389089460866,1.4036272987868117,-0.0008926594838984848,1
-0.6210097944045139,-0.9882515393496263,0.4675884240846564,-1.8919879679983114,-1.6422562863484045,-0.238632770309788,1
-0.8023243073237316,-0.4766391650287722,1.491500779064029,1.0348198542508344,-1.3023726551116064,0.2276922891573505,1
-1.5571818655583982,-2.3082841927450874,1.1797792460407488,-0.9702898404800049,0.9884173953300448,0.3419841329760164,1
1.720297146115204,2.849663173449727,-0.8980830868242642,0.2032041651343117,2.1461934896833705,-1.4756925005518113,1
-1.8292588464534247,-4.0655217676937045,-1.5772583860391214,0.3503907882393799,0.3145563878577422,1.35686556483954,1
-0.5458887718372116,-1.949915895007886,-1.9248602184091883,0.41344236164235465,-0.628895788490504,0.12693390328862336,1
-1.5637049795628424,-2.1390186846219486,1.491985902224352,-0.4728284126584124,1.760922525566178,0.8201977430054134,1
-0.0429777243978343,0.17198950108249922,0.6138065469039234,0.3735755026051297,-0.6619288787267292,1.8742552627260527,1
0.922653571292248,0.966044533460132,-0.9852284816123954,0.5070754178864196,1.372397270630575,-0.3279365304340511,1
-1.5177626174885337,-2.9754744559379285,-0.5194199277416539,0.11014667362966167,0.20598420813778284,1.223271100871373,1
-0.5109585484585738,-1.0184306947693467,0.09356638003285427,0.8739534051069285,2.573187255698855,1.084748013143966,1
1.5170986378262403,2.7308539356842227,-0.4817511920646898,1.3844476659370573,-0.43236724326161313,0.7502296037037598,1
0.7310984707961644,1.0603567224775832,-0.18188717356303072,0.5882506552035758,-0.15706220801864682,2.105346494464715,1
1.1116134543887175,0.9968612277111516,-1.5131653141914345,0.8014540702084245,1.3958987923404096,-1.2712067203476591,1
2.604144023211937,4.218758011600043,-0.49781236691100983,0.9383473858039817,-1.4480929297962244,0.8680078160545158,1
0.5797341694887451,0.41262663874696787,-0.8917649250384033,1.3108678551014858,-1.8589807666876037,-0.041815549490793955,1
0.9602491530813024,2.0770173953342015,0.5529775759335069,1.306841885383245,1.9337090655822462,-0.3851673059768072,1
0.0508008070423964,-0.9014324470015408,-1.8566351971625905,0.420747758289588,-0.1635517073555828,1.7115594606465974,1
1.931702152667824,3.6598137169985963,0.021889673128451772,1.2311493432538398,-0.6696309148676013,0.03789489111087466,1
-0.3446542118506587,-1.1542191939502462,-1.0173753735980062,2.0676539982054347,0.7462624660716944,0.9523037779669034,1
0.524182488934774,1.441128302030079,1.3514654932957384,0.6305752581255154,-0.4913711860131256,0.061788307893810214,1
-0.8374649537347678,-1.51304432560958,0.12751919510371554,-1.699712848392652,0.31053246300388465,-1.0757936817972835,1
-0.0370157384797937,-0.3960743174242142,-0.3855360239234728,1.1766115760373133,0.8181375599582476,-1.283251637470859,1
0.8458491644657344,0.6216411837237974,-1.9510304614555927,0.8555205856295917,0.7138744944879365,-0.3550056846905793,1
-1.2280802428825903,-2.0025205988397055,0.6957756588573195,1.3129606760818255,-0.40745059112080545,0.008298124882461627,1
-1.3674504313431246,-2.6858558747595787,-0.43462144712282164,-0.0312931295529104,2.0392284702927532,0.42889317381412917,1
1.4941625272944865,2.409973412122793,0.07272714799258688,1.2239370048044182,0.3037083281318668,-1.3795414257890373,1
0.6554864611532546,1.4529593606280735,0.9811721857188488,0.450786519262406,1.5488498544422444,1.4953488165908746,1
0.8999980248036974,0.8682466186742556,-1.1879823283281417,-0.5307231419690812,1.4249937554375942,-0.9047184646649353,1
-0.0902527656773501,-0.9960386349864826,-1.5234808303668725,2.0816221056519986,0.648948674115824,0.10268092894288412,1
0.1966941095073767,0.7252032288639622,0.8180261624325146,-1.2872009373198507,0.08136647558602936,0.5814022004590662,1
1.0321436891517834,1.0322410985428012,-1.5881604200024053,-0.18491954850172243,0.9610299949911727,-0.21903985083228125,1
-2.290926979542124,-4.140621594997349,-0.2507321196386931,0.5823452141222321,-0.1631392582839701,0.6132193617547214,1
-1.6830148389344448,-2.613747566092627,0.9482384804104605,0.3118524512311507,-1.0865030613538516,0.41831056044135295,1
1.1931874499496662,1.0845893648558804,-1.8209715695376418,-0.41045472833799107,1.7195775840057708,-0.24748577999239557,1
-0.0738397691500393,-0.2093278511448347,-0.12146997757072436,-0.5786793027897764,0.48744621561253776,1.0919666555869738,1
-0.3328003810253803,-1.5954999076332255,-1.873372743815523,-0.3762600763971299,1.115393070363471,-0.0710161643600321,1
0.274690913517498,1.492624103587812,2.2269335354975635,0.1673066600293534,-0.595766360592226,1.0161182025180235,1
0.66951466331335,1.3915029562556738,-0.3177278905529381,0.30027791161829476,0.884422955989784,-2.1639984952043045,1
-0.4143042355755259,0.03698847774843821,1.8979608808511668,0.6846566182219329,-1.0899237820095473,1.765787130642956,1
-0.2208553277878285,-0.5128609541443759,-0.013588194223453713,-1.3718657535834196,-0.9332543916747802,-0.4190708574316688,1
-1.2081601958152552,-2.1210611974252727,-0.22728294609293725,-0.6021680891143415,0.7351632523429227,0.2769373214525257,1
1.1309022323588476,2.655305445494171,1.780700763752501,0.3330900812922326,0.014028641102205804,-0.3142396446619896,1
0.2657830051458395,0.490345215664897,0.1669292943133652,1.427157534228352,-0.17024868913568567,0.3734446324540901,1
0.4015058610447508,0.7936083728331542,-0.49609124286677364,-0.9696833154231954,2.0621216869252628,-0.9940712081973474,1
0.5245331939887762,0.21899436964137448,-1.6667441071093219,-0.35473268787101686,0.16903239294516972,2.121253768132037,1
0.3938604908674989,1.735733193775128,1.3624135277197602,-0.026255850789121012,2.4333049425645528,-1.2374802139497696,1
1.1982376027272983,1.15855770279231,-1.603578648985327,1.065441661667507,1.6185967367367182,-0.44792018193001304,1
-0.021304152060489,0.7636829313607102,1.2323866892347082,-0.374949436200542,0.37423837093909956,0.723537416350434,1
0.8238248870743851,1.2061621863260092,-1.015295728160994,0.12099252358753827,0.16556920385926527,-1.0052157621519833,1
-0.2661664207649318,-0.8898574761595642,-1.2762751412287516,-0.248310258520147,-1.0128669915212118,-1.5366903458906114,1
0.2386384339660572,0.17024666067186958,-0.8528890934396349,0.19386784508992977,-0.10095653109798297,-1.749250336807493,1
-0.1430689468101057,0.6064990137190719,1.9271182154075936,-0.9814923680025894,-0.16460032297030683,1.9323282718275296,1
0.9245473785838636,1.715407462685793,0.5104999178313042,1.1795932314024535,-1.0451123671200588,-0.8749933208521208,1
0.2487387395213254,1.2442790133229578,0.9285263026320281,-0.525092980252361,0.9971900718036275,1.5285690842378516,1
1.0895891769973682,1.5136495181399563,-0.507262358933996,0.285955431602883,0.20493647751136126,-0.8705513762778349,1
-0.282439135270641,-1.1238882155607675,-1.4011270040899735,1.4151566344835653,0.15912513022399022,1.1208876372908663,1
0.0735264945417498,0.21008770907578828,0.1909440762977049,1.071667179045183,-0.07150012216800851,2.1899440515323305,1
-1.2000238385624007,-1.402579511562778,0.8973932685326541,0.5009250904533734,-1.10594796501161,-0.1828515694032542,1
0.5969187171348628,0.8196176427055246,-0.22665870432881094,-0.6186611317147725,-1.4626640294657738,-0.2936576984688442,1
0.4253538047169112,0.2303034211501144,-1.2295158226121263,-1.271642668674642,-0.019139668931710613,0.5327018533945721,1
-0.4598257515850316,0.2149867536780562,2.4079710403160677,-0.09407651353613074,0.45470708469369814,-0.13915211883766043,1
0.1789484337748586,-0.5770270727362897,-1.883520723512147,-0.5017224812393892,-0.9530880337565479,-1.1239648175877506,1
-0.58173082835625,-1.2410828907147813,-1.6990689654113553,-0.674478501873688,0.09907620917403963,1.9038904169241264,1
2.381656736952844,4.109031940319156,0.21232444247284257,1.2964747323282826,-0.22483458423296337,0.37789722852430535,1
0.8032735709098486,1.404023877246859,0.15219076678999058,-0.8979820690857024,1.7257780179202886,-0.00011950890463558754,1
0.7044448866919838,0.6786498780568198,-1.2254632030203794,-0.7435753353049884,-0.875026482107512,0.1312750982193393,1
-0.4206169265475685,0.03306395029161468,1.2463284593915398,-1.3785756226913901,1.646284619836932,-0.34621523115417524,1
-0.0090996161812066,-0.20934523544730504,-0.28029758740656546,0.33740543049610333,-1.339132112675056,1.1500454076276085,1
-1.0417857181965382,-2.6746158771470934,-1.9698953219146569,0.01733735279040911,0.1367813803520092,-0.3790213725111522,1
-0.0863950100833238,0.1807402635241432,0.7629059073912896,0.011680354407799182,0.8009409752601327,-0.19513149381150452,1
-2.493985205809488,-3.9343043094940353,0.16911388270504335,-0.38284894848376766,1.4054254424927872,-0.5572272934731759,1
0.2981180111248575,-0.49394641188666083,-1.8791421360942568,-0.7807291036607086,1.8081416389417184,0.419619970257821,1
0.1353908660677655,-0.08566517038850013,-0.3196831001364757,1.0948588506217023,-0.36543014880090235,0.6989825128362953,1
0.5828203739639687,0.3008258242483333,-1.30125141542347,-0.14106300653781845,0.923627276575913,1.815596881151934,1
-0.992125882549805,-1.0142402944032973,1.826540107834967,-1.2569797755074188,-0.0972317788697983,0.6944157591382901,1
0.2164037335423075,0.49513272212198073,0.7165620856616375,0.41537126874503344,-0.09265755416143175,-2.1268245400748187,1
0.8386246403532853,0.6624885474883042,-1.4316750325305247,-0.8873366168084966,-0.20325110011291225,1.3303837448289124,1
2.259891942203227,3.320242176731446,-0.9477168545225496,1.5471751912094212,-1.4333009384966129,0.9353401541649804,1
1.3191607053473111,2.7986589985303834,0.13753910378741663,-1.247577332684879,-0.014367899550145646,-0.4246123597291128,1
0.0145379044585533,0.41887309608284123,0.849144627609316,-1.6862833921607752,0.03264770822225216,-1.393371404766235,1
-0.4778519913607529,-1.1472766037442956,-1.4912341172786807,1.518905957248465,0.5681924382533465,0.16495412386265657,1
-1.4874617008227302,-2.66275480111544,0.028986416170974093,1.363435240432773,-1.0537678876088028,-0.2733778336720448,1
0.5298639108096115,1.0288846266873322,0.33949449371204693,-0.4383582824418123,-0.7368182288323095,0.1308291691371749,1
-1.419284638324674,-2.381595365717114,0.5350507594184009,0.06433855093946536,0.8233336061903305,0.11030256313359232,1
1.8351179807955744,1.7481972854620547,-2.816095427084384,-0.43943599272998884,-0.8495138471634246,1.058624114276321,1
1.0385265211346268,1.687778920712742,-0.48439303731102146,0.8070510783578504,-0.9878635278362247,-1.2648565642622016,1
1.1792293888003715,1.322552070391314,-1.4116140886882154,0.6901086890555476,0.7590228400357334,0.523009041161676,1
-1.1213256244442722,-1.2787406056814679,1.5094212411946764,-0.26572137171085114,-1.2501051563640642,0.7107679268587328,1
-0.927526011602572,-1.3150652003063967,0.8180793828385956,-0.3426343030204155,-0.5831872478428345,0.269034893125844,1
1.1048097763410734,1.5115474102849114,-0.8202005136746453,-0.553429949414426,0.217687949306205,1.1162540184321725,1
-0.1037899807618419,0.07175595613242819,0.8460105128481883,-1.111874928276709,-1.4648702139887007,-0.08637722675285596,1
-1.2487718410687283,-2.0997962684786544,0.45866013204892625,0.1948261350660751,0.27331716239181203,1.4891514701769066,1
0.4679293982727969,1.0862498228191697,-0.11356882827173428,-0.05809884980849186,-1.0568775514061375,-0.9905247842039598,1
0.7808985884644972,1.2997508569022551,-0.38174971497396304,-1.360806215104294,-0.3623577245598906,1.385891592745629,1
-2.456459765031234,-4.350152169050154,0.201276080528606,0.39694607001757515,1.530327606974931,-0.7271427818303535,1
-0.2793529307954195,0.15314113729715667,1.6626048827139783,0.7754930985236844,-0.2841455140931614,0.14921862293475477,1
0.8673824547814781,1.8653952661266795,0.8668126350416183,-0.8508026713303087,-0.18519263306723047,1.2019612884216488,1
-0.8271542251470992,-0.7173158600436511,1.7688944240098678,-1.0030339483549828,-1.47415791715045,2.133274683272031,1
-2.365907720087828,-3.4280410681673534,1.4167830044467995,-0.734995874999433,-1.0802373720343204,0.624368286601574,1
-0.4001357513938309,-0.3803432117822757,0.666840984054417,-0.9645428005042311,1.362799596011046,1.7879411749599277,1
0.7050060147783862,0.24080904974850828,-1.632112936574505,1.1151553388925521,-0.6339032399263904,-1.0485674060907626,1
-2.336658918584031,-4.021650777218704,0.4334221717161243,1.1645227782605303,-0.20486584927061552,-0.6074145267778448,1
-0.1659349163310587,-0.6034734896450135,-0.5825262939254042,-1.466562080663352,1.0433000704854758,1.0771607781567234,1
0.5497138168661458,0.9026153137261438,-0.8238574570628278,-0.4877188709914403,1.4590810101720815,1.2684646877970764,1
-0.6183444359940952,-0.8290774999620737,0.3182443755015995,-1.3173813383128583,0.4513560825123338,-1.6374812971974777,1
0.5671087875446619,1.0258610672930037,0.10838747028097719,0.217117240608952,0.8579108089805335,-0.928650839553711,1
0.3651026764393061,-0.2478146610812099,-1.7786655497706372,0.6665358010646508,-0.31899327547410766,-0.048193325183235165,1
-0.5277923910506874,-0.5847544608069907,0.8843379635914961,-0.6725679523613636,0.6493718324885849,-1.7533375839821719,1
-0.5466603229560165,-0.8715331692624765,0.4638690344349438,-1.4373740076008361,-0.1379532444177668,-0.8498424192492973,1
-0.7155598769635475,-0.7542629885447181,0.29949765996702415,-1.1420598609792085,-0.10531232980131763,0.4842513092403068,1
1.7631533037142928,3.658357685792175,0.9194997579238582,0.16468229235875323,0.8953332260963024,-0.4205775577353416,1
-0.8378857997995707,-0.5350426461963461,1.493596059324985,0.8721978350306117,-0.3445932474832539,-0.7075804704605084,1
1.9364717414022563,2.4409063678363485,-1.739993404225885,0.9167022784863766,0.08430343502814899,0.15213106947090443,1
-1.69451796470572,-3.061463451366004,0.10697169174273151,0.23726520544144847,0.4098625561245451,1.687905006198795,1
1.1810530550811844,2.133528773203965,0.5227754272698629,-0.064599148622869,-1.2745158796602494,-0.7266438715219243,1
0.5963575890484604,0.8947262759815195,-0.10132716799263396,0.5937807450062974,-1.7574541348295067,0.8478475253460914,1
-0.8180358937430363,-1.9515624782475853,-1.2859002274604259,-1.0945000996903778,-1.126142123535332,0.15195388570075888,1
0.9624936654269164,1.0511190560369668,-1.0044321814902086,0.3573265830579373,-0.8645174686185989,-0.28186876631528185,1
-0.8857921101762918,-2.0577693245416278,-0.8613613370490878,-0.601596101976416,1.5282290298266468,0.23197339569456665,1
-0.5297563393531001,-0.06310100012732979,1.575173533800518,-0.16850283911983482,0.8680254581407991,-1.7068856118493771,1
-1.6521527941822358,-2.5427702862043318,0.7778799889641652,-0.33396943288374875,-1.3537554331669046,0.16512411190616796,1
-1.393963733425703,-1.9205589999444799,0.431365718408825,0.14968331964702697,1.2267732593943823,-1.801117183655542,1
-0.7107902882291146,-1.2554415139848867,0.13625567934883884,1.3774140396805898,-0.32443298023044026,-0.17315331415322818,1
-2.0939008802036017,-2.96138534242358,1.840736996711475,-0.0018756225937837324,1.0052765371332897,-0.39829890713551463,1
1.0825750759173216,1.217146407797797,-1.270846610793649,-0.959387840419012,1.7715708644177022,0.5741924191369822,1
-1.8142486701421243,-3.001161216897321,0.14459466894093265,-0.32699961058761834,0.6383003252167052,-0.902521138931801,1
-1.4495154139796766,-2.2194482997376253,1.0140028156004153,0.43528732276073134,0.49644123707593146,0.9139448387054232,1
-1.4495855549904777,-2.2485156686860424,-0.3128803526471332,-1.6743647208958012,-0.535974235138453,-0.7281084746530714,1
-0.4631925201034563,-0.3773478907239796,1.2703448160315143,0.9705906921988333,0.9502610351962928,-2.006405871578001,1
-0.3090927193748196,-0.5468154683183699,-0.25199319412364746,-1.5507795594228992,0.9522417789274082,-1.162490448522285,1
-0.4742747998099298,-0.6401789137739378,0.8051354943039204,0.9015999252207125,-0.2938815224739354,-0.17688717879738308,1
1.877833856373062,3.3518032746865734,-0.6081418634671645,1.07127138576828,0.0823623751309834,-0.6999593233799986,1
-0.8221040723694631,-1.394169490885148,0.2381746707805349,1.6545780097817064,1.342907359034196,-0.8390770019935494,1
0.8101473899682937,2.322105386324343,1.465643827039004,0.05317828618325491,1.182963095860974,-0.8610701786480978,1
0.4221273182200901,0.9735662009596836,0.7299782471451984,-1.656532719569738,-1.9636304744009059,0.09415034757316938,1
-1.2574693264079864,-1.4602658837621063,1.5609852911851965,0.5187267152546842,0.5824669632241488,-1.0461767448959163,1
-0.18255833589077,-0.9991907372062652,-1.9486408435649967,0.007582405144329405,0.42350571934197956,1.3363247690539588,1
-0.7316923094476571,-0.37761624377688474,2.347885065810799,1.2126413541512153,0.8418542868599205,-1.8304201243302796,1
2.152435913656905,3.7445116745645866,0.24526547758930967,0.29695467431317446,0.1684979188290928,1.1893635236548283,1
-1.491529879449158,-2.721064131669124,-0.06634468382822116,1.3107395728564006,-0.19417022683645097,-1.0272075081659315,1
0.5254450271291846,0.43435753564146373,-1.187161848798594,-1.565650387555882,-0.6715867275578997,0.5930269147442137,1
0.4705947566832136,0.2895238393965976,-0.892302767114255,0.051436795552843535,-0.9892115078467527,-1.5331272002900003,1
0.2800216303383353,0.9391437200838706,1.3040861286139491,1.0126928183983912,0.9790586921236558,-1.0675837260577998,1
1.2011133841701194,1.9355695840879819,-0.6512794035180235,-1.9310581129252389,1.0626425085261757,-0.16306047654794245,1
-0.0812747162948908,0.28279634447151175,1.4353545823710177,1.0570261306270183,-0.8096016455775337,-2.170852042264728,1
0.0333356953530795,0.45747766318713323,0.38976783892525324,-1.6641567111340447,1.7269471518387176,0.6744235190439344,1
-1.3090931103571333,-1.5405074420078104,1.5841169108449569,0.21631778378699779,-0.1580087625083632,-0.3439612057406871,1
0.6557670251964578,1.5618059642862088,0.6680457081672756,-0.5942855096696382,-0.007509620729559896,-1.3087727035948398,1
-1.1152934975154318,-2.2822468896508687,-0.3317091895011821,-1.2156273181716117,0.9076650583258622,-1.3077716756296507,1
0.3506536282144099,1.1162258573281674,1.2655283878857975,-1.0948380973692358,1.4225404939535022,2.247165551000875,1
-0.0976175718114008,-0.047921075432159316,0.5662943676785674,0.6741462130868867,-2.2828360713706797,-0.09546164428349642,1
-0.6223424736097232,-0.7534170444029491,0.9112999749505829,-0.6020207861734568,0.3273552449954451,1.094397700405065,1
-0.123710027829173,0.3401539705891321,0.889633191229289,0.46989593755404274,-0.21262619921999457,-0.3478089774395115,1
0.869626967127092,0.6260926608765852,-1.4692007836552008,0.6804347205040133,-0.8324497948629509,-1.0723822677533081,1
-1.322349761398424,-1.1729127319530543,2.6653043168244714,0.44029909085186075,0.8541985028355222,-0.9277066644201815,1
0.400734309925946,-0.17797446755659377,-1.7125743411475884,-0.6077678304729784,0.17146751693960785,0.1164622090276391,1
0.8335043465648504,1.8373383581921594,0.5944792719314731,-2.055146548659088,-0.604837603357249,0.8812468947966611,1
-0.8540182322836782,-1.6696776447678634,-0.16188912294720814,1.243648652039639,-0.43494577336510243,-0.359736476344112,1
-2.2228901990656675,-4.042309852897014,-0.02744160279407403,1.1159498219045685,-0.12547017431258722,-0.10803806989011497,1
0.1549602080810946,1.1730790761692471,2.041560138941342,0.5315537434241899,0.19188015183230978,1.1672830254894406,1
0.8254381303227977,1.546244246167059,0.4437632951792526,1.4352556067594189,-1.0071749682607463,1.1598042989630026,1
0.0947792208142923,0.3560066707681505,0.44751636074261786,-0.49175006914098757,-1.5504055751508228,-0.00408477968869371,1
-1.739548493639623,-3.359662897500096,-0.4856546558279352,-1.198959469054747,-0.2641855140843321,-0.4455181903207198,1
0.5236213608483716,1.097079398216536,0.7974290062289633,1.0642466970731805,-2.494473489591411,-0.6108231950690107,1
0.7963296108406008,1.8527179042665964,1.3765147993039046,0.21990007526407926,-0.5436564708828024,-2.758009069867985,1
0.3758342510917775,0.7124602679036989,0.18274934781924237,1.0738735244156432,-0.7436045881269978,-1.4771308735859006,1
-0.739337679624909,-1.9235340652182442,-1.4367060306200525,-0.09848114547469385,-0.4938345140755825,-2.2003167771495473,1
-0.6489960577139018,-0.44619181934689567,0.9937457718847433,-1.1888874008462293,1.2269141871650378,-0.2793247753017149,1
0.7427418785890403,1.112522094745417,-0.1778631352580487,1.397553504490426,-1.9764202727327067,-0.44371193550971544,1
1.2953829026859518,2.458436216146099,0.3812804718704423,0.8354421953846574,0.9776287992937897,-0.015939735095636388,1
-0.2853850577242609,-0.9101594959528303,-0.7459268223158891,-0.9626529359596405,-0.4869851374546279,-1.6495137114536977,1
0.7992755332942206,1.5340038491343884,0.7417636752349496,0.5365070120371555,1.0856123460218863,0.1336107228024192,1
-0.3912979840329713,0.015559473366969386,1.8028187094944437,-0.22972594340445907,1.1145095347345477,-0.18583534104914595,1
1.064338413109202,1.149248711402229,-1.2483507804771559,1.319453552485942,-0.546751959738584,1.1225186342601274,1
-0.7265018746484214,-1.4837695630986139,-1.1312746134310028,-0.07411321527756444,0.6208299139655747,0.25307656370784304,1
-1.4425714539104288,-1.8794268127204303,1.4350096358644788,1.1275160146907075,0.6091164801602564,-1.7452564536482265,1
1.6248352304157636,3.4130903140301796,0.4056922262043674,0.5901437706229336,2.3810506682653454,-0.8106080909147371,1
0.2030068004794193,0.3009200686924577,0.42036028767122063,0.4023799731933911,0.2192203594781323,-2.655785363454212,1
0.4488510433350675,1.3980016124856283,1.548108999038787,0.7009947976688015,0.1441005837157565,0.708360182101565,1
0.1010217707755341,0.2253430062946154,0.07772478041405936,-1.2587259412344198,-2.712164146773066,-0.12069237508204742,1
-0.8343086082487455,-1.9337452026353246,-1.3424446953236666,-0.9883741001796225,0.24180015659907936,1.0528848280065264,1
1.5256558411438967,1.2832471191787846,-2.8024953879268466,1.1607129618121435,-1.2181464163584272,0.06460621846565362,1
0.8358891409320679,1.7373742085193504,-0.015151522162574952,0.24702400691118367,-0.06842001185748316,1.8333918927548778,1
-1.723977189241918,-2.343368280200113,1.3506609297221936,-0.89432941878273,1.6225768152769529,-0.06597780569744678,1
1.2619256405341268,1.9185008232631924,-0.8924861989445931,-1.6985717700473242,0.30265333871103767,-0.10996388104409927,1
1.873835818757436,2.9371023455801524,-0.41754773679961366,0.2520034392860599,-0.14345917792665758,-0.40843030529450397,1
0.797732431056611,0.28055923571554353,-2.292937504783823,0.8327472288501685,-0.8361125630903236,-0.008994598827037917,1
-0.4046247760850626,-0.3442547106378616,0.6028162642269904,-0.10411481388404059,1.8564986705726936,1.0677041190757828,1
0.2677469534482521,0.17821868507809221,-0.34244670462340576,0.43822934251320855,-1.038396590852365,-2.213492758133152,1
-0.2000234475800869,0.01769709993828198,-0.1340815637792386,-1.8779303914721894,0.31357629170495105,-2.1970282950092215,1
-0.0139393459264402,-0.20127940050916654,-0.03221914876001429,1.7075248677429875,0.21047440555871497,-0.18534845840861186,1
2.051993986190632,3.8346732115613538,-0.29479958821222946,-0.8848726324291187,0.39581613688642353,0.6705207728463545,1
1.3206336665741203,1.748689564267072,-1.4552578145652861,-0.24275347958087434,-0.8245078889321065,-1.052986037043397,1
0.8302778600680273,1.1918019814558414,-0.8577763228687075,-0.23391803015757204,0.9166302361576952,1.2496148238679095,1
-0.2837718144758503,-0.7458995345102967,-0.5370681345357622,0.6364239029065113,0.17638137130365666,2.2489222313008743,1
2.4111861024998413,3.83653880331717,-0.3880381136186635,0.8048998127901159,-0.8960758622221603,0.5059568205916669,1
0.6450354505439864,0.8665413890857329,-0.8807770821056626,-1.4178792495096069,0.0017459775692407937,2.130417408328091,1
2.3294016839064926,3.143622521177602,-2.1963616654273066,0.8266549625509083,0.9520693857291007,-1.2383286495084276,1
1.7228923635148197,3.725559890651327,0.881448815470926,-0.28652844927855764,0.6516677924546465,0.13143113329201278,1
-0.4823410160519806,-0.4455645585517027,0.8451350901702541,0.2848869211862493,2.015331175235518,0.6144441216987828,1
-0.6168714747672862,-1.0648240027608924,-0.4239143740723685,-0.6444140899581787,-0.3642166746887394,-1.2552122814995128,1
-0.3767787947972743,-0.20240358311194345,0.2572849554885855,-2.189763331121078,-1.2158472098459063,-0.305810280779732,1
-0.9113935791184644,-0.5989807700226768,2.380543615017187,-0.26838792341801604,-0.20421330066373203,0.39285208075939676,1
-1.0461344608661671,-1.2160187195333818,0.5080222107894804,1.0409287108517604,0.4900038524789474,-2.712913944947014,1
-2.141737049569524,-3.2525890409449354,1.2789550778944174,-0.09126728398675762,-0.7388258899156226,0.4274974206381996,1
1.0724747703620554,1.242705683946396,-1.720360567063503,0.7363014333586466,1.9337433729909022,-0.7240608352248666,1
-0.359804670183561,-1.3041100739186047,-1.132524625469113,0.5986195144680523,-1.2045517129378776,-0.30633970033322666,1
0.5487318427149385,0.43718750461983585,-0.8645167613974237,-0.6675592156109574,1.2300302844675908,0.2913900725402285,1
0.2380773058796528,0.7599673719668509,0.5802062157992322,-0.5413926785583703,0.5074644087585197,0.0899802693868358,1
-0.0432582884410355,0.391553284379358,0.21572849098191318,0.45878088850177046,0.8500640225486107,-2.695286116215401,1
0.8578432773126125,1.3433014418829199,-0.5519494567514477,-0.8897304812044196,-0.3347096571030993,1.779227670620915,1
0.3471465776743855,0.7462999689017455,-0.10245265913642256,-0.33907135669348043,1.0916803228625456,-2.02574867601746,1
1.2025863453969303,1.364336983336769,-1.162037092840479,0.07814370623634657,0.4778869640027034,-0.4282659567731689,1
0.1452807485906313,-0.1344874422056286,-0.7070930817397019,-0.4793729822038641,0.3048109451975259,-1.0100629357488293,1
1.2876673914978989,1.4700984947846818,-1.2689114482415935,-0.3265965027331116,-0.27729056483682485,-0.804305270713268,1
0.8097966849142917,0.5417512199326986,-1.9049361814353325,0.20423584101774744,1.1274264619431977,-0.5621545821617002,1
-1.837675767749482,-2.5622198768248454,1.4005882944762145,-1.1752352209702304,-1.4847113337034157,1.5476484526090757,1
2.0494689098018144,3.9729033436272916,0.31449547363517844,0.7728811365042968,1.0206781536679643,0.05354359500897966,1
1.082434793895722,2.1192975963640484,0.8133345644811789,-0.3982323106392596,-1.5392219773091838,-1.4677206363586057,1
0.6416686820255616,0.7093336668991762,-0.6629054972586317,0.11856240259489373,1.233649791280652,1.0958202004560211,1
2.418691190655494,4.129189480525591,-0.3227305420957169,0.21891039048443836,-0.24763349435530144,0.6606028552172926,1
0.3848824414850376,1.0518842229844212,0.9965647758537258,0.8281960291777372,-0.9895055303609136,-0.5739614747521169,1
-0.8513528738732596,-1.6208143793647698,-0.12539351210912503,1.2223086156992282,-1.0799588328312575,-0.06700805549862415,1
2.220262271100961,3.7552750894892113,-0.004738537251992755,0.7710812495884447,-2.091929134953916,0.4811643613997389,1
-0.5925325440195223,-1.615314984938673,-1.7077747385529394,-2.0280382539442305,-1.5639352650351857,-0.8056652858252655,1
0.7093547574480182,1.2895957876087922,0.30514160474955626,0.946725447526679,0.410881159383256,-0.8374058587855437,1
-0.3175096406708764,-0.4737939353779327,0.2833798924333928,2.315250431261551,0.5748771411354823,0.825882789904786,1
1.004718553928802,1.8444410990802083,-0.15408662746871732,-0.9197541397363951,-1.9995940680014186,0.7932619314795775,1
0.0830656720106116,1.0952154119842046,2.09376111466745,-1.2535147127203796,0.24766931869197004,-0.5880090728970732,1
-1.0476074220929772,-1.1474667111871744,1.8260875647488473,0.8936909761573202,-0.42186122613290594,1.1329352925240261,1
0.4696829235428071,0.8100364145309478,0.3861389250541533,1.2971485996374768,1.1793168081412264,1.0785604074424464,1
-0.1178181829219352,0.5068729532014802,1.2501566224595586,-0.8932750265165854,1.46264777648748,0.7730696174168016,1
0.0627247788784756,-0.8140289222592653,-1.7120352625682098,-1.1878544621682618,0.6628038001227362,0.8162649725577579,1
-1.4099558838882107,-2.261917961233812,0.7714552070205497,-0.5693794679467669,1.2777939456567027,-0.14428695836046276,1
-1.2299039091634014,-0.9089653016981791,2.498376785463718,-0.24845615549648425,1.5491336499778203,-0.9710636266243291,1
0.6183818664398077,0.9317700089563354,-0.19170193410752578,-1.7893165021428865,-0.21187301025471683,-0.861651950984773,1
0.9719627018849812,0.5887378250294142,-1.9556937831880816,0.5738274350724528,-0.12405190432668488,-1.1303601743997842,1
-1.9682081888491576,-3.4963189348767583,-0.06471617575863017,-0.6057896371570495,0.03597714382679657,0.8265797188818383,1
0.3155129818033716,0.6931029802453353,0.2443361621974462,1.189114194990282,-0.1599839387193925,0.23142648202357546,1
1.4994231031045209,2.1374770289288185,-0.7914892694465493,0.7263012193432892,0.5283875111247345,-0.24138831643987582,1
0.1445091974718244,0.49972859733541053,0.13545016373063323,1.4951168427853458,2.2170204306136916,-0.652324587968124,1
-1.369835225710342,-1.907637739164111,0.7140355426313368,0.7037870009781779,1.5623595284419753,-1.6701233177328465,1
-0.2270277367382676,-0.7170207401764624,-0.45881267655327174,-0.6977444612054193,0.7481898745832165,1.487285848037468,1
-0.7035657641166675,-1.0232142387959358,0.7578551686834787,-1.4110373302047223,-1.375170051533331,-1.1180417420562543,1
0.1076851668015768,0.2739134250433234,0.09116264256468891,0.9535435650017534,-2.2182486688282017,-1.7553962081651728,1
1.218648636870237,2.16244807762803,0.05491671597431203,-1.2236756162777376,0.10900805148262134,0.45599663188048756,1
0.7611188234187657,1.2791899090192203,-0.040039285576160454,-0.3870350857762186,-1.7173592730564469,0.20544158852510463,1
-0.6473126734546903,-1.203336488160039,0.17658938588913095,0.8516740002249338,-1.0401091573787313,-0.7519283103792337,1
-0.2903650694910942,0.12800628672015468,1.8540226639985147,0.9565737049053992,0.15485441168967115,-2.12146009822714,1
-0.3302753046365613,-0.22405187239033333,1.1368299716312078,0.9144394049131614,-1.925756421999981,-0.7067840351293905,1
1.3907045363637902,1.3525987413094822,-2.076986760313002,0.6313596992421519,1.9331225959670548,-0.4421061435470685,1
-1.2835617824257617,-2.8300707575966277,-1.3023266508913354,1.303652808129972,0.21057687853216697,1.2883408981454283,1
0.085099761323827,0.7107382646646145,1.3494611139629136,0.25501725968816147,1.1872389430615171,-0.012761605317455366,1
0.0503799609775956,0.5792006276629174,0.8654562152224434,1.7823044096571703,-0.34018102302847103,-0.0642759778388595,1
0.7405675072542273,1.7071355039365472,0.7386800753390017,-0.09569119268126046,0.39210665566467184,1.0427558705330908,1
-0.8420241194367983,-1.2409030603584574,0.30429551139416916,-1.862766234977571,0.9563296930947598,-0.10756520965277971,1
0.3254028643262394,0.8382585470738875,-0.24602070768235007,0.9678308346767764,0.46813976955636566,-0.4436952170487991,1
-0.7943282320924776,-0.09495530050231901,1.6827087960410163,-1.0821853803011288,0.26422787886666577,-0.338541272379822,1
-0.0819059853920961,-0.1361376969733235,0.06653768639099182,0.8057517375621007,1.216890234990684,-0.706271268495202,1
0.3500925001280054,1.575471063405321,1.0673443537864233,-0.4132841226766914,-1.7871390006205805,-1.413046519775764,1
-1.078609748866785,-2.005999263267816,-0.3232330137883649,0.9328146743332522,1.2320909444737105,-1.4149562292559956,1
-1.1702139089722008,-1.4084191359947293,1.4372516045229597,-1.3852618884974044,-1.014676843085811,-0.38846198238943563,1
-1.6154690455335898,-2.7930707264249235,-0.28299090869482024,-0.361267971135401,0.5843284355884356,0.5728862990762145,1
0.3061140863561115,1.250219234995663,0.611582900076576,1.4405226646977503,0.707710502351955,0.637049036464326,1
0.4082393980815983,-0.2088856202082874,-1.843959076938935,0.9778664374703505,-0.21329052561067385,-1.7049919999214207,1
1.0550797996835393,1.1448751530040706,-1.5289398539765224,0.03827287016167319,-1.2276218446719394,1.1624515340501687,1
0.1099296791471926,-0.1401450022941461,-0.29282527286981125,0.5191975602506737,-0.0460391637117155,0.11607297399080643,1
-1.4682430638634012,-2.567315218373112,-0.6470711654474821,-0.680190485341989,0.8844473017730702,1.0215875299790897,1
-0.4544248937533955,-0.5263704504191975,0.849568810790081,1.4024060420798041,-0.003385138777652819,-0.8438998260225407,1
1.389301716147782,1.7759563929002729,-1.6589427087770923,-1.2325226023363542,0.7176230408530118,0.696581536856783,1
-1.994230503856132,-2.7116323398766715,1.1027497306512548,-1.1175147413380468,0.47119601789714444,-0.40204346995297435,1
1.6676913880148507,2.5361015922652625,-0.9367792526931151,-0.1770495945905371,-1.2475261369197597,0.46227893493321603,1
0.4958455205713841,1.2420178225626646,0.8162133305944864,-1.029634187188622,1.3489905544058978,-0.1258287352437144,1
1.1527160867177926,1.3880488965766782,-1.454762677845561,0.46960412129355983,-1.162176327797486,-0.5501285262155903,1
-1.7598192457609594,-3.85150526543564,-1.397351678933716,-0.8281022031862356,-0.27571941602788747,-0.20280525454844697,1
-0.732814565620464,-1.3576147508518237,0.035854630263060426,-1.4032364570565312,-0.014045936848063307,1.0056129674068848,1
0.800257507445428,2.1578646419040544,0.9793696968556649,-0.08051812697925653,1.5906369209426163,0.45580643548146527,1
1.3517762753695284,2.534647376473609,-0.3156771562018189,-0.3354110055626231,-1.1526827097179286,1.0940708746455339,1
1.388249600985774,1.9286023370958898,-1.194546287012187,-1.1213666957956256,-0.5015205907723415,1.5196403468993174,1
-0.5038041653569275,0.3388311005816593,2.4423370483795774,-0.4004331730975619,0.4484630970027898,0.33953060607898133,1
-0.7602397008434495,-0.9137362080992719,1.247834873675717,0.2659839140570241,0.22451483060006847,-0.10630316939183661,1
-0.6660403233384158,-1.1658279257727586,0.3686460300620182,0.8278272417912896,-1.4394072449426938,-0.6191748600284374,1
0.2563139686877766,-0.027609969702616838,-1.5354308159050238,-1.3565953302147922,2.7456735567550092,0.28520289884576294,1
-1.4478320297204643,-2.70053681163966,0.04379007572784153,2.6310098371724604,-0.4340378296479799,-0.33744888114933486,1
0.5086813255478698,0.15166670445366207,-1.3116400848071177,0.06171241472778835,0.0803967749962719,-1.4308175566057264,1
0.5232706557943676,0.6429749217514643,-0.4307055089025101,-0.5009685521985688,0.13335097110046729,1.600930936918358,1
0.4378389046393948,0.4646443910103181,-1.027326063827294,-1.8162795413287836,-1.4413659252606055,0.6462020281021568,1
0.4750837813744453,0.7918364232265885,-0.9072959336111042,-0.2050197219138629,-0.06817858122385828,-0.9414761243946926,1
-2.151977637146392,-3.7749437425549095,0.14693607351991744,-0.20345342393742838,0.9503301293949503,-0.3958989870048052,1
-0.9511635322423296,-1.1964921746947645,1.1123088921218343,0.13519032759753008,-1.1466784775457508,1.7719504717843493,1
1.894316993911172,2.6200754654716056,-1.2033483447039195,-1.2048728489103826,-0.3116301043458712,1.3844685093981044,1
0.8447269082929255,1.4692780949960587,0.23811295495012746,0.010294348744204299,0.8285655279628144,-0.3680642169044383,1
-0.652923954318729,0.19120971846963838,2.882299207102458,-0.050921007181127534,0.2790878176990042,0.23631670371929342,1
-0.7537867278498073,-1.8544401080935347,-0.8491379795111473,-1.7774661248298478,-1.4530134160114159,-0.6352143854513054,1
-0.3500550696822948,-0.723342156571397,-0.33892080033635985,-0.040343852564236844,-1.3692052256416152,0.36683072658486415,1
0.7499664027014894,1.9015688125233192,0.6378243498962649,0.2540283219808893,-0.2896001802314163,0.3442101511657761,1
-1.1695124988641956,-1.3662210176592893,1.5813551986622905,-1.515484194409824,-1.11514783199428,0.007905427867126953,1
1.4332099889088772,1.9229653141986114,-1.4582882195780902,0.3489047001893489,1.3172266198715836,-1.7110363391890475,1
0.2640294798758273,1.1935297617956502,1.8794845989511006,-7.614863507482476e-05,0.7534945565005817,0.7333388318861902,1
1.6423003421050826,3.3842816366611888,1.0694345443791242,1.0735453621848217,-0.76075846932173,0.9784771145333272,1
-2.45870427737685,-4.0084491021482025,0.22685996350462162,-0.656082397977511,-0.33613341305894984,-0.5206368790084456,1
2.198167852698811,3.518352748626186,-1.4195114210432445,0.3372519378251276,1.3337644049715187,-1.5497150307901522,1
1.499002257039718,2.6787286485066137,0.3299085527723791,-0.4463313407765593,-0.24992785725157166,-0.3655520449593131,1
-0.4837438362679928,-1.0038251414793364,-0.39021438910243894,0.15787841571087838,0.07748292405547247,-0.2621220580758365,1
1.1218540419655856,1.3342327441249209,-1.4313357584586623,0.35594818088497104,0.4103633645914199,0.672561567894386,1
-1.0845717347848254,-1.1278444989583363,1.739563159976953,-1.6016187443988261,-0.8216158575001328,0.5913493087129327,1
0.9441868616079936,1.9277695323829214,0.30741989559715016,0.7779376037622214,1.279561486261647,-1.5675055732856598,1
0.223487975633155,-0.3932056311304278,-2.250667610635981,-0.1692694641932179,-0.7469419150319129,-1.6499362724872024,1
0.2797410662951321,0.32425691038869353,-0.2739677431729677,-1.7959250626745293,0.2443905976004743,0.9014596711671671,1
-0.1878890527116053,-0.20714867252722066,0.4936043300875269,-2.4537512898774416,-0.29959252951592275,-0.4369117399226949,1
0.1641486804959563,0.9076638262585401,0.8094631634757277,0.2451953599188359,0.3655610144852567,0.8905486419616189,1
1.2500718097088466,2.097015553177381,-0.17659132207743172,0.045577963719270816,-1.209145411239781,0.26085287610681807,1
-0.1010544813406224,-0.11603341778511192,-0.32915585445074863,0.4664868855561046,-0.6815171414246161,1.8258947087171549,1
-0.8288376094063086,-0.4762197968772777,1.7937156413920097,-1.0393116561882116,-0.16591617894519176,-1.0146513005006843,1
0.1565734513295072,0.6621627607132217,1.133445954874293,-0.10909774116311498,-1.6617428926329258,0.15026932433684645,1
1.0893086129541671,0.8902011898642537,-2.012343594148955,-0.3602895595264171,0.15963418292461554,-0.34748839303765633,1
-2.1209051693617837,-3.590635906984339,0.06713898565162087,-1.2145731044376475,-0.46699766880726984,0.6401549881988878,1
0.1619041681503425,-0.5236542998227517,-1.9956887530188268,-0.35362264247695585,-0.28228792828734256,-0.054534640261601125,1
-0.9818852949729372,-2.146592834548472,-1.257513928451679,-1.9950473595733489,-0.13982825203388335,-1.535092706115667,1
-0.9684883619100472,-1.570187314615089,0.5076058864903656,1.7177228292605564,0.49856633461220723,-0.49601028406757797,1
1.8944572759327731,2.5581563456165277,-1.318023763766651,0.4826497097470326,-0.39831446247366903,0.1801601417800152,1
0.8992264736848905,1.1403531242727232,-1.2627046042649177,1.326205258360463,0.13982688107954447,0.5682957195106428,1
-0.4991047176332954,-0.9848104274896278,-0.4656976736931599,-0.4678016526841934,0.6392198562311744,1.5056243650721666,1
1.7193151719639963,1.7129901164527708,-2.3915366970989544,1.2348175520698337,0.38275825040023476,-0.705266568772318,1
-0.3891236126981562,-1.5979489651234813,-1.6719083870154705,1.3018818115124873,-0.14238138919289964,0.7345247294614198,1
-0.4249656692171986,-0.9499948638509816,-0.7411335044444797,0.25455883165486426,0.07144785827143688,-0.5065344160076594,1
0.3446215012855684,-0.10569338664471577,-1.6087987226762193,-0.06299311275333097,0.15653351735717771,1.5349602707908032,1
0.948746027310024,2.3471118720216486,1.7946261987416217,0.6721093097140772,0.01039045504932107,1.0670549444297748,1
1.3081485666516366,1.5068111145398642,-1.4007390055098559,0.7355787173666556,-0.6464715284980062,-0.04649261725080651,1
-1.459966424588946,-1.470504125593926,1.889069323637495,-0.2811218423264297,0.6879226913758062,0.5030697816540911,1
-0.4663488655894746,-1.2822444265700863,-1.0476163155569742,-0.18310090192459327,2.3555418595404567,1.0272625969538853,1
0.4694725005104067,0.4878373442107764,-0.24605939906872507,0.4058888301703374,-1.1816830675971934,-1.2086934574801578,1
0.2860537572671767,0.038511875498790316,-0.7511744288181522,0.5613709618011641,-0.923156628684531,-2.5995058090374084,1
-0.0590400158711411,0.31406970934706274,1.1335796934652984,0.5334234119077957,-2.3180491150927223,0.17264224781139176,1
-1.723626484187916,-2.740592181034605,-0.14329933548327511,-1.1308746055493661,0.9994397169687976,-0.6561628985577382,1
0.1574151434591109,1.0584317679976192,1.9421533343531947,-0.7166712465047478,-0.5072725716790911,0.31461529136209043,1
1.3632794011408067,1.3161617717892975,-2.1277387256079363,-0.6944662866187632,0.9065741149745368,0.02650878035421833,1
-0.2591523196848851,-0.2765885764463555,0.0002710327354902079,1.3105686734745887,2.230183710649139,-0.5663007148949601,1
-1.2188917704677276,-1.6074907815894548,1.1999793154480907,0.9599122751403502,0.8487930080418161,-1.0869674666610807,1
0.0990578224731215,0.7192617135114661,1.3712911655383977,-0.6731542290625869,-0.9981106493246741,1.2814433039792534,1
-0.0433284294518343,0.046202792350796495,0.525283283591074,1.6107296989202495,-0.7144331892336843,0.8478729009479684,1
-0.0328072778317633,0.8398921007884549,1.9964740695374223,0.0364516424064907,0.6322367053005928,0.0223758242547381,1
2.2169656435933374,3.706586138168138,-0.18582280670570264,1.1125289895842638,1.340062672129918,-1.3438605950156557,1
0.1066330516395727,0.4270553487237574,0.5455593740521973,-0.2474086413689681,-0.5868920036769107,-0.14386289785781683,1
-1.546380149895127,-1.6970344129355146,1.265645390930519,0.9476331877458937,0.46929982054827857,-1.7349211972643517,1
0.3756238280593771,-0.07189640515433518,-1.4939150378671457,0.3657922820357521,0.9286874415197665,-2.4735788159800682,1
0.7955580597217959,1.057087514812804,-1.4731275451665087,-0.888248151469708,0.17694042890105088,-0.21941625426753497,1
-0.105192800977852,0.49701641051980133,1.0577925221475566,1.9506014852868054,-0.17844653569116214,0.6091304811789107,1
-0.6286551645817657,-1.0296208720624278,0.3863825068866157,-1.9486818698733477,-0.5816885416287497,0.32771578137921226,1
-0.8362725565511582,-0.5969417067196335,1.6347507189990806,0.7052441672866275,-1.8295365673109008,-0.0722615901468406,1
0.8295764499600252,1.6297957518968829,0.5848885880673121,1.7399372678212897,-0.08161428987883534,-0.45224667791179357,1
-0.0660541169511877,0.40307364174113036,1.4726201702106163,0.02508197259985061,1.2605174264706216,0.6055792206686031,1
-1.062196752339475,-2.240696090707865,-0.7527425714897831,0.9850041805965137,-0.038454435803528086,-0.2731255587797816,1
0.7898064968361578,0.801806826271761,-1.042319633358659,0.4202646280375888,2.0010319249478106,-0.4218134798475275,1
1.2332379671167328,1.5311514830610804,-1.8623784318625882,0.6432997022934404,2.576279179311213,-0.6804512319844584,1
0.4719274358884229,1.955096695971433,2.2284727010111323,0.12349500844541336,-0.15630429090569795,-1.0398816392946864,1
-0.6001779141967741,-1.0181581997504308,0.23773089880050857,0.7504528108842937,2.118398487199396,-0.19731115106834837,1
0.6754766492313905,0.9913515644442431,-0.4790133871785549,-0.5051158553150487,-1.5707920734195195,-1.9089248652377209,1
-0.4669099936758791,-1.3855299191542534,-1.2271296174208417,-1.0049664559214275,1.224224783829888,-0.7125552409161843,1
-1.8268740520862088,-3.091415687843422,0.5038662325088151,0.3388475863996362,0.12938868628439204,0.15694250660017153,1
1.0730358984484578,1.2824869680435895,-2.1122308426159413,-0.041672560141871005,0.33019805693253906,-0.2883246114535039,1
-1.191186071201542,-0.8049224702608393,2.2571544217742017,0.4288866729059922,0.8221343809289774,-1.640546428195141,1
0.0177643909553764,0.5262010359050413,1.23151237413749,-1.4401875484848707,-0.9702099774788531,-0.6069251072169675,1
-0.5775925087190223,-0.5570606773151613,1.3870331449125903,1.3084244294307297,0.5679811321431841,-0.834489646453648,1
-0.0673166551455963,0.302367223207477,1.3372827474316786,1.5381974527475912,1.4120546966653513,0.553531681031405,1
0.2659934281782399,1.1788849253600353,1.7009813646523977,0.5073621925257155,-0.46910882320873803,0.9592582398411763,1
1.3716261814260629,2.578233571866554,0.5503502811567861,1.1686719803365302,-1.6072119642095866,-0.1224009889747173,1
-0.1040705448050431,-0.32780290969397835,-0.5629259563561299,1.0535104080910012,1.9213358544858974,0.4820376669764393,1
-0.845390887955221,-0.9073602643113836,1.2873908087879502,1.9958696180787996,-0.43839870473316245,0.40219509969711414,1
0.0716326872501361,-0.05984803813257457,0.0771186182051336,1.6073491336283636,1.775190239643426,-0.545767319469487,1
-0.2557855511664624,-0.15787930842198272,0.939065046495489,0.669520775417272,0.727731705609819,0.716718158514545,1
0.1558720412215031,0.2122290359054136,-0.044890535001909426,-0.23913312900038772,0.9218551710835292,2.0843701317579453,1
-0.020181895887682,0.6580928027250494,1.7181010369040248,0.6485906104342921,0.58605673566511,-1.0314941590207494,1
-0.9985087145326464,-1.0085228271707127,1.3206752132779709,0.8151017425489642,0.6134221050755431,-0.6568143387821062,1
-1.1071571402625784,-2.887703941718294,-1.6309968453353316,0.12892675810182225,-1.307988697187031,-1.1086240843009758,1
0.5053846980402479,1.3626120288888564,1.2965591219526698,1.1485562168570516,0.3668295788491585,1.4894936096422202,1
0.6554864611532566,0.7031581483789549,-0.9027265349262834,0.873802975473082,-0.8310956624459466,-1.2781612922984449,1
0.0991981044947212,-0.902094239556926,-1.8406989199523207,1.6134357903344854,-0.360921184182921,-1.740467317156861,1
0.8790960035851569,1.5890010552691156,-0.29509443547362085,1.726384811178379,0.8884822630557286,0.9731760331395373,1
-0.0838699336945067,0.22818580034194177,0.39308027194385287,-0.02805070578485529,2.103142105750774,1.3211688662240788,1
-0.8175449066674327,-2.0963636412608673,-1.0922255798470628,1.4130874489003085,1.942835892361084,1.3229370550055715,1
-1.678595955254014,-3.370868129067502,-0.7653967584642575,-0.9086240716741617,0.1884799732072036,-0.7510718733707824,1
1.329120728880978,2.4931080333110343,0.4235238886588315,-0.72026595409031,-0.6421487425790015,1.59926605624469,1
0.2538590333097584,0.829561484021588,1.1302587576468868,1.1387883562715413,-0.16241390423260121,-1.3908696630697484,1
-1.114171241342624,-2.0195043939437,-0.8307099930224414,-1.2258000440193682,-1.1628286440738795,-0.652041110025777,1
-1.0224969402264084,-1.449150363851724,0.701556963805855,0.9473317501158602,-0.1814905847139206,0.17146065832995627,1
0.6578011145096712,0.6726815027129229,-0.7535268499040283,0.3289495519027291,0.7515418815079677,-1.413586551966515,1
-0.5889553524686991,-0.5335690286285691,0.8036188793215545,0.36235578126126927,-1.08644135844912,-0.5878913433035156,1
0.4412758141686164,0.09565070387890207,-1.407653937262322,-1.0528036253165376,-1.4628894926294975,0.36729601327166417,1
-0.3980315210698147,-1.5470999131257435,-1.688872097871419,0.33521657422879775,0.7404794570944679,1.066090905512266,1
-0.9040989139952144,-1.6375569437817679,0.22972490238471274,0.21197237281148965,0.4814203432914356,0.11758585120051929,1
-0.1481190995877378,-0.8510607256306552,-1.475581602732933,-0.8293341817265949,1.279833239687275,-1.9211357798522017,1
0.948395322256022,1.863210402745266,0.5219632747363292,0.5309081744873885,0.3864161297726668,-1.401306850121148,1
2.1457725176308604,3.763774176250959,0.519655582380317,0.9817183885538096,0.49071302523086235,0.05328412314142578,1
-0.5959694535487458,0.11222488999831397,2.0288911520339163,-0.8296415851197855,-1.0190051634318864,-0.5618662257457376,1
1.531687968072738,2.8003453517661767,0.6121246952435813,0.5792421451055998,-1.7728133518100286,-0.5118332390048647,1
0.4804846392060814,1.3341905778274268,0.49506653570864695,-1.3726458256082057,-1.7604537116288743,-0.5335031221166997,1
1.1626761102514611,1.149871313421678,-1.5678948771711372,1.0137875109133623,0.4886918066613339,0.8488892004951625,1
-1.390176118842477,-1.6701707312752625,1.6652140674254508,-0.9492201412568505,-0.5017974167434386,0.22302282503043636,1
0.7109680006964268,1.470324795856765,-0.043994535384452145,-0.8153538473155391,-0.941829993488177,-0.9186165199136557,1
0.3241403261318308,0.43474562656734894,-0.044229457316944526,-0.37328272115228056,0.3622193172263934,1.177701767508705,1
0.2143696442290921,-0.05919299928521709,-0.7580070575733032,-1.3964459037459462,-1.7504569836702204,-0.27039820458334024,1
0.3660846505905133,0.6980509999934748,0.326115699657619,-0.38823261424261124,0.6464602093367635,0.8321376354906769,1
-0.1951837178348552,-0.6825214661370675,-1.4306677527197524,0.05724619326857803,-0.8681136961501318,-2.233102705025328,1
-0.0407332120522185,-0.15672142858774807,-0.5262863627309476,-0.9053476318686046,1.2760103902904143,2.2668318749408085,1
0.2650114540270347,1.029777441939187,1.0956264676001184,0.7565279017395173,-1.2147220872984315,0.8887827514594365,1
0.8605787767338339,2.0051858731794914,0.9519970926248348,0.46132257570216184,0.1078410224461823,-0.07989071973717565,1
-0.6033342596827945,-1.8786387376093547,-1.43670169495347,1.2134031468441382,-0.6671255624432273,-0.5581404468539592,1
-0.8948403005695519,-1.420801003308774,-0.6104147923790278,0.7608924347772771,0.0014147194849795381,-0.8063623925721961,1
-0.4674009807514827,-1.7365219422484726,-1.7806427025934701,-1.2412100267973345,-1.7413207389756804,-0.13180314102010343,1
1.0303901638817734,1.8845317525616743,0.38457778712198276,0.2865145200164317,-0.4874796236861393,-0.6029395714974614,1
2.3254737873016675,4.21287580107754,-0.27460146421281423,0.8998980101743982,-0.033458680460812656,-0.28961277890001724,1
-0.1331790642872399,0.5405249668763507,1.26355984939611,-0.34648782542535655,0.4647827542094626,0.1795030318044899,1
0.2787590921439268,1.0604624241056075,0.3255490482319978,0.5976226546592733,0.3975160664972479,1.3790987335004237,1
-0.4623508279738487,-0.4436187077066065,0.8680993670715315,0.6148505443060702,-1.8421022007473695,-0.39835113329581806,1
1.2140894711682066,1.2088591096053312,-1.814111450893507,-0.4355025385871387,0.6968761317824099,0.7062108673694278,1
-0.849038220516845,-0.5555222903703124,2.270213513169003,1.139318066314498,0.8203083819384963,-0.4910662729011629,1
0.9746982013061988,1.532960770802951,0.002714336313999664,0.7344647529619346,-1.8785844170818442,0.013246160666194148,1
-0.3521593000063091,-1.0047758790192014,-1.1524939760046145,-1.9597665149252697,0.1805605719081287,0.7236952451998037,1
1.7639248548330977,2.6331991001623964,-0.6331004312256486,0.6306772254795571,0.20307935916688852,-0.30626682862896293,1
-0.4374507691396822,-0.9184533117610957,-0.05556400754416741,0.08842713003568527,0.47742164292515216,0.868743867938342,1
-0.035823341296184,-0.09285450782052346,-1.0633458456600922,-0.6295615526026302,1.0065222423118405,-1.3625711841451722,1
-0.614767244443272,-0.8521606088160497,0.9143573594857576,2.1140866130054885,-0.5210679360320316,0.4407490899620429,1
-1.1775787151062505,-1.325527685422268,1.9449137976401418,1.2937786032013716,-2.1169911655997935,-0.06607295556772277,1
1.2017446532673226,2.392802093438824,0.7182245458696174,0.197330146283846,0.5642260243949568,-2.3932548673015193,1
0.0876949787234448,0.5143767642513662,0.8044778108572992,1.1924794527123033,-1.0695197291610512,-0.13529555973424556,1
1.0282157925469584,1.1730386368091983,-1.0288364653919744,-0.4199532971931877,-1.19831362180142,-0.020500021299510764,1
-0.9342595486394172,-1.5499323679641444,0.3879673012211766,1.1913472917702592,2.3972398822184635,-0.4569189987421238,1
0.7283629713749449,1.0944617111858945,-0.13335445069840735,-0.4481088405177732,0.4188100203570622,0.8323310207705104,1
1.2348512103651454,2.7151184887316284,0.8166148263699312,-1.8158364765979442,-0.8628298020252918,-1.167100665183546,1
-1.7436868132768495,-2.940577255794381,0.34249373339612427,-0.02286471586239683,0.6461662293580606,-1.101260953001034,1
-0.1805242465775566,-0.1847669950639343,0.7165122658798533,2.23218022682314,-0.3660024706229483,0.6370943567949633,1
0.6404061438311531,1.3981245688593713,0.7168134521661113,-0.37618930857843613,-2.0184919476802414,-0.7092805495324335,1
1.05374712047833,1.9052935398087556,0.14989396438213534,-1.6512210324085492,-0.8573328856295536,1.1054962644184534,1
0.2060930049546389,-0.009503169810254525,-0.8342532352979605,0.5644404624815926,-1.0549918976857369,-0.0070480784534425675,1
0.2742700674526951,0.7697613954740158,-0.3663357538030373,-0.8093332080959162,0.4356823614434355,-1.6017629680711263,1
-0.2202240586906233,-0.1472724990864795,0.7389762073238879,0.35399122489140394,0.5852542418716151,1.4522288772052596,1
-0.985602768545362,-2.350603346694783,-1.0940215735879348,0.9950778250574533,-1.2541555197481828,-1.491986743253635,1
0.0074536623677038,-0.7251707181268816,-1.302114547369021,-0.40615815970444114,-1.6933455289242714,-0.028891995986905613,1
0.4358749563369802,0.5363687316769763,-0.49388455796446673,1.0045514615493862,0.26381236148248804,0.5025897160356719,1
1.7929632333044918,2.478381279170221,-1.4667574733813218,0.19399125997708744,0.1332682383475572,0.1208589901228234,1
1.3852335375213554,1.864396992842399,-0.850344251628812,-1.0595920073524616,-0.49498719220458814,-0.6644718683304961,1
0.6492439111920147,1.528964425022423,0.3013922980934874,-0.25243317230563955,0.666867169251063,-2.6230872731104946,1
-0.7848591956344126,-0.6526193767996331,1.2762117873744574,-1.331901512818898,1.9770328904046945,0.19775063535954768,1
-0.5223213922082506,-0.24155761667538225,1.4968538821865405,-0.9293766262787183,0.8251421367532061,0.9804716389125023,1
-1.090603861713666,-2.137374754489059,-0.35271071907252716,-0.8604991287903052,1.2033857600999183,-0.27002905956539897,1
1.1005311746822442,2.708421915491639,1.72024054519377,-0.33963983530976877,0.810223851735478,1.7724116940776566,1
0.574333311657111,0.9644052644797114,-0.4397820965856018,-1.3702855860371312,1.3069730772672759,-1.418093973406985,1
-0.5034534603029255,-0.3148314485226856,1.5772151271933867,0.963277415692956,-0.6721690732445749,-0.6841495108133939,1
0.4694725005104067,0.9408055421605578,0.48184914875574403,-0.64261166556415,-1.2938825557072,-0.4990397424793617,1
-0.3312572787877686,-0.17972936280222362,0.6517148099454486,0.7073268218614421,-0.31575521956429364,-0.0462956004230111,1
-0.1310748339632237,-0.7196000569543725,-1.1732723600427883,-0.4165003767935333,2.200772184102092,-0.5729468548890067,1
-1.8675558383504816,-2.4457410333776934,2.1250170046772556,0.1691893396560719,1.1885710360782984,-0.23488050065666657,1
0.3060439453453107,0.8834690131480785,0.7154031145618654,0.17107825597834694,2.1892568423957868,0.9995696444578848,1
-0.1085595694962727,0.43265010655337194,1.5077261335111356,0.6978340769988812,-1.5313299453473783,0.09157265443096485,1
0.5715978122358936,1.551604047050789,0.42682859672620194,-0.590928584329303,-0.28320332486054367,-0.381992580869241,1
-0.1903439880896215,0.046601849090647504,0.548669206363482,-0.9064177606825554,-1.2031972033127598,-1.3840124696885043,1
0.6582921015852748,1.744935742449178,1.2233350853559732,0.4545220663953673,1.3307258845142276,1.4181238667092373,1
0.7238038056729125,2.014779691025367,1.8905598565147195,1.1386922428627009,1.3706774415244554,0.4813871477275489,1
-0.8063924859501584,-0.8577794031204085,1.003891915338878,-1.3542361124802305,-0.6884843360061231,-0.5648322204116571,1
-1.0983193729017175,-1.3241672676937721,1.0067451764543354,0.6245489897443195,-0.767527524879059,0.12298987784478212,1
-0.4629119560602531,-1.397284466419403,-0.9263286926843745,1.4432342325283474,0.6190745402885562,0.5577826398249416,1
0.1354610070785643,0.8709292788297488,1.200377744760301,-0.14632808596071661,0.42544389575148556,1.92982753459477,1
0.174810114137629,0.16432288666873063,-0.08303945354044802,-0.12820659018440209,0.7661180355570756,1.5413524210235099,1
0.3089898677989285,0.858215491374485,0.9157169707726835,-0.4533570135827856,1.3657865475847444,2.3175070686645927,1
1.047153865463084,1.4425020479408373,-1.2202271300003864,1.7258914116533914,0.6826514344710115,-0.6069483135852611,1
1.8503385801392775,2.3578616703091084,-1.8108297196657324,-0.10170611755278618,0.3923476378419976,0.4096367905477648,1
-1.1884505717803235,-1.6983221304029295,0.49141409016036625,1.6004118340215112,1.032670046945822,-1.7697973242906775,1
0.7679926424772108,1.6302714420936055,0.7954611586533622,-0.8090637176749801,-1.939666554873924,0.2292347238613377,1
0.3660145095797126,0.8870871750528984,0.8686528867424518,-0.8151724544182078,1.4650507168538816,-0.028768742394730505,1
1.4356649242868935,2.1406060861800853,-0.7859228709678463,-0.4153502915595904,1.2241431945810253,-1.0021690042455043,1
0.5492228297905422,0.8930599620258759,-0.3153826219533494,-1.9214954210438044,-1.1408429747231552,0.9583018324673708,1
1.2437591187368058,3.0044155435628697,1.306039588454305,-0.5373966731623897,-1.7625317355787877,-1.6173056633968617,1
1.4102037373663223,1.976232363761418,-1.253849077337217,0.8788529742230553,-0.537443402367126,0.45975557978467974,1
1.6060374395212371,2.326533296872577,-1.1141296867939638,0.8368979233750026,0.8592795378166768,-0.36901992438987335,1
-0.1878890527116053,0.14256339272202434,0.4872302258496515,-0.060371963104445994,0.7728433843781913,-0.6682515235060815,1
-0.693605740583001,-0.2954759669269373,1.7759194793410207,0.1669803647241699,-1.719002647702136,0.6578389865970071,1
0.7645557329479873,1.1068836084581575,-0.040839727302654144,0.28357472630244424,-0.6591174558131331,-2.4388178576534023,1
-0.2709360094993647,0.1651954161171649,1.2913857162812175,-1.021192358213885,0.01676110702849018,-1.0781362421572631,1
-0.177087337048335,-0.15171473609733677,0.2219855666774799,1.2381158672024053,2.4853818435204547,-0.43258305910843436,1
1.5660570633649675,1.5306497201497393,-2.7265958617979975,0.15158590304249778,-1.2041536965390134,1.011903989764163,1
-0.4795353756199643,-0.8779741929259969,0.3530670657834669,1.0840648623520301,0.1161154553396093,-1.428761005084738,1
0.5196233232327436,0.9725511565690106,0.4412401371497331,0.8515563543659477,0.4415317947958645,0.08221664483050445,1
1.063146015925592,1.8154133318239964,-0.4796129697488795,1.4973093390449996,-0.5896171956717063,-0.4408445224015565,1
-0.2355147990451252,-0.4696509652886874,0.1591758522084479,0.19085802144036382,-1.0367751761577733,-0.2615371085233637,1
0.5879406677524015,0.8982101653398443,-0.1078886839329669,-1.4833377941662416,0.386698134325362,0.7849063724380256,1
-0.1325477951900347,-0.22724268717901827,0.39050068946828265,0.764636630537533,0.5873202957986532,0.886327835337506,1
2.3457445394230025,3.8012465805612936,-0.261267555692285,0.26176127038461994,-1.0185221698657851,0.38043776249049194,1
1.4200936198891905,3.013908755644834,0.2888870468516624,-0.45821766669200753,1.1776076816985204,-2.5466677067872623,1
-1.6283048505100763,-2.5194410571632733,0.7354295952641967,0.09964379757678606,0.4661005677539416,2.1221869963912643,1
-0.1066657622046609,0.6117715832932132,1.9123775049241383,-0.23774989742189842,-0.9756323298211942,0.49895168401898116,1
-1.313582135048363,-1.6313016055140832,1.6693579831188137,-0.7710031103244146,-0.1523799727339464,0.968529151682069,1
0.5091723126234734,0.5067621891514773,-1.7304554163033494,-0.30764475711414896,-0.04188957541616883,-2.374619889534343,1
-0.5447665156644027,-1.5920042673890518,-1.4089956687464178,-0.9872673701777833,-0.3760929854962894,-0.6220987561006133,1
-1.0285992081660509,-1.809907612134532,0.1550057234180505,0.3427158989214935,-0.17890282896657822,-1.5569283565170926,1
0.6231514551742386,1.1400902984752628,0.005742055258425136,-1.8810956702518287,-0.6134882792725658,-0.39989048396522653,1
0.737060456714203,1.5459517144751163,0.6128869669553405,-0.49436517064497065,0.3029750267671275,0.010712339460349933,1
1.6172600012493126,3.3171919860253682,0.9650268235286436,0.6647662898419542,-0.11586991729993112,-0.08008268419452395,1
-2.047257108021289,-3.796559327283646,-0.14002400957851271,-0.25225546725294357,-0.6590962473766943,-0.1288289689760456,1
-0.6930446124965984,-0.7696888697391002,1.1090807386452428,-1.6258427511516342,0.1674776018450771,0.8220600089930021,1
-0.3429006865806485,-0.2828706004232939,0.796036551560199,-1.16521166686555,-0.38281220647160896,1.882815088193052,1
0.0065418292272973,0.8402098408670444,1.8760150689680868,-0.3090041968244784,1.2063271860578113,-1.4168509857952887,1
-1.0250220166152255,-2.3554925892947294,-0.9349913203954665,1.0988831576449616,-1.257219951134029,1.1225497309949484,1
-0.8627157176229363,-1.2578225071737832,-0.21039977938031063,0.10668908857101399,1.3951603998874522,0.44676426814816517,1
-1.9552321018510703,-2.0720184731854356,2.5050323102236707,0.9074854616993897,-0.6439739470778497,-0.6345922253929511,1
-0.4063081603442739,-0.13451907799881285,1.5404001762624095,-1.4973687137975562,-0.5330822490491889,0.22489910680749875,1
0.116312511130036,-0.31792622628898415,-1.570070840726426,-0.11088318519286076,0.3982266469109862,-2.763794985859413,1
2.4682808852914264,3.9724171509492625,-0.2616787234004697,1.1862490187456995,0.7289242388758196,-0.05128170629665153,1
0.6488932061380127,1.15759758718679,0.5607205239813232,1.411738976726785,-1.3780149528382815,-0.9753792063603396,1
-1.1148025104398285,-2.443497994314271,-0.6935910545022594,0.6782001427468931,-0.05480722104646919,0.39886576249993866,1
0.6312176714162934,1.9657148919079497,1.4871730847677807,-0.563565383503634,1.3615959268729383,0.5122172613983605,1
-1.0655635208578975,-1.6994837735339876,0.21448591096541353,0.49793507443425383,-0.7460692516827508,-1.0326695984173557,1
-1.608454944453543,-2.1623351376534896,1.320768871581517,-0.8945154670624531,-0.23306302806264692,0.9693428466909652,1
0.9119921376505772,1.421352492985305,-0.27215296567097624,-0.33974804344174364,-0.695518970564865,1.4199586614151305,1
-0.0984592639410065,-0.43745404469961074,-0.34080242111020115,-0.5273530876333375,0.17819555795695982,2.5573114722587125,1
-0.0574969136335313,-0.67992063333096,-0.8784784369442805,-0.08413436026547896,-1.1524121922467034,-0.13279423458960862,1
-1.223170372126556,-1.9673307297067777,0.7904426431615186,0.9240587306034763,1.0305625160579268,-0.37580964298947434,1
0.024077081927417,0.8660866565486085,0.8114466184571982,-0.9710128067397635,0.957578446040851,1.0370813178327236,1
0.0886769528746501,-0.592341569367979,-1.406573610247385,-2.23492509716481,-0.004162488710381916,-0.524659132717743,1
-1.3271894911436557,-1.764466649375322,1.5290857503686415,1.009070849143634,-0.965206392698444,0.02026005245718606,1
-0.7427745891541305,-0.8491466706611348,0.7657880609197777,-1.8376884156433484,-0.39053206675436347,0.3645952350888963,1
-0.824699289769081,-0.9580725372269462,0.8151191864159523,1.9156996371288164,-0.08676247819494355,-0.29408573571382896,1
-1.8659425951020712,-2.028741131519348,2.932094432704596,-0.6422852462078152,1.0632953403239505,-0.5150983326815366,1
0.751930351003902,1.6853044854869967,-0.13365527158433654,-0.45739908326875006,0.11258880873059583,-0.8741009593252318,1
0.3442006552207656,0.22849543331481253,-0.41190104020234525,0.5065891803555953,-0.5117811803377469,0.7612323539017306,1
-1.2591527106671987,-1.7569060874531837,0.41254094603647096,-0.8917497611928371,0.3020482708779638,1.0522644311496796,1
-0.2494027191836189,-0.37256581905110187,0.19407507775793276,-0.560500388018739,-2.1331563430169456,-0.8571120569613413,1
-0.2416872079955682,-1.3624945877073626,-1.6479842819524295,0.4245497122168719,-1.4147949326695441,0.21710671776709642,1
0.9144470730285956,2.0345987060927646,1.3581059047782134,1.3187375293908565,-0.2053960665844228,0.7393984597748344,1
-2.047677954086092,-3.936431695446127,-0.38287762681734233,1.4359364212901942,-0.08578570599192784,-1.1309449871312074,1
0.0656005603212967,0.5028621708509026,1.0282325907281442,-2.6165147966155375,-0.4984331411921752,-0.43557401774868004,1
-0.0212340110496862,-0.22392204874651198,-0.11616020330976587,-1.0026170325803438,-1.6693497538386415,0.6806781266655498,1
-1.6467519363505996,-2.7972410846164375,0.4892166923899368,-0.30252681593789343,0.8382254878528308,-0.0962006064776488,1
-0.6137151292812659,-2.0158138972744255,-1.8489643099084168,0.11971899910339577,1.0915611320180238,1.5466350174541508,1
-1.319754543998804,-2.863914142391874,-0.8879111182382049,1.1396767835887551,0.4097148915150218,0.5936073418490808,1
0.1302705722793286,0.3553407706451833,0.5047321077970306,0.9430885124821935,0.6417073210117531,-1.036396088357323,1
0.3389400794107291,1.1987892402691016,1.4356126969722653,0.3048759099546867,1.2080846989237155,0.37409541787524037,1
1.1492090361777705,2.04329302969968,0.5290607109587226,0.21344487779738117,-0.5247279264578282,-1.4445253786825785,1
-0.2615371140521005,-1.0628625921986197,-0.9650025229393884,0.07722237658010489,-0.10807852198554095,-1.6882154319399933,1
0.8210192466423668,1.1550173996102926,-0.2002427402846043,0.09048009156842832,0.17090427447720927,-1.721310177780396,1
0.0404900784547278,1.0247899535728688,1.1329387001531546,-1.221484707306933,0.8574811272173958,0.6986243178917093,1
-1.9355926188269397,-3.2406826769978627,0.4730636584965163,1.25493254313789,-1.3126354116220216,0.18228201875000302,1
-0.4530922145481861,0.285376844982845,2.1791246016228394,1.1824656094808843,-1.8012485394217284,0.6955495842597712,1
-1.21769937328412,-2.3327833872533974,-0.31167046155557787,-0.9632873936769355,0.5695626233265122,-0.7291454345601295,1
-0.8029555764209348,-0.7089895303467465,1.6372376112359552,-0.6706714650807033,-0.1715527080875525,0.10796575740065575,1
0.0773141091249734,0.07943124271777009,0.339363957985556,2.1512720425947065,1.3716007163618729,-0.30838755003059315,1
1.2478974383740336,1.7914472164536814,-1.48850171657484,-1.6448276041689565,1.5215443938535143,-0.7012816402337855,1
0.5069278002778596,0.7921580704621853,0.21834833638245899,0.5195856490332559,0.26429087235820226,-0.019635886181111426,1
-0.1452433181449187,-0.493591551248486,-0.15869633175624762,0.7094778841937205,1.438024682863811,1.5383437744171644,1
-0.2418274900171678,-0.018112752689011902,-0.2384245664462158,-1.236307260932,-1.86452108275,-1.0611427175872505,1
-0.5483437072152259,-1.200547036669921,-0.5572900998425415,-1.0137435789793896,1.1906163815722037,-1.9546463906123883,1
-0.1462954333069268,0.0783430840732046,0.9412392567351614,0.3573343027644132,-0.5343699609638948,0.6221684945100505,1
1.1430366272273291,1.7453387611126774,-0.2383220317207775,0.045651316092282776,0.41183369422479527,-1.379754191021937,1
-0.1289706036392095,-0.17441667539566308,0.29385627287405064,0.5214191316188324,0.43149640234578407,-1.0378612123234887,1
-0.2720582656721716,-0.745105044550218,-0.44023376771243017,-1.642712984377521,-1.933362396093424,0.0613454382379668,1
-0.3587525550215529,0.07146499851536835,1.7324249787256156,1.363684504627827,1.6104722700126237,-0.37994297242945607,1
0.8337147695972529,1.9745828929657592,0.7737592118254808,-0.5824297734220429,1.6211115835682355,0.5496755373191202,1
-0.8063924859501584,-0.9365259850598214,1.2110751751283197,0.2755638479983183,-1.630407229875082,1.4987216952400213,1
-0.197077525126469,-0.8360810002827599,-0.7410779557569661,0.6957563650118994,-1.9468873445853796,-1.052723023010489,1
0.7883335356093488,0.3119015458857271,-1.8759830638550103,0.15381433278187953,0.11701148277443103,-0.5102468402177821,1
-1.3812682104708176,-2.884630581833765,-0.6816773108083254,-0.5360770374032724,0.44574966202043914,-0.05588505166204019,1
-1.978589058447628,-3.477358838381493,0.1811927905843226,-0.5336763466418499,0.9297341038969125,0.2990509984302125,1
-0.7706205704419169,-1.1595221159060645,-0.6523658713622853,-0.5632853354113194,-0.415122094823879,-0.02851988495740345,1
2.3967370542749453,3.4599923498052685,-1.264489969182542,0.7396598649618398,0.19512467040299272,-0.18088180330480794,1
1.556798449939309,2.438151106495067,-0.7704891828788709,-0.38956128095244963,-0.007454761622474209,-1.90302648779808,1
0.3522668714628224,0.488139130955222,-0.9186230692833077,-0.34108949858130166,0.6804139360954864,-1.6042749102210851,1
-1.4058877052617829,-2.49659923928553,0.33058201635204104,1.7374479969851178,-0.9519634883090475,-0.42265668317794325,1
0.4637209376247685,0.8371110332078155,-0.09280899594094166,-0.8902789424634038,2.0456724426242445,0.49048481389948456,1
-1.03463133509489,-2.5007819235008566,-1.1269952335449571,-0.3672741853434064,-1.6403678045935048,-0.9340005446854858,1
0.4705246156724148,0.35668991459898625,-0.7160687698024646,1.3834315215523219,1.7195144931407436,-0.6748599740903746,1
2.1882779701759474,3.597769911111651,-0.10598065380491896,0.6529412445872916,-0.07441236720800011,0.48336143375491913,1
1.5327400832347462,2.104179182786432,-1.928513600100645,-0.09196871164446349,1.1831696483891763,-0.4944130047326661,1
-0.3975405339942151,-0.2528450173155617,1.3486899764372353,1.3613001097740711,0.21109066336113078,-1.202501067399488,1
1.7442853718089637,2.683713072073259,-0.4837751081091814,0.5200074736721686,0.539743037476767,-1.1256636233925912,1
0.0166421347825675,0.2844074224370118,0.04873149650008617,-0.6905955779628499,0.3717003000194084,-0.3022778992096444,1
1.1654817506834794,2.409842967745883,1.0362573916897349,-1.1588259918991604,-1.5380124805019646,-0.7033008563868969,1
0.4144819480428381,1.4227209566389154,1.4645180847130206,-0.45736726724108234,0.477450106418002,1.3125523395021792,1
0.1576255664915133,-0.8686098963880514,-2.2306676889842256,-0.89419066557035,0.24025318655843989,-0.535623583037359,1
-0.7368827442468928,-1.5353718295912673,-0.21176411959843158,-1.2474961503052426,-0.5906385345192828,-1.1732617946076422,1
1.764556123930301,3.1468382081840542,-0.3030082761695761,-2.1827981407693517,0.2369931109835151,-0.06845640229644524,1
-0.4210377726123714,-0.09237439705340329,1.3835954972494224,0.9547211804927078,0.3049295780476346,0.5456749120141356,1
-0.3619089005075752,-0.11250684841086588,1.5991593879264168,1.2325813859121613,-0.623131705742547,-1.1498132086438657,1
-1.416338715871054,-2.7553489178884694,-0.3991141894776978,2.2690401402926406,-0.7097774523942282,0.04893668985776522,1
-1.0454330507581622,-1.8441698021597865,0.03022070730008705,-0.8555262193481762,1.1232795393290056,1.2833616081278258,1
-1.8185974128117544,-2.5052227960879745,1.2547113017063012,-0.9959291298758456,-0.7575991578673589,0.3962071431441428,1
0.9435555925107884,0.9452692194513316,-1.4865696786184674,-0.5591921395241722,0.7040014299320944,-0.08219558862393182,1
-0.9374158941254376,-1.5542911189061,0.23072672240864084,-1.1248701091648543,-1.6807911519133172,-0.33361745872231124,1
-2.368292514455043,-3.77995754723964,0.6173752655400246,-0.5215684612089417,-0.732880195060795,0.03305869681974206,1
-0.1214655154835612,-0.7808196614981784,-1.5371487620407325,-1.3421861581326584,-0.7081031344699853,-1.499238304399768,1
0.9275634420482824,1.7775339300982722,0.5318330601001443,-0.00422191657918194,-0.7617036614310035,-0.10341226693154322,1
1.4520779208142025,2.7541952154515186,-0.0738234777618036,-0.5269862508434837,-0.33107353348293317,-0.660431003865945,1
0.1179958953892474,-0.36511640450463506,-0.9961692467403126,0.2665971977953894,-0.776672453042985,-0.9899258634846697,1
0.4772581527092603,1.0249781835610652,0.6369051444392488,-1.3755168881740687,0.19013865702723415,-0.7371297248187381,1
0.1118234864388044,0.35715919930082407,-0.05398259111881459,1.319681397994271,-0.32711899999703786,1.0409999450310383,1
0.5613572246590237,0.45119029246154474,-0.7642584238926329,-0.1008203817693212,-0.17758907024344195,-2.5458577057406857,1
-0.9795706416165206,-1.8310639716817325,-0.3380444824400492,-0.6501878937823167,0.6735567679193079,-0.24837757409618594,1
-1.5371215364694637,-3.4131551356499443,-1.2899862948109255,-1.2750288482409102,-1.482900662898595,-0.04954711676055441,1
-0.7460010756509536,-0.9416409049858329,1.207287655499791,-0.7876090718069984,-0.8107033534450081,-1.4420667896603903,1
-1.5607590571092225,-2.5321725980474667,0.7197605192993172,-0.6042803839279587,1.940808523093728,-0.13280524699319265,1
-0.8721146130701984,-1.94285853748595,-0.9185872870594016,-0.28266148082435116,0.4950769263720593,-1.370179645684614,1
-1.233621382735826,-2.188479032081306,0.1740182752342283,-0.6975931822382415,-1.3524574907380353,1.042147314162361,1
-0.107367172312665,-0.8839991564441014,-1.1505887070359728,0.6745391815848347,0.5643944392341999,1.4177932385551655,1
-2.0823276134215245,-3.584736331402937,0.10894298580978497,-0.5686332849356915,-0.040227086090927934,0.7386453078785843,1
2.179720766858289,3.3779911473520086,-0.7268037725174552,-0.017834532149626985,0.19070555233884756,-0.23324400457749275,1
-0.2431601692223771,-0.46045347252882407,-0.004786358071574776,-0.7011645687764922,-0.2673808252302703,0.5485544515586089,1
-0.1188001570731425,-0.14566863450439782,0.18362795582368252,-1.7138091141366787,-1.1173005030206287,1.1758693740172916,1
0.4489913253566691,0.848359082856193,0.09938669826927327,0.06718199143145907,0.6842618305141839,-2.7661161138957393,1
1.2434785546936027,2.4226373489306785,-0.37097384478251333,0.21370241568271683,1.1826175693589507,-0.0630620865141207,1
-0.8033764224857377,-1.5832695168875983,-0.10414643884753298,-0.7282856896852896,1.7330185724023557,0.2824880253756757,1
0.6377407854207364,1.1163173016740777,-0.06487388215515275,0.7940476217757794,0.14103346998940391,1.707238687769819,1
1.0034560157343937,1.3364433757104355,-0.6439898522163329,0.47864160823291524,0.9360574861351125,0.19400605100353116,1
-1.3293638624784694,-2.537125118013669,-0.1947640035428368,0.12820472743024866,-0.7695189588988355,-0.8995177387003004,1
-0.7950997832112825,-1.2539965458123754,0.3998670963655641,-0.6499035496316535,0.6682165476550741,-0.3789114273719446,1
-0.5947069153543373,-1.3868253932112715,-1.0691254510430945,0.8113787596128624,0.0005206293969696998,-2.0461987214879334,1
0.9796080720622312,1.6715115189896228,-0.011509836062224348,-1.0272101116536756,0.6666720340177609,1.4539631186466229,1
1.0415425845990476,1.3220309112006838,-1.2332960599471576,-0.15304655749355442,-0.08647478478340889,0.466970027801124,1
0.2108625936890717,0.06731275390649383,-0.38422605244135094,-0.6919372839451775,0.22126648589814749,0.35349902051648474,1
0.575034721765117,1.6131784218282137,0.9172267629761431,-0.2456907915985494,-1.1361376983448188,-2.1075808481573177,1
-0.119711990213549,-0.012886365534461968,0.24104591950922447,0.7742458059257087,-2.1856813300217306,-0.5496617130260439,1
2.594745127764676,4.541481085223129,-0.00843532681166321,0.26300412378674914,-1.107839144552142,0.25979631149860144,1
1.7581031509366587,2.8274899784214167,-0.25383164059333463,0.8771596984329808,-0.0405458211027778,0.9699326588124236,1
0.0579551901440447,-0.3659591469033024,-0.7315346887479452,1.1434153357538988,-1.9905627186924963,-0.4659385940993255,1
-1.318702428836798,-1.4190638727266571,1.9277609208705762,0.8090158308697325,-1.0857395052152237,-1.0844314205192882,1
0.4914266368909533,1.557866333382461,1.568360869290959,0.19011535903085466,-1.1979460989323916,0.18863831448248922,1
0.5821891048667633,0.9646204219838908,-0.3892242935353839,0.2363232986835843,-1.645352422443485,-2.2011584083742566,1
-0.2993431188735534,-0.9089358463843871,-0.7005931794171047,-0.9240815472441316,0.3268573677054369,2.4238133809284217,1
-0.6244467039337354,-1.010532307199406,-0.2352579802945672,0.49436295024388993,0.4012300589443812,0.34337377324506013,1
0.9920931719847168,1.473913396527345,-0.15151282545010633,1.0337327763444188,-1.1012598424953497,-0.16236664954942054,1
0.1414229929966049,-0.5848711699228047,-1.386036505652391,1.3987762452985928,-1.2732643026490642,-0.23542371838944068,1
-0.3343434832629901,-0.18792350000572122,1.3590484002844785,1.436054973288361,0.936725330253402,-1.074687474778333,1
-0.1787005802967436,-0.12339411024282443,0.7418813184294295,0.9833034457370666,-1.83552264350136,-0.05464159623301777,1
1.0310214329789766,1.3594528306777285,-1.278165014856332,1.1868810885518255,1.1334990496352677,-0.7058481434262339,1
0.4215661901336856,0.7218655161594228,0.027004451331252385,0.4807320278671914,0.3289850540096792,-0.02293185733238462,1
0.7848966260801232,2.0352346719319576,0.3276331326744406,-3.32584327841024,0.6667797962983195,-0.656932531833539,1
-1.154782886596096,-1.9794330262724964,-0.5207000383345185,-1.628835987450909,-1.1258253979830584,1.0989194776287052,1
0.2844405140187642,0.8921661620572356,1.0138591736511728,-1.2259924643636297,-1.667025931526539,-0.7526072708933133,1
0.8412198577529032,0.9217322755992209,-1.1047406082122173,-0.210944875657151,-1.7069081154451473,0.6825517819681007,1
-0.4834632722247895,-0.684558471703564,0.6308870182315628,0.18391185882685673,-0.7292507379619714,1.2779644109099844,1
-0.4166890299427414,-0.8084589885043745,0.02157544133822055,1.7797134265028507,0.21247665987948575,-0.7788865553833938,1
0.8055882242662633,0.5596438620797627,-1.7080533088211474,-0.34245664704864165,-0.4830379704714744,1.4760972090704907,1
1.9721033748888943,3.789217535799954,0.6716658918193893,0.048137809516496884,-1.6777317066924449,-0.3590011729779203,1
1.5006856412989296,2.560308589100313,0.23620274575053685,0.17846062126847742,-0.1962890441664816,-1.1756176508414453,1
-0.2506652573780275,-0.6380634555066105,-0.149466075149104,-0.5067097959271548,-1.587339512007365,0.02609013925718028,1
1.8234745730026969,2.83636744442929,-0.7735964132529854,-0.5605682092576376,-0.4198599835492546,0.21739635530234527,1
0.6230813141634398,1.6595536480788278,0.3117099711084335,0.11714118664191189,1.2968498998257583,-1.0408298469069661,1
0.6855068137758579,1.171018768056665,-0.6641391679996193,-1.1620783559587797,-0.4172013393096947,-1.8904295556888182,1
0.7503171077554914,1.1935383591086721,-0.015069858452742212,-0.34439300346079194,-1.3884012786691573,0.7762016664649136,1
0.2384981519444556,-0.3076088181606102,-1.764150773267461,-1.9661315319511443,0.31485071881780835,-0.5064866670477571,1
1.3614557348599938,1.784303281366182,-0.9799053509479602,-0.7541593866979849,-0.07961855692643725,0.33510326700819154,1
0.3261042744342434,0.062443693178321734,-0.9115203074002932,-0.4011723185419446,-0.4581342735584204,2.1579771170368782,1
-0.7007601236846492,-1.424272216193229,-0.27336640364388,-0.013770988206877761,-0.3389993919564702,1.6198566688381653,1
0.1936079050321572,0.3925735829413478,0.3501457437653434,-0.12719990188538535,-1.1754193927919965,1.8451126334208414,1
0.0608309715868638,0.13763651121304799,0.37840625921203225,-0.2240818538323096,-1.6705309985161163,-1.2417004617462155,1
1.256805346745692,2.0130468969850988,-0.08193957394055973,1.3075922132525113,-1.0766108838226065,-0.7397255264610224,1
0.4244419715765047,1.7458100873631814,2.248432851694006,1.133276692419501,-0.4116614066791064,0.7165078159764695,1
0.1604312069235336,-0.047766642821430984,-0.391610327788061,1.243437488284166,1.2230143901472255,-0.9428330507497726,1
0.8322418083704419,1.1143174653266794,-0.2564035583265919,1.4043503466437328,0.9922065463308425,0.303709134700105,1
-1.5370513954586629,-1.6354364530184138,2.522678876949349,0.23139481124909275,0.6286367617361368,-0.23549888840050975,1
0.0115218409941326,-0.3937501847975933,-0.8026074177849251,-1.7498732710901321,-0.31471385624144743,-0.9683212573016438,1
0.5910268722276231,0.6786105710961229,-0.6055934385369928,0.999748320797244,1.1878875067302024,0.035938909100800685,1
0.0609011125976646,0.7119087629969595,1.2693477247792537,0.6859091486813337,-0.3050977205018847,2.070624740940238,1
0.4620375533655572,0.9073108263328412,-0.5330737454456383,-1.8757997306007872,-0.23379407378303585,0.28448946378601075,1
-0.4868300407432123,-0.9456828707758994,-0.29739292674463064,0.0746074967884611,0.6989692321892962,0.6033360595611418,1
-1.7198388696046905,-3.4100619883152423,-0.7127354444747269,-1.2582333755938866,-1.1821615520124522,-0.025075740331840794,1
0.0959014769870992,-0.039230992336020426,-0.0776770164419273,1.784056505132318,-0.06820522508857822,1.04906458540043,1
0.4901640986965467,0.5991479300209547,-0.17293666844078723,-0.8476942178384617,0.32426197329019246,-2.016777742964809,1
-0.2166468671397981,-1.112400625940957,-1.6903889227975257,0.19728252437754448,-0.5576697724683526,-1.45596664752332,1
-1.6969729000837372,-2.837177001774784,0.34028532631094466,1.0984879871098545,-0.6848364265974416,0.3390139948121905,1
-1.2400743557294691,-1.3433577676083817,1.6908221188577408,0.30121802664621095,0.9959613484261571,-0.06886413956291952,1
-0.469855916129501,-0.6475468119057248,0.25048854426895834,-1.2320413217365898,-1.0354643238442471,-0.10206462507164972,1
-1.7383560964560143,-2.384466481410131,1.5706117835512599,0.3521562294375941,-0.6521721131411712,0.6917843705088307,1
-0.5758389834490122,-0.9876201965153196,0.07271931912125779,0.11475362424174283,1.43868160865978,-0.7070183582253337,1
0.1182063184216478,0.30892943950956203,0.30350047781415973,-0.7520318694221928,1.05287820164353,1.2190284298236502,1
-0.3686424375444186,-0.7315810562881311,-0.24626253094160716,-0.7722373151032659,2.282641620744561,1.543377177837949,1
1.977363950698929,2.6228713501570606,-1.6177407058532816,-0.6124513542695266,-0.8566776463695798,0.6140297096441577,1
1.4079592250207067,2.6819308024109927,-0.1079243195371897,-1.5891344805238286,-0.25010970182387215,-1.00075620455059,1
-0.5412594651243784,-0.8751965228969792,-0.34180057062374547,1.2283166583843426,0.6191711373716214,0.5801748204130203,1
-0.7443176913917403,-0.42262599674106566,1.8150725480311984,-0.045666138303600896,0.7209316816322794,-0.748474698471588,1
-2.188661385795037,-3.340256573226571,0.44859671557791936,-0.7938006023325723,-0.7339317980759672,-0.461998914171983,1
-0.0099413083108102,-0.40281869172283535,-1.2411920261435665,0.12596567695339292,-0.6720939631827639,1.367644111762136,1
0.0818031338162031,-0.1265546928317205,-0.5825610522560732,-0.19308548127081165,-0.34724527455784454,0.8513999441428571,1
1.1838586955132049,1.6384953222443108,-0.5613828051947384,0.5289383680783922,-0.23995817229704927,-0.8702506352131218,1
0.5044027238890405,1.366408996881197,0.855946768386629,-0.7127250806959767,-0.9273062234665441,-1.4912197127084852,1
0.0220429926142036,-0.9564275919422234,-2.1045886192921044,-0.9243244639367999,-1.063065003322446,1.2427884867223304,1
1.6061075805320362,1.5746347936562641,-2.344345283269571,1.3948138657482567,-0.947316768486507,0.00857201901838763,1
1.4690520454279177,2.5090116667181093,-0.18408802132563293,0.004560020013134539,0.21212255317326176,0.14813686075726593,1
-0.7053894303974825,-1.1033280395441347,0.1815774365282791,1.0215495452539745,0.5899096955650946,-0.7816830365679998,1
-1.382109902600423,-2.4120911598026367,0.11320932026902282,-0.5574585402103414,-1.5511943371772028,-0.4094824310364276,1
0.0289168116726487,0.9191284657657655,1.0812962794839975,-0.26669179054312503,-0.26089352593440085,-1.4031625651439374,1
1.0427349817826554,1.8295336106710607,0.26227651846102273,-0.5415118314717399,-0.9800755134148851,-1.8710694412986186,1
-1.0972672577397105,-2.1581045522646742,-0.25804827507347605,0.12218959912410401,-1.2842829224545762,0.09597269115095905,1
-1.1075078453165794,-1.4520046587549813,1.2492762058765239,0.3259209899508871,0.04263368686780269,1.1186456533947535,1
0.5938325126596413,0.5203422209207312,-1.3081084466382378,0.8097949710217315,0.17674195413415128,1.4306382947522023,1
1.273148202262202,1.9351172124470546,-0.2734303749675423,-1.243611959401061,1.4236344265054655,0.10371340647496857,1
1.744706217873769,2.5265784707566206,-0.7032670694635501,0.5945024457845771,-1.4682798842392009,0.16124995944425888,1
-1.326207516992448,-2.239372267879266,0.0008781735861563093,-1.7012245953079688,-0.8346123322949633,-0.764936832272009,1
-1.2705155544168745,-1.8023916327346075,0.622867954095157,-1.0703019883193394,1.3516621538580362,0.3961810437755948,1
-0.7788972097163741,-0.9071378405281716,1.3098584818311576,1.8223316220649801,0.6085172694906619,0.799294861480981,1
-1.0729984680027491,-1.6608413382205194,0.6210155940098259,-1.4857955199819086,-0.60904309318496,0.1490292666280337,1
1.2746211634890128,0.7447247722817587,-2.9489561050565354,1.8579425489234012,-0.6988500029959768,-0.7483345400960457,1
2.339011002386157,4.056650222947697,0.47011455856237483,0.9812427913340253,1.3049094027407044,-0.8723064112546376,1
1.4651241488230924,3.030329253363272,0.3053413327910554,-1.2652671768384913,0.052048638928124946,-1.632447807937157,1
1.4462562169177633,2.445382797598609,-0.09433972836539779,0.5967446093177935,0.06919293067716112,-0.10173623181216554,1
-0.1879591937224061,0.5181222067830533,0.6707545617535892,-0.6615282285375752,-0.07744940608144431,0.9395016497844857,1
-1.2555755191163736,-0.8059591507837625,2.079807108462631,0.4954165587728533,0.1738720207065827,-1.2848552190361446,1
-0.0997919431462159,-0.34761013451200146,-0.35431918358998743,-1.6463198950599442,-1.653497138385771,-0.3935370284626446,1
-0.2040916262065157,-0.09220165397066896,0.7498435106656428,0.3545882683088477,0.9849772913373942,0.8279492131142714,1
0.6904868255426913,0.588986107368714,-1.030872625870594,0.6374171172836689,1.191345295282206,-0.8638301800082266,1
-1.8996102802862984,-3.4803910785353156,-0.2802981789414925,-0.36703895853956203,0.4653213591824557,1.0969179877046888,1
-0.7516123565149903,-1.3406716003863879,-0.37631668565170273,-0.1124360519371407,1.408246380457392,0.6097747964051159,1
1.4527091899114075,1.8083357687786537,-2.3157304068401445,-0.9369501286134733,0.6564295670046554,0.6184744837835183,1
1.12970983517524,2.5994736112597963,1.477313879077258,0.8672661949639641,0.8394952245886249,1.5062526384766766,1
0.9462209509212072,1.4151146829569954,-0.36821011095684675,0.630764604470506,-1.2802918458789045,1.7333403007654957,1
0.4845528178325082,0.43575434997387735,-0.6897156882990887,-0.8079084251828673,0.8301692762998334,0.30173392430305557,1
-1.0504130625249954,-1.5773417355487813,0.054802679997961797,-0.8571346804633967,2.5107494644801474,-0.03229784853308184,1
-1.4332426994739675,-2.1105988176020927,1.174706964721069,0.7255675108706137,-0.8743486818744253,0.12701544092621433,1
-0.7690073271935063,-1.2979779372829872,0.03781355723787466,-0.5291577698862214,-1.0567537716516429,0.11621342171767815,1
-0.5220408281650493,-1.2933979953648953,-0.6060364319021857,0.11131587150744351,-0.2529545781836599,2.073761384919882,1
1.05374712047833,2.0945832221438945,-0.0743264687882583,-0.9479139526237166,0.9206357763214149,0.17879932738133056,1
0.7695357447148226,0.991896540890377,-0.6548220446412734,-0.7262884943474075,0.28495533510396065,-0.6156842165353779,1
-1.8497400216071629,-2.683447117939195,1.238629852694953,-0.08516136982185589,-0.6010782121801618,1.7793817391246116,1
0.1645695265607592,0.5058278102403305,0.8090579112618111,-0.7688937889839366,-0.6357263554424745,-1.831759895425536,1
0.1730565888676168,0.9126201700597756,1.5824949518431624,0.5259601578420527,0.4091963154910512,-0.9258197950255321,1
0.8061493523526677,1.1341113081663288,-0.6637886823753288,-0.7807927948727093,0.3558513542634922,-0.6159623811582199,1
1.0852404343277404,2.2980716847374225,0.7496873576146159,0.5874707268797982,0.03935053164315767,-1.5939664804894618,1
1.0829959219821266,1.4425095238087036,-0.7256759000696855,-1.0570409825118035,-0.27820888904848495,2.1649772574600106,1
-1.8037976595328544,-2.165292028929637,2.0674906061263023,0.028484387639486772,1.462714286616541,-1.1129498780030083,1
-0.0073460909111944,0.7522372373784002,0.895623435923523,-0.051986989889063515,-0.17552244052599641,0.7100907579117501,1
0.8074820315578751,1.4627935167466661,-0.06175505916926446,-0.3103931699936357,-0.15891374853401422,-1.1817624301308802,1
1.3989110346274467,3.1429611856155946,1.3108380870525878,0.6910968977531216,0.6998548084676366,1.330384265374723,1
0.6271494927898665,0.5729436735517222,-1.7694922959973227,0.9184754284722504,1.0815425840081807,-0.4124885132959791,1
-0.2225387120470379,-0.6303698030418463,-0.2827351532539679,0.7590245268853976,-1.3892490448417363,0.5959275096779859,1
-0.0202520368984809,-0.8816484177266002,-1.7777925454072532,-0.3192683352367393,-0.4711657252221672,2.943168412569044,1
0.2758833107011057,-0.2304098007133843,-1.586360495215943,0.5958511902417978,0.2475139158261738,-1.1847931976054338,1
-0.137527806956868,-0.14054247958555824,0.7002514139157356,0.5806570262766623,-0.6976193839225496,-1.447337932050889,1
0.7697461677472229,0.5295493954055408,-1.4072585248481588,1.3486561235459162,0.9193572095496985,-1.3362091321952412,1
-0.6938161636154013,-0.5901559028922659,1.670737514531287,0.8840840985013992,-0.45871270058074454,-0.6435088273395425,1
-0.4741345177883282,-0.7099012773943069,0.4856519863104846,1.5432094476232048,0.23393968588968905,0.41149189869427333,1
1.140932396903315,1.580802304521066,-0.7873671598953961,0.2579897861635114,0.214540463933742,1.2197840645132176,1
-0.015482448164048,-0.6985156365861147,-1.1119516883801412,1.4755823457763768,-1.787599346831962,-0.49402212885833124,1
1.36825941290764,2.4494179822161692,0.4793694403215463,0.04379885513591505,-2.8187465832394136,-0.29588438703933795,1
-1.5533942509751726,-1.6293623363907852,1.7574298004316955,0.18062790213343075,-0.557142834356366,-0.2036930788857944,1
-0.7420731790461265,-2.140028536786571,-1.5140442415727646,-0.9649407420869955,-1.3571622363020814,-0.37275319600402107,1
-0.539225375811165,-1.5773232799779775,-1.2026038101962846,0.37426951869415037,-1.4651498516103731,-1.0578403514600954,1
0.9784858158894244,1.3651552872163255,-0.9195978718385158,-0.08579417242163942,0.6668036488951078,-1.4388756296216068,1
-0.0841504977377099,-0.8181098957478318,-1.035822192622786,1.7261602263953117,-0.1069684373269715,0.6101639037164623,1
0.8617711739174396,2.1351311099458377,1.0671270052533408,-1.3317637751482543,-0.4556895343517716,-1.6947919915457803,1
0.3420964248967514,0.43580499464617933,-0.06591151881102769,-1.2170830486231743,-0.6356195575336433,-0.07266400956893562,1
-0.8408317222531906,-0.9469193776576978,1.300874179137955,1.4138427874400024,-1.0834785570598835,-0.2801511546088145,1
-2.037297084487621,-3.8312908065445366,-0.441984019817925,-0.27583174695503204,-1.1805383925414699,0.32598176395926953,1
0.1879966241681167,0.1257339616677029,-0.08996916516974553,0.4085826662908027,-0.057265844233341356,-0.9378283714544932,1
0.9591268969084956,2.0219447589204234,-0.023473567836356953,-2.202516929195621,-0.8973791909085507,-0.6697551973386178,1
-0.5197963158194355,-1.5052383081513554,-1.7947357109305193,-1.398980636668459,-0.7314613053795816,1.7723861392768412,1
0.2421454845060816,-0.13762491542683802,-0.7860516624054436,1.4540627365311565,0.05731137592351559,1.1974545661744695,1
0.4917072009341565,0.9109733996132047,-0.24120512168117203,-2.0183674752298275,1.128204914265079,-1.0291030655976423,1
1.215772855427418,1.6252980010160702,-0.9375515491559607,0.30443456141495057,0.13121845524273423,0.1194754929390385,1
-0.4715393003887103,-0.5257902798273936,0.554161365008865,0.9865822403540787,-0.5673490177359184,-1.186379628017333,1
0.1392486216617899,0.24529932093375392,0.42723297541141697,2.7421638863810003,0.33022348112754774,1.0992824354958357,1
-0.7304297712532486,-1.664178255194372,-0.5454354716018499,-0.9401332499327048,-1.8288911591095585,0.10916088829993019,1
-1.0373668345161096,-1.917335901762456,-0.6858868270353526,0.8258539128332237,0.1601534821269026,-1.3538731781606679,1
-1.662954509845509,-2.6675123682081363,0.6535299586255843,-0.5646772968782575,0.9089636673057794,-0.210250345544914,1
-0.0300717784105458,-0.3022905339938175,-0.153575525495606,1.433732830530873,-1.7011476460552173,-0.5059642479002974,1
0.4764164605796546,0.6083231975338752,-0.14814736891163727,0.6236947119732305,1.0576403525528841,-0.18388634535480533,1
0.4428189164062301,1.023871787854366,0.4457036228842435,-0.6411403725008075,-0.1257437534147297,2.5210364104682066,1
0.6845248396246506,1.5631637221433445,0.3803609876597535,-0.2502949848311014,0.29112531190944285,0.7447678339249294,1
-0.1602534944562214,-0.733027011534235,-1.0670106390585103,-0.640857208906793,-1.5807216868267189,0.34975843789851596,1
0.348409115868796,1.1080192473932833,1.3964442099617473,1.1026262223323586,0.10685650610012193,0.2746392704924142,1
-1.0788201718991883,-1.7567948911386757,0.6729388002271959,0.9017676944411018,0.9146156386773348,0.8723739998014193,1
0.3451826293719729,-0.033537975891837324,-1.1415373853822,1.1564293708592395,1.4141482640739458,0.0118194206248404,1
-0.4180217091479507,-0.24982787464331455,0.67834161171696,0.9571985208924585,1.3969869862349926,0.495276369027668,1
2.0211319414384223,2.4558973655345273,-1.8718982209342077,0.6266553748134152,-0.14551766298266366,-0.8069576697597635,1
0.2060228639438381,-0.41232487264278683,-1.580977397410857,0.39180466077742204,-0.6841252334747596,0.7762388758503711,1
-1.659657882337886,-3.281850484464949,-0.4644711671401855,1.1946993828807497,0.4382313852288161,-1.1862359141861458,1
-0.8983473511095762,-1.5572321326428795,0.22994217108274034,1.1762522987607986,-1.622997753766578,0.3534647747178459,1
0.4195321008204722,0.484067070172567,-0.17107643729682817,1.611070988762265,-0.14983484532967536,0.7655534900249117,1
-0.0996516611246143,0.19639788245789502,0.49457668175095676,-0.9685776263921957,1.8413913948414837,1.2666346529581056,1
-1.5115902085380928,-3.029795267104756,-0.7748621078807182,0.24184590911527754,-0.19736203532383206,0.4615290330558287,1
-0.4061678783226723,-1.3039899936501615,-0.908759585255442,0.6065827130888461,2.8012527754312013,1.0982923660492256,1
-0.7145779028123422,-1.518859978852169,-0.914229715762759,0.2905951672751952,-0.7496011549066942,-0.48530759888678304,1
0.4543921831883052,0.9999138906804534,0.10509448976454779,0.8036270991058585,1.8728665589424776,0.8895529285910193,1
0.9643173317077292,1.5915468283066039,0.13319868840817403,-1.1712079119880803,-0.5388748055494043,-0.5411330328797812,1
-0.6323726381541885,-0.39780332100578564,1.1893191343686145,0.8371472513142654,-0.5773506355064126,0.8106171980618444,1
-1.7703403973810294,-2.54847114786771,1.427119716695821,-1.12978053052658,1.1125244150393117,0.22174568762723268,1
0.4316664956889518,0.8421443816912605,-0.7562076617852429,0.24997494281295243,1.61422697420128,-1.138916521014635,1
1.3256136783409536,1.9639293530774689,-1.3198569352119258,1.003006806174581,0.39450591596603196,0.242504463870683,1
-0.4371000640856802,-0.93050177885102,-0.02170919933462191,0.20613573442753227,0.42631709425089953,-0.42059043506653293,1
0.8379232302452793,1.4529732309841763,0.30924399930202345,1.4997704687284494,-0.2464843582272965,1.4113867451541655,1
-0.6364408167806174,-1.4990474763329988,-1.3516559208272056,-0.44337612505495116,1.869885001809941,1.5115939096778535,1
0.3513550383224139,0.37280793752823155,-0.8710788327804478,-0.30137779176978585,-1.6386484995168311,-1.5370130824115895,1
0.1314629694629363,0.21225069299812865,-0.06796900546615899,-0.8575618993887463,-0.8926779747852145,2.3125922539507826,1
-1.1018965644525418,-1.3160617012672406,0.33045996210827444,-0.8139366158552361,1.3020206782449706,-0.8838256546950091,1
-0.977606693314108,-1.5172655252264515,0.7014042014374934,-0.31771327019475426,-2.036635824344191,0.5733616500842083,1
-0.5104675613829722,-0.6610400229435867,0.424261588254811,0.6535557952751718,0.7484228333385191,0.812342232303537,1
1.3294714339349798,2.9001559214756822,1.2358514719551361,-1.229463132009399,0.45444465275741364,0.651958081423297,1
-0.0581983237415354,0.985283154571339,1.5036749895109196,-0.05139387695789809,-0.8448016429290681,0.30787278868266177,1
-1.2861569998253797,-1.4105736139079734,0.7809798610617513,-0.8812224902002954,0.06523957805576931,-1.9129701376882136,1
2.229801448569825,4.188993953922861,0.6741391034002678,0.723231689209524,-0.11088933875335134,0.5277347620136748,1
1.2677473444305658,1.6263811486321795,-2.121734361489597,-0.28974149423219137,-0.3642555032624333,-0.16315492543284774,1
-0.7287463869940372,-0.48098371063400547,1.831947560097491,-1.1342162633026887,0.405688591675475,0.389780097295895,1
-0.2355147990451272,-0.7457201908143057,-0.4888247332560372,-0.357168975314426,-0.5665872648747948,0.8429771444795705,1
-0.2960464913659335,-0.961069532694596,-0.7681415556857117,-0.3270391345211627,-1.0238858740803518,-0.17821556072716646,1
1.0067526432420135,0.814113452698461,-1.7609447810165872,-0.2164362533862781,-2.0934321096174537,0.3265438469913521,1
1.722050671385216,3.173951465421338,0.3068581177040058,-0.412147226075357,-2.1516302887920764,0.19186410663352815,1
-1.3307666826944786,-2.958725028530748,-0.9956947889644386,0.09713572966435102,-1.2072074034569333,-0.20427185110472884,1
0.1171542032596417,0.8243929099310295,0.5128801915175852,-0.6126402692525743,0.8777301103396276,0.9433883292522679,1
0.6387929005827445,1.3788437340453066,0.366118312630991,-1.0827193219281128,-0.7437902267593965,-0.564602103121229,1
0.0827149669566096,-0.368799447490817,-1.5281884845944593,-0.9896309867100835,-1.0754727826671344,0.8092190012777996,1
-0.7095277500347081,-1.4983280639072774,-0.2479765709161364,-0.49170932655638816,-1.6556455724429087,0.532004947352938,1
-1.0125369166927418,-2.3900555497875473,-1.4544794421886122,-1.0154340889437512,0.8379707604297105,-0.5838806522029363,1
0.1654112186903649,1.0922728847412408,1.6338843101031901,-1.5519778443087107,-0.23385442804730433,-0.4939478025593579,1
0.8484443818653503,1.9762148937030752,1.3174503790678256,-0.7879284092215763,-0.2907957553630425,1.030161743183849,1
0.4185501266692649,0.8957403953438811,0.7348006981098126,1.5090863633955693,-1.848001573981976,0.3816446080498702,1
-1.0177273514919776,-0.5688473403347547,2.9123158459731644,-0.13710685030556935,-0.06774043889958235,-0.21611487879433472,1
0.115611101022032,-0.2795825565031201,-0.7989707408090202,-0.16245959690845066,0.10287812772824156,-2.4913813035118033,1
0.4987213020142031,0.3514081960361211,-1.041721886641728,-1.9659721094038718,-1.3699912998695283,0.9000689519056561,1
-0.669266809835237,-1.1710914557536356,-0.17325710736251862,-1.8535531805170962,-0.2824500843670864,-0.16496646047804242,1
0.2589793270981952,0.6091226346079047,0.5500607346798899,1.1774520687566117,-0.05150407966642591,0.37774218005634824,1
-0.4368896410532777,-0.4647856333077796,0.43333699293214456,-0.025365504386925666,1.0934374123702644,0.21584106487789056,1
-0.5856587249610772,-0.6545074208330014,0.9265628580123796,-0.4713449194029316,0.15915152418220424,2.2009806060716226,1
0.7435134297078472,1.8548377634977782,0.9281258295293914,-0.28337674388398704,1.8507057618293798,1.524260818004378,1
-0.539225375811165,-1.563495008998868,-1.022842153850553,0.7103248244961089,-0.6132100758592091,0.7833322691259419,1
0.0937271056522842,-0.1116427858011415,-1.174384305941128,1.386660430998821,0.7766628073822519,0.34813948107539544,1
-0.7774242484895652,-1.9136211649198338,-1.070748440667882,-0.6303339848160159,1.921537063274323,0.9780092106537618,1
1.598181646311585,2.7384964445174296,0.04846524902692045,0.31756284308928323,1.1533821568023146,-0.011231370771300948,1
0.7444954038590544,1.0431049632578093,-0.7815275973441953,-0.5326815744225866,-0.14683004009467093,-2.0668635642490965,1
1.2857735842062872,2.653950843472189,0.2709664218400503,0.82988496760064,1.5750283668006289,-0.4009933368014099,1
0.8642261092954578,0.6648984026263886,-1.522322600434101,-1.5963300915136605,-0.8194458384207356,-0.1695952043970652,1
0.8098668259250905,0.9256807217494039,-0.6436795677981196,0.056250254073377026,-1.165237594702037,-0.9840503863983459,1
1.1983778847489015,2.514668954189738,0.10676033442155689,0.735765865915012,0.9212839369120763,0.4353508372487967,1
0.1460522997094342,0.38357168705458156,0.2593580982669402,1.0106906953535681,0.1237878606396132,0.2764130887448907,1
-0.6835054350277328,-0.8860853957618231,0.8566254314355178,1.4345816816128028,0.7911152587730148,-0.8497355403900029,1
0.5435414079157048,0.5727618603263799,-0.7610211716548725,1.5209115463551313,0.010350622567623468,1.130272691184318,1
-1.6173628528252024,-3.2214378288400565,-1.0000612118368861,-0.7355935548441095,-0.36695779619197016,0.24587209842453117,1
-1.533333921886239,-2.4776291638477286,0.6638601607433463,-0.8499368256284557,-1.485769478878541,0.9769000757623346,1
1.1073348527298883,1.1070866299648463,-1.3711975490655954,0.34645025580938266,0.6239062100663996,-0.9124109429509246,1
0.3191603143649976,-0.26890724434948066,-1.6398482761528679,-0.8233182941467263,-0.6120495794588271,1.5167173996360175,1
-1.0439600895313532,-1.524282129524445,-0.1493041615693283,-0.11646693906983724,1.0945973594897838,-0.4814513499296554,1
0.7430925836430443,0.5026134700256029,-1.4536587181372889,1.5535250121056807,-0.03402818855990906,0.17093937768749004,1
-0.3048141177159904,-0.17315400827147173,1.040506048941539,-1.2498193197940872,-0.9133117362590581,0.36864692590855025,1
0.9220924432058456,1.4172794551629062,-0.23131427390687054,0.389051144312236,-1.6901228231920633,0.6330757495295638,1
-2.239794182668581,-3.710835547407339,0.4524587646067421,-0.7921608496368883,-0.6458195510190001,0.9787518800551749,1
-1.1830497139486873,-1.7447363659108615,1.0328589207420633,-0.7341155420757661,1.1371493324190451,0.2136628955284636,1
-0.2572585123932733,-0.6780261296355579,-0.17594511390509004,0.5095961930672361,1.948239814285652,0.7424568456033402,1
-1.0441705125637537,-1.8085994205004075,-0.29698539673671875,-1.4380343150294255,-1.2830281905320056,0.34759350967120317,1
0.1828763303796838,0.3405853021476167,0.06242105160855553,1.6176539666262373,1.354423267557527,0.5227973145310223,1
-0.2902247874694926,-0.6258068892067811,0.1525561890314414,1.2282372477346082,0.18037194479999352,-1.3533086840574085,1
-2.0616360152353863,-3.5793027053111923,-0.7097111028088464,-0.8215283625824726,0.8407702881561773,-1.1265500466903364,1
0.5116973890122904,-0.24559005510922094,-2.117142156885983,0.4651224169798582,-0.3487651611890809,0.5842332655084201,1
-1.3525805370534243,-2.2102285699016275,-0.6672579943669714,-1.3515242060748878,1.3997541655297712,-1.0636316493842461,1
-0.1751233887459204,-0.6253795168218007,-0.5724868762995282,-0.4072556423406583,-0.33394215514041153,1.7208327228010942,1
0.5221483996215607,1.108053573169606,0.3055313236090141,0.3642253044905475,-0.28786876387184707,0.2416211676163992,1
0.4546026062207057,0.6708266092494809,0.1080978927812734,0.4921254725188024,-0.9431518788649618,-0.7443532120941181,1
-0.0428374423762327,0.8119116313024304,2.0825608674985854,-1.5233251710195814,-0.03812474088029492,1.4705506841399447,1
-1.15232795121808,-2.156378825521098,0.03369241817532963,-0.006375823859231648,0.2605775572493764,0.4103171099398587,1
0.7536838762739142,1.4285307571330637,0.283929113130006,-1.083838068186536,0.22766415513814262,-1.5154284008648968,1
-0.7531554587526019,-0.7540103671128564,1.513978946112521,1.40566336221888,0.9800547987547468,-1.547182505076209,1
0.8178629011563465,1.271915214709405,0.08265292856610115,1.1252136115037537,-1.146660969159595,-0.6928031323612224,1
1.6976415996266512,2.7268733010203547,-0.8942673276924136,-0.8255101618009552,-0.9161172738150806,0.1467041919711886,1
0.2043394796846267,0.7453980937967777,-0.18914673221279876,-1.0001699073765455,1.3373537136177818,-0.03741687126452379,1
0.9319121847179104,1.861728628042251,0.029489579255031595,1.2526845527278854,-0.4526371179183418,1.2122436524036797,1
1.1395997176981056,1.8949721465238745,-0.19663499689937206,-1.1542049825948253,0.6942917153406449,1.030132349830345,1
-1.2667980808444488,-1.0648661027354007,2.672496631925658,-0.4683947258598335,0.7121752892550719,0.4993661921573113,1
0.3828483521718262,1.2907179834907996,1.5974045932570053,0.8610854454023815,-0.8649359187964113,0.29212797181518757,1
-0.559916973997305,-0.9040578999465697,-0.7109009166993006,0.35683529937746394,0.7830539279182884,0.4931511562847992,1
-0.8155809583650201,-2.371498277932183,-1.8099481295604658,0.5823554227514866,0.16118012718537342,2.1791281298052065,1
-1.0842210297308243,-2.220262819476121,-0.44713634136290126,0.813280369119774,0.6269828402927223,-0.23194109060028245,1
0.6810879300954271,0.4768700556461982,-1.5783918601341451,0.17771478200291244,-1.2407844613310608,-0.20575587921633154,1
0.890318565313232,0.26610841500679794,-2.6409454005793163,-0.9330887743444407,0.5470081525713473,0.5126256960043312,1
-0.7995186668917114,-1.5066151577207632,-0.01913054230784676,-0.4909628603671668,-0.5125693803998347,0.6435435855525159,1
-2.135915345673084,-4.058176781027362,-0.8656458882313924,0.33023852383104124,0.5653320341528912,0.8770007164365368,1
1.0422439947070516,1.3856129276419353,-0.5373220631591901,0.09183304048344142,0.4525524916939197,0.6750752872575537,1
1.0079450404256212,1.3608618041485183,-1.5746111296358862,0.4629303838283786,0.6090292823672414,-0.10307200117713768,1
0.6222396220338321,1.0301597649163,0.2319928947048211,-0.11945883973233024,-0.9669280315040111,-0.7504383374778818,1
-0.2956256453011287,-1.2656467774825517,-1.3080444856747384,0.5801312629930181,-0.9393280990940304,-0.4853178292337852,1
-0.174562260659516,-0.32303950017440286,0.14165895845476686,-1.5524824244765978,-1.1917943858831772,0.11800917847568139,1
0.5570786230001945,1.889307336030047,0.8701586422030485,-1.5191746495467477,1.7680832386456886,1.4912881048958864,1
-0.2679900870457448,-0.7513673337767618,-0.2525034637291227,0.3987160552958825,2.0328579118733803,1.502831306374864,1
0.7155973074092601,1.961272735872184,1.2392966225072877,-0.9303359554448649,0.9112515506055895,1.0695622818402157,1
-0.7330951296636652,-1.8961743646501326,-1.1519353246926158,-0.6711345224721214,-0.9824064947563905,1.223787610961867,1
0.0275139914566425,0.21556286146120884,0.6624746993054635,-1.0459820265485396,-2.4080545058399663,-0.7036569904154195,1
1.3277179086649695,2.126787597245549,-0.9094793809079912,-2.252674162958039,-0.15649297518114239,0.5712336293023943,1
1.2852124561198828,1.8069585790108804,-0.553861245958296,-0.19492055562386926,-0.22246398623384941,-1.0690220047032577,1
-0.1173973368571324,-0.5680339856767761,-0.509117219390441,1.2613422230417295,1.7160096395382383,-0.3178829540126077,1
0.6979919136983396,0.5417023642437403,-1.1816014872155856,0.03680981132346926,0.952112406156015,-0.6997853416920131,1
-0.9351713817798238,-1.3469633811593547,0.8929080192106372,-0.456535513563141,-1.0849868479656737,1.430509605074785,1
2.189821072413557,3.335821661097877,-0.7942711368855592,1.097252926825081,1.284175520174374,-1.0585381296367198,1
-0.4367493590316761,-0.3977937352539636,0.8359002111660373,0.5326891938983994,-0.029995959468432826,-1.1778700541633214,1
-1.3979617710413297,-2.5845000331125663,-0.09685884433460383,0.6653251570756111,0.21318454716468968,1.570148480715227,1
0.7143347692148515,0.42777566379232174,-1.6136092026515432,0.07721701050915833,-0.8977741729196712,-0.6589274022154568,1
1.604354055262026,3.101066020424102,-0.0011211804410989669,-0.7070982644153041,-1.1040116547926104,0.2615370402137237,1
-1.886353629245008,-2.3617720529000774,0.8168323386455577,-1.1432982614004488,0.4878449762697648,-0.9617661198387419,1
0.790437765933361,1.4658856959422903,-0.6818124785264033,-1.6893369659759576,0.5570330962199911,-1.769419896750992,1
0.1487877991306536,0.9205774283392258,1.738523723368401,-0.5473794758127125,0.11115658773363009,-1.274350536490714,1
0.9551288592928676,1.2603344246497656,-0.988796960515233,1.3333237229714479,0.4449909983164196,-0.5510451607258728,1
0.5674594925986659,0.6256810035051104,-0.7761947060804266,-0.15635467200313877,-1.394755648931564,-0.7339954443190224,1
-0.7010406877278504,-1.1567047543054907,0.5140198092324992,-0.300380879528558,0.7985662056657054,0.1169078813616114,1
-1.3598752021766736,-1.8749460320880262,1.0339768590742295,0.6473956680615995,0.075282156093939,-0.20858079310546995,1
-0.1239204508615774,-1.2351952040088328,-1.878621791463595,1.1575279891755457,-1.001992798340585,0.4571371012456375,1
1.1331467447044634,1.9697981442281796,-0.14817196583192002,-1.6803971805115985,0.3101890418587911,0.6766421309013307,1
-0.9043093370276168,-0.6141295360936022,1.2787048518348163,-0.650537849481411,-0.3879668627762741,0.5402640102404601,1
-0.3426201225374433,-0.24699209955859722,0.07301227643851345,1.7465220678390243,-0.02812159194176877,-0.18505426794811022,1
0.7796360502700888,1.239557450240926,-0.19489773059934504,0.8514449836156417,-0.6802864700995114,0.5419925222150632,1
-1.7081253208010116,-2.4101237001945854,0.3737587993268361,-1.4076347813104622,1.8154291496794994,-1.4344478908886393,1
-1.0856238499468327,-2.3208783457500033,-0.8204700497094962,-0.12323412693836486,0.33980942332183206,1.7778045305252776,1
0.661518588082096,1.151519661897554,0.07943409726781253,-0.5990475814627637,-1.0030320964113308,-0.7681714416315969,1
-1.3754465065743786,-2.227606370318382,0.6500412961387181,0.09775293321246961,1.0537352555043984,-0.821013369927856,1
-1.1676888325833847,-2.592761922325337,-0.9824664486887038,0.8189226454348438,-1.1428346714207456,-0.2100883404814031,1
0.8243158741499887,1.8815338767577037,0.2508050513171222,-1.795468112417708,0.3827951765662035,1.4872690448661923,1
-0.1671273135146665,-0.7648562426614064,-1.177055213549909,-0.5338055705979564,-1.9367975245334208,-1.0730007222211997,1
-0.0231278183412999,-0.597905284625996,-1.0787303072092105,-1.6410203638873309,0.888255061860364,0.17093876218246518,1
0.2222955784495492,0.5470451731114312,0.7669609706491406,1.763174199937465,-0.4713111339783083,0.19091067601845577,1
-0.1843118611607822,-0.3191580634191966,0.04941241067164532,-0.6885935884346926,1.1526359357205356,0.9617871441274284,1
-0.5739451761573984,-1.1414571410779533,-0.6429787165549153,0.24762049274526476,0.22885638642070383,-1.2319742962663272,1
-0.7148584668555434,-1.0111116579328643,0.854550114637135,1.172875836108192,0.4533585414304586,1.8309189981108256,1
1.9373134335318605,3.1165155083883795,-0.7120815615556978,-0.593408941514024,0.24297654538160277,0.3790611032510307,1
-0.6065607461796156,-1.0827447348129353,0.25501319478421675,1.6356426793904097,-0.8872028595033952,0.6302712177128502,1
0.4093616542544032,0.025549732348424278,-1.5810301867551464,0.36471160168854155,0.4689984115475445,-0.09986944380567156,1
0.9939168382655278,1.663157725472365,-0.319729076224427,0.16806953796460153,-0.1470114202915914,-0.8654285171820029,1
-0.1300928598120165,0.15069133961809392,1.0474055918202436,-0.4415098436826992,-1.8827018100074855,-0.9224427084230808,1
-1.4932132637083693,-2.6687949986145,-0.4968332124258635,0.610385543276107,1.5262600317734973,-0.9717996646365463,1
-1.2790026167237312,-2.663475708815391,-0.5042536054119136,1.2940101060441895,-1.3592965687657879,-1.0251889001940664,1
0.3304530171038735,0.348517225633549,-0.5617524343394712,1.0336389475286551,1.002758454272513,1.6547750115662,1
1.1919950527660563,2.3010904145046465,0.21951551348608725,0.33757208137379713,-0.6520445909541198,0.43033120525411506,1
-0.9348206767258198,-1.6324347826430814,0.4329491320388446,1.7646115285205834,1.340528280535193,-1.3019362722121044,1
0.1666737568847734,-0.48811951431610734,-1.2901113430882505,-0.0008281464186667886,0.8664060475906222,-0.28338181087249154,1
-0.6684251177056313,-0.22419784043119978,2.2889087856477173,0.1973998242304987,1.1202098811338395,-1.2488638840075292,1
-0.62206190956652,-0.6287078626135395,0.7338804216428835,-0.4820127306977456,0.39028201614529406,2.026209061183274,1
-0.2891025312966837,0.487841154044526,2.2306236914219846,-1.2280536756122031,0.13574374015680304,-0.698860994700698,1
0.4168667424100535,1.0536868439697344,1.0114217971931005,0.43836617892665086,0.8772985274829976,1.4487524249373889,1
2.5524500982519904,3.937967312786773,-1.343927450388626,-0.006840552937440867,0.2474142527404981,-0.5319984012862642,1
0.3634894331908955,0.3208901122991421,-0.7491729016471252,-0.1609088795568458,1.3842558017026896,0.22279068948721065,1
0.2204719121687363,0.7976968632564077,0.9788518705168097,-0.3376913509516817,-1.4757078226087958,-0.6804569618494072,1
-0.4592646234986292,-1.216555334628149,-0.5415264728991096,-1.8570258708811347,0.6185415453697329,-1.2888866230490192,1
0.0484861536859818,-0.2635989229343855,-0.5154321235922861,0.7975858825143505,1.2901430419542468,0.5193908361371296,1
-0.7576444834438296,-0.9608751334816586,0.5417884467267812,0.9298603435321081,0.25767298487108375,-1.713914359957535,1
-1.971715239389182,-2.231774646633726,1.9795057986257563,-0.5630645100077302,0.6947969734971537,-0.6182386442166822,1
0.3765356611997836,-0.09591525384843343,-2.6352264494584587,-2.302228620139398,-0.8167531614719353,0.28237252195221096,1
-0.2616773960737001,-1.1141056108913798,-1.0143085221623929,-0.34386940628284673,-0.2255940722238858,-0.9626273466892175,1
-0.3994343412858269,-0.07226633278020587,1.6828917840872741,0.31224077704058917,0.6565467318540217,-0.6521017594174929,1
0.0778752372113779,0.7221298753058424,1.5675562142728279,0.08968583730836104,0.8555424993458518,0.2548472813888907,1
0.802431878780241,1.7157715744117692,0.8147056759457492,-0.758437031916533,0.05891023595478536,-1.2471422650626487,1
-0.6388256111478348,-0.9266555119300146,0.7340156784071535,0.441574663900466,0.03991786472114438,-1.418923926755032,1
-0.6912209462157856,-1.779284460542741,-1.8503435447727457,-0.6382265901453373,0.6605714129594433,-0.22556995624461007,1
0.2342896912964272,-0.019290405133953893,-0.7086041083344597,0.6844492462576938,-1.4173934373639732,-0.18291470510638277,1
1.2528774501408648,2.2301387305626426,0.26531697925713,-1.3166814010617576,-1.5404330987021593,1.7588823003001075,1
-0.2795633538278219,-0.4621000196337685,-0.9550339149142564,-1.3106131851711977,-1.6153202259145043,-1.3789716172869453,1
1.4508153826197938,2.6491004475690936,0.03439112883282315,-0.2406172706056242,0.17606168289564494,-0.6627006859044486,1
0.8117606332167023,1.1051113880257588,-1.3452751583739182,0.13772981257955025,1.359089271776584,-2.7340171393919808,1
0.7560686706411296,0.5188656852100002,-2.025483529389268,0.11768979215945087,-1.1486250028654892,-0.7299307510418467,1
-1.899680421297098,-2.9943165381185826,1.0649946829146155,1.8461854129645803,-0.566721131398093,0.002627627897300499,1
-1.374534673433972,-1.3294568460360092,2.1293395567271793,-0.7303982186150777,-1.280898825651488,0.5247945662881349,1
1.351565852337128,2.3153313177054926,0.07845460879324911,-1.1274650525785495,-0.7389217564987082,1.2366603232654627,1
-1.808286684224084,-2.353607687439485,2.0055108703329414,0.05427616297565447,0.3605447966993759,0.719579832688924,1
1.3313652412265935,1.8153050402297979,-0.7124548706881867,1.1534034176061785,-0.9561760812413617,-0.11063986766460569,1
0.8854788355680003,2.0621653819068846,1.3928851087386442,1.2180760573899583,0.9317448369741195,-0.8078067865457417,1
-1.703706437120582,-3.4812492357181353,-1.258297658236187,-0.684318993824464,0.5205943206463898,0.3033102053177575,1
-0.91988064142532,-0.3856664963401311,2.1952663790294746,0.03000798336242781,1.2532066817338487,-1.0182323786076024,1
0.4128687047944275,0.8847888203424354,0.43618734410324533,1.0866903936462362,1.1201446455639854,1.4749125009988693,1
0.9849387888830684,2.1715546216308295,0.18463121814192104,0.3822552640527077,0.35416198167717217,-1.0216625956213141,1
0.3700125471953405,1.2805976484998816,1.684360217943207,0.5697033253606931,0.6543631349009444,1.0905768463494654,1
1.4333502709304768,1.789029686855965,-1.5387717346604926,-0.30965989910082076,-0.826596848449392,-0.8938730669021355,1
0.0443478340487542,-0.6660472979814688,-1.3855886200557013,0.3180537151825065,-1.0115141270457586,2.4436313601794026,1
-0.1045615318806467,-1.0677208541288161,-1.6372820439581228,-0.16975044454925867,-0.4264127466900554,0.6070311055106791,1
-1.634266836428117,-2.6687455380287535,0.6494724023585655,-0.5484313839122094,0.8044849571727675,0.5731614981601691,1
-0.7859113107964208,-1.7352249048747974,-0.45827806578318037,-0.7021453629716691,0.6002596071092947,0.626360539839064,1
-0.5224616742298521,-0.2846933850719422,0.26499095699132186,-0.876065546954171,0.40589983838441973,-0.15636257620726723,1
-2.455127085826027,-3.850532645747222,1.0590902624719112,-0.8588053793497701,-1.389731421952717,1.18904329555287,1
0.2866148853535792,-0.430464288799683,-2.395009009204381,-0.29252562816693195,-0.03302249500828006,0.7493100319972,1
1.2835992128714722,2.763767305954965,1.4965599392084021,-1.0671240976185077,-1.3637860498589016,-1.1473820986237993,1
0.033896823439482,0.4149974063931438,1.0584353844213847,1.2196231655008083,0.6106001894183268,0.42079989297924064,1
-0.4727316975723181,-1.6502883185878816,-1.4810884222642533,-0.7622272262085407,-0.9371852014060225,0.2094992324489324,1
0.3227375059158207,0.8460651620935605,0.45282947941827173,-1.5526394981781757,1.4259930121641233,-1.2250634643944895,1
-0.1955344228888573,-0.8047288196095381,-1.030063951721353,-0.03479026540959615,1.8162952059821456,1.6165199979798315,1
-0.3947348935621948,-0.03931700834140793,1.7040038453455575,1.772313557931109,0.9703767337122313,-0.6065357257345546,1
-1.3661177521379162,-1.814066834512347,1.4708690807050102,0.5445877145659722,-2.0399398733267438,1.3901056930040316,1
-0.5590051408568986,-0.41544366501140345,1.507101084534364,-0.26369904013410284,0.1684769993714092,1.417916953089175,1
-0.6811907816713181,-0.8104115130798516,1.0012561850885453,0.8585054690432995,0.6413084010929144,-0.5099507391061434,1
-1.3532819471614297,-2.5269210080499422,-0.5047663544729607,-0.5190099603240634,-0.748399120807748,-0.1586836230902953,1
0.1826659073472833,1.3218285554825384,1.9565610904018584,0.09992918949201447,-0.6442531709342528,-1.3562153090825522,1
-1.058829983821053,-1.657582513087458,0.30829106785436206,-1.3999766854956657,-0.33037201836790914,-0.5974859320465823,1
-1.6365113487737308,-2.921852775434577,-0.4954251919545808,0.4392805219594447,0.18098426228732217,0.4177785092167866,1
0.2037082105874234,0.45780841098187014,0.422633244281406,-0.3443076333649152,0.2272916169983152,-0.030828895129107043,1
-1.618976096073613,-2.899775520296706,0.018521221882358392,1.8254077894980825,-0.9660818250576455,0.08995161720982381,1
0.6836130064842442,0.9489855783179161,-0.2009748151361817,1.4164854779364877,0.8737509328909393,0.5175572895132529,1
-1.1745626516418295,-1.5149933727753775,0.5591135106912472,-0.2049041455505812,1.989006039073057,-2.289249617941149,1
-0.3210868322217016,-0.6582621475203767,-0.2251649724407169,-0.10984934272848947,2.712821969702436,0.9952771490634913,1
1.4000332908002555,2.3565174777619142,-0.6450290869912371,-1.494859356531298,0.25341784883583135,-0.25457875537984487,1
-1.250735789371141,-1.8746653070972623,0.9182689155769163,1.547541506189251,-0.19661734645550633,-1.367667420808943,1
1.9455199317955167,3.297672732354504,-0.15165548972181983,0.1771927661743503,0.6582037616755025,0.2766089078334236,1
0.0680554956993109,0.8350145772945451,1.6852954451410542,0.6614331570995934,0.3458157208224683,-1.2049241963045987,1
-1.1672679865185809,-2.737640006663007,-1.5607852637954929,0.6467731454766652,-0.40103041919862464,-0.02027518888102253,1
-0.4180918501587515,-0.5781595296770791,0.6411681748312851,0.39945261626209116,-1.3799953080128067,-0.32715805670486253,1
-0.0917958679149619,0.664637748172284,1.8146985053843874,0.2887249761757752,0.699972538538394,1.4257717601941178,1
-0.3855464211473331,-0.08077259636953343,0.8293471961571982,0.7653360263882099,-1.305231692769073,1.2225325538762433,1
-0.1937107566080443,0.7687451148402746,2.6159684019440066,0.6287585311341833,0.3614175878478897,-1.3951272654505016,1
-1.2588721466239956,-2.2023903881115086,0.21232094324381015,0.09835065320975875,-0.2486762399389277,-0.8047854123788079,1
-0.4373806281288814,-0.45590201663536545,0.29389567292444707,-0.8927235171068648,-0.3979681063069088,-0.8350430494998782,1
-1.6177135578792046,-2.1574137301649228,1.1026923446887877,-1.394775958550891,0.7215644370146406,0.3675138696362775,1
1.883234714204698,3.437980985387968,0.05120052366248914,0.13126187133420789,0.6357878667060335,-2.110595642371265,1
-0.5038041653569275,-0.8458448100685048,-0.25648261277421375,0.27672219898778494,0.1169667095735671,1.6562554503924147,1
-0.554095270100864,-0.8680907825799586,0.05263215333518907,0.617809663137382,0.7782808024453194,-0.9533812416068758,1
0.8266305275064053,0.9618011294434965,-1.321908958935217,-0.5331540851722326,-0.6475288839932911,-1.4057009743288422,1
0.354581524819235,1.0193488249479865,1.2170369053646093,1.6015550886997443,0.6438262508628727,1.3584650246437147,1
0.9634756395781215,1.8877992368396699,0.40679642770033,0.18455476157686787,-0.1888132371515146,-2.7495436534507043,1
-1.0947421813508944,-1.7076159576466996,0.44432321914247197,1.5371445526807455,0.47012391863752134,0.6693023183895777,1
1.1933277319712676,2.2730204428364518,0.07771709461641017,1.2397633659132248,0.5202293766458789,1.3089873726953871,1
-0.2331300046779097,-0.986534609561168,-1.001017878428179,-0.2622127222275368,0.03751770624322401,2.3038749572828667,1
-1.6781751091892112,-2.98431822022396,0.129283347069972,0.9700209587431257,-0.9674870279239925,-0.990589445055932,1
0.3736598797569625,1.0587825694262316,1.0402858274058047,0.5580192352304223,-2.127396372927058,0.2956584792100693,1
-1.734498340861989,-2.2220339176207546,1.9280472084372042,-0.20815251525841358,-1.340351310911154,0.9806894845246166,1
0.6138928417485761,1.4418872270235006,0.6724120327026298,1.2601704128041153,1.2190491492399518,1.1451117296691373,1
-0.0033480532955684,0.3853152082422552,1.3054231056049819,2.575589946989806,0.23505578328081378,1.6499860283337082,1
0.0177643909553744,1.1704470256679542,1.872077116313671,0.21565844267956533,-0.3472325487951937,-0.6311625330076328,1
0.5516777651685584,0.0019495675494519485,-1.989075671586207,-0.5826234762889517,0.7096861302436804,-0.5437134039122209,1
1.2173860986758265,2.2828660600655457,-0.38127316276044926,-0.05559086613026485,1.6902135466656807,-0.022480156554143874,1
-0.8821447776146678,-2.2090910579024983,-1.0760310998513192,-0.47171126666379065,0.4701263809973693,-1.2967071522910911,1
-0.3300648816041608,0.29595524030668796,1.132761966662722,-0.3405656743744748,1.0469026832906372,-1.1754566635960333,1
-2.580048226061665,-3.779008309543381,1.7873362364173784,0.9085023421921049,-0.9406327120071389,-0.1165619780185008,1
-0.2753548931797935,-0.642869151867988,-1.0388180435403032,-0.11096261369426362,1.3291656099118043,-1.5125248320646625,1
1.151102843469382,1.7660739956059857,-0.48212320017619525,0.21706187055996434,-0.8113103679972969,0.8607762755287884,1
1.1573453934306237,1.6549154760175127,-1.0356588857689277,-1.1282468841429472,1.461284001961139,-0.1112438759349234,1
-0.9695404770720532,-1.3295890152091878,1.0720563265009848,-1.0445497557555412,-1.010411866606745,-0.000779457701276124,1
-2.009030257135031,-3.4627230717145006,-0.7700054503366852,-1.3751139149153861,1.390848204088286,-0.7644783002437445,1
-0.716822415157956,-1.5003593399992172,-0.3995970581145103,0.5499126638258183,-0.7802875625530755,1.1018576365384232,1
1.3625779910328026,2.0042575766130315,-0.5275672103326257,1.2435036132976618,-1.103162273258371,0.5561307833194791,1
-0.3192631659408886,-0.011465369436455583,1.419187491480854,-1.1752093872810578,0.6668517226960389,1.3811731281298585,1
0.5062965311806543,1.0880700280364837,0.7776009926603552,-1.610827327792441,0.7993481851954118,-0.3575992482031794,1
0.2237685396763562,0.22542353287784725,0.02168872617322527,0.29968049686061216,-0.9397025622002032,0.6604293786682295,1
-0.056164234428322,-0.3561870418068009,-0.6973480534071135,-0.17036028340519485,0.8485695604362251,-2.8803446027121584,1
-0.48037706774957,-1.3259404098876912,-1.3538896646764467,-1.0685364391312178,-0.847303241494845,0.8344326578307917,1
1.622520577059347,2.8897420785880916,0.05681098632211082,-0.7617075532276323,1.1279134446757153,0.5374214016067751,1
-1.2722690796868856,-2.149824626737406,0.22444887549794337,-1.3324491523276034,0.7040691593969814,-0.39729701848395116,1
-0.2841225195298524,-0.4063169056195595,0.13677013688818299,0.05489840931810189,-0.6742131799802666,0.4601512452723215,1
-1.2472287388311176,-1.65443605769575,1.2494792932267942,-0.6967626614770853,-0.6425525555300889,1.5395852612130596,1
1.4783807998643808,2.924704145666917,1.009820426046337,-0.2695164534202533,-0.15026651153864207,-0.24683466132709928,1
1.5856965463890993,2.8421153438494624,0.3705928931524352,-1.7015701429774015,-0.2112713629163056,1.6470906688407,1
0.998195439924357,2.2821757673400582,1.4649635472780806,-0.390025846526382,0.19040965942989557,-0.661711302633377,1
-1.6006692922546906,-2.552477055170281,-0.006529296581238682,0.8672436742938199,0.7384309627934125,0.24607800095167756,1
0.2134578110886876,-0.3005125289774624,-1.0047245745659825,0.49238930264666486,-1.2343205770856462,-2.086043895798309,1
0.1220640740156742,1.0926601867050405,1.8783399138727486,-0.25420191948968024,-0.03039245269484879,2.4071577446430945,1
-0.0081877830408001,-0.6044884095182166,-0.8506113898202826,0.40885270394754075,0.9905536522257817,-2.2247056194694665,1
0.2803723353923373,0.22631530253153218,-0.9212572910973682,1.404415288425293,-0.10565537198173927,0.29436565024588174,1
0.3824275061070213,0.4161818083324061,-0.47675768884413067,-1.982982695460371,0.2967408816867572,-0.748851534066671,1
-0.1371771019028659,0.17860331488524547,0.7853051337565842,0.2803704733998979,-1.3444610685966927,-1.0839224555834004,1
-0.2101237531353551,-0.591418475974871,-0.13805919095899913,-0.5928889790516386,-0.7072549195661596,-0.6281915499224453,1
1.706058520922708,3.305089870309139,0.6710461471517338,0.5367099401026836,-0.5338065470917857,1.8813076948129734,1
-0.1205536823431547,0.3055817623386509,1.4210680570933256,-1.2988099599194542,0.6324271656292573,-0.8248197995624289,1
-1.5690356963836776,-2.4495802571486185,0.7708488420042665,-0.694221353529632,-0.13008316585954605,-0.004219294833414513,1
-0.1756845168323249,-0.47413638566967087,-1.1736693042825956,-1.0027367675506733,0.11991515210482448,-1.8558437358458184,1
-0.7920837197468638,-0.7599540763018655,1.4172711522550783,-0.6179090973785025,0.0569794180444458,0.5511010797409545,1
-0.3299947405933601,-0.7046943403268727,-0.18041428359822484,-0.7542078802925913,-1.6063106061563912,-0.7389167920812467,1
-0.037647007576997,0.5486335497749953,1.4659858176335099,-0.18472196547579797,-1.7479810090714283,1.8056376610998854,1
-1.0603029450478634,-1.9153022378206406,-0.18356954852497256,0.32101997061322185,1.0340911445177003,-1.1109393485235348,1
-0.1670571725038677,-1.337759499435492,-1.8401439143297922,0.477979600656949,-0.13778332217529554,-0.5840699137480239,1
-0.4329617444484526,-0.48037597871825044,0.7625151263312586,-2.161753300509901,0.20647367019117085,-0.9207468112679261,1
0.6244139933686471,0.4450616009497116,-1.0884619583900692,-0.1288208683348513,-0.36499183269504804,-0.33359722108643186,1
-1.5604784930660205,-2.499779384254585,0.7338012482534209,-0.5789196594755678,-0.41940619741465857,0.2629834766328249,1
-1.488233251941536,-2.661636170435512,0.0867700148988542,-0.6234189669470516,1.015837260796758,0.33014602256067643,1
-1.6377037459573396,-2.7735429599222994,0.23121196022981627,-0.34546164467644097,1.3623741641066596,-0.5427559195602654,1
-1.2146131688088984,-2.1036814701673237,0.1823387187272572,-0.8884668126776492,0.8166608850331353,-0.15698525349216577,1
0.7020600923247683,1.842636168288882,0.7828349964397182,1.133858314856496,-0.8686044607774445,0.2995324766299168,1
0.4124478587296247,8.571925153397062e-05,-1.335911274870248,-0.4157861079120119,1.3974438757642436,-0.684382818415751,1
-0.6029134136179917,-1.1040457928978842,-0.13124460126819232,-1.0232040194476197,0.09020269410852069,1.706925029041589,1
-1.2135610536468913,-0.8877550845429897,1.4846599030033334,-1.9224497619088168,1.446113346068204,-1.0302193139201434,1
-1.6750187637031897,-3.641797085933566,-1.6260832067612276,-0.7888823946747935,-0.037580583043393456,-0.21673404673052934,1
-1.5912002557966265,-1.9735840530581006,1.4669140742052384,0.9071132750774954,-0.7112180359797623,-0.2901172235398701,1
-0.1286198985852075,0.19980529538153174,0.7988330480116805,-1.0484332229268702,0.1416000074414394,0.9421267778343707,1
-1.5080130169872676,-2.8272822946345473,-0.6370331351036815,0.716720680031575,0.5609643552718617,0.4329870889557585,1
1.5310566989755328,3.054014384485057,1.082005031021758,-1.8398452657501325,-0.4770043105473256,-0.6063123366404903,1
0.4055740396711796,0.41844097686348203,-0.35673346228795555,1.6660896040356437,-0.6983211263713527,1.1513210878707436,1
-0.6661104643492166,-1.2914160118992672,-0.005009822774514812,-0.6295559508617244,-1.9861833742435768,-0.5761258650899483,1
0.8483040998437507,1.4967086183660723,-0.06579429680891037,0.5809009133775038,-0.4059775027776554,1.4065331665236946,1
-0.0157630122072512,0.09140970887804514,-0.13806909735851222,0.037248863576682674,1.091386225045818,0.9220300350786473,1
0.4583902208039332,0.2731302455667326,-0.8128659484863939,0.5495386308290552,-0.6290491888408404,-0.7482876860733283,1
2.039579027278947,2.5308496499367004,-2.0633639277567664,0.1023208173570656,-0.7844072967822028,0.41942173410382894,1
-2.043609775459664,-2.9417535590335886,1.525179490885099,0.43420457504413507,-1.043930040521057,0.033482231155583984,1
-1.1251833800382978,-1.0776960594851341,1.7617246690592776,0.5887684318116742,-0.27101086272041297,0.4162458090527649,1
-0.8909124039647267,-1.841333616820581,-1.3210337335657476,1.611804351411189,0.2556817219902454,-1.5600996337000255,1
0.6838935705274474,0.2791675588597635,-1.6123122086436645,1.1938385732166326,1.7230156004233659,0.5531423378822021,1
-0.4718900054427124,-0.2513395389731879,0.11747763690130023,-2.32161826072942,0.4916796177556191,-0.6063476443995621,1
-0.2869983009726715,-0.2653712772453727,0.30380597003328025,-0.04595139566272888,1.839153296371777,0.4706248981116011,1
1.8725732805630253,2.5995110771215013,-1.2581122367683926,0.14122426178447545,0.06685993957349601,-1.2017362829828047,1
-1.4624213599669622,-2.5889254611963803,0.28512804719423257,-0.2423336728139412,-0.14124968515620892,-0.2734607440916189,1
0.1917842387513423,1.2259335519774626,1.1825299853484361,0.6587990143790724,-0.30962640545937026,-2.3367776733828136,1
1.2921564161891306,2.55526192773908,0.675233782318661,-1.1629417238179385,1.73000027087642,0.7370795388524615,1
-0.7720935316687279,-1.2430605469252374,0.5078582164095794,1.858197345802689,0.8198906360050854,-0.26413176617073425,1
-1.5836250266301763,-1.6738730232398116,2.606635181362098,0.24282357330673449,-1.033978509989931,0.734771958028393,1
-2.2185414563960384,-3.697867675737167,0.5731564484062662,-0.6584864051343569,0.6047054244456894,0.4857703193590159,1
1.9707005546728844,3.792213066406195,1.097563190501994,-0.4373435782362037,-0.6816505297419991,-1.5227014795782525,1
0.9345074021175284,1.1549038364122781,-1.0228481889895038,-1.739232081209125,0.12065575295597825,0.09101195866188136,1
-1.764658975506191,-2.362844206571714,1.542923953697898,-0.7401768912944695,-0.14906500491837107,1.0868714967224353,1
0.166814038906375,0.1624218573000473,-0.1584294077836055,-1.6741368112946347,0.7878902947250139,0.055944698247242595,1
0.0735966355525487,-0.08411318279654521,-0.09372156198728919,-0.3171265127701414,0.27973901742021506,-1.2835304716495024,1
-0.968558502920848,-0.8004559813903455,2.1747577096203963,2.254720010938397,-0.5151822038997783,-0.04449820862521282,1
-0.978658808476114,-1.6184275550624165,0.26541975733126255,-1.95773444266144,0.12013878874703043,-0.1582009016157474,1
1.5639528330409551,3.11964407255916,0.7249367905463756,-0.3160955008956425,1.4939900609098549,-0.19995130157039112,1
-1.994931913964137,-3.768055279553235,-0.5285018515838424,-0.4334525238869891,-1.2415224803146594,1.1273006596753543,1
1.2519656170004585,1.039998035483519,-2.1892011170622765,0.6495496425544508,0.6781754149306993,-0.6853148976738438,1
-0.4291039888544262,-0.4830216954891751,0.8114736408335175,-1.0479331296356011,-0.8714721379253805,0.3203576063353846,1
-1.2346033568870334,-1.612309311534434,1.2944570862008287,-0.21894604218238053,0.952411219059133,0.9704617184299476,1
0.5922192694112307,1.1266368612953859,-0.35238910635739673,-2.4102924538971617,0.33133349806919,-0.9290724867640368,1
-1.1554141556933024,-2.4172977122446078,-0.6301516490798985,1.402117388500392,1.4098308615340154,0.6955925721055585,1
1.5851354183026969,2.3001065641787495,-1.1150540201890924,1.1766542464017942,0.4162280672189924,-0.9270238548533881,1
-0.6182742949832963,-0.536312215294905,0.3884651600377724,-0.6210455357453146,1.6133510566726401,-1.3375496770844835,1
-0.7799493248783802,-1.3715902760316587,0.3153551059782947,-1.4807358670109885,1.2340550120063771,-1.0895891777468558,1
-0.0088190521380033,0.6602777283478118,1.6660722150989082,0.24581841550116923,0.13886110868616142,-0.6832187434930752,1
-0.0196207678012756,0.37202725540590803,1.1108267807936985,-0.6989671600270263,-1.47792541131692,2.29481631356127,1
-1.0728581859811468,-1.1953401692306613,0.5928383366280966,-2.0811759336214504,-0.7093538340768353,-0.25592036060494844,1
0.5906060261628202,0.9591688747579036,-0.660555053636738,-1.7151431275274003,0.6494228205318872,0.45352749752057414,1
0.2862641802995752,0.4698212433352203,0.21342811751431548,0.5941146880187145,0.39692104081104257,0.15695084942285498,1
0.9889368264986944,1.9788665124488691,-0.4306994935336932,-1.7961460145481687,-0.5418060483980626,-2.0494541212582833,1
0.0975848612463106,-0.7813383135205929,-1.6761683246602328,0.8356879435843558,-0.7969216061825863,0.22253310421370023,1
0.6026702800205009,1.682241370012023,1.6049790203704288,-1.6784875888587067,-0.4902928537880999,-0.16240685039169492,1
0.342236706918353,1.421513050710632,0.7588999419909073,0.7530983192819599,-1.1773943710730665,-0.7180629526792753,1
0.655696884185657,0.78258308686371,-0.52695655415362,-1.0691675964659229,-2.099812653576789,0.987943413222855,1
-0.8640483968281456,-1.0605251880415056,1.4386143023901217,1.2930743319604872,0.6462595665238373,-1.8060007320602642,1
0.8954388591016669,1.492958622923316,-0.09266960589873435,0.49588833364472323,0.7437475680544942,1.6951772923568622,1
-0.8340981852163432,-1.12791569066843,0.8768394782421923,-0.3639653280274036,0.013846739774892121,2.2067444695141014,1
-0.1758247988539265,0.07505914347435301,-0.04254327761368245,-0.9490096569400692,-1.0061450795256754,-2.054529745275276,1
0.9352789532363333,2.1746783496470345,0.5950197321560449,1.3497006483410487,2.2868731464194187,-1.0885351710080258,1
-1.2515774815007468,-2.3065752028528026,-0.24740103096165253,-0.132438309502665,1.9164782334964892,-0.7814857075168308,1
0.9777844057814182,1.7888476398662465,0.26465696417834966,1.0065708671861109,-1.8917845968083593,0.8847395184027601,1
-0.7968533084812947,-0.8541183103940467,1.408515636472672,-0.7402619923371064,-0.3926129711937845,0.6141567629318029,1
0.0601295614788597,-0.4448569004359965,-1.1244714829791311,0.6017915185952281,-0.4059603391502693,1.573585889316621,1
1.1280264509160265,1.293557314583019,-1.1564466358073542,0.9158893920848027,0.9913852912966358,-0.5399542405005145,1
0.3478479877823915,1.2187453766909004,1.5207209788872487,1.4021512954435755,-0.9553077842479514,1.1409058552628264,1
-0.3422694174834413,-0.4079654645088939,0.7520680361001416,-0.28108372454152025,-0.01855835292156011,-0.5685847856573025,1
-0.5878330962958902,-0.482743081383305,1.5281542214017427,0.6254969941950677,-0.14656407472744334,-0.6230446001030907,1
-1.3152655193075744,-2.8239604552774957,-0.7916885844234206,-0.9537154934734693,0.6030979644462908,0.09255511085845891,1
-0.8568940137264973,-1.831494374029052,-1.0579162151325898,-0.7512746968830857,0.3902947395856032,-0.6016958645432284,1
-1.1049126279169623,-1.7899004619997994,0.6319210487464527,-0.2665583585822883,2.0276725844375627,1.0327895162643344,1
-0.3907368559465668,-0.9816738809584147,-0.3101981031070245,0.5312835160856776,0.8553624349713803,0.98946153776524,1
-1.2846840385985696,-1.5416917810827984,1.3233794846770746,-0.028295382600005733,-0.45606706496138244,0.41708603965081137,1
0.4794325240440733,1.2345346662711403,1.237856260992775,0.8948391740233034,-1.5207462579884419,-0.26112421167075284,1
1.1262027846352156,2.3729887714828632,1.2257968424156613,0.8285011404425036,-0.05701599927706328,1.0495106479298473,1
1.1476659339401585,1.5106529147141434,-0.7298534792336683,0.6335315960744452,-0.27978847888510533,-0.7746705698197206,1
-1.8000801859604283,-3.402287227003301,-0.323387117323127,-1.0794272785388097,-0.169712015599792,-0.35148891012100586,1
0.4136402559132324,1.2333179018340172,0.6516312942972624,-0.45241800768211704,1.327749132227106,0.6706101077998393,1
0.6655867667085228,0.49569992807382696,-1.1523157435520324,0.8335691513641754,0.5283988744697637,0.1593918120511734,1
-0.1068060442262606,-0.19549818947087658,0.21023416585330112,-2.3127124869328624,-2.6042592038514565,0.04791522219165343,1
-1.0999326161501293,-2.5017215012162066,-0.9273762978121957,1.9712102442676978,0.1344189750659695,0.4032466958913672,1
-0.9611235557759964,-1.8337991121635864,-0.14045609811237253,-0.8452021656202507,1.425949592021749,1.3526390767672332,1
-1.3264179400248506,-2.0218841067627586,-0.13969212141094325,-0.9604987329215579,-0.5885077130121104,0.8560916132794859,1
-0.7180148123415637,-1.7857002328093652,-0.8969990137866998,0.13416558949906013,0.02283318186091453,1.3559394270052516,1
-0.1611653275966259,0.29559952013228485,0.9184718729609644,1.5225708801668305,-0.9460508759069368,-0.21040635736839883,1
-0.4060977373118695,-1.3320165008784437,-1.0951416075325875,0.9712369881687978,0.7488921247613551,-0.6556882493676277,1
-0.973257950644478,-1.189600202499467,1.345305368716168,0.6069433340385846,-1.7327663514912954,0.7216391210963773,1
1.5337220573859536,2.346114169799644,-0.6949368448268455,-1.5387409846532296,-0.974114679786053,0.484541702401367,1
-0.0984592639410045,-0.1663072114120306,0.35770640622698113,1.1405736829691413,0.12193655633904792,1.3645721357256133,1
0.0944285157602883,-0.3371219855047369,-0.866063486398866,0.4855125827128763,1.8117283692355786,1.519628668305635,1
-1.2711468235140777,-1.3452523769655833,1.299025825463244,-0.980053530243942,1.9493495706466022,-0.6015407359401344,1
-2.0772073196330894,-3.692450799150332,0.2844196106548121,1.143708734218389,0.7742601496693411,-1.019834697831373,1
0.976732290619412,1.1025280432076119,-2.0111687697959804,-1.2486691381935442,1.0603937098594238,0.7103743322675286,1
-0.4478316387381496,-1.3847174037847652,-1.1636317552967763,-0.5812781568441018,-0.7488061213427877,1.9542944488728928,1
2.5343537174654704,4.435646370600086,-0.7858732035708967,-0.1920974303675656,1.0450803106563318,-0.3011100283022521,1
-0.207247971692536,-0.36351807983131607,0.43547675764137056,0.23243652381250604,-1.3792227858954629,-1.1521676192577313,1
-0.4518998173645784,0.024254536736017032,1.648648168189695,0.4429364567700862,-0.57083359348865,0.1723585449142472,1
-0.2745833420609886,0.17383031055871442,1.4946406861693597,-0.9897736697607489,0.25959583503753164,-0.9482235050019422,1
1.5170284968154395,3.2264540436984155,1.2366750366793215,-0.7750019921088694,1.1040698088635803,0.6612800317392761,1
-0.1310748339632237,0.08333868126051903,0.7514586716289605,0.5687908883711965,1.2824290840764587,0.21850742532791134,1
-1.1905548021043375,-1.432151956847223,0.9903235569490263,-0.1256506748727948,1.5932095347235213,-1.6498049388269242,1
1.2420055934667935,2.0436884354725957,0.05772687679591075,0.03831526692214604,-1.411044419973918,-1.5101024072850315,1
-0.2950645172147262,-0.5424317240663756,0.43535356804510633,2.3881903795279387,0.024230392144809078,-0.008862076613695808,1
-0.469505211075497,-0.36244189705593094,1.2749571653800138,-0.0625652007992862,1.35126939301547,0.3940601873995495,1
1.8711704603470172,3.544369108636045,0.5640175814987748,0.09356514769152649,0.277599644975314,-0.014630728605689819,1
-1.6832252619668442,-3.6271171253991743,-1.3774643924396448,-1.2289128383171797,-1.307611073620461,-0.7243343777219869,1
0.4855347919837155,0.22322416371397202,-1.0974253058686718,-0.002520575441942339,1.2449881561768654,-0.2727308274419817,1
0.0566225109388354,0.007696300750492294,0.2521110647077454,1.500468491791988,0.23829578670686002,-1.0571430799746513,1
0.616838764202196,0.9232532404240947,-0.11528271010169659,1.6951398185731597,0.026726493410338954,1.2099703474869419,1
0.6730918548641751,-0.02814486460080205,-2.127445750174158,1.1723570201593398,-0.4594239391995364,-0.3566824364981764,1
0.5900448980764177,1.1117359956436412,0.16753709173276027,-2.0380113257219947,0.4549108955886174,-0.22495097834966304,1
-1.4910388923735542,-2.2673074717708164,0.9568111893684179,0.09799086276898468,0.7113223713889044,-0.3208502762963257,1
0.0083654955081123,-0.5874714921277291,-1.705843417769465,-0.4143928984478188,0.9273707155915978,1.4814768268044096,1
-0.5439949645455958,-0.5954274949247813,0.6782308034053692,-1.2713241607590446,-0.8247307333196812,-1.3012579498925567,1
-0.9071149774596352,-1.978560306339338,-0.6243584767393547,0.6611871739284256,-1.17851279842504,0.410053765603494,1
0.2067944150626449,0.283112495614416,0.021614152357275214,0.7383772124631638,-0.12207107236572552,1.6233432629633653,1
0.2120549908726774,0.1975356217590479,-0.45238937426924,0.23234263457155577,0.575543045273367,0.40184875719144464,1
-0.4962289361904763,-0.3766276555601775,0.3024691022910023,-0.31738235097313616,0.6881296091350579,0.4207522524045366,1
-1.455547540908516,-1.802137913443848,1.576283449621115,-0.22621519113729952,-0.08729472743692095,-0.33360616160898177,1
0.1800005489368627,0.6958852476984977,0.9756531373298486,0.8258219875675249,-2.3795905530327968,-0.02245375719243553,1
-1.5719816188372977,-2.8713650090045317,-0.3312284022136992,-1.4124879894678068,1.8698156842765086,-0.9341887564275607,1
-2.305025322713018,-4.220990953537182,-0.5065663596528637,-1.0453648340128023,-0.1915610106230989,0.8286637326613063,1
-1.0634592905338836,-1.457598840833563,1.0481494232617912,1.3100501434711467,-1.6115596089676671,0.1014790795801149,1
-0.1389306271728781,-0.5343090872136381,-0.3258002072023648,3.1242601391491593,0.7113405231332358,0.9067170736611811,1
-0.6352484195970076,-0.47227032904687344,1.5809795981174006,1.7471322405025962,-0.559769864833337,1.1868015810940018,1
-0.1356339996652542,-0.6042038978852726,-0.8669851678194539,-1.3739319522098379,-0.9398541112441747,1.9163606505590525,1
0.4060650267467833,0.325467089601737,-0.8099762563087215,-0.24860800990966256,0.5989311452008269,1.6736152859378695,1
0.245652535046104,0.8481751927529507,1.2140150091359003,0.8228530204000443,-0.5711637412223014,-0.383846450616604,1
0.6627109852657037,1.3551864688113233,0.5109483161532928,-0.19861510693164416,-2.3450043311634188,-1.6149152544765566,1
-0.57738208568662,-1.442050361114896,-0.7094513911824794,1.0126442951239762,0.7765053736791813,-0.1512640783440858,1
0.5072083643210589,1.2019352040339344,1.1132550675501112,-0.9475993933223156,0.9549290862348472,-0.661896859484863,1
-1.101826423441742,-1.5289246841899484,0.32302689288559716,-1.311783049985517,-0.05606598264822068,1.3198858450760296,1
-1.5072414658684636,-1.6575670552794393,2.274753451158511,-1.6544763973214183,0.17298175077782874,0.13410797114480028,1
-0.3757266796352662,-0.8711557929779457,-0.31140542608246585,0.8590298609227633,-0.5559918185933745,-0.3201655138715819,1
-1.9607031006935065,-2.7230389284368774,1.6904768677996247,-0.6805715503482156,-0.8160233933918817,1.7612616423844203,1
-0.8373246717131663,-1.513053339409251,-0.08829662170110053,1.5571230080273823,-0.2837420002682314,-0.07078705014596919,1
-1.3988034631709354,-1.603734760984979,1.5836057468097475,-0.8615315983152376,-0.9457163049179629,1.0261820741344898,1
-0.5877629552850914,-0.43187187850711545,1.0060698948379219,0.473451624123079,1.5072109279577783,-1.1639668677379051,1
-1.2425994321182885,-2.488007401759598,-0.38359524237724485,-0.32708176518301574,-0.9824894236301793,0.5631060203790138,1
0.3771669302969869,0.10805446865033358,-0.9869376730571193,-0.6365110550321222,-0.7991598600450037,-0.21948749067518353,1
-0.007486372932794,-0.8525962831299776,-1.5010333311367623,2.127257078618457,0.028541635885016754,1.3264148478031068,1
-0.8112322156953901,-1.855263476612904,-1.3840937799951425,-0.14109040470877607,2.1131554187655697,1.3794784053844,1
1.3894419981693815,1.2815530963137183,-2.1809856260572196,1.420799935471344,1.4949863085930546,-0.32243606584182033,1
0.720366896143691,1.2588311376423282,0.13479507553079842,-0.5072744418397795,0.43627679206725895,-1.6816088651704861,1
-0.8164226504946258,-1.7220882232876515,-0.19848632019362678,2.1923959694616952,0.10354569255625695,-0.3805295191074527,1
0.7874918434797431,0.9273093938382195,-0.7945394198231667,1.7934522334008496,0.4688658317866998,1.5234225319364163,1
1.6067388496292414,1.8649771242952211,-1.5744245202157967,0.993090850553005,-1.3646062401520993,-0.49012397695439575,1
-2.0340705979908003,-3.4362590573211538,0.5218096861925989,-0.4885882724537959,-0.5250273865820841,0.6066277734857053,1
-0.4850063744623993,-0.8913090798506563,-0.3264139566384128,-0.6414971039340844,-0.9412527796119294,2.196231699052461,1
0.5612169426374222,1.0933551250762596,0.6046267026156784,0.582893777985409,-0.01744696895724962,-1.225515247873713,1
-1.335676553450511,-2.2087430839941744,0.6443050741182865,0.7504755139797196,0.29193918800882046,-0.06969855289201386,1
-0.0593907209251451,-0.7403023336806611,-1.0598441925144597,-1.0910759883681098,-2.3279530205997885,-0.01663211621203854,1
-1.644437282994184,-3.31306224148939,-0.7038384319884626,-0.7786360374105703,-1.2313169812584714,-0.047886393601557026,1
-0.639456880245038,-1.4576034200879475,-0.49309920967010845,1.3464673915007928,-0.16964388827679985,-1.035701407190367,1
-0.7648690075562807,-1.013988669097065,0.7845045980317212,0.9138641102162983,-1.672263316402925,-0.9073824224709297,1
-0.107367172312667,-0.7178224766911875,-0.8759936054817229,-1.3282643968879402,-2.720694463321928,-0.1662365328235636,1
1.229169788490306,1.6472845909795801,-1.1844099480575194,-1.2429863728674246,-0.24563917628803994,-0.12331253063308062,1
0.7071803861132032,1.2987525977167962,0.33352365373499854,0.28144355269364457,2.055110566415098,0.8989590218482565,1
-0.9778171163465084,-1.3615047463582004,1.0713788233831598,0.22347100029746678,-0.4096270648332579,-1.0119562780559144,1
-1.6852593512800589,-1.7879566153268729,1.2533679306835837,-1.8818118110221251,1.1943312356867644,-0.3048187179160756,1
-0.8140378561274083,-1.6201837886074888,-0.2465154107500242,0.5200203448571975,-1.018667837320385,0.5992090918594966,1
-0.8059014988745548,-1.7226436486260541,-0.5275002810660481,0.555886563685835,1.5549526818125667,0.111088840749185,1
-0.0694910264804133,0.13596192988686198,0.7605306709152754,0.15033076228396913,-1.7317519883311567,-0.23025057490816664,1
-0.158219405143008,0.9615263710313947,1.7982966832930167,0.2586273959716867,1.1887072551285698,-1.3937446309004446,1
-0.6189055640804996,-0.18908896138351053,1.4219843214711037,-1.305080988791753,0.8004153504025613,-0.1838781282157392,1
1.675547181224505,1.9946110863675854,-1.5409041459254043,0.6077164106235834,1.3153371242991478,-0.6632018326322262,1
0.0460312183079636,0.8212149359923983,1.4815367643344826,-0.1498367272319375,-1.2921109458709876,-0.7672999897511741,1
0.2826168477379512,0.3540519812541871,-0.3740017903001422,-1.3929744216382214,-1.8231181548340991,-0.023168729645591017,1
1.6812286030993424,2.710014305806011,-0.6072685514717187,-0.14707263813148314,0.057930026936230256,0.5610594444379154,1
1.35626530006076,1.1058353625943997,-2.5665275701652734,-1.4174621165511627,-0.4201055447343599,1.0224114735287475,1
-0.3093732834180208,0.02767345360723978,0.9240393793360194,-1.052212238755513,-2.260714227845614,-0.24385301709051338,1
0.3174067890949874,1.017283539582364,1.0781602318880785,1.7625718597263085,1.177223813046564,-0.414937366458126,1
-1.2237315002129605,-2.6014879280766485,-0.6651899383893238,0.9933589279999424,-1.0158292650011405,-0.3591894566658423,1
-0.4772207222635477,-1.0185923955296,0.0065851261688367425,1.0421564390375697,0.5297791510638251,-0.18892461032254496,1
-0.7806507349863863,-0.3529705483184425,1.2112410433736982,0.6866694036362954,1.0231432513090426,-0.9487554937510496,1
0.8560897520426042,1.8125204064850424,0.982068451632116,0.553383617853852,-2.8236463381595103,-0.39621184117539004,1
-0.7707608524635186,-0.15255406858905757,1.6625242444494686,-0.3578141563383826,0.2287792961804105,-0.4692703904245307,1
0.2687289275994594,0.4109237353706632,-0.23962512523240045,-0.11231554465931044,1.5189294679957006,-0.37766678579077256,1
-1.6522930762038373,-2.441383692087509,1.2627117317925187,-0.44320199326112186,0.2263399483469557,0.7874392486790494,1
-1.1218166115198749,-1.9586762816185417,0.1494557165235281,0.029429218565647237,-0.6473699811606972,1.2464918319136058,1
-0.2914171846531003,-0.6160612059597462,-0.25668934894198975,1.217880166444421,-0.8581012017452836,0.2159136124497019,1
-0.9233876919653424,-1.9894213122992244,-0.7729015316955677,2.108350990406944,-0.1006278827818579,0.731409797253001,1
1.6139633737416883,2.78776538380613,0.11685710076617632,0.9704469335385125,-1.2025344578341124,0.8852211582758095,1
-1.1967973520655797,-0.6562073317042808,2.2446415399344684,-1.8050806534852495,1.633865808260679,0.2637509959098933,1
1.7600670992390712,3.5756433819621662,0.35377412924420104,-1.2794191363674408,1.0287463432913286,-1.4532899995836293,1
0.7245753567917194,1.1894765752660752,0.11323128515621217,-1.9881961286780663,-0.10850967610453416,-0.4030718951588449,1
-0.2357953630883264,-0.4850858713694415,-0.64699952342854,-0.7456246039024821,0.2954530819210219,1.3471040398780991,1
-1.1567468348985108,-1.685064044273526,1.091129790476589,1.8407513727420417,-1.0375228987735288,-0.6320715342178591,1
-0.5928832490735243,0.1170564655504133,2.0942243863183236,-0.4683838322889446,-0.1973618821634856,0.33966867737923434,1
0.4571276826095227,0.22577300986509638,-0.9667169812251797,-0.8403097120056044,0.23051435156782338,1.6640786934643743,1
0.9505696935908372,2.0537484616328694,1.1614729813379492,-0.6155561381699313,-0.22256432501274678,0.4589721853241717,1
-0.0497814024454786,0.3964954178614334,1.0884057374003522,-2.027582133485094,-0.2114705942979233,-1.2780340442792912,1
1.2387089659591717,2.46925852749329,0.6862143561825305,-1.4845130487977987,-1.3056208804187608,0.4314748290421894,1
0.2239088216979578,0.2111221885233266,-0.4810025088254402,-2.0425360032207873,0.3494596346404454,-0.1408473483051165,1
1.083907755122531,1.6928554023347437,-0.11301205523453431,0.5417135884637926,-1.762103496830952,0.17676439667863,1
2.453130426958524,3.84462856343163,-0.6012140174420066,0.8435677107425136,-0.20302117573465236,-0.33025154975817655,1
0.4168667424100535,-0.21432459331851242,-1.679745773415829,1.7646713351157937,-0.11108656521327624,0.9104018753137819,1
1.5280406355111142,2.151638640874543,-0.8620068041817054,1.444952812451955,-0.6472551237675128,-1.0850401018478941,1
1.227346122209493,1.6032312217134237,-0.8562181821313312,0.9809639578703541,-1.74662010807073,0.5329145314368225,1
0.8629635711010473,1.1197435400703726,-1.434913010036825,1.3760998444347146,0.3014479962169036,0.6360951294000414,1
0.4316664956889518,-0.3691912386075666,-2.1368152135356864,0.6950778568009635,0.6745470379574028,0.12201804458269726,1
1.178177273638365,2.9749131468318737,1.040318940248478,-0.779009464654939,2.071739187019483,0.32779205908034015,1
0.9245473785838616,0.7361977014456822,-1.7474417787936187,0.6042319860150754,-1.5554532507775158,-0.24049627943025673,1
-0.3912979840329713,-0.8346558426897186,-0.22349961686989767,-0.3976114497861872,-0.6162905352965784,2.522772384249499,1
0.4739615252016363,0.5327502480905955,-0.7725478232208037,-2.27893680711687,-0.7046035962376371,0.07907765611945895,1
-1.4902673412547496,-2.8350077848888997,-0.21734822430635664,-0.5443956318751864,1.4060211904956115,1.092836577854544,1
-0.2546632949936555,0.07671460706716815,1.5567363671143486,1.0599105785543648,0.9689521109683231,-0.41698613935209955,1
-1.6372127588817358,-3.0838408749073705,-0.11883861564261945,0.9980451777128776,0.3488670872178985,-1.2659719871710335,1
0.6087024069493424,0.8049337686602857,-0.19180295699393815,-0.07860243292332098,-2.3836575398558932,-1.2143249414698598,1
-0.5963201586027478,-0.37313046356818913,1.798816529705425,-0.024221652779662553,1.1304312701673493,0.6823145756869833,1
-1.3040429575794992,-2.2343975942248746,0.5184243142215238,1.55653822196273,0.917085883628263,-0.47275804011282674,1
0.5903956031304198,0.036048033201237395,-1.6906664168263479,0.8227931279979889,-0.6065543276224835,-1.2862503196895811,1
-1.2611867999804112,-2.0071116575888017,0.47733232217156013,-0.21601743732492182,-0.353707485924317,1.0992357457495971,1
0.3171262250517841,1.0621859892937686,1.119930319638603,-2.6773267328420594,-1.4107028146720129,-0.39267920453842486,1
-0.4721004284751148,-0.7132977367911737,0.43305978018278624,-1.8197018591282212,0.1929183245433599,-1.5950108523823603,1
-0.645979994249483,-1.4081926544133403,-0.34954578032667544,0.41431673356063903,0.048285403274458676,2.5795860209274166,1
-1.245264790528704,-1.788379099532403,1.1383235262397409,-1.1803990082527183,0.7868299613794887,-0.38238186342752695,1
-0.6288655876141662,-0.23902442356349518,2.2000044906702088,1.2823872634906333,0.23689137473203128,0.21119253964540896,1
-0.1512053040629593,-1.1474003288235826,-1.6308378533707533,0.7922076409738142,1.6013629833486245,1.0172194706469375,1
0.8950881540476628,1.1021610941373676,-0.7190321161543142,1.3370485183698195,1.7790618382564383,-0.17461879128075308,1
-0.9675765287696406,-2.0849756124749845,-0.5502587685630059,-1.064222469078305,-0.37486446644516835,-0.5080120428119582,1
0.7221905624245039,0.5562752343824918,-1.947185392447837,-0.9383327195772202,1.196464896600909,-1.6947859646356382,1
0.2485984574997238,0.4962478379763461,-0.3720106736873679,0.3693130615188674,0.5827379648932148,0.8645528240430346,1
0.7239440876945161,0.7437677767843754,-0.7729563066787616,1.3430138728371204,-1.048671816947929,1.2209862709983699,1
0.5833113610395723,0.8127370735879427,-0.23076059649696604,0.4129408304277776,1.1489876122474614,-0.15759784636969684,1
-1.2237315002129605,-2.0112524136475876,0.4360128917938761,0.20491867216723642,2.096044801509678,-0.4088556771996797,1
0.7514393639283004,1.2551414186015002,0.23482413132924282,0.06755629355291835,-0.5509712825699441,-1.3371836950369884,1
-0.6948682787774094,-0.7930300850896854,1.2326742319274233,0.15607017494947753,-0.6157751838418318,0.6639795609263749,1
0.250702687823738,-0.41214326495849796,-2.3670348753799373,-1.4870484796415335,0.22322038599851862,-0.18796423354926234,1
0.3029577408700892,0.3631469668235727,-0.8690766714832291,-0.4071800801957332,0.6343417520677086,-0.3958493605560671,1
-0.4652266094166677,-0.7830971485900017,0.3351710748778211,0.29607894620866876,-1.0052680870235637,-0.5168821354749141,1
-1.01064310940113,-1.8046957062828666,0.1051387526900641,-1.7009046165732638,-1.7699807620464623,0.137522657305082,1
1.3419565338574635,2.047251985354202,-0.9713283112722937,0.5825213100403238,0.35482009891376604,-0.08805479726796976,1
-0.0391199688038079,0.235145968993469,1.0899857262319501,-0.04906187761802186,0.06872336193257371,-1.8666609706158728,1
-0.4857779255812061,-0.5002478813058083,0.9534348108001478,1.4166744247378882,0.6873728815361817,-1.1711107563375804,1
0.4633702325707645,1.2657210585005243,1.0367568104190472,-0.4772048092390603,1.3967974038544886,0.53679864993137,1
-0.0337892519829726,0.45092234582960977,1.448154419503943,-0.8921987130082654,0.7099483629094617,0.01952616491630301,1
-0.9511635322423296,-1.9050820467794514,-0.46885405117023776,-0.3515275384232334,-1.0798904035552435,0.21098143225530502,1
-0.7207503117627833,-1.1194407595489644,-0.26332793832667606,-0.5786271849221369,1.8785964682923053,-0.632838218090295,1
1.13146336044525,2.073203230718402,0.01204184586749569,0.16853237148868624,0.3623079943240795,-1.0060415343322506,1
-0.4231420029363836,0.5085038574890052,2.6262675071590804,0.5162234699848998,1.5197304652276513,-0.16985346316784422,1
0.0595684333924553,-0.4465962818098527,-0.7084950157250931,2.1690151423731274,0.6602206412567672,0.7687663750818932,1
-0.6266210752685524,-0.987854041943748,-0.03250269146414555,0.7867998259211909,-0.93807529750684,0.270468778734503,1
0.1633771293771535,0.9916735734312997,1.6578884690483224,1.8142441716366924,1.1858532815126608,-0.1738650111977875,1
-1.4568100791029246,-2.4787648573601286,0.44586022407238807,-0.19839351515374556,1.091847439493402,-0.9888671686830687,1
0.9617221143081114,1.9358619971466586,0.44135021317309586,0.8140462539521767,0.6987746828070047,-2.1893832329240035,1
1.0070332072852146,0.5897244714399245,-2.288824558624277,-1.1368519892215063,0.6777420428692167,-0.045884297249786515,1
-0.1906245521328228,-0.6848180752935781,-1.1736447388773756,-0.10528592258948526,-0.8225271321402743,-0.6140658850431763,1
-0.3590331190647541,-0.5011480226732368,0.06838503981856973,0.41470907620156733,1.5712926355711636,-0.4927462348561331,1
0.6712681885833621,1.2853890601820093,0.7105296122340998,0.12855163193768446,-0.49072588887743374,-1.7581840738486583,1
-2.303341938453809,-3.8695533638546635,0.41495169927795544,0.474871626520927,1.4164942627838002,-1.043929262790919,1
0.1940988921077589,1.0185002256339366,1.7129856807482162,0.8906844231736858,0.0767889799520707,0.6797540838614918,1
0.2054617358574356,-0.3987918374450413,-1.2831878262869167,1.964731559174052,-1.047925490568387,0.8403728026970991,1
-0.2342522608507166,0.025391502106591256,0.859011664782079,-0.033486310774699546,-0.4321522425583506,-1.0180709454822214,1
1.724225042720029,2.2611338282835023,-1.694858052800309,0.7167265279480146,0.33256723416284123,-0.08269994980087228,1
0.749405274615085,1.5958024500041874,0.796788204685977,-2.681439251739956,-0.38644804412300177,-0.41849930410185465,1
-0.8643991018821476,-0.931718554918596,1.4113383129637354,-1.1604716654044585,-0.3271890859557009,-0.44446317198658514,1
-0.2011457037528958,-0.6933815631833045,-0.722730754658559,1.0050662102359849,-0.0691831632404679,-1.5024696314626937,1
-0.6702487839864443,-1.0210213652735929,0.5987054297778128,0.17233973096518265,0.7176799192010594,-0.7225749733356697,1
-0.8254006998770851,-0.8928557010787017,1.4993663659817347,0.2613916974553724,-1.9853653353606533,-0.0408455497471669,1
0.8563001750750047,0.8275708240008619,-1.7614105919287553,-0.33444066538354045,0.20079143847862954,-0.20024583390435324,1
-1.751612747497304,-3.277169567328103,-0.5728804027337657,0.44863571595068197,0.6310930590201342,-0.03447948906974468,1
0.8213699516963708,1.791700102645441,0.9955869554736967,0.7047026818208145,0.08664506918936281,1.60584851403951,1
0.1309018413765359,0.9054558019293669,1.7531731539613125,-1.3224383564189806,0.28261491240050624,0.1458366642541922,1
-1.5520615717699644,-3.381708786330672,-1.1019228898554267,-0.7074207760813824,0.4250997323512448,-0.8489491976560407,1
-0.6640062340252024,-0.9345758898107446,0.14543537968403816,-0.07703774563371908,-1.214356257078395,0.055834720554884844,1
0.6935028890071119,1.5090385209851314,0.9337066557732913,-0.4771832850654437,-2.101302195171947,-0.04399834648065884,1
-0.6212202174369142,-1.5400632135157613,-0.6974143520487616,-0.15583457950449006,-0.906218602371224,0.712946852936421,1
-0.2298333771702878,-0.6117218574922495,-0.1132826884678613,0.2308253392437828,-0.10234119993853338,-1.0176041883161704,1
1.451025805652196,1.887696920986159,-1.151187677813132,0.6665926897905897,-1.9471874576547863,-0.09189736592450705,1
1.2626270506421309,1.2128006924140857,-1.838396974958462,-0.6441512682017649,0.5694183824275788,-0.2548559844596421,1
0.3022563307620851,0.8360810931604935,1.1055318873962292,1.955771958000192,0.8920279408463442,0.33069926896932794,1
0.85433622677259,0.8916983903829525,-0.901783769159228,1.7961596724874866,-1.141175513820521,0.2858922338485767,1
-0.5644761396993335,-0.7738384714998748,-0.2906126191829679,-2.004319651488696,-0.7632464139610946,-0.3781239568703215,1
-2.026495368824349,-3.3612981639348907,0.559970467871617,-1.0092488047309047,0.21831914658406093,0.3700695673197715,1
1.0376848290050211,1.7105267174852012,0.08922130765894644,-0.3674826437613235,-1.2183622759151238,0.2294454729950926,1
-0.8600503592125177,-0.5139734311148468,1.7167674734476444,-0.00708504136686114,-0.09457519187421096,-0.3562559943529234,1
0.3492508079983997,1.0164513442208039,0.4355199042091154,-1.8010289011980132,-0.0434258830027811,-1.5807088339095388,1
-0.8357815694755565,-0.839186648273157,1.6097637836134964,0.2729146559788628,-0.04950285609715878,1.0994972036088049,1
0.2058825819222364,-0.2587169092855379,-1.4419080104418114,-0.1102000961683276,-0.93475213711076,-0.6498841448365844,1
0.1609221939991352,0.9959552887853612,1.3451425341792942,-1.6439103666552193,0.92089862372307,2.051576648982853,1
-0.2079493818005401,-0.15557943508454936,0.4887966160994146,1.4796767530245767,-0.6342294814923405,-0.7467492645168212,1
-0.21089530425416,-0.7332942207044915,-1.2710975063138912,-0.03214437496170001,0.15343566968362918,2.447693313535074,1
-0.1118561970038947,-0.9542180189677202,-1.1821100240927618,2.3947887857181263,-0.005063751378613357,0.5619330622685691,1
-0.4103763389707007,-1.0716512304238932,-0.45351611215779347,-1.9983323045288475,0.39318310809297613,-1.7502719729526832,1
-0.0779780887872669,0.9766065626324493,2.000517619830178,-1.3241901053957927,0.9753972833063267,0.9345329164678118,1
-0.8409018632639894,-0.9902222852554395,0.372960346349999,-0.30538386577000964,0.5591641749103139,0.04274553844243433,1
1.300573337485185,2.1879937173938404,-0.1419425782570901,1.4280928024179935,0.34984644005590293,-0.9251119680637315,1
-1.9940902218345316,-3.8491702033540545,-0.8338069762934257,-0.4611287086280408,0.0389759360528316,1.6314055897898734,1
-0.734638231901277,-1.3945895566470754,0.11010041426793658,1.6573895250543973,-0.9930034200861018,0.4749866090500365,1
-0.4733629666695233,-0.9995236188734289,0.024518116505267362,0.9196350627528722,-1.474239498652549,-0.5219264104316729,1
1.6641843374748262,2.6323871138265487,-0.1831682354938075,-0.2951326275891567,1.2457013154594878,-0.055541074944947116,1
0.4123777177188239,-0.13587256727806465,-1.4313571064927069,1.2179571605915371,-1.013485192725066,-1.3361083437569043,1
0.5011060963814187,0.6920970701222188,-0.058277994826650824,0.5290679728082569,-2.533901966014927,-1.4849634574755262,1
-0.5988452349915648,-1.4696425545609881,-0.7064729656809762,-0.7002076115170606,0.38100818503082184,-1.0027322360992148,1
1.875659485038247,2.1055141894165734,-2.1139765395453582,-0.14074315747286634,0.4826918596313888,-0.07127086499295503,1
0.7474413263126723,1.684190372692206,1.131973809200218,1.4191881492285907,0.2046635561867026,-0.046934296574881025,1
0.8586148284314173,0.9654876715873385,-0.8211330943436422,1.701454451354834,1.687373232481307,-0.6441905678190182,1
0.6479112319868034,0.8724804490509044,-0.32006575729259457,0.09453939784984651,0.036928286165922815,1.4031331087166874,1
-0.6565011458695501,-1.4390437177475335,-0.781795096066028,2.389409479034279,0.7523520411869461,0.6432150920494896,1
-0.0810642932624884,-0.8965766836557582,-1.2353474904384205,-0.04738248111284606,-1.0034848858662442,0.252349015892711,1
-1.9645608562875336,-3.078797589907639,-0.3872710015090991,-0.6065270844579048,0.2853748438917175,-0.07790152508674374,1
-0.9738892197416832,-1.598930226998451,0.4225202283725539,-0.8851747934854621,-1.5509899039584727,-0.19611506702441486,1
-0.6357394066726133,-1.3376727829166144,-1.4080734332353364,-1.0347123760168209,1.2488068502707652,-0.02228939317272933,1
-1.3586126639822649,-1.7540040352370854,1.669695814389296,1.5502200474547465,-1.0621010472382844,0.9441798315885296,1
-0.1751935297567213,-0.10379650277838672,0.7923257010706898,0.47764923321344155,-0.16045765688390126,0.8137036507990811,1
-1.0626877394150789,-1.9938505504543014,-0.30560911170208505,-0.131401943948723,-0.2284149517338328,0.7981622805637077,1
1.8032739618921605,3.078647605143568,0.09723389039737095,-1.0960275393503927,-1.7249156413453801,0.6962393632800397,1
-1.0046109824722886,-1.9490867074561313,-0.47328896642305573,-0.9112796922372935,0.11266956271750099,-1.538180881532415,1
-0.3630311566803821,-0.5756329046611266,-0.3328698477486923,0.6732060941291628,-0.982513861827591,-1.7711360215711507,1
0.2193496559959274,0.12619757905076062,-0.8157083082958551,1.2620914319474488,0.00011515825053276795,0.9714567960870993,1
-0.5606183841053091,-0.6010545741775263,0.6323579140761039,-1.065233683394975,0.9252896350121056,-0.8301385321650625,1
0.4788713959576708,1.7868577880627885,2.287329599339321,1.5064965050247014,0.5407271917403147,0.597149701506445,1
0.3430783990479587,-0.1956005857995459,-1.435804282957567,-0.5940865762654712,-0.16657334681919259,0.09910049266988379,1
0.8490055099517547,2.075785064398581,0.8300133278142798,0.8271310550879151,1.241965720905182,1.0248827165200822,1
-0.9988594195866504,-2.6562498556089125,-2.2002648314752573,0.18770995814650723,-0.323250091709525,-0.6318963804634209,1
0.6627811262765064,1.7396848604978696,0.9838542527960897,0.4512720607347286,-1.4542964182247278,1.137182086616452,1
-0.2093522020165522,0.5253412948133528,1.6744114237729195,-1.4965616661749659,-0.4765649641288041,-0.7897326848949046,1
0.6404061438311551,1.6599627705796314,0.677074218629758,-1.6384092194125197,-1.1342959083468545,0.10316553305095852,1
-0.8557016165428897,-1.651410595024956,-0.1865982713447116,1.6514219529467202,0.1819796405872058,0.8904591067844801,1
1.1741792360227374,1.355459261865302,-1.150276516428854,1.2892832017166103,-1.185631796050421,0.2837605774411571,1
-0.2865073138970678,-0.7725470386856248,-1.3082603171958196,-0.12674898129993226,-0.05820026067796512,-0.876932097466624,1
0.2243998087735615,0.9276749051761852,1.5234661687131672,0.6427533549917509,-0.05888131442042371,-0.9910352179662079,1
0.1184167414540502,-0.03716840663046956,-0.3761378626329833,2.1604873330702827,0.008705162220495315,0.891715148233474,1
-1.102948679614549,-1.5208655893021683,1.0122586898537576,-0.4549955632879102,-1.3362744176848487,1.03046920530184,1
1.9413114711474884,3.171541284945172,-0.17483884533850583,-0.7256097050736052,-0.20437725478929536,0.45376742250275776,1
-0.3782517560240832,-0.9991753644820196,-0.8040850380966873,0.9365107901022146,1.040279474509699,-0.3111668441672967,1
-1.019761440805191,-1.5975686484277625,0.7377488366428919,0.5068548303822198,0.249238349109695,0.47749842860503017,1
-2.2638525493731425,-2.545114537044511,2.3508308785861076,-1.1665865719995347,0.28234053145649096,-0.2371331273051832,1
-0.6982350472958322,-1.185853980924539,0.26319199194383514,1.5888262014805552,-0.3428658440699467,-0.5822697424806544,1
0.7405675072542273,1.3839916829945076,-0.12089015329843826,0.8089291644867252,1.4641743576675903,0.7951016198937617,1
-0.3338524961873844,-1.5734751025602913,-2.0748246817006226,0.8310406657191043,0.6673344680488796,0.4886490585646166,1
-0.1390709091944777,-0.45172453471246166,-0.3965906903729594,0.6650456851055222,0.026233292680582075,0.37718689959864543,1
0.5297937697988107,0.5586013234040563,-0.4942500996178406,-1.9067371294554172,0.6068880567802372,-0.20362224011225968,1
0.4409251091146163,-0.34138053911368677,-2.3276313647977065,0.19226646739077674,-0.4267993554352649,-0.2317652768944368,1
0.4470273770542565,0.039729329059133366,-1.362830386957214,1.1114843579501303,-1.1787700073237706,0.20227782778494907,1
1.5286719046083177,2.0908596720903354,-0.8011130874478517,1.1180602262002064,-1.4463299035105683,-0.1664725883156473,1
-1.4756780110082517,-2.9535936964340963,-0.6765302215823096,0.26579396159649504,-0.802188335051515,0.11136408487336076,1
0.187154932038511,-0.7981572172516639,-2.361043500457602,0.8561583161362831,0.5983687408886338,0.13826251816600313,1
-0.0089593341596049,0.3126473462534517,1.0735340296988076,1.512913892453104,-1.04742887458841,1.6089265542914934,1
-1.7671139108842082,-2.75168217992249,0.9945362328637413,0.4820467810801637,-0.5752107253019247,1.0437401731397624,1
-1.1709153190802055,-2.6209550181070287,-0.9264032897087957,0.12424052668648378,1.115329448885985,1.7693454832661983,1
-1.0672469051171092,-1.4224822091581828,1.0157598760590794,1.0693789822689515,-0.4869248404095673,0.47244583458958034,1
0.095620912943896,-0.1557111734361632,-0.42458570780531996,-0.4130250936288642,-0.2327139843022838,-1.3010687375317218,1
-2.03112467553718,-3.185713699415424,0.5062563458422484,-1.7141040752516872,0.8692296970264346,-0.10289702708295907,1
-0.9811137438541304,-1.1962254638394578,1.4129429312977988,-0.03991689468391903,0.7123950942221418,1.561851180403581,1
1.5692134088509897,1.7946098847548617,-1.7007277023274363,-1.3176164058201512,1.204443055720593,0.2501806543345487,1
1.7680631744703252,3.4772455252810315,0.41504962367839565,-1.3202083166278902,0.0984952608607715,0.7912227286701593,1
1.2586991540373058,2.9873171507713,0.7038423806918017,-1.0166446613043987,0.5618830232066505,0.0911876903537028,1
-1.7589074126205535,-2.7313549840339837,0.31734905646418204,-0.6431818545586206,-0.9327183373185691,0.7303592549062962,1
-0.1151528245115186,-0.7656666758916344,-1.0709734682663947,-1.778402329542449,-0.263222368261896,-1.0889183812242247,1
-0.9217043077061308,-1.5631582058426174,0.022244937884497593,1.253451479324831,1.890284984668914,-1.2735780858642776,1
-0.2392322726175519,-1.4778889973356768,-2.0715488444964456,-0.08733096473843768,0.4956005554607283,1.0076718578274397,1
1.7142650191863644,3.188092122240513,0.28802302916436523,-0.16157231649669188,0.8567832558768055,0.473811830615968,1
0.0978654252895138,0.26296808361167723,0.6062146785362977,0.994494395859924,-0.17810097477683098,-0.9117530739222053,1
1.5281107765219148,1.4913385857033499,-2.5495442344732613,-0.05346944329660305,-0.7976683667498197,0.2820603013831129,1
-0.7265018746484214,-0.9586871366894555,0.8344410454981376,1.4928283694398543,0.6993996635160692,0.3813392842765381,1
-0.8622948715581334,-2.013841291418579,-1.1561808053595106,-0.5734011915729722,-1.6724114599110023,-1.0487905368170112,1
-0.6141359753460688,-1.3010032066042838,-1.4980065967653529,-1.6574352606461609,-0.030547077276620236,0.5554017987324024,1
0.508611184537069,-0.06649578453452044,-1.9500487874898842,1.0251811208029482,-0.5812893404642372,0.6922123658197403,1
0.9465015149644104,1.6407945002161257,0.3151950183085341,-0.35450511665294426,-1.0100332341816318,-1.2389853229600727,1
0.0155198786097606,-1.0730105218341135,-2.0131050670931714,-0.4116711157892621,1.421455838866186,0.8980937158012451,1
-1.333151477061694,-2.4274492675027837,0.14374211589525832,1.429218895573138,-0.19519018749426795,-0.8851971174178488,1
-0.4852869385056025,-0.8423648181857386,-0.25044225805811193,-1.4413219173408025,-1.1691169004954907,-0.5928803062277541,1
0.5448740871209121,-0.008997155323123463,-1.7138637109232855,0.6703391845616956,-0.5625023084612133,0.7167868505826787,1
0.7648362969911885,0.5483708836668465,-1.7982489664192856,-1.0622553597447302,0.6997520422916356,-1.4546668648854972,1
1.683543256455757,2.580590768355525,-1.564718319537968,0.348073951482406,0.6791926983127898,-1.3107340842334416,1
-0.1746324016703148,-0.020732943519697126,0.9013671337271377,1.4067864307300533,1.0298055550347853,-0.3771493581517423,1
-0.4916697704884459,-1.5004091672832998,-0.9770886610013629,1.5806368044933743,-1.024093857073683,0.1297232877288331,1
1.045400340193072,1.749342452853683,-0.6416614502969634,-0.4883687168520461,0.9006042388643152,-0.6487550546287717,1
0.1447897615150276,0.10775861624507534,0.004642358225649513,0.4561523618877403,-0.8040417153674304,1.608622967631556,1
-0.7192072095251715,-0.5074067228053278,1.812863168889296,0.07411030644249425,-0.2881639896809815,-0.11691942987907952,1
0.064408163137687,0.46836877900023094,1.1741849491212881,1.330430080958544,0.5120042122431142,0.015493526959772068,1
1.813163844415028,2.3055368221545267,-1.554096008581625,-0.5817336560989388,0.4769193809665417,0.7488167161687611,1
-0.678665705282501,-0.6296019535148507,1.3042265422194361,0.5355105281692224,-0.2036426102531852,-0.9255455546090556,1
-1.2909265885598102,-1.9523924834770052,1.041773545718638,1.7190726582447395,-0.28667078299539506,1.1546909043272566,1
0.0526946143340102,1.1256441974927753,1.2051153106737627,-1.905968444995696,1.8195054058409041,-1.2869713848920112,1
0.5247436170211766,-0.07991383973340402,-1.8521274878435225,-0.5926074675534093,-1.5810739769576436,-0.05321544224302228,1
-0.1156438115871222,0.24986202378740993,1.1697773071271136,-0.7166973108950225,-0.3614221942726158,-0.7037831542070523,1
0.7975220080242105,1.2870475248879074,0.03746452530622775,0.36780633325047724,-0.2578985139539673,-2.4745571052853133,1
2.3197222244160294,4.1022190667115765,0.43165528297765704,1.0332684343760092,-0.7925007133332321,-0.3749928476196607,1
0.5830307969963691,0.7035526294281675,-0.5666209255754192,-0.30116261430625163,-2.2728874141375197,0.3919998374537575,1
0.9483251812452232,1.0992994846181718,-0.8886829437801373,-0.3735427841760065,0.07837648146242689,0.21642839540986297,1
-0.2260457625870623,-0.5381850531503939,-0.13370147446184757,-1.9147701832088178,-0.6663395150637432,-0.6619890603835898,1
-1.1888714178451265,-2.444422796879604,-0.7429312639705467,-0.0670419013601479,0.44536276753024284,0.9468543079737902,1
1.1087376729458986,1.1374820196860338,-2.180115689444364,-0.12372524884181564,-0.26365893704852456,0.1892445998145871,1
-0.1268663733151953,-1.3511084629671335,-2.097571090293597,-0.6873270350301657,1.0338786493207257,0.8559203746948139,1
-0.9112532970968626,-1.5983200142729455,0.2763311995206043,0.10577608497817506,-0.0471120291923525,0.7173945453971488,1
0.3074467655613208,0.5340805384962962,-0.3703478732809194,1.5868099733783387,1.2345628626270948,0.24128090030328056,1
0.0305300549210592,0.17795358545207057,0.49412412514478316,0.37946851800167997,0.4381083552927454,-0.2661302889211629,1
2.0145386864231787,3.2798186374394254,-1.0268625783401848,-0.034428590863754806,0.6157011880573103,-0.41093329591132954,1
0.456285990479919,1.07015011671365,0.8462460235120431,-1.5380451180196608,0.39101383028242226,0.4787312218625359,1
0.727240715202138,1.305260205413819,-0.8727350004590412,-0.43974836065664796,-0.1351010396300521,0.6249732577341445,1
-2.40350330187688,-3.698362943684267,1.4203518577272698,0.033561359118867484,0.39320585570401695,0.030624269653906293,1
0.2393398440740633,-0.08785974835347708,-0.8301936884953678,1.549595749222985,-0.17583294140161962,-0.09122870594730535,1
-0.270445022423761,-1.2042529718361157,-1.2380534466010888,0.38417443745263763,0.22830086928822607,0.4759842083568937,1
2.4790826009546967,4.551735493211292,0.7178902850928046,-0.8308073120724717,0.11895219370072539,-0.44941184548874646,1
2.118277241397076,3.123629442973698,-1.0087665785941327,-0.42216276893388704,0.43617935926589796,0.3666837484532787,1
0.8213699516963688,1.1796380865821887,-0.7969799699749422,0.8638415791247986,1.0525478948965388,0.21032100413101243,1
-0.9926870106362096,-1.8397310250313414,-0.3070655310023729,-0.9083868775129776,0.03140012123108267,-0.6522088569002378,1
0.3744314308757694,-0.3267856880090284,-1.806129297187404,0.060190589955986716,0.23819599292550028,1.2264614095793889,1
-1.5108186574192868,-2.631630716960857,0.2905017624341946,1.2185669580364404,0.061706573094387665,-0.725260726572475,1
0.7302567786665567,1.3473098120245584,0.017883506360322536,-0.1919782460793023,1.9297249038863216,0.34724029161912745,1
-1.3181413007503937,-2.4890926198666876,-0.29098354078127897,-1.8201402479967281,0.3590894175498509,-0.3773705186530169,1
2.012995584185569,3.799848497412688,-0.1431648461073005,-0.1908295563250428,0.9754923503556335,-0.3179484619473749,1
1.2463543361364218,3.0362499186345895,0.8944647217959382,0.9373528737478232,0.1892992785285409,0.5123008528396329,1
-0.6915015102589868,-0.7414695742019738,0.046741576316987214,0.5472181319643663,-0.14146666177658315,0.09662513054500665,1
-0.7112111342939195,-1.1713720181839324,0.43715229927275884,1.3058681970590915,0.5371421817571426,-0.6711625165177869,1
-0.7997290899241137,-1.778487042341317,-0.9194281573524661,0.29018880937614017,0.08781115270844063,-0.13148436020953028,1
-0.2012859857744954,-0.9100955357727865,-1.2669368404409125,-0.08766568327355503,2.5782508461645754,1.046485925423533,1
1.1574856754522254,1.7804074648485402,-0.29948703326628584,0.153744699824089,-1.8779975134821034,0.7724924108928678,1
-0.3389026489650205,-0.813585024118989,-0.10872060786296195,-0.41297201392936655,-0.3858722022428751,-1.8321613788617053,1
0.4641417836895714,0.12434993530001134,-1.1037584654968429,0.13212504673459893,-0.45368524308532476,-1.536271152045662,1
1.536808261861171,1.9521753221383726,-1.3915211978933548,0.174631854699218,-0.26314040101208913,0.44667117535503764,1
-0.4814993239223769,-0.2465195744553788,1.7023665896440479,1.9257551361060183,-0.004289760750694527,-0.8608055661435775,1
1.1154010689719434,1.3513524277990712,-1.1350538160434103,0.5549804402563825,-0.17465413900161084,1.248383243481482,1
-0.1779991701887395,0.47882301738548116,1.6958111728068315,-0.07925782797096853,-1.0967501942116986,1.5200294312525795,1
0.0005097022984579,1.2061777872893091,2.2232550505723077,-1.0666941219954915,0.4863881569788717,1.0421901230132342,1
-0.7885766692068394,-0.6484897263417478,0.5514602865610493,-0.8190069453321808,-1.5048970932455534,-1.1456359423764109,1
1.268378613527771,1.6088462781290724,-1.4017397596748127,1.380631169832791,1.967552128499682,-0.8129742594099635,1
-2.521971469118876,-4.397741099584961,0.24394927560109916,-0.5677583164078738,0.7654336815353278,0.08393793025135414,1
0.6467889758139965,0.9392280933573366,0.019567423067840848,1.2687701216650211,0.8619665290043936,-0.533705182379777,1
-0.1661453393634592,0.9968014470752798,2.649837894557934,1.4683955253688894,1.6839792597912828,-1.2325313743782766,1
0.0788572113625852,-0.2849057392962561,-0.5915953370607224,0.2844581569109886,0.4573536302049654,-1.1095597876398968,1
1.5324595191915429,2.432847752137509,-0.5348974013677972,-1.2049814497359415,-0.9689814666309375,0.30085710740663174,1
1.1132968386479292,2.208041999717863,0.6808370426734255,-1.2105258876556098,-0.6912375977875455,0.9386236844773714,1
-1.1967272110547786,-1.953168487032975,-0.3008506946794572,-0.8221536234983164,0.12228661927123584,0.30371409681495976,1
-0.7167522741471573,-1.4487600828500933,-0.7130487068566936,0.7665730271991553,1.8680051515043516,0.5497844307959283,1
0.1839985865524907,-0.22040017412407792,-0.933001518375324,-1.9198174525630718,0.17385190708861623,0.3298087889645023,1
-0.8309418397303228,-0.7564702965309327,0.39309691271111696,0.014418700396617369,-0.494508717833697,-0.7876794282879344,1
-0.1587103922186117,0.4875807358465712,1.7242255825807564,-0.6796736279528466,-1.0540718752521812,0.6503761131604859,1
0.328068222736658,1.0864413889956779,1.3402077671278994,-1.8020169620669997,-1.4663094087517377,0.36310808386292137,1
0.6049147923661148,0.629779504417986,-0.7277380331195373,-1.2238547631074235,-0.39838701392074927,-1.4368183914750743,1
-0.0206027419524829,-0.41376885742233344,-0.667932841453691,1.5667051508383445,-1.1918486872925331,-0.42202059171495193,1
1.0314422790437794,1.3891589082621572,-0.8826228427090103,0.33853808414510567,-0.903675329333267,-0.8135162521559086,1
-0.4678919678270864,-0.5032241462686714,0.8792515418672373,-0.7400580262967967,0.21320412247114265,-1.1619509830899444,1
-0.6217813455233206,-1.5469367473301223,-0.9094494626770538,1.6468432219940867,-0.7004551967664439,1.0923093136806692,1
1.269150164646576,1.6546493036335035,-0.8920696610155888,1.1768642334362598,1.094929778570325,0.47034794212908626,1
0.2544201613961628,0.6502074570252999,0.6140505800263333,-0.15206746068130111,0.47505995449912475,0.9344637458001511,1
0.8445164852605251,1.375342366881449,0.17910389731241738,0.38499264203628203,-1.473586943461448,-0.7115343218079565,1
-1.2553650960839733,-1.7904796825260474,1.2379088344136813,-0.7149395551039265,0.6241183180120037,-1.4960152212568054,1
0.9719627018849812,0.8687219167393299,-1.5404327934103226,1.830878357993367,-0.5347793893730696,0.48022860770588144,1
-1.2538921348571623,-1.516578816838346,1.4878394590731987,-0.8582573302976856,-1.6555934420437752,0.6071039080430454,1
-1.4011882575381518,-2.7684364238408916,-0.29776676791484014,1.9224195359579952,0.4305403303074259,-1.1536934480532552,1
0.0226742617114069,-0.32945072014223237,-0.4302471270248719,1.8207759264795202,-0.17035717910392514,0.08124056242392179,1
-1.852966508103984,-3.630531168743878,-0.9440630294488608,-0.8388750796606811,0.8126664919404375,-0.7659479683238921,1
1.688944114287393,3.4389396029336927,0.1572883376895643,-2.5441214987808327,1.0795301229874996,0.14045737326032495,1
0.1293587391389221,0.9365062393110685,1.4059377860623836,-0.5327626401833968,-0.696554694084168,2.418253656179245,1
1.128236873948431,1.7927621034646664,-0.09153433718726535,-0.07544470329269844,-0.9046846994028577,1.6328520247698324,1
0.0890276579286542,0.6550957142849289,0.9738765532390606,1.1192559871104677,-1.7338398398005648,-0.46120601423391316,1
0.4672981291755937,0.6102609663114891,-0.9763944634923071,-0.26363387394921245,2.2487448292895498,-0.9030735833037623,1
-0.1469267024041301,-0.14464981675611818,-0.2923388401472128,-0.20190423220653905,0.003503013638110031,-1.0693299186806946,1
0.309200290831331,0.9148590934777993,0.7900197681664576,0.861647329353215,0.14851877064271968,0.5459147560972439,1
1.0302498818601695,1.9287706123674706,-0.043466051713041624,-0.10689281602545125,-0.31124599643493517,-2.563177462825256,1
1.7731133272479591,2.0895539090675044,-2.177345728091514,0.16882488739653842,-0.3896586333201294,-0.4133367492423703,1
-0.5211991360354437,-0.8307012504702607,0.403684904205631,0.7251004469205625,0.3647476500892915,2.3475734982942384,1
-1.364294085857103,-2.8319075084603713,-0.5952882664084802,-0.5103831094928876,-0.4146543865176224,-1.2080690588139402,1
-2.504857062483561,-4.0503271414246065,0.12967018814138975,-1.1532665820801544,1.0353891296937774,-0.1703663694742458,1
-1.7365324301752023,-2.5155023499713787,1.4671371265836475,0.9216865734548305,0.7476165705659085,-0.7297548333951803,1
0.4703843336508132,0.2762973631296395,-2.0730767232341214,-2.1684895039901506,0.44955249966101396,-1.0091300255942504,1
-0.3849852930609286,-0.6625215662395476,-0.06484532964980597,-0.9060379148607834,-1.4537695584850643,0.1416966986085405,1
1.0304603048925742,1.7483870512025144,0.28665671905775797,1.566163741803408,-0.6920814938518403,1.2160357344921102,1
